gap: gap
test shrink dim 4071

test last_sieve in range: 1030 ~ 1050
17
16
[(1.6120646050430035e+110, [1048, 1048, 1048, 1048, 1048, 1048, 1048, 1048, 1048, 1048, 1048, 1048, 1048, 1048, 1048, 1048, 1048]), (1.612064605048252e+110, [1049, 1049, 1049, 1049, 1049, 1049, 1049, 1049, 1049, 1049, 1049, 1049, 1049, 1049, 1049, 1049])]
[1048, 1048, 1048, 1048, 1048, 1048, 1048, 1048, 1048, 1048, 1048, 1048, 1048, 1048, 1048, 1048, 1048]
last sieve = 1049, bz = 1048, num = 17, cost = 161206460504300346006405677270577460223820254296575582705016186125932107047957435150089798767945023405875527680, sieve cost = 161206460501085618767749835068132877711606760565594931064353100061762748583134750018423504095143277247470764032
17
16
15
[(2.05325037620557e+110, [1048, 1048, 1048, 1048, 1048, 1048, 1048, 1048, 1048, 1048, 1048, 1048, 1048, 1048, 1048, 1048, 1048]), (2.0532503762108186e+110, [1049, 1049, 1049, 1049, 1049, 1049, 1049, 1049, 1049, 1049, 1049, 1049, 1049, 1049, 1049, 1049]), (2.0532503762167516e+110, [1050, 1050, 1050, 1050, 1050, 1050, 1050, 1050, 1050, 1050, 1050, 1050, 1050, 1050, 1050])]
[1048, 1048, 1048, 1048, 1048, 1048, 1048, 1048, 1048, 1048, 1048, 1048, 1048, 1048, 1048, 1048, 1048]
last sieve = 1050, bz = 1048, num = 17, cost = 205325037620557007203970980015678763117918864499844394517479489150365288347621974292823787187527051854892498944, sieve cost = 205325037617342279965315137813234180605705370768863742876816403086195929882799289161157492514725305696487735296
best (1.6120646050430035e+110, [1048, 1048, 1048, 1048, 1048, 1048, 1048, 1048, 1048, 1048, 1048, 1048, 1048, 1048, 1048, 1048, 1048], 1049) 

test shrink dim 4076

test last_sieve in range: 1030 ~ 1050
17
16
[(1.6120646050430602e+110, [1048, 1048, 1048, 1048, 1048, 1048, 1048, 1048, 1048, 1048, 1048, 1048, 1048, 1048, 1048, 1048, 1048]), (1.6120646050483107e+110, [1049, 1049, 1049, 1049, 1049, 1049, 1049, 1049, 1049, 1049, 1049, 1049, 1049, 1049, 1049, 1049])]
[1048, 1048, 1048, 1048, 1048, 1048, 1048, 1048, 1048, 1048, 1048, 1048, 1048, 1048, 1048, 1048, 1048]
last sieve = 1049, bz = 1048, num = 17, cost = 161206460504306019721969842187983822000227267169379996138903695984852278877228212921236403594406021898918952960, sieve cost = 161206460501085618767749835068132877711606760565594931064353100061762748583134750018423504095143277247470764032
17
16
15
[(2.0532503762056268e+110, [1048, 1048, 1048, 1048, 1048, 1048, 1048, 1048, 1048, 1048, 1048, 1048, 1048, 1048, 1048, 1048, 1048]), (2.0532503762108773e+110, [1049, 1049, 1049, 1049, 1049, 1049, 1049, 1049, 1049, 1049, 1049, 1049, 1049, 1049, 1049, 1049]), (2.0532503762168217e+110, [1050, 1050, 1050, 1050, 1050, 1050, 1050, 1050, 1050, 1050, 1050, 1050, 1050, 1050, 1050])]
[1048, 1048, 1048, 1048, 1048, 1048, 1048, 1048, 1048, 1048, 1048, 1048, 1048, 1048, 1048, 1048, 1048]
last sieve = 1050, bz = 1048, num = 17, cost = 205325037620562680919535144933085124894325877372648807951366999009285460176892752063970392013988050347935924224, sieve cost = 205325037617342279965315137813234180605705370768863742876816403086195929882799289161157492514725305696487735296
best (1.6120646050430602e+110, [1048, 1048, 1048, 1048, 1048, 1048, 1048, 1048, 1048, 1048, 1048, 1048, 1048, 1048, 1048, 1048, 1048], 1049) 

test shrink dim 4081

test last_sieve in range: 1030 ~ 1050
17
16
[(1.6120646050431113e+110, [1048, 1048, 1048, 1048, 1048, 1048, 1048, 1048, 1048, 1048, 1048, 1048, 1048, 1048, 1048, 1048, 1048]), (1.6120646050483748e+110, [1049, 1049, 1049, 1049, 1049, 1049, 1049, 1049, 1049, 1049, 1049, 1049, 1049, 1049, 1049, 1049])]
[1048, 1048, 1048, 1048, 1048, 1048, 1048, 1048, 1048, 1048, 1048, 1048, 1048, 1048, 1048, 1048, 1048]
last sieve = 1049, bz = 1048, num = 17, cost = 161206460504311126065977590613649547598993578754903968229402454857880433523571912915268347938220920542658035712, sieve cost = 161206460501085618767749835068132877711606760565594931064353100061762748583134750018423504095143277247470764032
17
16
15
[(2.053250376205678e+110, [1048, 1048, 1048, 1048, 1048, 1048, 1048, 1048, 1048, 1048, 1048, 1048, 1048, 1048, 1048, 1048, 1048]), (2.0532503762109414e+110, [1049, 1049, 1049, 1049, 1049, 1049, 1049, 1049, 1049, 1049, 1049, 1049, 1049, 1049, 1049, 1049]), (2.0532503762168918e+110, [1050, 1050, 1050, 1050, 1050, 1050, 1050, 1050, 1050, 1050, 1050, 1050, 1050, 1050, 1050])]
[1048, 1048, 1048, 1048, 1048, 1048, 1048, 1048, 1048, 1048, 1048, 1048, 1048, 1048, 1048, 1048, 1048]
last sieve = 1050, bz = 1048, num = 17, cost = 205325037620567787263542893358750850493092188958172780041865757882313614823236452058002336357802948991675006976, sieve cost = 205325037617342279965315137813234180605705370768863742876816403086195929882799289161157492514725305696487735296
best (1.6120646050431113e+110, [1048, 1048, 1048, 1048, 1048, 1048, 1048, 1048, 1048, 1048, 1048, 1048, 1048, 1048, 1048, 1048, 1048], 1049) 

find rough best d at 4071, with result (1.6120646050430035e+110, [1048, 1048, 1048, 1048, 1048, 1048, 1048, 1048, 1048, 1048, 1048, 1048, 1048, 1048, 1048, 1048, 1048], 1049)
find final best d at 4071, with result (factored cost) (1.6120646050430035e+110, [1048, 1048, 1048, 1048, 1048, 1048, 1048, 1048, 1048, 1048, 1048, 1048, 1048, 1048, 1048, 1048, 1048], 1049)
let's start with (factored cost)  1.6120646050430035e+110 [1048, 1048, 1048, 1048, 1048, 1048, 1048, 1048, 1048, 1048, 1048, 1048, 1048, 1048, 1048, 1048, 1048] 1049
======== round 0 ========
todo suffixes: [[1048], [1051], [1050], [1049], [1047]]
cur_suffix:  [1048]
fisrt choice: (1.6120646050402914e+110, 1047, 18)
baseline:  (1.6120646050430035e+110, [1048, 1048, 1048, 1048, 1048, 1048, 1048, 1048, 1048, 1048, 1048, 1048, 1048, 1048, 1048, 1048, 1048], 1049, 4071)
best 5 choices:
(1.6120646050430035e+110, [1048, 1048, 1048, 1048, 1048, 1048, 1048, 1048, 1048, 1048, 1048, 1048, 1048, 1048, 1048, 1048, 1048], 1049, 4071)
end round with 5 suffixes


======== round 1 ========
todo suffixes: [[1047, 1048], [1051], [1050], [1049], [1047]]
cur_suffix:  [1047, 1048]
fisrt choice: (1.6120646050378033e+110, 1046, 19)
baseline:  (1.6120646050430035e+110, [1048, 1048, 1048, 1048, 1048, 1048, 1048, 1048, 1048, 1048, 1048, 1048, 1048, 1048, 1048, 1048, 1048], 1049, 4071)
best 5 choices:
(1.6120646050430035e+110, [1048, 1048, 1048, 1048, 1048, 1048, 1048, 1048, 1048, 1048, 1048, 1048, 1048, 1048, 1048, 1048, 1048], 1049, 4071)
end round with 5 suffixes


======== round 2 ========
todo suffixes: [[1046, 1047, 1048], [1051], [1050], [1049], [1047]]
cur_suffix:  [1046, 1047, 1048]
fisrt choice: (-1, -1, -1)
baseline:  (1.6120646050430035e+110, [1048, 1048, 1048, 1048, 1048, 1048, 1048, 1048, 1048, 1048, 1048, 1048, 1048, 1048, 1048, 1048, 1048], 1049, 4071)
the strategy is infeasible, continue


======== round 3 ========
todo suffixes: [[1051], [1050], [1049], [1047]]
cur_suffix:  [1051]
fisrt choice: (1.6120646050367136e+110, 1046, 18)
baseline:  (1.6120646050430035e+110, [1048, 1048, 1048, 1048, 1048, 1048, 1048, 1048, 1048, 1048, 1048, 1048, 1048, 1048, 1048, 1048, 1048], 1049, 4071)
best 5 choices:
(1.6120646050430035e+110, [1048, 1048, 1048, 1048, 1048, 1048, 1048, 1048, 1048, 1048, 1048, 1048, 1048, 1048, 1048, 1048, 1048], 1049, 4071)
end round with 7 suffixes


======== round 4 ========
todo suffixes: [[1049, 1051], [1048, 1051], [1047, 1051], [1046, 1051], [1050], [1049], [1047]]
cur_suffix:  [1049, 1051]
fisrt choice: (1.612064605032166e+110, 1044, 19)
baseline:  (1.6120646050430035e+110, [1048, 1048, 1048, 1048, 1048, 1048, 1048, 1048, 1048, 1048, 1048, 1048, 1048, 1048, 1048, 1048, 1048], 1049, 4071)
best 5 choices:
(1.6120646050430035e+110, [1048, 1048, 1048, 1048, 1048, 1048, 1048, 1048, 1048, 1048, 1048, 1048, 1048, 1048, 1048, 1048, 1048], 1049, 4071)
end round with 10 suffixes


======== round 5 ========
todo suffixes: [[1047, 1049, 1051], [1046, 1049, 1051], [1045, 1049, 1051], [1044, 1049, 1051], [1048, 1051], [1047, 1051], [1046, 1051], [1050], [1049], [1047]]
cur_suffix:  [1047, 1049, 1051]
fisrt choice: (1.612064605030098e+110, 1043, 18)
baseline:  (1.6120646050430035e+110, [1048, 1048, 1048, 1048, 1048, 1048, 1048, 1048, 1048, 1048, 1048, 1048, 1048, 1048, 1048, 1048, 1048], 1049, 4071)
best 5 choices:
(1.6120646050430035e+110, [1048, 1048, 1048, 1048, 1048, 1048, 1048, 1048, 1048, 1048, 1048, 1048, 1048, 1048, 1048, 1048, 1048], 1049, 4071)
end round with 13 suffixes


======== round 6 ========
todo suffixes: [[1046, 1047, 1049, 1051], [1045, 1047, 1049, 1051], [1044, 1047, 1049, 1051], [1043, 1047, 1049, 1051], [1046, 1049, 1051], [1045, 1049, 1051], [1044, 1049, 1051], [1048, 1051], [1047, 1051], [1046, 1051], [1050], [1049], [1047]]
cur_suffix:  [1046, 1047, 1049, 1051]
fisrt choice: (1.612064605028553e+110, 1042, 17)
baseline:  (1.6120646050430035e+110, [1048, 1048, 1048, 1048, 1048, 1048, 1048, 1048, 1048, 1048, 1048, 1048, 1048, 1048, 1048, 1048, 1048], 1049, 4071)
best 5 choices:
(1.6120646050430035e+110, [1048, 1048, 1048, 1048, 1048, 1048, 1048, 1048, 1048, 1048, 1048, 1048, 1048, 1048, 1048, 1048, 1048], 1049, 4071)
end round with 16 suffixes


======== round 7 ========
todo suffixes: [[1045, 1046, 1047, 1049, 1051], [1044, 1046, 1047, 1049, 1051], [1043, 1046, 1047, 1049, 1051], [1042, 1046, 1047, 1049, 1051], [1045, 1047, 1049, 1051], [1044, 1047, 1049, 1051], [1043, 1047, 1049, 1051], [1046, 1049, 1051], [1045, 1049, 1051], [1044, 1049, 1051], [1048, 1051], [1047, 1051], [1046, 1051], [1050], [1049], [1047]]
cur_suffix:  [1045, 1046, 1047, 1049, 1051]
fisrt choice: (1.61206460502644e+110, 1040, 17)
baseline:  (1.6120646050430035e+110, [1048, 1048, 1048, 1048, 1048, 1048, 1048, 1048, 1048, 1048, 1048, 1048, 1048, 1048, 1048, 1048, 1048], 1049, 4071)
best 5 choices:
(1.61206460502644e+110, [1040, 1040, 1040, 1040, 1040, 1040, 1040, 1040, 1040, 1040, 1040, 1040, 1040, 1040, 1040, 1040, 1040, 1045, 1046, 1047, 1049, 1051], 1049, 4071)
(1.6120646050430035e+110, [1048, 1048, 1048, 1048, 1048, 1048, 1048, 1048, 1048, 1048, 1048, 1048, 1048, 1048, 1048, 1048, 1048], 1049, 4071)
end round with 15 suffixes


======== round 8 ========
todo suffixes: [[1044, 1046, 1047, 1049, 1051], [1043, 1046, 1047, 1049, 1051], [1042, 1046, 1047, 1049, 1051], [1045, 1047, 1049, 1051], [1044, 1047, 1049, 1051], [1043, 1047, 1049, 1051], [1046, 1049, 1051], [1045, 1049, 1051], [1044, 1049, 1051], [1048, 1051], [1047, 1051], [1046, 1051], [1050], [1049], [1047]]
cur_suffix:  [1044, 1046, 1047, 1049, 1051]
fisrt choice: (1.612064605026596e+110, 1040, 18)
baseline:  (1.6120646050430035e+110, [1048, 1048, 1048, 1048, 1048, 1048, 1048, 1048, 1048, 1048, 1048, 1048, 1048, 1048, 1048, 1048, 1048], 1049, 4071)
best 5 choices:
(1.61206460502644e+110, [1040, 1040, 1040, 1040, 1040, 1040, 1040, 1040, 1040, 1040, 1040, 1040, 1040, 1040, 1040, 1040, 1040, 1045, 1046, 1047, 1049, 1051], 1049, 4071)
(1.612064605026596e+110, [1040, 1040, 1040, 1040, 1040, 1040, 1040, 1040, 1040, 1040, 1040, 1040, 1040, 1040, 1040, 1040, 1040, 1040, 1044, 1046, 1047, 1049, 1051], 1049, 4071)
(1.6120646050430035e+110, [1048, 1048, 1048, 1048, 1048, 1048, 1048, 1048, 1048, 1048, 1048, 1048, 1048, 1048, 1048, 1048, 1048], 1049, 4071)
end round with 14 suffixes


======== round 9 ========
todo suffixes: [[1043, 1046, 1047, 1049, 1051], [1042, 1046, 1047, 1049, 1051], [1045, 1047, 1049, 1051], [1044, 1047, 1049, 1051], [1043, 1047, 1049, 1051], [1046, 1049, 1051], [1045, 1049, 1051], [1044, 1049, 1051], [1048, 1051], [1047, 1051], [1046, 1051], [1050], [1049], [1047]]
cur_suffix:  [1043, 1046, 1047, 1049, 1051]
fisrt choice: (1.6120646050274895e+110, 1041, 17)
baseline:  (1.6120646050430035e+110, [1048, 1048, 1048, 1048, 1048, 1048, 1048, 1048, 1048, 1048, 1048, 1048, 1048, 1048, 1048, 1048, 1048], 1049, 4071)
best 5 choices:
(1.61206460502644e+110, [1040, 1040, 1040, 1040, 1040, 1040, 1040, 1040, 1040, 1040, 1040, 1040, 1040, 1040, 1040, 1040, 1040, 1045, 1046, 1047, 1049, 1051], 1049, 4071)
(1.612064605026596e+110, [1040, 1040, 1040, 1040, 1040, 1040, 1040, 1040, 1040, 1040, 1040, 1040, 1040, 1040, 1040, 1040, 1040, 1040, 1044, 1046, 1047, 1049, 1051], 1049, 4071)
(1.6120646050430035e+110, [1048, 1048, 1048, 1048, 1048, 1048, 1048, 1048, 1048, 1048, 1048, 1048, 1048, 1048, 1048, 1048, 1048], 1049, 4071)
end round with 15 suffixes


======== round 10 ========
todo suffixes: [[1042, 1043, 1046, 1047, 1049, 1051], [1041, 1043, 1046, 1047, 1049, 1051], [1042, 1046, 1047, 1049, 1051], [1045, 1047, 1049, 1051], [1044, 1047, 1049, 1051], [1043, 1047, 1049, 1051], [1046, 1049, 1051], [1045, 1049, 1051], [1044, 1049, 1051], [1048, 1051], [1047, 1051], [1046, 1051], [1050], [1049], [1047]]
cur_suffix:  [1042, 1043, 1046, 1047, 1049, 1051]
fisrt choice: (1.6120646050266244e+110, 1040, 17)
baseline:  (1.6120646050430035e+110, [1048, 1048, 1048, 1048, 1048, 1048, 1048, 1048, 1048, 1048, 1048, 1048, 1048, 1048, 1048, 1048, 1048], 1049, 4071)
best 5 choices:
(1.61206460502644e+110, [1040, 1040, 1040, 1040, 1040, 1040, 1040, 1040, 1040, 1040, 1040, 1040, 1040, 1040, 1040, 1040, 1040, 1045, 1046, 1047, 1049, 1051], 1049, 4071)
(1.612064605026596e+110, [1040, 1040, 1040, 1040, 1040, 1040, 1040, 1040, 1040, 1040, 1040, 1040, 1040, 1040, 1040, 1040, 1040, 1040, 1044, 1046, 1047, 1049, 1051], 1049, 4071)
(1.6120646050266244e+110, [1040, 1040, 1040, 1040, 1040, 1040, 1040, 1040, 1040, 1040, 1040, 1040, 1040, 1040, 1040, 1040, 1040, 1042, 1043, 1046, 1047, 1049, 1051], 1049, 4071)
(1.6120646050430035e+110, [1048, 1048, 1048, 1048, 1048, 1048, 1048, 1048, 1048, 1048, 1048, 1048, 1048, 1048, 1048, 1048, 1048], 1049, 4071)
end round with 14 suffixes


======== round 11 ========
todo suffixes: [[1041, 1043, 1046, 1047, 1049, 1051], [1042, 1046, 1047, 1049, 1051], [1045, 1047, 1049, 1051], [1044, 1047, 1049, 1051], [1043, 1047, 1049, 1051], [1046, 1049, 1051], [1045, 1049, 1051], [1044, 1049, 1051], [1048, 1051], [1047, 1051], [1046, 1051], [1050], [1049], [1047]]
cur_suffix:  [1041, 1043, 1046, 1047, 1049, 1051]
fisrt choice: (1.6120646050268708e+110, 1040, 18)
baseline:  (1.6120646050430035e+110, [1048, 1048, 1048, 1048, 1048, 1048, 1048, 1048, 1048, 1048, 1048, 1048, 1048, 1048, 1048, 1048, 1048], 1049, 4071)
best 5 choices:
(1.61206460502644e+110, [1040, 1040, 1040, 1040, 1040, 1040, 1040, 1040, 1040, 1040, 1040, 1040, 1040, 1040, 1040, 1040, 1040, 1045, 1046, 1047, 1049, 1051], 1049, 4071)
(1.612064605026596e+110, [1040, 1040, 1040, 1040, 1040, 1040, 1040, 1040, 1040, 1040, 1040, 1040, 1040, 1040, 1040, 1040, 1040, 1040, 1044, 1046, 1047, 1049, 1051], 1049, 4071)
(1.6120646050266244e+110, [1040, 1040, 1040, 1040, 1040, 1040, 1040, 1040, 1040, 1040, 1040, 1040, 1040, 1040, 1040, 1040, 1040, 1042, 1043, 1046, 1047, 1049, 1051], 1049, 4071)
(1.6120646050268708e+110, [1040, 1040, 1040, 1040, 1040, 1040, 1040, 1040, 1040, 1040, 1040, 1040, 1040, 1040, 1040, 1040, 1040, 1040, 1041, 1043, 1046, 1047, 1049, 1051], 1049, 4071)
(1.6120646050430035e+110, [1048, 1048, 1048, 1048, 1048, 1048, 1048, 1048, 1048, 1048, 1048, 1048, 1048, 1048, 1048, 1048, 1048], 1049, 4071)
end round with 13 suffixes


======== round 12 ========
todo suffixes: [[1042, 1046, 1047, 1049, 1051], [1045, 1047, 1049, 1051], [1044, 1047, 1049, 1051], [1043, 1047, 1049, 1051], [1046, 1049, 1051], [1045, 1049, 1051], [1044, 1049, 1051], [1048, 1051], [1047, 1051], [1046, 1051], [1050], [1049], [1047]]
cur_suffix:  [1042, 1046, 1047, 1049, 1051]
fisrt choice: (1.612064605027794e+110, 1041, 18)
baseline:  (1.6120646050430035e+110, [1048, 1048, 1048, 1048, 1048, 1048, 1048, 1048, 1048, 1048, 1048, 1048, 1048, 1048, 1048, 1048, 1048], 1049, 4071)
best 5 choices:
(1.61206460502644e+110, [1040, 1040, 1040, 1040, 1040, 1040, 1040, 1040, 1040, 1040, 1040, 1040, 1040, 1040, 1040, 1040, 1040, 1045, 1046, 1047, 1049, 1051], 1049, 4071)
(1.612064605026596e+110, [1040, 1040, 1040, 1040, 1040, 1040, 1040, 1040, 1040, 1040, 1040, 1040, 1040, 1040, 1040, 1040, 1040, 1040, 1044, 1046, 1047, 1049, 1051], 1049, 4071)
(1.6120646050266244e+110, [1040, 1040, 1040, 1040, 1040, 1040, 1040, 1040, 1040, 1040, 1040, 1040, 1040, 1040, 1040, 1040, 1040, 1042, 1043, 1046, 1047, 1049, 1051], 1049, 4071)
(1.6120646050268708e+110, [1040, 1040, 1040, 1040, 1040, 1040, 1040, 1040, 1040, 1040, 1040, 1040, 1040, 1040, 1040, 1040, 1040, 1040, 1041, 1043, 1046, 1047, 1049, 1051], 1049, 4071)
(1.6120646050430035e+110, [1048, 1048, 1048, 1048, 1048, 1048, 1048, 1048, 1048, 1048, 1048, 1048, 1048, 1048, 1048, 1048, 1048], 1049, 4071)
end round with 13 suffixes


======== round 13 ========
todo suffixes: [[1041, 1042, 1046, 1047, 1049, 1051], [1045, 1047, 1049, 1051], [1044, 1047, 1049, 1051], [1043, 1047, 1049, 1051], [1046, 1049, 1051], [1045, 1049, 1051], [1044, 1049, 1051], [1048, 1051], [1047, 1051], [1046, 1051], [1050], [1049], [1047]]
cur_suffix:  [1041, 1042, 1046, 1047, 1049, 1051]
fisrt choice: (1.612064605027093e+110, 1040, 19)
baseline:  (1.6120646050430035e+110, [1048, 1048, 1048, 1048, 1048, 1048, 1048, 1048, 1048, 1048, 1048, 1048, 1048, 1048, 1048, 1048, 1048], 1049, 4071)
best 5 choices:
(1.61206460502644e+110, [1040, 1040, 1040, 1040, 1040, 1040, 1040, 1040, 1040, 1040, 1040, 1040, 1040, 1040, 1040, 1040, 1040, 1045, 1046, 1047, 1049, 1051], 1049, 4071)
(1.612064605026596e+110, [1040, 1040, 1040, 1040, 1040, 1040, 1040, 1040, 1040, 1040, 1040, 1040, 1040, 1040, 1040, 1040, 1040, 1040, 1044, 1046, 1047, 1049, 1051], 1049, 4071)
(1.6120646050266244e+110, [1040, 1040, 1040, 1040, 1040, 1040, 1040, 1040, 1040, 1040, 1040, 1040, 1040, 1040, 1040, 1040, 1040, 1042, 1043, 1046, 1047, 1049, 1051], 1049, 4071)
(1.6120646050268708e+110, [1040, 1040, 1040, 1040, 1040, 1040, 1040, 1040, 1040, 1040, 1040, 1040, 1040, 1040, 1040, 1040, 1040, 1040, 1041, 1043, 1046, 1047, 1049, 1051], 1049, 4071)
(1.612064605027093e+110, [1040, 1040, 1040, 1040, 1040, 1040, 1040, 1040, 1040, 1040, 1040, 1040, 1040, 1040, 1040, 1040, 1040, 1040, 1040, 1041, 1042, 1046, 1047, 1049, 1051], 1049, 4071)
end round with 12 suffixes


======== round 14 ========
todo suffixes: [[1045, 1047, 1049, 1051], [1044, 1047, 1049, 1051], [1043, 1047, 1049, 1051], [1046, 1049, 1051], [1045, 1049, 1051], [1044, 1049, 1051], [1048, 1051], [1047, 1051], [1046, 1051], [1050], [1049], [1047]]
cur_suffix:  [1045, 1047, 1049, 1051]
fisrt choice: (1.6120646050288472e+110, 1042, 18)
baseline:  (1.6120646050430035e+110, [1048, 1048, 1048, 1048, 1048, 1048, 1048, 1048, 1048, 1048, 1048, 1048, 1048, 1048, 1048, 1048, 1048], 1049, 4071)
best 5 choices:
(1.61206460502644e+110, [1040, 1040, 1040, 1040, 1040, 1040, 1040, 1040, 1040, 1040, 1040, 1040, 1040, 1040, 1040, 1040, 1040, 1045, 1046, 1047, 1049, 1051], 1049, 4071)
(1.612064605026596e+110, [1040, 1040, 1040, 1040, 1040, 1040, 1040, 1040, 1040, 1040, 1040, 1040, 1040, 1040, 1040, 1040, 1040, 1040, 1044, 1046, 1047, 1049, 1051], 1049, 4071)
(1.6120646050266244e+110, [1040, 1040, 1040, 1040, 1040, 1040, 1040, 1040, 1040, 1040, 1040, 1040, 1040, 1040, 1040, 1040, 1040, 1042, 1043, 1046, 1047, 1049, 1051], 1049, 4071)
(1.6120646050268708e+110, [1040, 1040, 1040, 1040, 1040, 1040, 1040, 1040, 1040, 1040, 1040, 1040, 1040, 1040, 1040, 1040, 1040, 1040, 1041, 1043, 1046, 1047, 1049, 1051], 1049, 4071)
(1.612064605027093e+110, [1040, 1040, 1040, 1040, 1040, 1040, 1040, 1040, 1040, 1040, 1040, 1040, 1040, 1040, 1040, 1040, 1040, 1040, 1040, 1041, 1042, 1046, 1047, 1049, 1051], 1049, 4071)
end round with 14 suffixes


======== round 15 ========
todo suffixes: [[1044, 1045, 1047, 1049, 1051], [1043, 1045, 1047, 1049, 1051], [1042, 1045, 1047, 1049, 1051], [1044, 1047, 1049, 1051], [1043, 1047, 1049, 1051], [1046, 1049, 1051], [1045, 1049, 1051], [1044, 1049, 1051], [1048, 1051], [1047, 1051], [1046, 1051], [1050], [1049], [1047]]
cur_suffix:  [1044, 1045, 1047, 1049, 1051]
fisrt choice: (1.612064605027408e+110, 1041, 17)
baseline:  (1.6120646050430035e+110, [1048, 1048, 1048, 1048, 1048, 1048, 1048, 1048, 1048, 1048, 1048, 1048, 1048, 1048, 1048, 1048, 1048], 1049, 4071)
best 5 choices:
(1.61206460502644e+110, [1040, 1040, 1040, 1040, 1040, 1040, 1040, 1040, 1040, 1040, 1040, 1040, 1040, 1040, 1040, 1040, 1040, 1045, 1046, 1047, 1049, 1051], 1049, 4071)
(1.612064605026596e+110, [1040, 1040, 1040, 1040, 1040, 1040, 1040, 1040, 1040, 1040, 1040, 1040, 1040, 1040, 1040, 1040, 1040, 1040, 1044, 1046, 1047, 1049, 1051], 1049, 4071)
(1.6120646050266244e+110, [1040, 1040, 1040, 1040, 1040, 1040, 1040, 1040, 1040, 1040, 1040, 1040, 1040, 1040, 1040, 1040, 1040, 1042, 1043, 1046, 1047, 1049, 1051], 1049, 4071)
(1.6120646050268708e+110, [1040, 1040, 1040, 1040, 1040, 1040, 1040, 1040, 1040, 1040, 1040, 1040, 1040, 1040, 1040, 1040, 1040, 1040, 1041, 1043, 1046, 1047, 1049, 1051], 1049, 4071)
(1.612064605027093e+110, [1040, 1040, 1040, 1040, 1040, 1040, 1040, 1040, 1040, 1040, 1040, 1040, 1040, 1040, 1040, 1040, 1040, 1040, 1040, 1041, 1042, 1046, 1047, 1049, 1051], 1049, 4071)
end round with 16 suffixes


======== round 16 ========
todo suffixes: [[1043, 1044, 1045, 1047, 1049, 1051], [1042, 1044, 1045, 1047, 1049, 1051], [1041, 1044, 1045, 1047, 1049, 1051], [1043, 1045, 1047, 1049, 1051], [1042, 1045, 1047, 1049, 1051], [1044, 1047, 1049, 1051], [1043, 1047, 1049, 1051], [1046, 1049, 1051], [1045, 1049, 1051], [1044, 1049, 1051], [1048, 1051], [1047, 1051], [1046, 1051], [1050], [1049], [1047]]
cur_suffix:  [1043, 1044, 1045, 1047, 1049, 1051]
fisrt choice: (1.61206460502582e+110, 1039, 18)
baseline:  (1.6120646050430035e+110, [1048, 1048, 1048, 1048, 1048, 1048, 1048, 1048, 1048, 1048, 1048, 1048, 1048, 1048, 1048, 1048, 1048], 1049, 4071)
best 5 choices:
(1.61206460502582e+110, [1039, 1039, 1039, 1039, 1039, 1039, 1039, 1039, 1039, 1039, 1039, 1039, 1039, 1039, 1039, 1039, 1039, 1039, 1043, 1044, 1045, 1047, 1049, 1051], 1049, 4071)
(1.61206460502644e+110, [1040, 1040, 1040, 1040, 1040, 1040, 1040, 1040, 1040, 1040, 1040, 1040, 1040, 1040, 1040, 1040, 1040, 1045, 1046, 1047, 1049, 1051], 1049, 4071)
(1.612064605026596e+110, [1040, 1040, 1040, 1040, 1040, 1040, 1040, 1040, 1040, 1040, 1040, 1040, 1040, 1040, 1040, 1040, 1040, 1040, 1044, 1046, 1047, 1049, 1051], 1049, 4071)
(1.6120646050266244e+110, [1040, 1040, 1040, 1040, 1040, 1040, 1040, 1040, 1040, 1040, 1040, 1040, 1040, 1040, 1040, 1040, 1040, 1042, 1043, 1046, 1047, 1049, 1051], 1049, 4071)
(1.6120646050268708e+110, [1040, 1040, 1040, 1040, 1040, 1040, 1040, 1040, 1040, 1040, 1040, 1040, 1040, 1040, 1040, 1040, 1040, 1040, 1041, 1043, 1046, 1047, 1049, 1051], 1049, 4071)
end round with 15 suffixes


======== round 17 ========
todo suffixes: [[1042, 1044, 1045, 1047, 1049, 1051], [1041, 1044, 1045, 1047, 1049, 1051], [1043, 1045, 1047, 1049, 1051], [1042, 1045, 1047, 1049, 1051], [1044, 1047, 1049, 1051], [1043, 1047, 1049, 1051], [1046, 1049, 1051], [1045, 1049, 1051], [1044, 1049, 1051], [1048, 1051], [1047, 1051], [1046, 1051], [1050], [1049], [1047]]
cur_suffix:  [1042, 1044, 1045, 1047, 1049, 1051]
fisrt choice: (1.612064605026543e+110, 1040, 17)
baseline:  (1.6120646050430035e+110, [1048, 1048, 1048, 1048, 1048, 1048, 1048, 1048, 1048, 1048, 1048, 1048, 1048, 1048, 1048, 1048, 1048], 1049, 4071)
best 5 choices:
(1.61206460502582e+110, [1039, 1039, 1039, 1039, 1039, 1039, 1039, 1039, 1039, 1039, 1039, 1039, 1039, 1039, 1039, 1039, 1039, 1039, 1043, 1044, 1045, 1047, 1049, 1051], 1049, 4071)
(1.61206460502644e+110, [1040, 1040, 1040, 1040, 1040, 1040, 1040, 1040, 1040, 1040, 1040, 1040, 1040, 1040, 1040, 1040, 1040, 1045, 1046, 1047, 1049, 1051], 1049, 4071)
(1.612064605026543e+110, [1040, 1040, 1040, 1040, 1040, 1040, 1040, 1040, 1040, 1040, 1040, 1040, 1040, 1040, 1040, 1040, 1040, 1042, 1044, 1045, 1047, 1049, 1051], 1049, 4071)
(1.612064605026596e+110, [1040, 1040, 1040, 1040, 1040, 1040, 1040, 1040, 1040, 1040, 1040, 1040, 1040, 1040, 1040, 1040, 1040, 1040, 1044, 1046, 1047, 1049, 1051], 1049, 4071)
(1.6120646050266244e+110, [1040, 1040, 1040, 1040, 1040, 1040, 1040, 1040, 1040, 1040, 1040, 1040, 1040, 1040, 1040, 1040, 1040, 1042, 1043, 1046, 1047, 1049, 1051], 1049, 4071)
end round with 14 suffixes


======== round 18 ========
todo suffixes: [[1041, 1044, 1045, 1047, 1049, 1051], [1043, 1045, 1047, 1049, 1051], [1042, 1045, 1047, 1049, 1051], [1044, 1047, 1049, 1051], [1043, 1047, 1049, 1051], [1046, 1049, 1051], [1045, 1049, 1051], [1044, 1049, 1051], [1048, 1051], [1047, 1051], [1046, 1051], [1050], [1049], [1047]]
cur_suffix:  [1041, 1044, 1045, 1047, 1049, 1051]
fisrt choice: (1.6120646050267893e+110, 1040, 18)
baseline:  (1.6120646050430035e+110, [1048, 1048, 1048, 1048, 1048, 1048, 1048, 1048, 1048, 1048, 1048, 1048, 1048, 1048, 1048, 1048, 1048], 1049, 4071)
best 5 choices:
(1.61206460502582e+110, [1039, 1039, 1039, 1039, 1039, 1039, 1039, 1039, 1039, 1039, 1039, 1039, 1039, 1039, 1039, 1039, 1039, 1039, 1043, 1044, 1045, 1047, 1049, 1051], 1049, 4071)
(1.61206460502644e+110, [1040, 1040, 1040, 1040, 1040, 1040, 1040, 1040, 1040, 1040, 1040, 1040, 1040, 1040, 1040, 1040, 1040, 1045, 1046, 1047, 1049, 1051], 1049, 4071)
(1.612064605026543e+110, [1040, 1040, 1040, 1040, 1040, 1040, 1040, 1040, 1040, 1040, 1040, 1040, 1040, 1040, 1040, 1040, 1040, 1042, 1044, 1045, 1047, 1049, 1051], 1049, 4071)
(1.612064605026596e+110, [1040, 1040, 1040, 1040, 1040, 1040, 1040, 1040, 1040, 1040, 1040, 1040, 1040, 1040, 1040, 1040, 1040, 1040, 1044, 1046, 1047, 1049, 1051], 1049, 4071)
(1.6120646050266244e+110, [1040, 1040, 1040, 1040, 1040, 1040, 1040, 1040, 1040, 1040, 1040, 1040, 1040, 1040, 1040, 1040, 1040, 1042, 1043, 1046, 1047, 1049, 1051], 1049, 4071)
end round with 13 suffixes


======== round 19 ========
todo suffixes: [[1043, 1045, 1047, 1049, 1051], [1042, 1045, 1047, 1049, 1051], [1044, 1047, 1049, 1051], [1043, 1047, 1049, 1051], [1046, 1049, 1051], [1045, 1049, 1051], [1044, 1049, 1051], [1048, 1051], [1047, 1051], [1046, 1051], [1050], [1049], [1047]]
cur_suffix:  [1043, 1045, 1047, 1049, 1051]
fisrt choice: (1.6120646050276828e+110, 1041, 18)
baseline:  (1.6120646050430035e+110, [1048, 1048, 1048, 1048, 1048, 1048, 1048, 1048, 1048, 1048, 1048, 1048, 1048, 1048, 1048, 1048, 1048], 1049, 4071)
best 5 choices:
(1.61206460502582e+110, [1039, 1039, 1039, 1039, 1039, 1039, 1039, 1039, 1039, 1039, 1039, 1039, 1039, 1039, 1039, 1039, 1039, 1039, 1043, 1044, 1045, 1047, 1049, 1051], 1049, 4071)
(1.61206460502644e+110, [1040, 1040, 1040, 1040, 1040, 1040, 1040, 1040, 1040, 1040, 1040, 1040, 1040, 1040, 1040, 1040, 1040, 1045, 1046, 1047, 1049, 1051], 1049, 4071)
(1.612064605026543e+110, [1040, 1040, 1040, 1040, 1040, 1040, 1040, 1040, 1040, 1040, 1040, 1040, 1040, 1040, 1040, 1040, 1040, 1042, 1044, 1045, 1047, 1049, 1051], 1049, 4071)
(1.612064605026596e+110, [1040, 1040, 1040, 1040, 1040, 1040, 1040, 1040, 1040, 1040, 1040, 1040, 1040, 1040, 1040, 1040, 1040, 1040, 1044, 1046, 1047, 1049, 1051], 1049, 4071)
(1.6120646050266244e+110, [1040, 1040, 1040, 1040, 1040, 1040, 1040, 1040, 1040, 1040, 1040, 1040, 1040, 1040, 1040, 1040, 1040, 1042, 1043, 1046, 1047, 1049, 1051], 1049, 4071)
end round with 14 suffixes


======== round 20 ========
todo suffixes: [[1042, 1043, 1045, 1047, 1049, 1051], [1041, 1043, 1045, 1047, 1049, 1051], [1042, 1045, 1047, 1049, 1051], [1044, 1047, 1049, 1051], [1043, 1047, 1049, 1051], [1046, 1049, 1051], [1045, 1049, 1051], [1044, 1049, 1051], [1048, 1051], [1047, 1051], [1046, 1051], [1050], [1049], [1047]]
cur_suffix:  [1042, 1043, 1045, 1047, 1049, 1051]
fisrt choice: (1.6120646050267356e+110, 1040, 18)
baseline:  (1.6120646050430035e+110, [1048, 1048, 1048, 1048, 1048, 1048, 1048, 1048, 1048, 1048, 1048, 1048, 1048, 1048, 1048, 1048, 1048], 1049, 4071)
best 5 choices:
(1.61206460502582e+110, [1039, 1039, 1039, 1039, 1039, 1039, 1039, 1039, 1039, 1039, 1039, 1039, 1039, 1039, 1039, 1039, 1039, 1039, 1043, 1044, 1045, 1047, 1049, 1051], 1049, 4071)
(1.61206460502644e+110, [1040, 1040, 1040, 1040, 1040, 1040, 1040, 1040, 1040, 1040, 1040, 1040, 1040, 1040, 1040, 1040, 1040, 1045, 1046, 1047, 1049, 1051], 1049, 4071)
(1.612064605026543e+110, [1040, 1040, 1040, 1040, 1040, 1040, 1040, 1040, 1040, 1040, 1040, 1040, 1040, 1040, 1040, 1040, 1040, 1042, 1044, 1045, 1047, 1049, 1051], 1049, 4071)
(1.612064605026596e+110, [1040, 1040, 1040, 1040, 1040, 1040, 1040, 1040, 1040, 1040, 1040, 1040, 1040, 1040, 1040, 1040, 1040, 1040, 1044, 1046, 1047, 1049, 1051], 1049, 4071)
(1.6120646050266244e+110, [1040, 1040, 1040, 1040, 1040, 1040, 1040, 1040, 1040, 1040, 1040, 1040, 1040, 1040, 1040, 1040, 1040, 1042, 1043, 1046, 1047, 1049, 1051], 1049, 4071)
end round with 13 suffixes


======== round 21 ========
todo suffixes: [[1041, 1043, 1045, 1047, 1049, 1051], [1042, 1045, 1047, 1049, 1051], [1044, 1047, 1049, 1051], [1043, 1047, 1049, 1051], [1046, 1049, 1051], [1045, 1049, 1051], [1044, 1049, 1051], [1048, 1051], [1047, 1051], [1046, 1051], [1050], [1049], [1047]]
cur_suffix:  [1041, 1043, 1045, 1047, 1049, 1051]
fisrt choice: (-1, -1, -1)
baseline:  (1.6120646050430035e+110, [1048, 1048, 1048, 1048, 1048, 1048, 1048, 1048, 1048, 1048, 1048, 1048, 1048, 1048, 1048, 1048, 1048], 1049, 4071)
the strategy is infeasible, continue


======== round 22 ========
todo suffixes: [[1042, 1045, 1047, 1049, 1051], [1044, 1047, 1049, 1051], [1043, 1047, 1049, 1051], [1046, 1049, 1051], [1045, 1049, 1051], [1044, 1049, 1051], [1048, 1051], [1047, 1051], [1046, 1051], [1050], [1049], [1047]]
cur_suffix:  [1042, 1045, 1047, 1049, 1051]
fisrt choice: (-1, -1, -1)
baseline:  (1.6120646050430035e+110, [1048, 1048, 1048, 1048, 1048, 1048, 1048, 1048, 1048, 1048, 1048, 1048, 1048, 1048, 1048, 1048, 1048], 1049, 4071)
the strategy is infeasible, continue


======== round 23 ========
todo suffixes: [[1044, 1047, 1049, 1051], [1043, 1047, 1049, 1051], [1046, 1049, 1051], [1045, 1049, 1051], [1044, 1049, 1051], [1048, 1051], [1047, 1051], [1046, 1051], [1050], [1049], [1047]]
cur_suffix:  [1044, 1047, 1049, 1051]
fisrt choice: (1.6120646050291866e+110, 1042, 19)
baseline:  (1.6120646050430035e+110, [1048, 1048, 1048, 1048, 1048, 1048, 1048, 1048, 1048, 1048, 1048, 1048, 1048, 1048, 1048, 1048, 1048], 1049, 4071)
best 5 choices:
(1.61206460502582e+110, [1039, 1039, 1039, 1039, 1039, 1039, 1039, 1039, 1039, 1039, 1039, 1039, 1039, 1039, 1039, 1039, 1039, 1039, 1043, 1044, 1045, 1047, 1049, 1051], 1049, 4071)
(1.61206460502644e+110, [1040, 1040, 1040, 1040, 1040, 1040, 1040, 1040, 1040, 1040, 1040, 1040, 1040, 1040, 1040, 1040, 1040, 1045, 1046, 1047, 1049, 1051], 1049, 4071)
(1.612064605026543e+110, [1040, 1040, 1040, 1040, 1040, 1040, 1040, 1040, 1040, 1040, 1040, 1040, 1040, 1040, 1040, 1040, 1040, 1042, 1044, 1045, 1047, 1049, 1051], 1049, 4071)
(1.612064605026596e+110, [1040, 1040, 1040, 1040, 1040, 1040, 1040, 1040, 1040, 1040, 1040, 1040, 1040, 1040, 1040, 1040, 1040, 1040, 1044, 1046, 1047, 1049, 1051], 1049, 4071)
(1.6120646050266244e+110, [1040, 1040, 1040, 1040, 1040, 1040, 1040, 1040, 1040, 1040, 1040, 1040, 1040, 1040, 1040, 1040, 1040, 1042, 1043, 1046, 1047, 1049, 1051], 1049, 4071)
end round with 12 suffixes


======== round 24 ========
todo suffixes: [[1043, 1044, 1047, 1049, 1051], [1042, 1044, 1047, 1049, 1051], [1043, 1047, 1049, 1051], [1046, 1049, 1051], [1045, 1049, 1051], [1044, 1049, 1051], [1048, 1051], [1047, 1051], [1046, 1051], [1050], [1049], [1047]]
cur_suffix:  [1043, 1044, 1047, 1049, 1051]
fisrt choice: (1.612064605028781e+110, 1042, 17)
baseline:  (1.6120646050430035e+110, [1048, 1048, 1048, 1048, 1048, 1048, 1048, 1048, 1048, 1048, 1048, 1048, 1048, 1048, 1048, 1048, 1048], 1049, 4071)
best 5 choices:
(1.61206460502582e+110, [1039, 1039, 1039, 1039, 1039, 1039, 1039, 1039, 1039, 1039, 1039, 1039, 1039, 1039, 1039, 1039, 1039, 1039, 1043, 1044, 1045, 1047, 1049, 1051], 1049, 4071)
(1.61206460502644e+110, [1040, 1040, 1040, 1040, 1040, 1040, 1040, 1040, 1040, 1040, 1040, 1040, 1040, 1040, 1040, 1040, 1040, 1045, 1046, 1047, 1049, 1051], 1049, 4071)
(1.612064605026543e+110, [1040, 1040, 1040, 1040, 1040, 1040, 1040, 1040, 1040, 1040, 1040, 1040, 1040, 1040, 1040, 1040, 1040, 1042, 1044, 1045, 1047, 1049, 1051], 1049, 4071)
(1.612064605026596e+110, [1040, 1040, 1040, 1040, 1040, 1040, 1040, 1040, 1040, 1040, 1040, 1040, 1040, 1040, 1040, 1040, 1040, 1040, 1044, 1046, 1047, 1049, 1051], 1049, 4071)
(1.6120646050266244e+110, [1040, 1040, 1040, 1040, 1040, 1040, 1040, 1040, 1040, 1040, 1040, 1040, 1040, 1040, 1040, 1040, 1040, 1042, 1043, 1046, 1047, 1049, 1051], 1049, 4071)
end round with 12 suffixes


======== round 25 ========
todo suffixes: [[1042, 1043, 1044, 1047, 1049, 1051], [1042, 1044, 1047, 1049, 1051], [1043, 1047, 1049, 1051], [1046, 1049, 1051], [1045, 1049, 1051], [1044, 1049, 1051], [1048, 1051], [1047, 1051], [1046, 1051], [1050], [1049], [1047]]
cur_suffix:  [1042, 1043, 1044, 1047, 1049, 1051]
fisrt choice: (1.6120646050280222e+110, 1041, 18)
baseline:  (1.6120646050430035e+110, [1048, 1048, 1048, 1048, 1048, 1048, 1048, 1048, 1048, 1048, 1048, 1048, 1048, 1048, 1048, 1048, 1048], 1049, 4071)
best 5 choices:
(1.61206460502582e+110, [1039, 1039, 1039, 1039, 1039, 1039, 1039, 1039, 1039, 1039, 1039, 1039, 1039, 1039, 1039, 1039, 1039, 1039, 1043, 1044, 1045, 1047, 1049, 1051], 1049, 4071)
(1.61206460502644e+110, [1040, 1040, 1040, 1040, 1040, 1040, 1040, 1040, 1040, 1040, 1040, 1040, 1040, 1040, 1040, 1040, 1040, 1045, 1046, 1047, 1049, 1051], 1049, 4071)
(1.612064605026543e+110, [1040, 1040, 1040, 1040, 1040, 1040, 1040, 1040, 1040, 1040, 1040, 1040, 1040, 1040, 1040, 1040, 1040, 1042, 1044, 1045, 1047, 1049, 1051], 1049, 4071)
(1.612064605026596e+110, [1040, 1040, 1040, 1040, 1040, 1040, 1040, 1040, 1040, 1040, 1040, 1040, 1040, 1040, 1040, 1040, 1040, 1040, 1044, 1046, 1047, 1049, 1051], 1049, 4071)
(1.6120646050266244e+110, [1040, 1040, 1040, 1040, 1040, 1040, 1040, 1040, 1040, 1040, 1040, 1040, 1040, 1040, 1040, 1040, 1040, 1042, 1043, 1046, 1047, 1049, 1051], 1049, 4071)
end round with 12 suffixes


======== round 26 ========
todo suffixes: [[1041, 1042, 1043, 1044, 1047, 1049, 1051], [1042, 1044, 1047, 1049, 1051], [1043, 1047, 1049, 1051], [1046, 1049, 1051], [1045, 1049, 1051], [1044, 1049, 1051], [1048, 1051], [1047, 1051], [1046, 1051], [1050], [1049], [1047]]
cur_suffix:  [1041, 1042, 1043, 1044, 1047, 1049, 1051]
fisrt choice: (1.6120646050273213e+110, 1040, 19)
baseline:  (1.6120646050430035e+110, [1048, 1048, 1048, 1048, 1048, 1048, 1048, 1048, 1048, 1048, 1048, 1048, 1048, 1048, 1048, 1048, 1048], 1049, 4071)
best 5 choices:
(1.61206460502582e+110, [1039, 1039, 1039, 1039, 1039, 1039, 1039, 1039, 1039, 1039, 1039, 1039, 1039, 1039, 1039, 1039, 1039, 1039, 1043, 1044, 1045, 1047, 1049, 1051], 1049, 4071)
(1.61206460502644e+110, [1040, 1040, 1040, 1040, 1040, 1040, 1040, 1040, 1040, 1040, 1040, 1040, 1040, 1040, 1040, 1040, 1040, 1045, 1046, 1047, 1049, 1051], 1049, 4071)
(1.612064605026543e+110, [1040, 1040, 1040, 1040, 1040, 1040, 1040, 1040, 1040, 1040, 1040, 1040, 1040, 1040, 1040, 1040, 1040, 1042, 1044, 1045, 1047, 1049, 1051], 1049, 4071)
(1.612064605026596e+110, [1040, 1040, 1040, 1040, 1040, 1040, 1040, 1040, 1040, 1040, 1040, 1040, 1040, 1040, 1040, 1040, 1040, 1040, 1044, 1046, 1047, 1049, 1051], 1049, 4071)
(1.6120646050266244e+110, [1040, 1040, 1040, 1040, 1040, 1040, 1040, 1040, 1040, 1040, 1040, 1040, 1040, 1040, 1040, 1040, 1040, 1042, 1043, 1046, 1047, 1049, 1051], 1049, 4071)
end round with 11 suffixes


======== round 27 ========
todo suffixes: [[1042, 1044, 1047, 1049, 1051], [1043, 1047, 1049, 1051], [1046, 1049, 1051], [1045, 1049, 1051], [1044, 1049, 1051], [1048, 1051], [1047, 1051], [1046, 1051], [1050], [1049], [1047]]
cur_suffix:  [1042, 1044, 1047, 1049, 1051]
fisrt choice: (-1, -1, -1)
baseline:  (1.6120646050430035e+110, [1048, 1048, 1048, 1048, 1048, 1048, 1048, 1048, 1048, 1048, 1048, 1048, 1048, 1048, 1048, 1048, 1048], 1049, 4071)
the strategy is infeasible, continue


======== round 28 ========
todo suffixes: [[1043, 1047, 1049, 1051], [1046, 1049, 1051], [1045, 1049, 1051], [1044, 1049, 1051], [1048, 1051], [1047, 1051], [1046, 1051], [1050], [1049], [1047]]
cur_suffix:  [1043, 1047, 1049, 1051]
fisrt choice: (-1, -1, -1)
baseline:  (1.6120646050430035e+110, [1048, 1048, 1048, 1048, 1048, 1048, 1048, 1048, 1048, 1048, 1048, 1048, 1048, 1048, 1048, 1048, 1048], 1049, 4071)
the strategy is infeasible, continue


======== round 29 ========
todo suffixes: [[1046, 1049, 1051], [1045, 1049, 1051], [1044, 1049, 1051], [1048, 1051], [1047, 1051], [1046, 1051], [1050], [1049], [1047]]
cur_suffix:  [1046, 1049, 1051]
fisrt choice: (1.612064605030462e+110, 1043, 19)
baseline:  (1.6120646050430035e+110, [1048, 1048, 1048, 1048, 1048, 1048, 1048, 1048, 1048, 1048, 1048, 1048, 1048, 1048, 1048, 1048, 1048], 1049, 4071)
best 5 choices:
(1.61206460502582e+110, [1039, 1039, 1039, 1039, 1039, 1039, 1039, 1039, 1039, 1039, 1039, 1039, 1039, 1039, 1039, 1039, 1039, 1039, 1043, 1044, 1045, 1047, 1049, 1051], 1049, 4071)
(1.61206460502644e+110, [1040, 1040, 1040, 1040, 1040, 1040, 1040, 1040, 1040, 1040, 1040, 1040, 1040, 1040, 1040, 1040, 1040, 1045, 1046, 1047, 1049, 1051], 1049, 4071)
(1.612064605026543e+110, [1040, 1040, 1040, 1040, 1040, 1040, 1040, 1040, 1040, 1040, 1040, 1040, 1040, 1040, 1040, 1040, 1040, 1042, 1044, 1045, 1047, 1049, 1051], 1049, 4071)
(1.612064605026596e+110, [1040, 1040, 1040, 1040, 1040, 1040, 1040, 1040, 1040, 1040, 1040, 1040, 1040, 1040, 1040, 1040, 1040, 1040, 1044, 1046, 1047, 1049, 1051], 1049, 4071)
(1.6120646050266244e+110, [1040, 1040, 1040, 1040, 1040, 1040, 1040, 1040, 1040, 1040, 1040, 1040, 1040, 1040, 1040, 1040, 1040, 1042, 1043, 1046, 1047, 1049, 1051], 1049, 4071)
end round with 11 suffixes


======== round 30 ========
todo suffixes: [[1045, 1046, 1049, 1051], [1044, 1046, 1049, 1051], [1043, 1046, 1049, 1051], [1045, 1049, 1051], [1044, 1049, 1051], [1048, 1051], [1047, 1051], [1046, 1051], [1050], [1049], [1047]]
cur_suffix:  [1045, 1046, 1049, 1051]
fisrt choice: (1.612064605029086e+110, 1042, 19)
baseline:  (1.6120646050430035e+110, [1048, 1048, 1048, 1048, 1048, 1048, 1048, 1048, 1048, 1048, 1048, 1048, 1048, 1048, 1048, 1048, 1048], 1049, 4071)
best 5 choices:
(1.61206460502582e+110, [1039, 1039, 1039, 1039, 1039, 1039, 1039, 1039, 1039, 1039, 1039, 1039, 1039, 1039, 1039, 1039, 1039, 1039, 1043, 1044, 1045, 1047, 1049, 1051], 1049, 4071)
(1.61206460502644e+110, [1040, 1040, 1040, 1040, 1040, 1040, 1040, 1040, 1040, 1040, 1040, 1040, 1040, 1040, 1040, 1040, 1040, 1045, 1046, 1047, 1049, 1051], 1049, 4071)
(1.612064605026543e+110, [1040, 1040, 1040, 1040, 1040, 1040, 1040, 1040, 1040, 1040, 1040, 1040, 1040, 1040, 1040, 1040, 1040, 1042, 1044, 1045, 1047, 1049, 1051], 1049, 4071)
(1.612064605026596e+110, [1040, 1040, 1040, 1040, 1040, 1040, 1040, 1040, 1040, 1040, 1040, 1040, 1040, 1040, 1040, 1040, 1040, 1040, 1044, 1046, 1047, 1049, 1051], 1049, 4071)
(1.6120646050266244e+110, [1040, 1040, 1040, 1040, 1040, 1040, 1040, 1040, 1040, 1040, 1040, 1040, 1040, 1040, 1040, 1040, 1040, 1042, 1043, 1046, 1047, 1049, 1051], 1049, 4071)
end round with 13 suffixes


======== round 31 ========
todo suffixes: [[1044, 1045, 1046, 1049, 1051], [1043, 1045, 1046, 1049, 1051], [1042, 1045, 1046, 1049, 1051], [1044, 1046, 1049, 1051], [1043, 1046, 1049, 1051], [1045, 1049, 1051], [1044, 1049, 1051], [1048, 1051], [1047, 1051], [1046, 1051], [1050], [1049], [1047]]
cur_suffix:  [1044, 1045, 1046, 1049, 1051]
fisrt choice: (1.6120646050275456e+110, 1041, 18)
baseline:  (1.6120646050430035e+110, [1048, 1048, 1048, 1048, 1048, 1048, 1048, 1048, 1048, 1048, 1048, 1048, 1048, 1048, 1048, 1048, 1048], 1049, 4071)
best 5 choices:
(1.61206460502582e+110, [1039, 1039, 1039, 1039, 1039, 1039, 1039, 1039, 1039, 1039, 1039, 1039, 1039, 1039, 1039, 1039, 1039, 1039, 1043, 1044, 1045, 1047, 1049, 1051], 1049, 4071)
(1.61206460502644e+110, [1040, 1040, 1040, 1040, 1040, 1040, 1040, 1040, 1040, 1040, 1040, 1040, 1040, 1040, 1040, 1040, 1040, 1045, 1046, 1047, 1049, 1051], 1049, 4071)
(1.612064605026543e+110, [1040, 1040, 1040, 1040, 1040, 1040, 1040, 1040, 1040, 1040, 1040, 1040, 1040, 1040, 1040, 1040, 1040, 1042, 1044, 1045, 1047, 1049, 1051], 1049, 4071)
(1.612064605026596e+110, [1040, 1040, 1040, 1040, 1040, 1040, 1040, 1040, 1040, 1040, 1040, 1040, 1040, 1040, 1040, 1040, 1040, 1040, 1044, 1046, 1047, 1049, 1051], 1049, 4071)
(1.6120646050266244e+110, [1040, 1040, 1040, 1040, 1040, 1040, 1040, 1040, 1040, 1040, 1040, 1040, 1040, 1040, 1040, 1040, 1040, 1042, 1043, 1046, 1047, 1049, 1051], 1049, 4071)
end round with 15 suffixes


======== round 32 ========
todo suffixes: [[1043, 1044, 1045, 1046, 1049, 1051], [1042, 1044, 1045, 1046, 1049, 1051], [1041, 1044, 1045, 1046, 1049, 1051], [1043, 1045, 1046, 1049, 1051], [1042, 1045, 1046, 1049, 1051], [1044, 1046, 1049, 1051], [1043, 1046, 1049, 1051], [1045, 1049, 1051], [1044, 1049, 1051], [1048, 1051], [1047, 1051], [1046, 1051], [1050], [1049], [1047]]
cur_suffix:  [1043, 1044, 1045, 1046, 1049, 1051]
fisrt choice: (1.6120646050267236e+110, 1040, 18)
baseline:  (1.6120646050430035e+110, [1048, 1048, 1048, 1048, 1048, 1048, 1048, 1048, 1048, 1048, 1048, 1048, 1048, 1048, 1048, 1048, 1048], 1049, 4071)
best 5 choices:
(1.61206460502582e+110, [1039, 1039, 1039, 1039, 1039, 1039, 1039, 1039, 1039, 1039, 1039, 1039, 1039, 1039, 1039, 1039, 1039, 1039, 1043, 1044, 1045, 1047, 1049, 1051], 1049, 4071)
(1.61206460502644e+110, [1040, 1040, 1040, 1040, 1040, 1040, 1040, 1040, 1040, 1040, 1040, 1040, 1040, 1040, 1040, 1040, 1040, 1045, 1046, 1047, 1049, 1051], 1049, 4071)
(1.612064605026543e+110, [1040, 1040, 1040, 1040, 1040, 1040, 1040, 1040, 1040, 1040, 1040, 1040, 1040, 1040, 1040, 1040, 1040, 1042, 1044, 1045, 1047, 1049, 1051], 1049, 4071)
(1.612064605026596e+110, [1040, 1040, 1040, 1040, 1040, 1040, 1040, 1040, 1040, 1040, 1040, 1040, 1040, 1040, 1040, 1040, 1040, 1040, 1044, 1046, 1047, 1049, 1051], 1049, 4071)
(1.6120646050266244e+110, [1040, 1040, 1040, 1040, 1040, 1040, 1040, 1040, 1040, 1040, 1040, 1040, 1040, 1040, 1040, 1040, 1040, 1042, 1043, 1046, 1047, 1049, 1051], 1049, 4071)
end round with 14 suffixes


======== round 33 ========
todo suffixes: [[1042, 1044, 1045, 1046, 1049, 1051], [1041, 1044, 1045, 1046, 1049, 1051], [1043, 1045, 1046, 1049, 1051], [1042, 1045, 1046, 1049, 1051], [1044, 1046, 1049, 1051], [1043, 1046, 1049, 1051], [1045, 1049, 1051], [1044, 1049, 1051], [1048, 1051], [1047, 1051], [1046, 1051], [1050], [1049], [1047]]
cur_suffix:  [1042, 1044, 1045, 1046, 1049, 1051]
fisrt choice: (1.612064605026946e+110, 1040, 19)
baseline:  (1.6120646050430035e+110, [1048, 1048, 1048, 1048, 1048, 1048, 1048, 1048, 1048, 1048, 1048, 1048, 1048, 1048, 1048, 1048, 1048], 1049, 4071)
best 5 choices:
(1.61206460502582e+110, [1039, 1039, 1039, 1039, 1039, 1039, 1039, 1039, 1039, 1039, 1039, 1039, 1039, 1039, 1039, 1039, 1039, 1039, 1043, 1044, 1045, 1047, 1049, 1051], 1049, 4071)
(1.61206460502644e+110, [1040, 1040, 1040, 1040, 1040, 1040, 1040, 1040, 1040, 1040, 1040, 1040, 1040, 1040, 1040, 1040, 1040, 1045, 1046, 1047, 1049, 1051], 1049, 4071)
(1.612064605026543e+110, [1040, 1040, 1040, 1040, 1040, 1040, 1040, 1040, 1040, 1040, 1040, 1040, 1040, 1040, 1040, 1040, 1040, 1042, 1044, 1045, 1047, 1049, 1051], 1049, 4071)
(1.612064605026596e+110, [1040, 1040, 1040, 1040, 1040, 1040, 1040, 1040, 1040, 1040, 1040, 1040, 1040, 1040, 1040, 1040, 1040, 1040, 1044, 1046, 1047, 1049, 1051], 1049, 4071)
(1.6120646050266244e+110, [1040, 1040, 1040, 1040, 1040, 1040, 1040, 1040, 1040, 1040, 1040, 1040, 1040, 1040, 1040, 1040, 1040, 1042, 1043, 1046, 1047, 1049, 1051], 1049, 4071)
end round with 13 suffixes


======== round 34 ========
todo suffixes: [[1041, 1044, 1045, 1046, 1049, 1051], [1043, 1045, 1046, 1049, 1051], [1042, 1045, 1046, 1049, 1051], [1044, 1046, 1049, 1051], [1043, 1046, 1049, 1051], [1045, 1049, 1051], [1044, 1049, 1051], [1048, 1051], [1047, 1051], [1046, 1051], [1050], [1049], [1047]]
cur_suffix:  [1041, 1044, 1045, 1046, 1049, 1051]
fisrt choice: (-1, -1, -1)
baseline:  (1.6120646050430035e+110, [1048, 1048, 1048, 1048, 1048, 1048, 1048, 1048, 1048, 1048, 1048, 1048, 1048, 1048, 1048, 1048, 1048], 1049, 4071)
the strategy is infeasible, continue


======== round 35 ========
todo suffixes: [[1043, 1045, 1046, 1049, 1051], [1042, 1045, 1046, 1049, 1051], [1044, 1046, 1049, 1051], [1043, 1046, 1049, 1051], [1045, 1049, 1051], [1044, 1049, 1051], [1048, 1051], [1047, 1051], [1046, 1051], [1050], [1049], [1047]]
cur_suffix:  [1043, 1045, 1046, 1049, 1051]
fisrt choice: (1.6120646050286803e+110, 1042, 17)
baseline:  (1.6120646050430035e+110, [1048, 1048, 1048, 1048, 1048, 1048, 1048, 1048, 1048, 1048, 1048, 1048, 1048, 1048, 1048, 1048, 1048], 1049, 4071)
best 5 choices:
(1.61206460502582e+110, [1039, 1039, 1039, 1039, 1039, 1039, 1039, 1039, 1039, 1039, 1039, 1039, 1039, 1039, 1039, 1039, 1039, 1039, 1043, 1044, 1045, 1047, 1049, 1051], 1049, 4071)
(1.61206460502644e+110, [1040, 1040, 1040, 1040, 1040, 1040, 1040, 1040, 1040, 1040, 1040, 1040, 1040, 1040, 1040, 1040, 1040, 1045, 1046, 1047, 1049, 1051], 1049, 4071)
(1.612064605026543e+110, [1040, 1040, 1040, 1040, 1040, 1040, 1040, 1040, 1040, 1040, 1040, 1040, 1040, 1040, 1040, 1040, 1040, 1042, 1044, 1045, 1047, 1049, 1051], 1049, 4071)
(1.612064605026596e+110, [1040, 1040, 1040, 1040, 1040, 1040, 1040, 1040, 1040, 1040, 1040, 1040, 1040, 1040, 1040, 1040, 1040, 1040, 1044, 1046, 1047, 1049, 1051], 1049, 4071)
(1.6120646050266244e+110, [1040, 1040, 1040, 1040, 1040, 1040, 1040, 1040, 1040, 1040, 1040, 1040, 1040, 1040, 1040, 1040, 1040, 1042, 1043, 1046, 1047, 1049, 1051], 1049, 4071)
end round with 12 suffixes


======== round 36 ========
todo suffixes: [[1042, 1043, 1045, 1046, 1049, 1051], [1042, 1045, 1046, 1049, 1051], [1044, 1046, 1049, 1051], [1043, 1046, 1049, 1051], [1045, 1049, 1051], [1044, 1049, 1051], [1048, 1051], [1047, 1051], [1046, 1051], [1050], [1049], [1047]]
cur_suffix:  [1042, 1043, 1045, 1046, 1049, 1051]
fisrt choice: (1.6120646050279214e+110, 1041, 18)
baseline:  (1.6120646050430035e+110, [1048, 1048, 1048, 1048, 1048, 1048, 1048, 1048, 1048, 1048, 1048, 1048, 1048, 1048, 1048, 1048, 1048], 1049, 4071)
best 5 choices:
(1.61206460502582e+110, [1039, 1039, 1039, 1039, 1039, 1039, 1039, 1039, 1039, 1039, 1039, 1039, 1039, 1039, 1039, 1039, 1039, 1039, 1043, 1044, 1045, 1047, 1049, 1051], 1049, 4071)
(1.61206460502644e+110, [1040, 1040, 1040, 1040, 1040, 1040, 1040, 1040, 1040, 1040, 1040, 1040, 1040, 1040, 1040, 1040, 1040, 1045, 1046, 1047, 1049, 1051], 1049, 4071)
(1.612064605026543e+110, [1040, 1040, 1040, 1040, 1040, 1040, 1040, 1040, 1040, 1040, 1040, 1040, 1040, 1040, 1040, 1040, 1040, 1042, 1044, 1045, 1047, 1049, 1051], 1049, 4071)
(1.612064605026596e+110, [1040, 1040, 1040, 1040, 1040, 1040, 1040, 1040, 1040, 1040, 1040, 1040, 1040, 1040, 1040, 1040, 1040, 1040, 1044, 1046, 1047, 1049, 1051], 1049, 4071)
(1.6120646050266244e+110, [1040, 1040, 1040, 1040, 1040, 1040, 1040, 1040, 1040, 1040, 1040, 1040, 1040, 1040, 1040, 1040, 1040, 1042, 1043, 1046, 1047, 1049, 1051], 1049, 4071)
end round with 12 suffixes


======== round 37 ========
todo suffixes: [[1041, 1042, 1043, 1045, 1046, 1049, 1051], [1042, 1045, 1046, 1049, 1051], [1044, 1046, 1049, 1051], [1043, 1046, 1049, 1051], [1045, 1049, 1051], [1044, 1049, 1051], [1048, 1051], [1047, 1051], [1046, 1051], [1050], [1049], [1047]]
cur_suffix:  [1041, 1042, 1043, 1045, 1046, 1049, 1051]
fisrt choice: (-1, -1, -1)
baseline:  (1.6120646050430035e+110, [1048, 1048, 1048, 1048, 1048, 1048, 1048, 1048, 1048, 1048, 1048, 1048, 1048, 1048, 1048, 1048, 1048], 1049, 4071)
the strategy is infeasible, continue


======== round 38 ========
todo suffixes: [[1042, 1045, 1046, 1049, 1051], [1044, 1046, 1049, 1051], [1043, 1046, 1049, 1051], [1045, 1049, 1051], [1044, 1049, 1051], [1048, 1051], [1047, 1051], [1046, 1051], [1050], [1049], [1047]]
cur_suffix:  [1042, 1045, 1046, 1049, 1051]
fisrt choice: (-1, -1, -1)
baseline:  (1.6120646050430035e+110, [1048, 1048, 1048, 1048, 1048, 1048, 1048, 1048, 1048, 1048, 1048, 1048, 1048, 1048, 1048, 1048, 1048], 1049, 4071)
the strategy is infeasible, continue


======== round 39 ========
todo suffixes: [[1044, 1046, 1049, 1051], [1043, 1046, 1049, 1051], [1045, 1049, 1051], [1044, 1049, 1051], [1048, 1051], [1047, 1051], [1046, 1051], [1050], [1049], [1047]]
cur_suffix:  [1044, 1046, 1049, 1051]
fisrt choice: (1.612064605029961e+110, 1043, 17)
baseline:  (1.6120646050430035e+110, [1048, 1048, 1048, 1048, 1048, 1048, 1048, 1048, 1048, 1048, 1048, 1048, 1048, 1048, 1048, 1048, 1048], 1049, 4071)
best 5 choices:
(1.61206460502582e+110, [1039, 1039, 1039, 1039, 1039, 1039, 1039, 1039, 1039, 1039, 1039, 1039, 1039, 1039, 1039, 1039, 1039, 1039, 1043, 1044, 1045, 1047, 1049, 1051], 1049, 4071)
(1.61206460502644e+110, [1040, 1040, 1040, 1040, 1040, 1040, 1040, 1040, 1040, 1040, 1040, 1040, 1040, 1040, 1040, 1040, 1040, 1045, 1046, 1047, 1049, 1051], 1049, 4071)
(1.612064605026543e+110, [1040, 1040, 1040, 1040, 1040, 1040, 1040, 1040, 1040, 1040, 1040, 1040, 1040, 1040, 1040, 1040, 1040, 1042, 1044, 1045, 1047, 1049, 1051], 1049, 4071)
(1.612064605026596e+110, [1040, 1040, 1040, 1040, 1040, 1040, 1040, 1040, 1040, 1040, 1040, 1040, 1040, 1040, 1040, 1040, 1040, 1040, 1044, 1046, 1047, 1049, 1051], 1049, 4071)
(1.6120646050266244e+110, [1040, 1040, 1040, 1040, 1040, 1040, 1040, 1040, 1040, 1040, 1040, 1040, 1040, 1040, 1040, 1040, 1040, 1042, 1043, 1046, 1047, 1049, 1051], 1049, 4071)
end round with 10 suffixes


======== round 40 ========
todo suffixes: [[1043, 1044, 1046, 1049, 1051], [1043, 1046, 1049, 1051], [1045, 1049, 1051], [1044, 1049, 1051], [1048, 1051], [1047, 1051], [1046, 1051], [1050], [1049], [1047]]
cur_suffix:  [1043, 1044, 1046, 1049, 1051]
fisrt choice: (1.6120646050290198e+110, 1042, 18)
baseline:  (1.6120646050430035e+110, [1048, 1048, 1048, 1048, 1048, 1048, 1048, 1048, 1048, 1048, 1048, 1048, 1048, 1048, 1048, 1048, 1048], 1049, 4071)
best 5 choices:
(1.61206460502582e+110, [1039, 1039, 1039, 1039, 1039, 1039, 1039, 1039, 1039, 1039, 1039, 1039, 1039, 1039, 1039, 1039, 1039, 1039, 1043, 1044, 1045, 1047, 1049, 1051], 1049, 4071)
(1.61206460502644e+110, [1040, 1040, 1040, 1040, 1040, 1040, 1040, 1040, 1040, 1040, 1040, 1040, 1040, 1040, 1040, 1040, 1040, 1045, 1046, 1047, 1049, 1051], 1049, 4071)
(1.612064605026543e+110, [1040, 1040, 1040, 1040, 1040, 1040, 1040, 1040, 1040, 1040, 1040, 1040, 1040, 1040, 1040, 1040, 1040, 1042, 1044, 1045, 1047, 1049, 1051], 1049, 4071)
(1.612064605026596e+110, [1040, 1040, 1040, 1040, 1040, 1040, 1040, 1040, 1040, 1040, 1040, 1040, 1040, 1040, 1040, 1040, 1040, 1040, 1044, 1046, 1047, 1049, 1051], 1049, 4071)
(1.6120646050266244e+110, [1040, 1040, 1040, 1040, 1040, 1040, 1040, 1040, 1040, 1040, 1040, 1040, 1040, 1040, 1040, 1040, 1040, 1042, 1043, 1046, 1047, 1049, 1051], 1049, 4071)
end round with 10 suffixes


======== round 41 ========
todo suffixes: [[1042, 1043, 1044, 1046, 1049, 1051], [1043, 1046, 1049, 1051], [1045, 1049, 1051], [1044, 1049, 1051], [1048, 1051], [1047, 1051], [1046, 1051], [1050], [1049], [1047]]
cur_suffix:  [1042, 1043, 1044, 1046, 1049, 1051]
fisrt choice: (-1, -1, -1)
baseline:  (1.6120646050430035e+110, [1048, 1048, 1048, 1048, 1048, 1048, 1048, 1048, 1048, 1048, 1048, 1048, 1048, 1048, 1048, 1048, 1048], 1049, 4071)
the strategy is infeasible, continue


======== round 42 ========
todo suffixes: [[1043, 1046, 1049, 1051], [1045, 1049, 1051], [1044, 1049, 1051], [1048, 1051], [1047, 1051], [1046, 1051], [1050], [1049], [1047]]
cur_suffix:  [1043, 1046, 1049, 1051]
fisrt choice: (-1, -1, -1)
baseline:  (1.6120646050430035e+110, [1048, 1048, 1048, 1048, 1048, 1048, 1048, 1048, 1048, 1048, 1048, 1048, 1048, 1048, 1048, 1048, 1048], 1049, 4071)
the strategy is infeasible, continue


======== round 43 ========
todo suffixes: [[1045, 1049, 1051], [1044, 1049, 1051], [1048, 1051], [1047, 1051], [1046, 1051], [1050], [1049], [1047]]
cur_suffix:  [1045, 1049, 1051]
fisrt choice: (1.6120646050308814e+110, 1043, 20)
baseline:  (1.6120646050430035e+110, [1048, 1048, 1048, 1048, 1048, 1048, 1048, 1048, 1048, 1048, 1048, 1048, 1048, 1048, 1048, 1048, 1048], 1049, 4071)
best 5 choices:
(1.61206460502582e+110, [1039, 1039, 1039, 1039, 1039, 1039, 1039, 1039, 1039, 1039, 1039, 1039, 1039, 1039, 1039, 1039, 1039, 1039, 1043, 1044, 1045, 1047, 1049, 1051], 1049, 4071)
(1.61206460502644e+110, [1040, 1040, 1040, 1040, 1040, 1040, 1040, 1040, 1040, 1040, 1040, 1040, 1040, 1040, 1040, 1040, 1040, 1045, 1046, 1047, 1049, 1051], 1049, 4071)
(1.612064605026543e+110, [1040, 1040, 1040, 1040, 1040, 1040, 1040, 1040, 1040, 1040, 1040, 1040, 1040, 1040, 1040, 1040, 1040, 1042, 1044, 1045, 1047, 1049, 1051], 1049, 4071)
(1.612064605026596e+110, [1040, 1040, 1040, 1040, 1040, 1040, 1040, 1040, 1040, 1040, 1040, 1040, 1040, 1040, 1040, 1040, 1040, 1040, 1044, 1046, 1047, 1049, 1051], 1049, 4071)
(1.6120646050266244e+110, [1040, 1040, 1040, 1040, 1040, 1040, 1040, 1040, 1040, 1040, 1040, 1040, 1040, 1040, 1040, 1040, 1040, 1042, 1043, 1046, 1047, 1049, 1051], 1049, 4071)
end round with 9 suffixes


======== round 44 ========
todo suffixes: [[1044, 1045, 1049, 1051], [1043, 1045, 1049, 1051], [1044, 1049, 1051], [1048, 1051], [1047, 1051], [1046, 1051], [1050], [1049], [1047]]
cur_suffix:  [1044, 1045, 1049, 1051]
fisrt choice: (1.6120646050303804e+110, 1043, 18)
baseline:  (1.6120646050430035e+110, [1048, 1048, 1048, 1048, 1048, 1048, 1048, 1048, 1048, 1048, 1048, 1048, 1048, 1048, 1048, 1048, 1048], 1049, 4071)
best 5 choices:
(1.61206460502582e+110, [1039, 1039, 1039, 1039, 1039, 1039, 1039, 1039, 1039, 1039, 1039, 1039, 1039, 1039, 1039, 1039, 1039, 1039, 1043, 1044, 1045, 1047, 1049, 1051], 1049, 4071)
(1.61206460502644e+110, [1040, 1040, 1040, 1040, 1040, 1040, 1040, 1040, 1040, 1040, 1040, 1040, 1040, 1040, 1040, 1040, 1040, 1045, 1046, 1047, 1049, 1051], 1049, 4071)
(1.612064605026543e+110, [1040, 1040, 1040, 1040, 1040, 1040, 1040, 1040, 1040, 1040, 1040, 1040, 1040, 1040, 1040, 1040, 1040, 1042, 1044, 1045, 1047, 1049, 1051], 1049, 4071)
(1.612064605026596e+110, [1040, 1040, 1040, 1040, 1040, 1040, 1040, 1040, 1040, 1040, 1040, 1040, 1040, 1040, 1040, 1040, 1040, 1040, 1044, 1046, 1047, 1049, 1051], 1049, 4071)
(1.6120646050266244e+110, [1040, 1040, 1040, 1040, 1040, 1040, 1040, 1040, 1040, 1040, 1040, 1040, 1040, 1040, 1040, 1040, 1040, 1042, 1043, 1046, 1047, 1049, 1051], 1049, 4071)
end round with 9 suffixes


======== round 45 ========
todo suffixes: [[1043, 1044, 1045, 1049, 1051], [1043, 1045, 1049, 1051], [1044, 1049, 1051], [1048, 1051], [1047, 1051], [1046, 1051], [1050], [1049], [1047]]
cur_suffix:  [1043, 1044, 1045, 1049, 1051]
fisrt choice: (-1, -1, -1)
baseline:  (1.6120646050430035e+110, [1048, 1048, 1048, 1048, 1048, 1048, 1048, 1048, 1048, 1048, 1048, 1048, 1048, 1048, 1048, 1048, 1048], 1049, 4071)
the strategy is infeasible, continue


======== round 46 ========
todo suffixes: [[1043, 1045, 1049, 1051], [1044, 1049, 1051], [1048, 1051], [1047, 1051], [1046, 1051], [1050], [1049], [1047]]
cur_suffix:  [1043, 1045, 1049, 1051]
fisrt choice: (-1, -1, -1)
baseline:  (1.6120646050430035e+110, [1048, 1048, 1048, 1048, 1048, 1048, 1048, 1048, 1048, 1048, 1048, 1048, 1048, 1048, 1048, 1048, 1048], 1049, 4071)
the strategy is infeasible, continue


======== round 47 ========
todo suffixes: [[1044, 1049, 1051], [1048, 1051], [1047, 1051], [1046, 1051], [1050], [1049], [1047]]
cur_suffix:  [1044, 1049, 1051]
fisrt choice: (-1, -1, -1)
baseline:  (1.6120646050430035e+110, [1048, 1048, 1048, 1048, 1048, 1048, 1048, 1048, 1048, 1048, 1048, 1048, 1048, 1048, 1048, 1048, 1048], 1049, 4071)
the strategy is infeasible, continue


======== round 48 ========
todo suffixes: [[1048, 1051], [1047, 1051], [1046, 1051], [1050], [1049], [1047]]
cur_suffix:  [1048, 1051]
fisrt choice: (1.6120646050333495e+110, 1045, 17)
baseline:  (1.6120646050430035e+110, [1048, 1048, 1048, 1048, 1048, 1048, 1048, 1048, 1048, 1048, 1048, 1048, 1048, 1048, 1048, 1048, 1048], 1049, 4071)
best 5 choices:
(1.61206460502582e+110, [1039, 1039, 1039, 1039, 1039, 1039, 1039, 1039, 1039, 1039, 1039, 1039, 1039, 1039, 1039, 1039, 1039, 1039, 1043, 1044, 1045, 1047, 1049, 1051], 1049, 4071)
(1.61206460502644e+110, [1040, 1040, 1040, 1040, 1040, 1040, 1040, 1040, 1040, 1040, 1040, 1040, 1040, 1040, 1040, 1040, 1040, 1045, 1046, 1047, 1049, 1051], 1049, 4071)
(1.612064605026543e+110, [1040, 1040, 1040, 1040, 1040, 1040, 1040, 1040, 1040, 1040, 1040, 1040, 1040, 1040, 1040, 1040, 1040, 1042, 1044, 1045, 1047, 1049, 1051], 1049, 4071)
(1.612064605026596e+110, [1040, 1040, 1040, 1040, 1040, 1040, 1040, 1040, 1040, 1040, 1040, 1040, 1040, 1040, 1040, 1040, 1040, 1040, 1044, 1046, 1047, 1049, 1051], 1049, 4071)
(1.6120646050266244e+110, [1040, 1040, 1040, 1040, 1040, 1040, 1040, 1040, 1040, 1040, 1040, 1040, 1040, 1040, 1040, 1040, 1040, 1042, 1043, 1046, 1047, 1049, 1051], 1049, 4071)
end round with 8 suffixes


======== round 49 ========
todo suffixes: [[1047, 1048, 1051], [1046, 1048, 1051], [1045, 1048, 1051], [1047, 1051], [1046, 1051], [1050], [1049], [1047]]
cur_suffix:  [1047, 1048, 1051]
fisrt choice: (1.6120646050303077e+110, 1043, 19)
baseline:  (1.6120646050430035e+110, [1048, 1048, 1048, 1048, 1048, 1048, 1048, 1048, 1048, 1048, 1048, 1048, 1048, 1048, 1048, 1048, 1048], 1049, 4071)
best 5 choices:
(1.61206460502582e+110, [1039, 1039, 1039, 1039, 1039, 1039, 1039, 1039, 1039, 1039, 1039, 1039, 1039, 1039, 1039, 1039, 1039, 1039, 1043, 1044, 1045, 1047, 1049, 1051], 1049, 4071)
(1.61206460502644e+110, [1040, 1040, 1040, 1040, 1040, 1040, 1040, 1040, 1040, 1040, 1040, 1040, 1040, 1040, 1040, 1040, 1040, 1045, 1046, 1047, 1049, 1051], 1049, 4071)
(1.612064605026543e+110, [1040, 1040, 1040, 1040, 1040, 1040, 1040, 1040, 1040, 1040, 1040, 1040, 1040, 1040, 1040, 1040, 1040, 1042, 1044, 1045, 1047, 1049, 1051], 1049, 4071)
(1.612064605026596e+110, [1040, 1040, 1040, 1040, 1040, 1040, 1040, 1040, 1040, 1040, 1040, 1040, 1040, 1040, 1040, 1040, 1040, 1040, 1044, 1046, 1047, 1049, 1051], 1049, 4071)
(1.6120646050266244e+110, [1040, 1040, 1040, 1040, 1040, 1040, 1040, 1040, 1040, 1040, 1040, 1040, 1040, 1040, 1040, 1040, 1040, 1042, 1043, 1046, 1047, 1049, 1051], 1049, 4071)
end round with 11 suffixes


======== round 50 ========
todo suffixes: [[1046, 1047, 1048, 1051], [1045, 1047, 1048, 1051], [1044, 1047, 1048, 1051], [1043, 1047, 1048, 1051], [1046, 1048, 1051], [1045, 1048, 1051], [1047, 1051], [1046, 1051], [1050], [1049], [1047]]
cur_suffix:  [1046, 1047, 1048, 1051]
fisrt choice: (1.6120646050286373e+110, 1042, 18)
baseline:  (1.6120646050430035e+110, [1048, 1048, 1048, 1048, 1048, 1048, 1048, 1048, 1048, 1048, 1048, 1048, 1048, 1048, 1048, 1048, 1048], 1049, 4071)
best 5 choices:
(1.61206460502582e+110, [1039, 1039, 1039, 1039, 1039, 1039, 1039, 1039, 1039, 1039, 1039, 1039, 1039, 1039, 1039, 1039, 1039, 1039, 1043, 1044, 1045, 1047, 1049, 1051], 1049, 4071)
(1.61206460502644e+110, [1040, 1040, 1040, 1040, 1040, 1040, 1040, 1040, 1040, 1040, 1040, 1040, 1040, 1040, 1040, 1040, 1040, 1045, 1046, 1047, 1049, 1051], 1049, 4071)
(1.612064605026543e+110, [1040, 1040, 1040, 1040, 1040, 1040, 1040, 1040, 1040, 1040, 1040, 1040, 1040, 1040, 1040, 1040, 1040, 1042, 1044, 1045, 1047, 1049, 1051], 1049, 4071)
(1.612064605026596e+110, [1040, 1040, 1040, 1040, 1040, 1040, 1040, 1040, 1040, 1040, 1040, 1040, 1040, 1040, 1040, 1040, 1040, 1040, 1044, 1046, 1047, 1049, 1051], 1049, 4071)
(1.6120646050266244e+110, [1040, 1040, 1040, 1040, 1040, 1040, 1040, 1040, 1040, 1040, 1040, 1040, 1040, 1040, 1040, 1040, 1040, 1042, 1043, 1046, 1047, 1049, 1051], 1049, 4071)
end round with 14 suffixes


======== round 51 ========
todo suffixes: [[1045, 1046, 1047, 1048, 1051], [1044, 1046, 1047, 1048, 1051], [1043, 1046, 1047, 1048, 1051], [1042, 1046, 1047, 1048, 1051], [1045, 1047, 1048, 1051], [1044, 1047, 1048, 1051], [1043, 1047, 1048, 1051], [1046, 1048, 1051], [1045, 1048, 1051], [1047, 1051], [1046, 1051], [1050], [1049], [1047]]
cur_suffix:  [1045, 1046, 1047, 1048, 1051]
fisrt choice: (1.6120646050273894e+110, 1041, 17)
baseline:  (1.6120646050430035e+110, [1048, 1048, 1048, 1048, 1048, 1048, 1048, 1048, 1048, 1048, 1048, 1048, 1048, 1048, 1048, 1048, 1048], 1049, 4071)
best 5 choices:
(1.61206460502582e+110, [1039, 1039, 1039, 1039, 1039, 1039, 1039, 1039, 1039, 1039, 1039, 1039, 1039, 1039, 1039, 1039, 1039, 1039, 1043, 1044, 1045, 1047, 1049, 1051], 1049, 4071)
(1.61206460502644e+110, [1040, 1040, 1040, 1040, 1040, 1040, 1040, 1040, 1040, 1040, 1040, 1040, 1040, 1040, 1040, 1040, 1040, 1045, 1046, 1047, 1049, 1051], 1049, 4071)
(1.612064605026543e+110, [1040, 1040, 1040, 1040, 1040, 1040, 1040, 1040, 1040, 1040, 1040, 1040, 1040, 1040, 1040, 1040, 1040, 1042, 1044, 1045, 1047, 1049, 1051], 1049, 4071)
(1.612064605026596e+110, [1040, 1040, 1040, 1040, 1040, 1040, 1040, 1040, 1040, 1040, 1040, 1040, 1040, 1040, 1040, 1040, 1040, 1040, 1044, 1046, 1047, 1049, 1051], 1049, 4071)
(1.6120646050266244e+110, [1040, 1040, 1040, 1040, 1040, 1040, 1040, 1040, 1040, 1040, 1040, 1040, 1040, 1040, 1040, 1040, 1040, 1042, 1043, 1046, 1047, 1049, 1051], 1049, 4071)
end round with 17 suffixes


======== round 52 ========
todo suffixes: [[1044, 1045, 1046, 1047, 1048, 1051], [1043, 1045, 1046, 1047, 1048, 1051], [1042, 1045, 1046, 1047, 1048, 1051], [1041, 1045, 1046, 1047, 1048, 1051], [1044, 1046, 1047, 1048, 1051], [1043, 1046, 1047, 1048, 1051], [1042, 1046, 1047, 1048, 1051], [1045, 1047, 1048, 1051], [1044, 1047, 1048, 1051], [1043, 1047, 1048, 1051], [1046, 1048, 1051], [1045, 1048, 1051], [1047, 1051], [1046, 1051], [1050], [1049], [1047]]
cur_suffix:  [1044, 1045, 1046, 1047, 1048, 1051]
fisrt choice: (1.6120646050256753e+110, 1039, 17)
baseline:  (1.6120646050430035e+110, [1048, 1048, 1048, 1048, 1048, 1048, 1048, 1048, 1048, 1048, 1048, 1048, 1048, 1048, 1048, 1048, 1048], 1049, 4071)
best 5 choices:
(1.6120646050256753e+110, [1039, 1039, 1039, 1039, 1039, 1039, 1039, 1039, 1039, 1039, 1039, 1039, 1039, 1039, 1039, 1039, 1039, 1044, 1045, 1046, 1047, 1048, 1051], 1049, 4071)
(1.61206460502582e+110, [1039, 1039, 1039, 1039, 1039, 1039, 1039, 1039, 1039, 1039, 1039, 1039, 1039, 1039, 1039, 1039, 1039, 1039, 1043, 1044, 1045, 1047, 1049, 1051], 1049, 4071)
(1.61206460502644e+110, [1040, 1040, 1040, 1040, 1040, 1040, 1040, 1040, 1040, 1040, 1040, 1040, 1040, 1040, 1040, 1040, 1040, 1045, 1046, 1047, 1049, 1051], 1049, 4071)
(1.612064605026543e+110, [1040, 1040, 1040, 1040, 1040, 1040, 1040, 1040, 1040, 1040, 1040, 1040, 1040, 1040, 1040, 1040, 1040, 1042, 1044, 1045, 1047, 1049, 1051], 1049, 4071)
(1.612064605026596e+110, [1040, 1040, 1040, 1040, 1040, 1040, 1040, 1040, 1040, 1040, 1040, 1040, 1040, 1040, 1040, 1040, 1040, 1040, 1044, 1046, 1047, 1049, 1051], 1049, 4071)
end round with 16 suffixes


======== round 53 ========
todo suffixes: [[1043, 1045, 1046, 1047, 1048, 1051], [1042, 1045, 1046, 1047, 1048, 1051], [1041, 1045, 1046, 1047, 1048, 1051], [1044, 1046, 1047, 1048, 1051], [1043, 1046, 1047, 1048, 1051], [1042, 1046, 1047, 1048, 1051], [1045, 1047, 1048, 1051], [1044, 1047, 1048, 1051], [1043, 1047, 1048, 1051], [1046, 1048, 1051], [1045, 1048, 1051], [1047, 1051], [1046, 1051], [1050], [1049], [1047]]
cur_suffix:  [1043, 1045, 1046, 1047, 1048, 1051]
fisrt choice: (1.6120646050258014e+110, 1039, 18)
baseline:  (1.6120646050430035e+110, [1048, 1048, 1048, 1048, 1048, 1048, 1048, 1048, 1048, 1048, 1048, 1048, 1048, 1048, 1048, 1048, 1048], 1049, 4071)
best 5 choices:
(1.6120646050256753e+110, [1039, 1039, 1039, 1039, 1039, 1039, 1039, 1039, 1039, 1039, 1039, 1039, 1039, 1039, 1039, 1039, 1039, 1044, 1045, 1046, 1047, 1048, 1051], 1049, 4071)
(1.6120646050258014e+110, [1039, 1039, 1039, 1039, 1039, 1039, 1039, 1039, 1039, 1039, 1039, 1039, 1039, 1039, 1039, 1039, 1039, 1039, 1043, 1045, 1046, 1047, 1048, 1051], 1049, 4071)
(1.61206460502582e+110, [1039, 1039, 1039, 1039, 1039, 1039, 1039, 1039, 1039, 1039, 1039, 1039, 1039, 1039, 1039, 1039, 1039, 1039, 1043, 1044, 1045, 1047, 1049, 1051], 1049, 4071)
(1.61206460502644e+110, [1040, 1040, 1040, 1040, 1040, 1040, 1040, 1040, 1040, 1040, 1040, 1040, 1040, 1040, 1040, 1040, 1040, 1045, 1046, 1047, 1049, 1051], 1049, 4071)
(1.612064605026543e+110, [1040, 1040, 1040, 1040, 1040, 1040, 1040, 1040, 1040, 1040, 1040, 1040, 1040, 1040, 1040, 1040, 1040, 1042, 1044, 1045, 1047, 1049, 1051], 1049, 4071)
end round with 15 suffixes


======== round 54 ========
todo suffixes: [[1042, 1045, 1046, 1047, 1048, 1051], [1041, 1045, 1046, 1047, 1048, 1051], [1044, 1046, 1047, 1048, 1051], [1043, 1046, 1047, 1048, 1051], [1042, 1046, 1047, 1048, 1051], [1045, 1047, 1048, 1051], [1044, 1047, 1048, 1051], [1043, 1047, 1048, 1051], [1046, 1048, 1051], [1045, 1048, 1051], [1047, 1051], [1046, 1051], [1050], [1049], [1047]]
cur_suffix:  [1042, 1045, 1046, 1047, 1048, 1051]
fisrt choice: (1.6120646050265243e+110, 1040, 17)
baseline:  (1.6120646050430035e+110, [1048, 1048, 1048, 1048, 1048, 1048, 1048, 1048, 1048, 1048, 1048, 1048, 1048, 1048, 1048, 1048, 1048], 1049, 4071)
best 5 choices:
(1.6120646050256753e+110, [1039, 1039, 1039, 1039, 1039, 1039, 1039, 1039, 1039, 1039, 1039, 1039, 1039, 1039, 1039, 1039, 1039, 1044, 1045, 1046, 1047, 1048, 1051], 1049, 4071)
(1.6120646050258014e+110, [1039, 1039, 1039, 1039, 1039, 1039, 1039, 1039, 1039, 1039, 1039, 1039, 1039, 1039, 1039, 1039, 1039, 1039, 1043, 1045, 1046, 1047, 1048, 1051], 1049, 4071)
(1.61206460502582e+110, [1039, 1039, 1039, 1039, 1039, 1039, 1039, 1039, 1039, 1039, 1039, 1039, 1039, 1039, 1039, 1039, 1039, 1039, 1043, 1044, 1045, 1047, 1049, 1051], 1049, 4071)
(1.61206460502644e+110, [1040, 1040, 1040, 1040, 1040, 1040, 1040, 1040, 1040, 1040, 1040, 1040, 1040, 1040, 1040, 1040, 1040, 1045, 1046, 1047, 1049, 1051], 1049, 4071)
(1.6120646050265243e+110, [1040, 1040, 1040, 1040, 1040, 1040, 1040, 1040, 1040, 1040, 1040, 1040, 1040, 1040, 1040, 1040, 1040, 1042, 1045, 1046, 1047, 1048, 1051], 1049, 4071)
end round with 14 suffixes


======== round 55 ========
todo suffixes: [[1041, 1045, 1046, 1047, 1048, 1051], [1044, 1046, 1047, 1048, 1051], [1043, 1046, 1047, 1048, 1051], [1042, 1046, 1047, 1048, 1051], [1045, 1047, 1048, 1051], [1044, 1047, 1048, 1051], [1043, 1047, 1048, 1051], [1046, 1048, 1051], [1045, 1048, 1051], [1047, 1051], [1046, 1051], [1050], [1049], [1047]]
cur_suffix:  [1041, 1045, 1046, 1047, 1048, 1051]
fisrt choice: (1.6120646050264232e+110, 1040, 17)
baseline:  (1.6120646050430035e+110, [1048, 1048, 1048, 1048, 1048, 1048, 1048, 1048, 1048, 1048, 1048, 1048, 1048, 1048, 1048, 1048, 1048], 1049, 4071)
best 5 choices:
(1.6120646050256753e+110, [1039, 1039, 1039, 1039, 1039, 1039, 1039, 1039, 1039, 1039, 1039, 1039, 1039, 1039, 1039, 1039, 1039, 1044, 1045, 1046, 1047, 1048, 1051], 1049, 4071)
(1.6120646050258014e+110, [1039, 1039, 1039, 1039, 1039, 1039, 1039, 1039, 1039, 1039, 1039, 1039, 1039, 1039, 1039, 1039, 1039, 1039, 1043, 1045, 1046, 1047, 1048, 1051], 1049, 4071)
(1.61206460502582e+110, [1039, 1039, 1039, 1039, 1039, 1039, 1039, 1039, 1039, 1039, 1039, 1039, 1039, 1039, 1039, 1039, 1039, 1039, 1043, 1044, 1045, 1047, 1049, 1051], 1049, 4071)
(1.6120646050264232e+110, [1040, 1040, 1040, 1040, 1040, 1040, 1040, 1040, 1040, 1040, 1040, 1040, 1040, 1040, 1040, 1040, 1040, 1041, 1045, 1046, 1047, 1048, 1051], 1049, 4071)
(1.61206460502644e+110, [1040, 1040, 1040, 1040, 1040, 1040, 1040, 1040, 1040, 1040, 1040, 1040, 1040, 1040, 1040, 1040, 1040, 1045, 1046, 1047, 1049, 1051], 1049, 4071)
end round with 13 suffixes


======== round 56 ========
todo suffixes: [[1044, 1046, 1047, 1048, 1051], [1043, 1046, 1047, 1048, 1051], [1042, 1046, 1047, 1048, 1051], [1045, 1047, 1048, 1051], [1044, 1047, 1048, 1051], [1043, 1047, 1048, 1051], [1046, 1048, 1051], [1045, 1048, 1051], [1047, 1051], [1046, 1051], [1050], [1049], [1047]]
cur_suffix:  [1044, 1046, 1047, 1048, 1051]
fisrt choice: (1.6120646050276277e+110, 1041, 18)
baseline:  (1.6120646050430035e+110, [1048, 1048, 1048, 1048, 1048, 1048, 1048, 1048, 1048, 1048, 1048, 1048, 1048, 1048, 1048, 1048, 1048], 1049, 4071)
best 5 choices:
(1.6120646050256753e+110, [1039, 1039, 1039, 1039, 1039, 1039, 1039, 1039, 1039, 1039, 1039, 1039, 1039, 1039, 1039, 1039, 1039, 1044, 1045, 1046, 1047, 1048, 1051], 1049, 4071)
(1.6120646050258014e+110, [1039, 1039, 1039, 1039, 1039, 1039, 1039, 1039, 1039, 1039, 1039, 1039, 1039, 1039, 1039, 1039, 1039, 1039, 1043, 1045, 1046, 1047, 1048, 1051], 1049, 4071)
(1.61206460502582e+110, [1039, 1039, 1039, 1039, 1039, 1039, 1039, 1039, 1039, 1039, 1039, 1039, 1039, 1039, 1039, 1039, 1039, 1039, 1043, 1044, 1045, 1047, 1049, 1051], 1049, 4071)
(1.6120646050264232e+110, [1040, 1040, 1040, 1040, 1040, 1040, 1040, 1040, 1040, 1040, 1040, 1040, 1040, 1040, 1040, 1040, 1040, 1041, 1045, 1046, 1047, 1048, 1051], 1049, 4071)
(1.61206460502644e+110, [1040, 1040, 1040, 1040, 1040, 1040, 1040, 1040, 1040, 1040, 1040, 1040, 1040, 1040, 1040, 1040, 1040, 1045, 1046, 1047, 1049, 1051], 1049, 4071)
end round with 15 suffixes


======== round 57 ========
todo suffixes: [[1043, 1044, 1046, 1047, 1048, 1051], [1042, 1044, 1046, 1047, 1048, 1051], [1041, 1044, 1046, 1047, 1048, 1051], [1043, 1046, 1047, 1048, 1051], [1042, 1046, 1047, 1048, 1051], [1045, 1047, 1048, 1051], [1044, 1047, 1048, 1051], [1043, 1047, 1048, 1051], [1046, 1048, 1051], [1045, 1048, 1051], [1047, 1051], [1046, 1051], [1050], [1049], [1047]]
cur_suffix:  [1043, 1044, 1046, 1047, 1048, 1051]
fisrt choice: (1.6120646050264582e+110, 1040, 17)
baseline:  (1.6120646050430035e+110, [1048, 1048, 1048, 1048, 1048, 1048, 1048, 1048, 1048, 1048, 1048, 1048, 1048, 1048, 1048, 1048, 1048], 1049, 4071)
best 5 choices:
(1.6120646050256753e+110, [1039, 1039, 1039, 1039, 1039, 1039, 1039, 1039, 1039, 1039, 1039, 1039, 1039, 1039, 1039, 1039, 1039, 1044, 1045, 1046, 1047, 1048, 1051], 1049, 4071)
(1.6120646050258014e+110, [1039, 1039, 1039, 1039, 1039, 1039, 1039, 1039, 1039, 1039, 1039, 1039, 1039, 1039, 1039, 1039, 1039, 1039, 1043, 1045, 1046, 1047, 1048, 1051], 1049, 4071)
(1.61206460502582e+110, [1039, 1039, 1039, 1039, 1039, 1039, 1039, 1039, 1039, 1039, 1039, 1039, 1039, 1039, 1039, 1039, 1039, 1039, 1043, 1044, 1045, 1047, 1049, 1051], 1049, 4071)
(1.6120646050264232e+110, [1040, 1040, 1040, 1040, 1040, 1040, 1040, 1040, 1040, 1040, 1040, 1040, 1040, 1040, 1040, 1040, 1040, 1041, 1045, 1046, 1047, 1048, 1051], 1049, 4071)
(1.61206460502644e+110, [1040, 1040, 1040, 1040, 1040, 1040, 1040, 1040, 1040, 1040, 1040, 1040, 1040, 1040, 1040, 1040, 1040, 1045, 1046, 1047, 1049, 1051], 1049, 4071)
end round with 14 suffixes


======== round 58 ========
todo suffixes: [[1042, 1044, 1046, 1047, 1048, 1051], [1041, 1044, 1046, 1047, 1048, 1051], [1043, 1046, 1047, 1048, 1051], [1042, 1046, 1047, 1048, 1051], [1045, 1047, 1048, 1051], [1044, 1047, 1048, 1051], [1043, 1047, 1048, 1051], [1046, 1048, 1051], [1045, 1048, 1051], [1047, 1051], [1046, 1051], [1050], [1049], [1047]]
cur_suffix:  [1042, 1044, 1046, 1047, 1048, 1051]
fisrt choice: (1.6120646050266805e+110, 1040, 18)
baseline:  (1.6120646050430035e+110, [1048, 1048, 1048, 1048, 1048, 1048, 1048, 1048, 1048, 1048, 1048, 1048, 1048, 1048, 1048, 1048, 1048], 1049, 4071)
best 5 choices:
(1.6120646050256753e+110, [1039, 1039, 1039, 1039, 1039, 1039, 1039, 1039, 1039, 1039, 1039, 1039, 1039, 1039, 1039, 1039, 1039, 1044, 1045, 1046, 1047, 1048, 1051], 1049, 4071)
(1.6120646050258014e+110, [1039, 1039, 1039, 1039, 1039, 1039, 1039, 1039, 1039, 1039, 1039, 1039, 1039, 1039, 1039, 1039, 1039, 1039, 1043, 1045, 1046, 1047, 1048, 1051], 1049, 4071)
(1.61206460502582e+110, [1039, 1039, 1039, 1039, 1039, 1039, 1039, 1039, 1039, 1039, 1039, 1039, 1039, 1039, 1039, 1039, 1039, 1039, 1043, 1044, 1045, 1047, 1049, 1051], 1049, 4071)
(1.6120646050264232e+110, [1040, 1040, 1040, 1040, 1040, 1040, 1040, 1040, 1040, 1040, 1040, 1040, 1040, 1040, 1040, 1040, 1040, 1041, 1045, 1046, 1047, 1048, 1051], 1049, 4071)
(1.61206460502644e+110, [1040, 1040, 1040, 1040, 1040, 1040, 1040, 1040, 1040, 1040, 1040, 1040, 1040, 1040, 1040, 1040, 1040, 1045, 1046, 1047, 1049, 1051], 1049, 4071)
end round with 13 suffixes


======== round 59 ========
todo suffixes: [[1041, 1044, 1046, 1047, 1048, 1051], [1043, 1046, 1047, 1048, 1051], [1042, 1046, 1047, 1048, 1051], [1045, 1047, 1048, 1051], [1044, 1047, 1048, 1051], [1043, 1047, 1048, 1051], [1046, 1048, 1051], [1045, 1048, 1051], [1047, 1051], [1046, 1051], [1050], [1049], [1047]]
cur_suffix:  [1041, 1044, 1046, 1047, 1048, 1051]
fisrt choice: (1.6120646050269268e+110, 1040, 19)
baseline:  (1.6120646050430035e+110, [1048, 1048, 1048, 1048, 1048, 1048, 1048, 1048, 1048, 1048, 1048, 1048, 1048, 1048, 1048, 1048, 1048], 1049, 4071)
best 5 choices:
(1.6120646050256753e+110, [1039, 1039, 1039, 1039, 1039, 1039, 1039, 1039, 1039, 1039, 1039, 1039, 1039, 1039, 1039, 1039, 1039, 1044, 1045, 1046, 1047, 1048, 1051], 1049, 4071)
(1.6120646050258014e+110, [1039, 1039, 1039, 1039, 1039, 1039, 1039, 1039, 1039, 1039, 1039, 1039, 1039, 1039, 1039, 1039, 1039, 1039, 1043, 1045, 1046, 1047, 1048, 1051], 1049, 4071)
(1.61206460502582e+110, [1039, 1039, 1039, 1039, 1039, 1039, 1039, 1039, 1039, 1039, 1039, 1039, 1039, 1039, 1039, 1039, 1039, 1039, 1043, 1044, 1045, 1047, 1049, 1051], 1049, 4071)
(1.6120646050264232e+110, [1040, 1040, 1040, 1040, 1040, 1040, 1040, 1040, 1040, 1040, 1040, 1040, 1040, 1040, 1040, 1040, 1040, 1041, 1045, 1046, 1047, 1048, 1051], 1049, 4071)
(1.61206460502644e+110, [1040, 1040, 1040, 1040, 1040, 1040, 1040, 1040, 1040, 1040, 1040, 1040, 1040, 1040, 1040, 1040, 1040, 1045, 1046, 1047, 1049, 1051], 1049, 4071)
end round with 12 suffixes


======== round 60 ========
todo suffixes: [[1043, 1046, 1047, 1048, 1051], [1042, 1046, 1047, 1048, 1051], [1045, 1047, 1048, 1051], [1044, 1047, 1048, 1051], [1043, 1047, 1048, 1051], [1046, 1048, 1051], [1045, 1048, 1051], [1047, 1051], [1046, 1051], [1050], [1049], [1047]]
cur_suffix:  [1043, 1046, 1047, 1048, 1051]
fisrt choice: (1.6120646050282318e+110, 1042, 16)
baseline:  (1.6120646050430035e+110, [1048, 1048, 1048, 1048, 1048, 1048, 1048, 1048, 1048, 1048, 1048, 1048, 1048, 1048, 1048, 1048, 1048], 1049, 4071)
best 5 choices:
(1.6120646050256753e+110, [1039, 1039, 1039, 1039, 1039, 1039, 1039, 1039, 1039, 1039, 1039, 1039, 1039, 1039, 1039, 1039, 1039, 1044, 1045, 1046, 1047, 1048, 1051], 1049, 4071)
(1.6120646050258014e+110, [1039, 1039, 1039, 1039, 1039, 1039, 1039, 1039, 1039, 1039, 1039, 1039, 1039, 1039, 1039, 1039, 1039, 1039, 1043, 1045, 1046, 1047, 1048, 1051], 1049, 4071)
(1.61206460502582e+110, [1039, 1039, 1039, 1039, 1039, 1039, 1039, 1039, 1039, 1039, 1039, 1039, 1039, 1039, 1039, 1039, 1039, 1039, 1043, 1044, 1045, 1047, 1049, 1051], 1049, 4071)
(1.6120646050264232e+110, [1040, 1040, 1040, 1040, 1040, 1040, 1040, 1040, 1040, 1040, 1040, 1040, 1040, 1040, 1040, 1040, 1040, 1041, 1045, 1046, 1047, 1048, 1051], 1049, 4071)
(1.61206460502644e+110, [1040, 1040, 1040, 1040, 1040, 1040, 1040, 1040, 1040, 1040, 1040, 1040, 1040, 1040, 1040, 1040, 1040, 1045, 1046, 1047, 1049, 1051], 1049, 4071)
end round with 12 suffixes


======== round 61 ========
todo suffixes: [[1042, 1043, 1046, 1047, 1048, 1051], [1042, 1046, 1047, 1048, 1051], [1045, 1047, 1048, 1051], [1044, 1047, 1048, 1051], [1043, 1047, 1048, 1051], [1046, 1048, 1051], [1045, 1048, 1051], [1047, 1051], [1046, 1051], [1050], [1049], [1047]]
cur_suffix:  [1042, 1043, 1046, 1047, 1048, 1051]
fisrt choice: (1.612064605027574e+110, 1041, 17)
baseline:  (1.6120646050430035e+110, [1048, 1048, 1048, 1048, 1048, 1048, 1048, 1048, 1048, 1048, 1048, 1048, 1048, 1048, 1048, 1048, 1048], 1049, 4071)
best 5 choices:
(1.6120646050256753e+110, [1039, 1039, 1039, 1039, 1039, 1039, 1039, 1039, 1039, 1039, 1039, 1039, 1039, 1039, 1039, 1039, 1039, 1044, 1045, 1046, 1047, 1048, 1051], 1049, 4071)
(1.6120646050258014e+110, [1039, 1039, 1039, 1039, 1039, 1039, 1039, 1039, 1039, 1039, 1039, 1039, 1039, 1039, 1039, 1039, 1039, 1039, 1043, 1045, 1046, 1047, 1048, 1051], 1049, 4071)
(1.61206460502582e+110, [1039, 1039, 1039, 1039, 1039, 1039, 1039, 1039, 1039, 1039, 1039, 1039, 1039, 1039, 1039, 1039, 1039, 1039, 1043, 1044, 1045, 1047, 1049, 1051], 1049, 4071)
(1.6120646050264232e+110, [1040, 1040, 1040, 1040, 1040, 1040, 1040, 1040, 1040, 1040, 1040, 1040, 1040, 1040, 1040, 1040, 1040, 1041, 1045, 1046, 1047, 1048, 1051], 1049, 4071)
(1.61206460502644e+110, [1040, 1040, 1040, 1040, 1040, 1040, 1040, 1040, 1040, 1040, 1040, 1040, 1040, 1040, 1040, 1040, 1040, 1045, 1046, 1047, 1049, 1051], 1049, 4071)
end round with 12 suffixes


======== round 62 ========
todo suffixes: [[1041, 1042, 1043, 1046, 1047, 1048, 1051], [1042, 1046, 1047, 1048, 1051], [1045, 1047, 1048, 1051], [1044, 1047, 1048, 1051], [1043, 1047, 1048, 1051], [1046, 1048, 1051], [1045, 1048, 1051], [1047, 1051], [1046, 1051], [1050], [1049], [1047]]
cur_suffix:  [1041, 1042, 1043, 1046, 1047, 1048, 1051]
fisrt choice: (1.6120646050269552e+110, 1040, 18)
baseline:  (1.6120646050430035e+110, [1048, 1048, 1048, 1048, 1048, 1048, 1048, 1048, 1048, 1048, 1048, 1048, 1048, 1048, 1048, 1048, 1048], 1049, 4071)
best 5 choices:
(1.6120646050256753e+110, [1039, 1039, 1039, 1039, 1039, 1039, 1039, 1039, 1039, 1039, 1039, 1039, 1039, 1039, 1039, 1039, 1039, 1044, 1045, 1046, 1047, 1048, 1051], 1049, 4071)
(1.6120646050258014e+110, [1039, 1039, 1039, 1039, 1039, 1039, 1039, 1039, 1039, 1039, 1039, 1039, 1039, 1039, 1039, 1039, 1039, 1039, 1043, 1045, 1046, 1047, 1048, 1051], 1049, 4071)
(1.61206460502582e+110, [1039, 1039, 1039, 1039, 1039, 1039, 1039, 1039, 1039, 1039, 1039, 1039, 1039, 1039, 1039, 1039, 1039, 1039, 1043, 1044, 1045, 1047, 1049, 1051], 1049, 4071)
(1.6120646050264232e+110, [1040, 1040, 1040, 1040, 1040, 1040, 1040, 1040, 1040, 1040, 1040, 1040, 1040, 1040, 1040, 1040, 1040, 1041, 1045, 1046, 1047, 1048, 1051], 1049, 4071)
(1.61206460502644e+110, [1040, 1040, 1040, 1040, 1040, 1040, 1040, 1040, 1040, 1040, 1040, 1040, 1040, 1040, 1040, 1040, 1040, 1045, 1046, 1047, 1049, 1051], 1049, 4071)
end round with 11 suffixes


======== round 63 ========
todo suffixes: [[1042, 1046, 1047, 1048, 1051], [1045, 1047, 1048, 1051], [1044, 1047, 1048, 1051], [1043, 1047, 1048, 1051], [1046, 1048, 1051], [1045, 1048, 1051], [1047, 1051], [1046, 1051], [1050], [1049], [1047]]
cur_suffix:  [1042, 1046, 1047, 1048, 1051]
fisrt choice: (-1, -1, -1)
baseline:  (1.6120646050430035e+110, [1048, 1048, 1048, 1048, 1048, 1048, 1048, 1048, 1048, 1048, 1048, 1048, 1048, 1048, 1048, 1048, 1048], 1049, 4071)
the strategy is infeasible, continue


======== round 64 ========
todo suffixes: [[1045, 1047, 1048, 1051], [1044, 1047, 1048, 1051], [1043, 1047, 1048, 1051], [1046, 1048, 1051], [1045, 1048, 1051], [1047, 1051], [1046, 1051], [1050], [1049], [1047]]
cur_suffix:  [1045, 1047, 1048, 1051]
fisrt choice: (1.6120646050289316e+110, 1042, 19)
baseline:  (1.6120646050430035e+110, [1048, 1048, 1048, 1048, 1048, 1048, 1048, 1048, 1048, 1048, 1048, 1048, 1048, 1048, 1048, 1048, 1048], 1049, 4071)
best 5 choices:
(1.6120646050256753e+110, [1039, 1039, 1039, 1039, 1039, 1039, 1039, 1039, 1039, 1039, 1039, 1039, 1039, 1039, 1039, 1039, 1039, 1044, 1045, 1046, 1047, 1048, 1051], 1049, 4071)
(1.6120646050258014e+110, [1039, 1039, 1039, 1039, 1039, 1039, 1039, 1039, 1039, 1039, 1039, 1039, 1039, 1039, 1039, 1039, 1039, 1039, 1043, 1045, 1046, 1047, 1048, 1051], 1049, 4071)
(1.61206460502582e+110, [1039, 1039, 1039, 1039, 1039, 1039, 1039, 1039, 1039, 1039, 1039, 1039, 1039, 1039, 1039, 1039, 1039, 1039, 1043, 1044, 1045, 1047, 1049, 1051], 1049, 4071)
(1.6120646050264232e+110, [1040, 1040, 1040, 1040, 1040, 1040, 1040, 1040, 1040, 1040, 1040, 1040, 1040, 1040, 1040, 1040, 1040, 1041, 1045, 1046, 1047, 1048, 1051], 1049, 4071)
(1.61206460502644e+110, [1040, 1040, 1040, 1040, 1040, 1040, 1040, 1040, 1040, 1040, 1040, 1040, 1040, 1040, 1040, 1040, 1040, 1045, 1046, 1047, 1049, 1051], 1049, 4071)
end round with 12 suffixes


======== round 65 ========
todo suffixes: [[1044, 1045, 1047, 1048, 1051], [1043, 1045, 1047, 1048, 1051], [1042, 1045, 1047, 1048, 1051], [1044, 1047, 1048, 1051], [1043, 1047, 1048, 1051], [1046, 1048, 1051], [1045, 1048, 1051], [1047, 1051], [1046, 1051], [1050], [1049], [1047]]
cur_suffix:  [1044, 1045, 1047, 1048, 1051]
fisrt choice: (1.612064605028681e+110, 1042, 17)
baseline:  (1.6120646050430035e+110, [1048, 1048, 1048, 1048, 1048, 1048, 1048, 1048, 1048, 1048, 1048, 1048, 1048, 1048, 1048, 1048, 1048], 1049, 4071)
best 5 choices:
(1.6120646050256753e+110, [1039, 1039, 1039, 1039, 1039, 1039, 1039, 1039, 1039, 1039, 1039, 1039, 1039, 1039, 1039, 1039, 1039, 1044, 1045, 1046, 1047, 1048, 1051], 1049, 4071)
(1.6120646050258014e+110, [1039, 1039, 1039, 1039, 1039, 1039, 1039, 1039, 1039, 1039, 1039, 1039, 1039, 1039, 1039, 1039, 1039, 1039, 1043, 1045, 1046, 1047, 1048, 1051], 1049, 4071)
(1.61206460502582e+110, [1039, 1039, 1039, 1039, 1039, 1039, 1039, 1039, 1039, 1039, 1039, 1039, 1039, 1039, 1039, 1039, 1039, 1039, 1043, 1044, 1045, 1047, 1049, 1051], 1049, 4071)
(1.6120646050264232e+110, [1040, 1040, 1040, 1040, 1040, 1040, 1040, 1040, 1040, 1040, 1040, 1040, 1040, 1040, 1040, 1040, 1040, 1041, 1045, 1046, 1047, 1048, 1051], 1049, 4071)
(1.61206460502644e+110, [1040, 1040, 1040, 1040, 1040, 1040, 1040, 1040, 1040, 1040, 1040, 1040, 1040, 1040, 1040, 1040, 1040, 1045, 1046, 1047, 1049, 1051], 1049, 4071)
end round with 13 suffixes


======== round 66 ========
todo suffixes: [[1043, 1044, 1045, 1047, 1048, 1051], [1042, 1044, 1045, 1047, 1048, 1051], [1043, 1045, 1047, 1048, 1051], [1042, 1045, 1047, 1048, 1051], [1044, 1047, 1048, 1051], [1043, 1047, 1048, 1051], [1046, 1048, 1051], [1045, 1048, 1051], [1047, 1051], [1046, 1051], [1050], [1049], [1047]]
cur_suffix:  [1043, 1044, 1045, 1047, 1048, 1051]
fisrt choice: (1.6120646050269168e+110, 1040, 19)
baseline:  (1.6120646050430035e+110, [1048, 1048, 1048, 1048, 1048, 1048, 1048, 1048, 1048, 1048, 1048, 1048, 1048, 1048, 1048, 1048, 1048], 1049, 4071)
best 5 choices:
(1.6120646050256753e+110, [1039, 1039, 1039, 1039, 1039, 1039, 1039, 1039, 1039, 1039, 1039, 1039, 1039, 1039, 1039, 1039, 1039, 1044, 1045, 1046, 1047, 1048, 1051], 1049, 4071)
(1.6120646050258014e+110, [1039, 1039, 1039, 1039, 1039, 1039, 1039, 1039, 1039, 1039, 1039, 1039, 1039, 1039, 1039, 1039, 1039, 1039, 1043, 1045, 1046, 1047, 1048, 1051], 1049, 4071)
(1.61206460502582e+110, [1039, 1039, 1039, 1039, 1039, 1039, 1039, 1039, 1039, 1039, 1039, 1039, 1039, 1039, 1039, 1039, 1039, 1039, 1043, 1044, 1045, 1047, 1049, 1051], 1049, 4071)
(1.6120646050264232e+110, [1040, 1040, 1040, 1040, 1040, 1040, 1040, 1040, 1040, 1040, 1040, 1040, 1040, 1040, 1040, 1040, 1040, 1041, 1045, 1046, 1047, 1048, 1051], 1049, 4071)
(1.61206460502644e+110, [1040, 1040, 1040, 1040, 1040, 1040, 1040, 1040, 1040, 1040, 1040, 1040, 1040, 1040, 1040, 1040, 1040, 1045, 1046, 1047, 1049, 1051], 1049, 4071)
end round with 12 suffixes


======== round 67 ========
todo suffixes: [[1042, 1044, 1045, 1047, 1048, 1051], [1043, 1045, 1047, 1048, 1051], [1042, 1045, 1047, 1048, 1051], [1044, 1047, 1048, 1051], [1043, 1047, 1048, 1051], [1046, 1048, 1051], [1045, 1048, 1051], [1047, 1051], [1046, 1051], [1050], [1049], [1047]]
cur_suffix:  [1042, 1044, 1045, 1047, 1048, 1051]
fisrt choice: (1.6120646050274925e+110, 1041, 17)
baseline:  (1.6120646050430035e+110, [1048, 1048, 1048, 1048, 1048, 1048, 1048, 1048, 1048, 1048, 1048, 1048, 1048, 1048, 1048, 1048, 1048], 1049, 4071)
best 5 choices:
(1.6120646050256753e+110, [1039, 1039, 1039, 1039, 1039, 1039, 1039, 1039, 1039, 1039, 1039, 1039, 1039, 1039, 1039, 1039, 1039, 1044, 1045, 1046, 1047, 1048, 1051], 1049, 4071)
(1.6120646050258014e+110, [1039, 1039, 1039, 1039, 1039, 1039, 1039, 1039, 1039, 1039, 1039, 1039, 1039, 1039, 1039, 1039, 1039, 1039, 1043, 1045, 1046, 1047, 1048, 1051], 1049, 4071)
(1.61206460502582e+110, [1039, 1039, 1039, 1039, 1039, 1039, 1039, 1039, 1039, 1039, 1039, 1039, 1039, 1039, 1039, 1039, 1039, 1039, 1043, 1044, 1045, 1047, 1049, 1051], 1049, 4071)
(1.6120646050264232e+110, [1040, 1040, 1040, 1040, 1040, 1040, 1040, 1040, 1040, 1040, 1040, 1040, 1040, 1040, 1040, 1040, 1040, 1041, 1045, 1046, 1047, 1048, 1051], 1049, 4071)
(1.61206460502644e+110, [1040, 1040, 1040, 1040, 1040, 1040, 1040, 1040, 1040, 1040, 1040, 1040, 1040, 1040, 1040, 1040, 1040, 1045, 1046, 1047, 1049, 1051], 1049, 4071)
end round with 12 suffixes


======== round 68 ========
todo suffixes: [[1041, 1042, 1044, 1045, 1047, 1048, 1051], [1043, 1045, 1047, 1048, 1051], [1042, 1045, 1047, 1048, 1051], [1044, 1047, 1048, 1051], [1043, 1047, 1048, 1051], [1046, 1048, 1051], [1045, 1048, 1051], [1047, 1051], [1046, 1051], [1050], [1049], [1047]]
cur_suffix:  [1041, 1042, 1044, 1045, 1047, 1048, 1051]
fisrt choice: (1.6120646050268738e+110, 1040, 18)
baseline:  (1.6120646050430035e+110, [1048, 1048, 1048, 1048, 1048, 1048, 1048, 1048, 1048, 1048, 1048, 1048, 1048, 1048, 1048, 1048, 1048], 1049, 4071)
best 5 choices:
(1.6120646050256753e+110, [1039, 1039, 1039, 1039, 1039, 1039, 1039, 1039, 1039, 1039, 1039, 1039, 1039, 1039, 1039, 1039, 1039, 1044, 1045, 1046, 1047, 1048, 1051], 1049, 4071)
(1.6120646050258014e+110, [1039, 1039, 1039, 1039, 1039, 1039, 1039, 1039, 1039, 1039, 1039, 1039, 1039, 1039, 1039, 1039, 1039, 1039, 1043, 1045, 1046, 1047, 1048, 1051], 1049, 4071)
(1.61206460502582e+110, [1039, 1039, 1039, 1039, 1039, 1039, 1039, 1039, 1039, 1039, 1039, 1039, 1039, 1039, 1039, 1039, 1039, 1039, 1043, 1044, 1045, 1047, 1049, 1051], 1049, 4071)
(1.6120646050264232e+110, [1040, 1040, 1040, 1040, 1040, 1040, 1040, 1040, 1040, 1040, 1040, 1040, 1040, 1040, 1040, 1040, 1040, 1041, 1045, 1046, 1047, 1048, 1051], 1049, 4071)
(1.61206460502644e+110, [1040, 1040, 1040, 1040, 1040, 1040, 1040, 1040, 1040, 1040, 1040, 1040, 1040, 1040, 1040, 1040, 1040, 1045, 1046, 1047, 1049, 1051], 1049, 4071)
end round with 11 suffixes


======== round 69 ========
todo suffixes: [[1043, 1045, 1047, 1048, 1051], [1042, 1045, 1047, 1048, 1051], [1044, 1047, 1048, 1051], [1043, 1047, 1048, 1051], [1046, 1048, 1051], [1045, 1048, 1051], [1047, 1051], [1046, 1051], [1050], [1049], [1047]]
cur_suffix:  [1043, 1045, 1047, 1048, 1051]
fisrt choice: (1.612064605028526e+110, 1042, 17)
baseline:  (1.6120646050430035e+110, [1048, 1048, 1048, 1048, 1048, 1048, 1048, 1048, 1048, 1048, 1048, 1048, 1048, 1048, 1048, 1048, 1048], 1049, 4071)
best 5 choices:
(1.6120646050256753e+110, [1039, 1039, 1039, 1039, 1039, 1039, 1039, 1039, 1039, 1039, 1039, 1039, 1039, 1039, 1039, 1039, 1039, 1044, 1045, 1046, 1047, 1048, 1051], 1049, 4071)
(1.6120646050258014e+110, [1039, 1039, 1039, 1039, 1039, 1039, 1039, 1039, 1039, 1039, 1039, 1039, 1039, 1039, 1039, 1039, 1039, 1039, 1043, 1045, 1046, 1047, 1048, 1051], 1049, 4071)
(1.61206460502582e+110, [1039, 1039, 1039, 1039, 1039, 1039, 1039, 1039, 1039, 1039, 1039, 1039, 1039, 1039, 1039, 1039, 1039, 1039, 1043, 1044, 1045, 1047, 1049, 1051], 1049, 4071)
(1.6120646050264232e+110, [1040, 1040, 1040, 1040, 1040, 1040, 1040, 1040, 1040, 1040, 1040, 1040, 1040, 1040, 1040, 1040, 1040, 1041, 1045, 1046, 1047, 1048, 1051], 1049, 4071)
(1.61206460502644e+110, [1040, 1040, 1040, 1040, 1040, 1040, 1040, 1040, 1040, 1040, 1040, 1040, 1040, 1040, 1040, 1040, 1040, 1045, 1046, 1047, 1049, 1051], 1049, 4071)
end round with 11 suffixes


======== round 70 ========
todo suffixes: [[1042, 1043, 1045, 1047, 1048, 1051], [1042, 1045, 1047, 1048, 1051], [1044, 1047, 1048, 1051], [1043, 1047, 1048, 1051], [1046, 1048, 1051], [1045, 1048, 1051], [1047, 1051], [1046, 1051], [1050], [1049], [1047]]
cur_suffix:  [1042, 1043, 1045, 1047, 1048, 1051]
fisrt choice: (1.6120646050277672e+110, 1041, 18)
baseline:  (1.6120646050430035e+110, [1048, 1048, 1048, 1048, 1048, 1048, 1048, 1048, 1048, 1048, 1048, 1048, 1048, 1048, 1048, 1048, 1048], 1049, 4071)
best 5 choices:
(1.6120646050256753e+110, [1039, 1039, 1039, 1039, 1039, 1039, 1039, 1039, 1039, 1039, 1039, 1039, 1039, 1039, 1039, 1039, 1039, 1044, 1045, 1046, 1047, 1048, 1051], 1049, 4071)
(1.6120646050258014e+110, [1039, 1039, 1039, 1039, 1039, 1039, 1039, 1039, 1039, 1039, 1039, 1039, 1039, 1039, 1039, 1039, 1039, 1039, 1043, 1045, 1046, 1047, 1048, 1051], 1049, 4071)
(1.61206460502582e+110, [1039, 1039, 1039, 1039, 1039, 1039, 1039, 1039, 1039, 1039, 1039, 1039, 1039, 1039, 1039, 1039, 1039, 1039, 1043, 1044, 1045, 1047, 1049, 1051], 1049, 4071)
(1.6120646050264232e+110, [1040, 1040, 1040, 1040, 1040, 1040, 1040, 1040, 1040, 1040, 1040, 1040, 1040, 1040, 1040, 1040, 1040, 1041, 1045, 1046, 1047, 1048, 1051], 1049, 4071)
(1.61206460502644e+110, [1040, 1040, 1040, 1040, 1040, 1040, 1040, 1040, 1040, 1040, 1040, 1040, 1040, 1040, 1040, 1040, 1040, 1045, 1046, 1047, 1049, 1051], 1049, 4071)
end round with 11 suffixes


======== round 71 ========
todo suffixes: [[1041, 1042, 1043, 1045, 1047, 1048, 1051], [1042, 1045, 1047, 1048, 1051], [1044, 1047, 1048, 1051], [1043, 1047, 1048, 1051], [1046, 1048, 1051], [1045, 1048, 1051], [1047, 1051], [1046, 1051], [1050], [1049], [1047]]
cur_suffix:  [1041, 1042, 1043, 1045, 1047, 1048, 1051]
fisrt choice: (-1, -1, -1)
baseline:  (1.6120646050430035e+110, [1048, 1048, 1048, 1048, 1048, 1048, 1048, 1048, 1048, 1048, 1048, 1048, 1048, 1048, 1048, 1048, 1048], 1049, 4071)
the strategy is infeasible, continue


======== round 72 ========
todo suffixes: [[1042, 1045, 1047, 1048, 1051], [1044, 1047, 1048, 1051], [1043, 1047, 1048, 1051], [1046, 1048, 1051], [1045, 1048, 1051], [1047, 1051], [1046, 1051], [1050], [1049], [1047]]
cur_suffix:  [1042, 1045, 1047, 1048, 1051]
fisrt choice: (-1, -1, -1)
baseline:  (1.6120646050430035e+110, [1048, 1048, 1048, 1048, 1048, 1048, 1048, 1048, 1048, 1048, 1048, 1048, 1048, 1048, 1048, 1048, 1048], 1049, 4071)
the strategy is infeasible, continue


======== round 73 ========
todo suffixes: [[1044, 1047, 1048, 1051], [1043, 1047, 1048, 1051], [1046, 1048, 1051], [1045, 1048, 1051], [1047, 1051], [1046, 1051], [1050], [1049], [1047]]
cur_suffix:  [1044, 1047, 1048, 1051]
fisrt choice: (1.6120646050298067e+110, 1043, 17)
baseline:  (1.6120646050430035e+110, [1048, 1048, 1048, 1048, 1048, 1048, 1048, 1048, 1048, 1048, 1048, 1048, 1048, 1048, 1048, 1048, 1048], 1049, 4071)
best 5 choices:
(1.6120646050256753e+110, [1039, 1039, 1039, 1039, 1039, 1039, 1039, 1039, 1039, 1039, 1039, 1039, 1039, 1039, 1039, 1039, 1039, 1044, 1045, 1046, 1047, 1048, 1051], 1049, 4071)
(1.6120646050258014e+110, [1039, 1039, 1039, 1039, 1039, 1039, 1039, 1039, 1039, 1039, 1039, 1039, 1039, 1039, 1039, 1039, 1039, 1039, 1043, 1045, 1046, 1047, 1048, 1051], 1049, 4071)
(1.61206460502582e+110, [1039, 1039, 1039, 1039, 1039, 1039, 1039, 1039, 1039, 1039, 1039, 1039, 1039, 1039, 1039, 1039, 1039, 1039, 1043, 1044, 1045, 1047, 1049, 1051], 1049, 4071)
(1.6120646050264232e+110, [1040, 1040, 1040, 1040, 1040, 1040, 1040, 1040, 1040, 1040, 1040, 1040, 1040, 1040, 1040, 1040, 1040, 1041, 1045, 1046, 1047, 1048, 1051], 1049, 4071)
(1.61206460502644e+110, [1040, 1040, 1040, 1040, 1040, 1040, 1040, 1040, 1040, 1040, 1040, 1040, 1040, 1040, 1040, 1040, 1040, 1045, 1046, 1047, 1049, 1051], 1049, 4071)
end round with 9 suffixes


======== round 74 ========
todo suffixes: [[1043, 1044, 1047, 1048, 1051], [1043, 1047, 1048, 1051], [1046, 1048, 1051], [1045, 1048, 1051], [1047, 1051], [1046, 1051], [1050], [1049], [1047]]
cur_suffix:  [1043, 1044, 1047, 1048, 1051]
fisrt choice: (1.6120646050293962e+110, 1042, 19)
baseline:  (1.6120646050430035e+110, [1048, 1048, 1048, 1048, 1048, 1048, 1048, 1048, 1048, 1048, 1048, 1048, 1048, 1048, 1048, 1048, 1048], 1049, 4071)
best 5 choices:
(1.6120646050256753e+110, [1039, 1039, 1039, 1039, 1039, 1039, 1039, 1039, 1039, 1039, 1039, 1039, 1039, 1039, 1039, 1039, 1039, 1044, 1045, 1046, 1047, 1048, 1051], 1049, 4071)
(1.6120646050258014e+110, [1039, 1039, 1039, 1039, 1039, 1039, 1039, 1039, 1039, 1039, 1039, 1039, 1039, 1039, 1039, 1039, 1039, 1039, 1043, 1045, 1046, 1047, 1048, 1051], 1049, 4071)
(1.61206460502582e+110, [1039, 1039, 1039, 1039, 1039, 1039, 1039, 1039, 1039, 1039, 1039, 1039, 1039, 1039, 1039, 1039, 1039, 1039, 1043, 1044, 1045, 1047, 1049, 1051], 1049, 4071)
(1.6120646050264232e+110, [1040, 1040, 1040, 1040, 1040, 1040, 1040, 1040, 1040, 1040, 1040, 1040, 1040, 1040, 1040, 1040, 1040, 1041, 1045, 1046, 1047, 1048, 1051], 1049, 4071)
(1.61206460502644e+110, [1040, 1040, 1040, 1040, 1040, 1040, 1040, 1040, 1040, 1040, 1040, 1040, 1040, 1040, 1040, 1040, 1040, 1045, 1046, 1047, 1049, 1051], 1049, 4071)
end round with 9 suffixes


======== round 75 ========
todo suffixes: [[1042, 1043, 1044, 1047, 1048, 1051], [1043, 1047, 1048, 1051], [1046, 1048, 1051], [1045, 1048, 1051], [1047, 1051], [1046, 1051], [1050], [1049], [1047]]
cur_suffix:  [1042, 1043, 1044, 1047, 1048, 1051]
fisrt choice: (-1, -1, -1)
baseline:  (1.6120646050430035e+110, [1048, 1048, 1048, 1048, 1048, 1048, 1048, 1048, 1048, 1048, 1048, 1048, 1048, 1048, 1048, 1048, 1048], 1049, 4071)
the strategy is infeasible, continue


======== round 76 ========
todo suffixes: [[1043, 1047, 1048, 1051], [1046, 1048, 1051], [1045, 1048, 1051], [1047, 1051], [1046, 1051], [1050], [1049], [1047]]
cur_suffix:  [1043, 1047, 1048, 1051]
fisrt choice: (-1, -1, -1)
baseline:  (1.6120646050430035e+110, [1048, 1048, 1048, 1048, 1048, 1048, 1048, 1048, 1048, 1048, 1048, 1048, 1048, 1048, 1048, 1048, 1048], 1049, 4071)
the strategy is infeasible, continue


======== round 77 ========
todo suffixes: [[1046, 1048, 1051], [1045, 1048, 1051], [1047, 1051], [1046, 1051], [1050], [1049], [1047]]
cur_suffix:  [1046, 1048, 1051]
fisrt choice: (1.6120646050313366e+110, 1044, 17)
baseline:  (1.6120646050430035e+110, [1048, 1048, 1048, 1048, 1048, 1048, 1048, 1048, 1048, 1048, 1048, 1048, 1048, 1048, 1048, 1048, 1048], 1049, 4071)
best 5 choices:
(1.6120646050256753e+110, [1039, 1039, 1039, 1039, 1039, 1039, 1039, 1039, 1039, 1039, 1039, 1039, 1039, 1039, 1039, 1039, 1039, 1044, 1045, 1046, 1047, 1048, 1051], 1049, 4071)
(1.6120646050258014e+110, [1039, 1039, 1039, 1039, 1039, 1039, 1039, 1039, 1039, 1039, 1039, 1039, 1039, 1039, 1039, 1039, 1039, 1039, 1043, 1045, 1046, 1047, 1048, 1051], 1049, 4071)
(1.61206460502582e+110, [1039, 1039, 1039, 1039, 1039, 1039, 1039, 1039, 1039, 1039, 1039, 1039, 1039, 1039, 1039, 1039, 1039, 1039, 1043, 1044, 1045, 1047, 1049, 1051], 1049, 4071)
(1.6120646050264232e+110, [1040, 1040, 1040, 1040, 1040, 1040, 1040, 1040, 1040, 1040, 1040, 1040, 1040, 1040, 1040, 1040, 1040, 1041, 1045, 1046, 1047, 1048, 1051], 1049, 4071)
(1.61206460502644e+110, [1040, 1040, 1040, 1040, 1040, 1040, 1040, 1040, 1040, 1040, 1040, 1040, 1040, 1040, 1040, 1040, 1040, 1045, 1046, 1047, 1049, 1051], 1049, 4071)
end round with 8 suffixes


======== round 78 ========
todo suffixes: [[1045, 1046, 1048, 1051], [1044, 1046, 1048, 1051], [1045, 1048, 1051], [1047, 1051], [1046, 1051], [1050], [1049], [1047]]
cur_suffix:  [1045, 1046, 1048, 1051]
fisrt choice: (1.6120646050303618e+110, 1043, 18)
baseline:  (1.6120646050430035e+110, [1048, 1048, 1048, 1048, 1048, 1048, 1048, 1048, 1048, 1048, 1048, 1048, 1048, 1048, 1048, 1048, 1048], 1049, 4071)
best 5 choices:
(1.6120646050256753e+110, [1039, 1039, 1039, 1039, 1039, 1039, 1039, 1039, 1039, 1039, 1039, 1039, 1039, 1039, 1039, 1039, 1039, 1044, 1045, 1046, 1047, 1048, 1051], 1049, 4071)
(1.6120646050258014e+110, [1039, 1039, 1039, 1039, 1039, 1039, 1039, 1039, 1039, 1039, 1039, 1039, 1039, 1039, 1039, 1039, 1039, 1039, 1043, 1045, 1046, 1047, 1048, 1051], 1049, 4071)
(1.61206460502582e+110, [1039, 1039, 1039, 1039, 1039, 1039, 1039, 1039, 1039, 1039, 1039, 1039, 1039, 1039, 1039, 1039, 1039, 1039, 1043, 1044, 1045, 1047, 1049, 1051], 1049, 4071)
(1.6120646050264232e+110, [1040, 1040, 1040, 1040, 1040, 1040, 1040, 1040, 1040, 1040, 1040, 1040, 1040, 1040, 1040, 1040, 1040, 1041, 1045, 1046, 1047, 1048, 1051], 1049, 4071)
(1.61206460502644e+110, [1040, 1040, 1040, 1040, 1040, 1040, 1040, 1040, 1040, 1040, 1040, 1040, 1040, 1040, 1040, 1040, 1040, 1045, 1046, 1047, 1049, 1051], 1049, 4071)
end round with 9 suffixes


======== round 79 ========
todo suffixes: [[1044, 1045, 1046, 1048, 1051], [1043, 1045, 1046, 1048, 1051], [1044, 1046, 1048, 1051], [1045, 1048, 1051], [1047, 1051], [1046, 1051], [1050], [1049], [1047]]
cur_suffix:  [1044, 1045, 1046, 1048, 1051]
fisrt choice: (1.6120646050289196e+110, 1042, 18)
baseline:  (1.6120646050430035e+110, [1048, 1048, 1048, 1048, 1048, 1048, 1048, 1048, 1048, 1048, 1048, 1048, 1048, 1048, 1048, 1048, 1048], 1049, 4071)
best 5 choices:
(1.6120646050256753e+110, [1039, 1039, 1039, 1039, 1039, 1039, 1039, 1039, 1039, 1039, 1039, 1039, 1039, 1039, 1039, 1039, 1039, 1044, 1045, 1046, 1047, 1048, 1051], 1049, 4071)
(1.6120646050258014e+110, [1039, 1039, 1039, 1039, 1039, 1039, 1039, 1039, 1039, 1039, 1039, 1039, 1039, 1039, 1039, 1039, 1039, 1039, 1043, 1045, 1046, 1047, 1048, 1051], 1049, 4071)
(1.61206460502582e+110, [1039, 1039, 1039, 1039, 1039, 1039, 1039, 1039, 1039, 1039, 1039, 1039, 1039, 1039, 1039, 1039, 1039, 1039, 1043, 1044, 1045, 1047, 1049, 1051], 1049, 4071)
(1.6120646050264232e+110, [1040, 1040, 1040, 1040, 1040, 1040, 1040, 1040, 1040, 1040, 1040, 1040, 1040, 1040, 1040, 1040, 1040, 1041, 1045, 1046, 1047, 1048, 1051], 1049, 4071)
(1.61206460502644e+110, [1040, 1040, 1040, 1040, 1040, 1040, 1040, 1040, 1040, 1040, 1040, 1040, 1040, 1040, 1040, 1040, 1040, 1045, 1046, 1047, 1049, 1051], 1049, 4071)
end round with 10 suffixes


======== round 80 ========
todo suffixes: [[1043, 1044, 1045, 1046, 1048, 1051], [1042, 1044, 1045, 1046, 1048, 1051], [1043, 1045, 1046, 1048, 1051], [1044, 1046, 1048, 1051], [1045, 1048, 1051], [1047, 1051], [1046, 1051], [1050], [1049], [1047]]
cur_suffix:  [1043, 1044, 1045, 1046, 1048, 1051]
fisrt choice: (1.6120646050277552e+110, 1041, 18)
baseline:  (1.6120646050430035e+110, [1048, 1048, 1048, 1048, 1048, 1048, 1048, 1048, 1048, 1048, 1048, 1048, 1048, 1048, 1048, 1048, 1048], 1049, 4071)
best 5 choices:
(1.6120646050256753e+110, [1039, 1039, 1039, 1039, 1039, 1039, 1039, 1039, 1039, 1039, 1039, 1039, 1039, 1039, 1039, 1039, 1039, 1044, 1045, 1046, 1047, 1048, 1051], 1049, 4071)
(1.6120646050258014e+110, [1039, 1039, 1039, 1039, 1039, 1039, 1039, 1039, 1039, 1039, 1039, 1039, 1039, 1039, 1039, 1039, 1039, 1039, 1043, 1045, 1046, 1047, 1048, 1051], 1049, 4071)
(1.61206460502582e+110, [1039, 1039, 1039, 1039, 1039, 1039, 1039, 1039, 1039, 1039, 1039, 1039, 1039, 1039, 1039, 1039, 1039, 1039, 1043, 1044, 1045, 1047, 1049, 1051], 1049, 4071)
(1.6120646050264232e+110, [1040, 1040, 1040, 1040, 1040, 1040, 1040, 1040, 1040, 1040, 1040, 1040, 1040, 1040, 1040, 1040, 1040, 1041, 1045, 1046, 1047, 1048, 1051], 1049, 4071)
(1.61206460502644e+110, [1040, 1040, 1040, 1040, 1040, 1040, 1040, 1040, 1040, 1040, 1040, 1040, 1040, 1040, 1040, 1040, 1040, 1045, 1046, 1047, 1049, 1051], 1049, 4071)
end round with 11 suffixes


======== round 81 ========
todo suffixes: [[1042, 1043, 1044, 1045, 1046, 1048, 1051], [1041, 1043, 1044, 1045, 1046, 1048, 1051], [1042, 1044, 1045, 1046, 1048, 1051], [1043, 1045, 1046, 1048, 1051], [1044, 1046, 1048, 1051], [1045, 1048, 1051], [1047, 1051], [1046, 1051], [1050], [1049], [1047]]
cur_suffix:  [1042, 1043, 1044, 1045, 1046, 1048, 1051]
fisrt choice: (1.612064605026808e+110, 1040, 18)
baseline:  (1.6120646050430035e+110, [1048, 1048, 1048, 1048, 1048, 1048, 1048, 1048, 1048, 1048, 1048, 1048, 1048, 1048, 1048, 1048, 1048], 1049, 4071)
best 5 choices:
(1.6120646050256753e+110, [1039, 1039, 1039, 1039, 1039, 1039, 1039, 1039, 1039, 1039, 1039, 1039, 1039, 1039, 1039, 1039, 1039, 1044, 1045, 1046, 1047, 1048, 1051], 1049, 4071)
(1.6120646050258014e+110, [1039, 1039, 1039, 1039, 1039, 1039, 1039, 1039, 1039, 1039, 1039, 1039, 1039, 1039, 1039, 1039, 1039, 1039, 1043, 1045, 1046, 1047, 1048, 1051], 1049, 4071)
(1.61206460502582e+110, [1039, 1039, 1039, 1039, 1039, 1039, 1039, 1039, 1039, 1039, 1039, 1039, 1039, 1039, 1039, 1039, 1039, 1039, 1043, 1044, 1045, 1047, 1049, 1051], 1049, 4071)
(1.6120646050264232e+110, [1040, 1040, 1040, 1040, 1040, 1040, 1040, 1040, 1040, 1040, 1040, 1040, 1040, 1040, 1040, 1040, 1040, 1041, 1045, 1046, 1047, 1048, 1051], 1049, 4071)
(1.61206460502644e+110, [1040, 1040, 1040, 1040, 1040, 1040, 1040, 1040, 1040, 1040, 1040, 1040, 1040, 1040, 1040, 1040, 1040, 1045, 1046, 1047, 1049, 1051], 1049, 4071)
end round with 10 suffixes


======== round 82 ========
todo suffixes: [[1041, 1043, 1044, 1045, 1046, 1048, 1051], [1042, 1044, 1045, 1046, 1048, 1051], [1043, 1045, 1046, 1048, 1051], [1044, 1046, 1048, 1051], [1045, 1048, 1051], [1047, 1051], [1046, 1051], [1050], [1049], [1047]]
cur_suffix:  [1041, 1043, 1044, 1045, 1046, 1048, 1051]
fisrt choice: (-1, -1, -1)
baseline:  (1.6120646050430035e+110, [1048, 1048, 1048, 1048, 1048, 1048, 1048, 1048, 1048, 1048, 1048, 1048, 1048, 1048, 1048, 1048, 1048], 1049, 4071)
the strategy is infeasible, continue


======== round 83 ========
todo suffixes: [[1042, 1044, 1045, 1046, 1048, 1051], [1043, 1045, 1046, 1048, 1051], [1044, 1046, 1048, 1051], [1045, 1048, 1051], [1047, 1051], [1046, 1051], [1050], [1049], [1047]]
cur_suffix:  [1042, 1044, 1045, 1046, 1048, 1051]
fisrt choice: (-1, -1, -1)
baseline:  (1.6120646050430035e+110, [1048, 1048, 1048, 1048, 1048, 1048, 1048, 1048, 1048, 1048, 1048, 1048, 1048, 1048, 1048, 1048, 1048], 1049, 4071)
the strategy is infeasible, continue


======== round 84 ========
todo suffixes: [[1043, 1045, 1046, 1048, 1051], [1044, 1046, 1048, 1051], [1045, 1048, 1051], [1047, 1051], [1046, 1051], [1050], [1049], [1047]]
cur_suffix:  [1043, 1045, 1046, 1048, 1051]
fisrt choice: (1.6120646050292954e+110, 1042, 19)
baseline:  (1.6120646050430035e+110, [1048, 1048, 1048, 1048, 1048, 1048, 1048, 1048, 1048, 1048, 1048, 1048, 1048, 1048, 1048, 1048, 1048], 1049, 4071)
best 5 choices:
(1.6120646050256753e+110, [1039, 1039, 1039, 1039, 1039, 1039, 1039, 1039, 1039, 1039, 1039, 1039, 1039, 1039, 1039, 1039, 1039, 1044, 1045, 1046, 1047, 1048, 1051], 1049, 4071)
(1.6120646050258014e+110, [1039, 1039, 1039, 1039, 1039, 1039, 1039, 1039, 1039, 1039, 1039, 1039, 1039, 1039, 1039, 1039, 1039, 1039, 1043, 1045, 1046, 1047, 1048, 1051], 1049, 4071)
(1.61206460502582e+110, [1039, 1039, 1039, 1039, 1039, 1039, 1039, 1039, 1039, 1039, 1039, 1039, 1039, 1039, 1039, 1039, 1039, 1039, 1043, 1044, 1045, 1047, 1049, 1051], 1049, 4071)
(1.6120646050264232e+110, [1040, 1040, 1040, 1040, 1040, 1040, 1040, 1040, 1040, 1040, 1040, 1040, 1040, 1040, 1040, 1040, 1040, 1041, 1045, 1046, 1047, 1048, 1051], 1049, 4071)
(1.61206460502644e+110, [1040, 1040, 1040, 1040, 1040, 1040, 1040, 1040, 1040, 1040, 1040, 1040, 1040, 1040, 1040, 1040, 1040, 1045, 1046, 1047, 1049, 1051], 1049, 4071)
end round with 8 suffixes


======== round 85 ========
todo suffixes: [[1042, 1043, 1045, 1046, 1048, 1051], [1044, 1046, 1048, 1051], [1045, 1048, 1051], [1047, 1051], [1046, 1051], [1050], [1049], [1047]]
cur_suffix:  [1042, 1043, 1045, 1046, 1048, 1051]
fisrt choice: (-1, -1, -1)
baseline:  (1.6120646050430035e+110, [1048, 1048, 1048, 1048, 1048, 1048, 1048, 1048, 1048, 1048, 1048, 1048, 1048, 1048, 1048, 1048, 1048], 1049, 4071)
the strategy is infeasible, continue


======== round 86 ========
todo suffixes: [[1044, 1046, 1048, 1051], [1045, 1048, 1051], [1047, 1051], [1046, 1051], [1050], [1049], [1047]]
cur_suffix:  [1044, 1046, 1048, 1051]
fisrt choice: (1.6120646050301705e+110, 1043, 18)
baseline:  (1.6120646050430035e+110, [1048, 1048, 1048, 1048, 1048, 1048, 1048, 1048, 1048, 1048, 1048, 1048, 1048, 1048, 1048, 1048, 1048], 1049, 4071)
best 5 choices:
(1.6120646050256753e+110, [1039, 1039, 1039, 1039, 1039, 1039, 1039, 1039, 1039, 1039, 1039, 1039, 1039, 1039, 1039, 1039, 1039, 1044, 1045, 1046, 1047, 1048, 1051], 1049, 4071)
(1.6120646050258014e+110, [1039, 1039, 1039, 1039, 1039, 1039, 1039, 1039, 1039, 1039, 1039, 1039, 1039, 1039, 1039, 1039, 1039, 1039, 1043, 1045, 1046, 1047, 1048, 1051], 1049, 4071)
(1.61206460502582e+110, [1039, 1039, 1039, 1039, 1039, 1039, 1039, 1039, 1039, 1039, 1039, 1039, 1039, 1039, 1039, 1039, 1039, 1039, 1043, 1044, 1045, 1047, 1049, 1051], 1049, 4071)
(1.6120646050264232e+110, [1040, 1040, 1040, 1040, 1040, 1040, 1040, 1040, 1040, 1040, 1040, 1040, 1040, 1040, 1040, 1040, 1040, 1041, 1045, 1046, 1047, 1048, 1051], 1049, 4071)
(1.61206460502644e+110, [1040, 1040, 1040, 1040, 1040, 1040, 1040, 1040, 1040, 1040, 1040, 1040, 1040, 1040, 1040, 1040, 1040, 1045, 1046, 1047, 1049, 1051], 1049, 4071)
end round with 7 suffixes


======== round 87 ========
todo suffixes: [[1043, 1044, 1046, 1048, 1051], [1045, 1048, 1051], [1047, 1051], [1046, 1051], [1050], [1049], [1047]]
cur_suffix:  [1043, 1044, 1046, 1048, 1051]
fisrt choice: (-1, -1, -1)
baseline:  (1.6120646050430035e+110, [1048, 1048, 1048, 1048, 1048, 1048, 1048, 1048, 1048, 1048, 1048, 1048, 1048, 1048, 1048, 1048, 1048], 1049, 4071)
the strategy is infeasible, continue


======== round 88 ========
todo suffixes: [[1045, 1048, 1051], [1047, 1051], [1046, 1051], [1050], [1049], [1047]]
cur_suffix:  [1045, 1048, 1051]
fisrt choice: (1.612064605031911e+110, 1044, 18)
baseline:  (1.6120646050430035e+110, [1048, 1048, 1048, 1048, 1048, 1048, 1048, 1048, 1048, 1048, 1048, 1048, 1048, 1048, 1048, 1048, 1048], 1049, 4071)
best 5 choices:
(1.6120646050256753e+110, [1039, 1039, 1039, 1039, 1039, 1039, 1039, 1039, 1039, 1039, 1039, 1039, 1039, 1039, 1039, 1039, 1039, 1044, 1045, 1046, 1047, 1048, 1051], 1049, 4071)
(1.6120646050258014e+110, [1039, 1039, 1039, 1039, 1039, 1039, 1039, 1039, 1039, 1039, 1039, 1039, 1039, 1039, 1039, 1039, 1039, 1039, 1043, 1045, 1046, 1047, 1048, 1051], 1049, 4071)
(1.61206460502582e+110, [1039, 1039, 1039, 1039, 1039, 1039, 1039, 1039, 1039, 1039, 1039, 1039, 1039, 1039, 1039, 1039, 1039, 1039, 1043, 1044, 1045, 1047, 1049, 1051], 1049, 4071)
(1.6120646050264232e+110, [1040, 1040, 1040, 1040, 1040, 1040, 1040, 1040, 1040, 1040, 1040, 1040, 1040, 1040, 1040, 1040, 1040, 1041, 1045, 1046, 1047, 1048, 1051], 1049, 4071)
(1.61206460502644e+110, [1040, 1040, 1040, 1040, 1040, 1040, 1040, 1040, 1040, 1040, 1040, 1040, 1040, 1040, 1040, 1040, 1040, 1045, 1046, 1047, 1049, 1051], 1049, 4071)
end round with 6 suffixes


======== round 89 ========
todo suffixes: [[1044, 1045, 1048, 1051], [1047, 1051], [1046, 1051], [1050], [1049], [1047]]
cur_suffix:  [1044, 1045, 1048, 1051]
fisrt choice: (1.612064605031246e+110, 1043, 20)
baseline:  (1.6120646050430035e+110, [1048, 1048, 1048, 1048, 1048, 1048, 1048, 1048, 1048, 1048, 1048, 1048, 1048, 1048, 1048, 1048, 1048], 1049, 4071)
best 5 choices:
(1.6120646050256753e+110, [1039, 1039, 1039, 1039, 1039, 1039, 1039, 1039, 1039, 1039, 1039, 1039, 1039, 1039, 1039, 1039, 1039, 1044, 1045, 1046, 1047, 1048, 1051], 1049, 4071)
(1.6120646050258014e+110, [1039, 1039, 1039, 1039, 1039, 1039, 1039, 1039, 1039, 1039, 1039, 1039, 1039, 1039, 1039, 1039, 1039, 1039, 1043, 1045, 1046, 1047, 1048, 1051], 1049, 4071)
(1.61206460502582e+110, [1039, 1039, 1039, 1039, 1039, 1039, 1039, 1039, 1039, 1039, 1039, 1039, 1039, 1039, 1039, 1039, 1039, 1039, 1043, 1044, 1045, 1047, 1049, 1051], 1049, 4071)
(1.6120646050264232e+110, [1040, 1040, 1040, 1040, 1040, 1040, 1040, 1040, 1040, 1040, 1040, 1040, 1040, 1040, 1040, 1040, 1040, 1041, 1045, 1046, 1047, 1048, 1051], 1049, 4071)
(1.61206460502644e+110, [1040, 1040, 1040, 1040, 1040, 1040, 1040, 1040, 1040, 1040, 1040, 1040, 1040, 1040, 1040, 1040, 1040, 1045, 1046, 1047, 1049, 1051], 1049, 4071)
end round with 6 suffixes


======== round 90 ========
todo suffixes: [[1043, 1044, 1045, 1048, 1051], [1047, 1051], [1046, 1051], [1050], [1049], [1047]]
cur_suffix:  [1043, 1044, 1045, 1048, 1051]
fisrt choice: (-1, -1, -1)
baseline:  (1.6120646050430035e+110, [1048, 1048, 1048, 1048, 1048, 1048, 1048, 1048, 1048, 1048, 1048, 1048, 1048, 1048, 1048, 1048, 1048], 1049, 4071)
the strategy is infeasible, continue


======== round 91 ========
todo suffixes: [[1047, 1051], [1046, 1051], [1050], [1049], [1047]]
cur_suffix:  [1047, 1051]
fisrt choice: (1.6120646050339906e+110, 1045, 18)
baseline:  (1.6120646050430035e+110, [1048, 1048, 1048, 1048, 1048, 1048, 1048, 1048, 1048, 1048, 1048, 1048, 1048, 1048, 1048, 1048, 1048], 1049, 4071)
best 5 choices:
(1.6120646050256753e+110, [1039, 1039, 1039, 1039, 1039, 1039, 1039, 1039, 1039, 1039, 1039, 1039, 1039, 1039, 1039, 1039, 1039, 1044, 1045, 1046, 1047, 1048, 1051], 1049, 4071)
(1.6120646050258014e+110, [1039, 1039, 1039, 1039, 1039, 1039, 1039, 1039, 1039, 1039, 1039, 1039, 1039, 1039, 1039, 1039, 1039, 1039, 1043, 1045, 1046, 1047, 1048, 1051], 1049, 4071)
(1.61206460502582e+110, [1039, 1039, 1039, 1039, 1039, 1039, 1039, 1039, 1039, 1039, 1039, 1039, 1039, 1039, 1039, 1039, 1039, 1039, 1043, 1044, 1045, 1047, 1049, 1051], 1049, 4071)
(1.6120646050264232e+110, [1040, 1040, 1040, 1040, 1040, 1040, 1040, 1040, 1040, 1040, 1040, 1040, 1040, 1040, 1040, 1040, 1040, 1041, 1045, 1046, 1047, 1048, 1051], 1049, 4071)
(1.61206460502644e+110, [1040, 1040, 1040, 1040, 1040, 1040, 1040, 1040, 1040, 1040, 1040, 1040, 1040, 1040, 1040, 1040, 1040, 1045, 1046, 1047, 1049, 1051], 1049, 4071)
end round with 6 suffixes


======== round 92 ========
todo suffixes: [[1046, 1047, 1051], [1045, 1047, 1051], [1046, 1051], [1050], [1049], [1047]]
cur_suffix:  [1046, 1047, 1051]
fisrt choice: (1.6120646050317865e+110, 1044, 18)
baseline:  (1.6120646050430035e+110, [1048, 1048, 1048, 1048, 1048, 1048, 1048, 1048, 1048, 1048, 1048, 1048, 1048, 1048, 1048, 1048, 1048], 1049, 4071)
best 5 choices:
(1.6120646050256753e+110, [1039, 1039, 1039, 1039, 1039, 1039, 1039, 1039, 1039, 1039, 1039, 1039, 1039, 1039, 1039, 1039, 1039, 1044, 1045, 1046, 1047, 1048, 1051], 1049, 4071)
(1.6120646050258014e+110, [1039, 1039, 1039, 1039, 1039, 1039, 1039, 1039, 1039, 1039, 1039, 1039, 1039, 1039, 1039, 1039, 1039, 1039, 1043, 1045, 1046, 1047, 1048, 1051], 1049, 4071)
(1.61206460502582e+110, [1039, 1039, 1039, 1039, 1039, 1039, 1039, 1039, 1039, 1039, 1039, 1039, 1039, 1039, 1039, 1039, 1039, 1039, 1043, 1044, 1045, 1047, 1049, 1051], 1049, 4071)
(1.6120646050264232e+110, [1040, 1040, 1040, 1040, 1040, 1040, 1040, 1040, 1040, 1040, 1040, 1040, 1040, 1040, 1040, 1040, 1040, 1041, 1045, 1046, 1047, 1048, 1051], 1049, 4071)
(1.61206460502644e+110, [1040, 1040, 1040, 1040, 1040, 1040, 1040, 1040, 1040, 1040, 1040, 1040, 1040, 1040, 1040, 1040, 1040, 1045, 1046, 1047, 1049, 1051], 1049, 4071)
end round with 7 suffixes


======== round 93 ========
todo suffixes: [[1045, 1046, 1047, 1051], [1044, 1046, 1047, 1051], [1045, 1047, 1051], [1046, 1051], [1050], [1049], [1047]]
cur_suffix:  [1045, 1046, 1047, 1051]
fisrt choice: (1.6120646050306568e+110, 1043, 19)
baseline:  (1.6120646050430035e+110, [1048, 1048, 1048, 1048, 1048, 1048, 1048, 1048, 1048, 1048, 1048, 1048, 1048, 1048, 1048, 1048, 1048], 1049, 4071)
best 5 choices:
(1.6120646050256753e+110, [1039, 1039, 1039, 1039, 1039, 1039, 1039, 1039, 1039, 1039, 1039, 1039, 1039, 1039, 1039, 1039, 1039, 1044, 1045, 1046, 1047, 1048, 1051], 1049, 4071)
(1.6120646050258014e+110, [1039, 1039, 1039, 1039, 1039, 1039, 1039, 1039, 1039, 1039, 1039, 1039, 1039, 1039, 1039, 1039, 1039, 1039, 1043, 1045, 1046, 1047, 1048, 1051], 1049, 4071)
(1.61206460502582e+110, [1039, 1039, 1039, 1039, 1039, 1039, 1039, 1039, 1039, 1039, 1039, 1039, 1039, 1039, 1039, 1039, 1039, 1039, 1043, 1044, 1045, 1047, 1049, 1051], 1049, 4071)
(1.6120646050264232e+110, [1040, 1040, 1040, 1040, 1040, 1040, 1040, 1040, 1040, 1040, 1040, 1040, 1040, 1040, 1040, 1040, 1040, 1041, 1045, 1046, 1047, 1048, 1051], 1049, 4071)
(1.61206460502644e+110, [1040, 1040, 1040, 1040, 1040, 1040, 1040, 1040, 1040, 1040, 1040, 1040, 1040, 1040, 1040, 1040, 1040, 1045, 1046, 1047, 1049, 1051], 1049, 4071)
end round with 8 suffixes


======== round 94 ========
todo suffixes: [[1044, 1045, 1046, 1047, 1051], [1043, 1045, 1046, 1047, 1051], [1044, 1046, 1047, 1051], [1045, 1047, 1051], [1046, 1051], [1050], [1049], [1047]]
cur_suffix:  [1044, 1045, 1046, 1047, 1051]
fisrt choice: (1.6120646050301558e+110, 1043, 17)
baseline:  (1.6120646050430035e+110, [1048, 1048, 1048, 1048, 1048, 1048, 1048, 1048, 1048, 1048, 1048, 1048, 1048, 1048, 1048, 1048, 1048], 1049, 4071)
best 5 choices:
(1.6120646050256753e+110, [1039, 1039, 1039, 1039, 1039, 1039, 1039, 1039, 1039, 1039, 1039, 1039, 1039, 1039, 1039, 1039, 1039, 1044, 1045, 1046, 1047, 1048, 1051], 1049, 4071)
(1.6120646050258014e+110, [1039, 1039, 1039, 1039, 1039, 1039, 1039, 1039, 1039, 1039, 1039, 1039, 1039, 1039, 1039, 1039, 1039, 1039, 1043, 1045, 1046, 1047, 1048, 1051], 1049, 4071)
(1.61206460502582e+110, [1039, 1039, 1039, 1039, 1039, 1039, 1039, 1039, 1039, 1039, 1039, 1039, 1039, 1039, 1039, 1039, 1039, 1039, 1043, 1044, 1045, 1047, 1049, 1051], 1049, 4071)
(1.6120646050264232e+110, [1040, 1040, 1040, 1040, 1040, 1040, 1040, 1040, 1040, 1040, 1040, 1040, 1040, 1040, 1040, 1040, 1040, 1041, 1045, 1046, 1047, 1048, 1051], 1049, 4071)
(1.61206460502644e+110, [1040, 1040, 1040, 1040, 1040, 1040, 1040, 1040, 1040, 1040, 1040, 1040, 1040, 1040, 1040, 1040, 1040, 1045, 1046, 1047, 1049, 1051], 1049, 4071)
end round with 8 suffixes


======== round 95 ========
todo suffixes: [[1043, 1044, 1045, 1046, 1047, 1051], [1043, 1045, 1046, 1047, 1051], [1044, 1046, 1047, 1051], [1045, 1047, 1051], [1046, 1051], [1050], [1049], [1047]]
cur_suffix:  [1043, 1044, 1045, 1046, 1047, 1051]
fisrt choice: (1.6120646050292147e+110, 1042, 18)
baseline:  (1.6120646050430035e+110, [1048, 1048, 1048, 1048, 1048, 1048, 1048, 1048, 1048, 1048, 1048, 1048, 1048, 1048, 1048, 1048, 1048], 1049, 4071)
best 5 choices:
(1.6120646050256753e+110, [1039, 1039, 1039, 1039, 1039, 1039, 1039, 1039, 1039, 1039, 1039, 1039, 1039, 1039, 1039, 1039, 1039, 1044, 1045, 1046, 1047, 1048, 1051], 1049, 4071)
(1.6120646050258014e+110, [1039, 1039, 1039, 1039, 1039, 1039, 1039, 1039, 1039, 1039, 1039, 1039, 1039, 1039, 1039, 1039, 1039, 1039, 1043, 1045, 1046, 1047, 1048, 1051], 1049, 4071)
(1.61206460502582e+110, [1039, 1039, 1039, 1039, 1039, 1039, 1039, 1039, 1039, 1039, 1039, 1039, 1039, 1039, 1039, 1039, 1039, 1039, 1043, 1044, 1045, 1047, 1049, 1051], 1049, 4071)
(1.6120646050264232e+110, [1040, 1040, 1040, 1040, 1040, 1040, 1040, 1040, 1040, 1040, 1040, 1040, 1040, 1040, 1040, 1040, 1040, 1041, 1045, 1046, 1047, 1048, 1051], 1049, 4071)
(1.61206460502644e+110, [1040, 1040, 1040, 1040, 1040, 1040, 1040, 1040, 1040, 1040, 1040, 1040, 1040, 1040, 1040, 1040, 1040, 1045, 1046, 1047, 1049, 1051], 1049, 4071)
end round with 8 suffixes


======== round 96 ========
todo suffixes: [[1042, 1043, 1044, 1045, 1046, 1047, 1051], [1043, 1045, 1046, 1047, 1051], [1044, 1046, 1047, 1051], [1045, 1047, 1051], [1046, 1051], [1050], [1049], [1047]]
cur_suffix:  [1042, 1043, 1044, 1045, 1046, 1047, 1051]
fisrt choice: (-1, -1, -1)
baseline:  (1.6120646050430035e+110, [1048, 1048, 1048, 1048, 1048, 1048, 1048, 1048, 1048, 1048, 1048, 1048, 1048, 1048, 1048, 1048, 1048], 1049, 4071)
the strategy is infeasible, continue


======== round 97 ========
todo suffixes: [[1043, 1045, 1046, 1047, 1051], [1044, 1046, 1047, 1051], [1045, 1047, 1051], [1046, 1051], [1050], [1049], [1047]]
cur_suffix:  [1043, 1045, 1046, 1047, 1051]
fisrt choice: (-1, -1, -1)
baseline:  (1.6120646050430035e+110, [1048, 1048, 1048, 1048, 1048, 1048, 1048, 1048, 1048, 1048, 1048, 1048, 1048, 1048, 1048, 1048, 1048], 1049, 4071)
the strategy is infeasible, continue


======== round 98 ========
todo suffixes: [[1044, 1046, 1047, 1051], [1045, 1047, 1051], [1046, 1051], [1050], [1049], [1047]]
cur_suffix:  [1044, 1046, 1047, 1051]
fisrt choice: (-1, -1, -1)
baseline:  (1.6120646050430035e+110, [1048, 1048, 1048, 1048, 1048, 1048, 1048, 1048, 1048, 1048, 1048, 1048, 1048, 1048, 1048, 1048, 1048], 1049, 4071)
the strategy is infeasible, continue


======== round 99 ========
todo suffixes: [[1045, 1047, 1051], [1046, 1051], [1050], [1049], [1047]]
cur_suffix:  [1045, 1047, 1051]
fisrt choice: (1.612064605032361e+110, 1044, 19)
baseline:  (1.6120646050430035e+110, [1048, 1048, 1048, 1048, 1048, 1048, 1048, 1048, 1048, 1048, 1048, 1048, 1048, 1048, 1048, 1048, 1048], 1049, 4071)
best 5 choices:
(1.6120646050256753e+110, [1039, 1039, 1039, 1039, 1039, 1039, 1039, 1039, 1039, 1039, 1039, 1039, 1039, 1039, 1039, 1039, 1039, 1044, 1045, 1046, 1047, 1048, 1051], 1049, 4071)
(1.6120646050258014e+110, [1039, 1039, 1039, 1039, 1039, 1039, 1039, 1039, 1039, 1039, 1039, 1039, 1039, 1039, 1039, 1039, 1039, 1039, 1043, 1045, 1046, 1047, 1048, 1051], 1049, 4071)
(1.61206460502582e+110, [1039, 1039, 1039, 1039, 1039, 1039, 1039, 1039, 1039, 1039, 1039, 1039, 1039, 1039, 1039, 1039, 1039, 1039, 1043, 1044, 1045, 1047, 1049, 1051], 1049, 4071)
(1.6120646050264232e+110, [1040, 1040, 1040, 1040, 1040, 1040, 1040, 1040, 1040, 1040, 1040, 1040, 1040, 1040, 1040, 1040, 1040, 1041, 1045, 1046, 1047, 1048, 1051], 1049, 4071)
(1.61206460502644e+110, [1040, 1040, 1040, 1040, 1040, 1040, 1040, 1040, 1040, 1040, 1040, 1040, 1040, 1040, 1040, 1040, 1040, 1045, 1046, 1047, 1049, 1051], 1049, 4071)
end round with 5 suffixes


======== round 100 ========
todo suffixes: [[1044, 1045, 1047, 1051], [1046, 1051], [1050], [1049], [1047]]
cur_suffix:  [1044, 1045, 1047, 1051]
fisrt choice: (-1, -1, -1)
baseline:  (1.6120646050430035e+110, [1048, 1048, 1048, 1048, 1048, 1048, 1048, 1048, 1048, 1048, 1048, 1048, 1048, 1048, 1048, 1048, 1048], 1049, 4071)
the strategy is infeasible, continue


======== round 101 ========
todo suffixes: [[1046, 1051], [1050], [1049], [1047]]
cur_suffix:  [1046, 1051]
fisrt choice: (1.6120646050347005e+110, 1045, 19)
baseline:  (1.6120646050430035e+110, [1048, 1048, 1048, 1048, 1048, 1048, 1048, 1048, 1048, 1048, 1048, 1048, 1048, 1048, 1048, 1048, 1048], 1049, 4071)
best 5 choices:
(1.6120646050256753e+110, [1039, 1039, 1039, 1039, 1039, 1039, 1039, 1039, 1039, 1039, 1039, 1039, 1039, 1039, 1039, 1039, 1039, 1044, 1045, 1046, 1047, 1048, 1051], 1049, 4071)
(1.6120646050258014e+110, [1039, 1039, 1039, 1039, 1039, 1039, 1039, 1039, 1039, 1039, 1039, 1039, 1039, 1039, 1039, 1039, 1039, 1039, 1043, 1045, 1046, 1047, 1048, 1051], 1049, 4071)
(1.61206460502582e+110, [1039, 1039, 1039, 1039, 1039, 1039, 1039, 1039, 1039, 1039, 1039, 1039, 1039, 1039, 1039, 1039, 1039, 1039, 1043, 1044, 1045, 1047, 1049, 1051], 1049, 4071)
(1.6120646050264232e+110, [1040, 1040, 1040, 1040, 1040, 1040, 1040, 1040, 1040, 1040, 1040, 1040, 1040, 1040, 1040, 1040, 1040, 1041, 1045, 1046, 1047, 1048, 1051], 1049, 4071)
(1.61206460502644e+110, [1040, 1040, 1040, 1040, 1040, 1040, 1040, 1040, 1040, 1040, 1040, 1040, 1040, 1040, 1040, 1040, 1040, 1045, 1046, 1047, 1049, 1051], 1049, 4071)
end round with 4 suffixes


======== round 102 ========
todo suffixes: [[1045, 1046, 1051], [1050], [1049], [1047]]
cur_suffix:  [1045, 1046, 1051]
fisrt choice: (-1, -1, -1)
baseline:  (1.6120646050430035e+110, [1048, 1048, 1048, 1048, 1048, 1048, 1048, 1048, 1048, 1048, 1048, 1048, 1048, 1048, 1048, 1048, 1048], 1049, 4071)
the strategy is infeasible, continue


======== round 103 ========
todo suffixes: [[1050], [1049], [1047]]
cur_suffix:  [1050]
fisrt choice: (1.6120646050360325e+110, 1046, 18)
baseline:  (1.6120646050430035e+110, [1048, 1048, 1048, 1048, 1048, 1048, 1048, 1048, 1048, 1048, 1048, 1048, 1048, 1048, 1048, 1048, 1048], 1049, 4071)
best 5 choices:
(1.6120646050256753e+110, [1039, 1039, 1039, 1039, 1039, 1039, 1039, 1039, 1039, 1039, 1039, 1039, 1039, 1039, 1039, 1039, 1039, 1044, 1045, 1046, 1047, 1048, 1051], 1049, 4071)
(1.6120646050258014e+110, [1039, 1039, 1039, 1039, 1039, 1039, 1039, 1039, 1039, 1039, 1039, 1039, 1039, 1039, 1039, 1039, 1039, 1039, 1043, 1045, 1046, 1047, 1048, 1051], 1049, 4071)
(1.61206460502582e+110, [1039, 1039, 1039, 1039, 1039, 1039, 1039, 1039, 1039, 1039, 1039, 1039, 1039, 1039, 1039, 1039, 1039, 1039, 1043, 1044, 1045, 1047, 1049, 1051], 1049, 4071)
(1.6120646050264232e+110, [1040, 1040, 1040, 1040, 1040, 1040, 1040, 1040, 1040, 1040, 1040, 1040, 1040, 1040, 1040, 1040, 1040, 1041, 1045, 1046, 1047, 1048, 1051], 1049, 4071)
(1.61206460502644e+110, [1040, 1040, 1040, 1040, 1040, 1040, 1040, 1040, 1040, 1040, 1040, 1040, 1040, 1040, 1040, 1040, 1040, 1045, 1046, 1047, 1049, 1051], 1049, 4071)
end round with 6 suffixes


======== round 104 ========
todo suffixes: [[1049, 1050], [1048, 1050], [1047, 1050], [1046, 1050], [1049], [1047]]
cur_suffix:  [1049, 1050]
fisrt choice: (1.6120646050341164e+110, 1045, 18)
baseline:  (1.6120646050430035e+110, [1048, 1048, 1048, 1048, 1048, 1048, 1048, 1048, 1048, 1048, 1048, 1048, 1048, 1048, 1048, 1048, 1048], 1049, 4071)
best 5 choices:
(1.6120646050256753e+110, [1039, 1039, 1039, 1039, 1039, 1039, 1039, 1039, 1039, 1039, 1039, 1039, 1039, 1039, 1039, 1039, 1039, 1044, 1045, 1046, 1047, 1048, 1051], 1049, 4071)
(1.6120646050258014e+110, [1039, 1039, 1039, 1039, 1039, 1039, 1039, 1039, 1039, 1039, 1039, 1039, 1039, 1039, 1039, 1039, 1039, 1039, 1043, 1045, 1046, 1047, 1048, 1051], 1049, 4071)
(1.61206460502582e+110, [1039, 1039, 1039, 1039, 1039, 1039, 1039, 1039, 1039, 1039, 1039, 1039, 1039, 1039, 1039, 1039, 1039, 1039, 1043, 1044, 1045, 1047, 1049, 1051], 1049, 4071)
(1.6120646050264232e+110, [1040, 1040, 1040, 1040, 1040, 1040, 1040, 1040, 1040, 1040, 1040, 1040, 1040, 1040, 1040, 1040, 1040, 1041, 1045, 1046, 1047, 1048, 1051], 1049, 4071)
(1.61206460502644e+110, [1040, 1040, 1040, 1040, 1040, 1040, 1040, 1040, 1040, 1040, 1040, 1040, 1040, 1040, 1040, 1040, 1040, 1045, 1046, 1047, 1049, 1051], 1049, 4071)
end round with 9 suffixes


======== round 105 ========
todo suffixes: [[1048, 1049, 1050], [1047, 1049, 1050], [1046, 1049, 1050], [1045, 1049, 1050], [1048, 1050], [1047, 1050], [1046, 1050], [1049], [1047]]
cur_suffix:  [1048, 1049, 1050]
fisrt choice: (1.6120646050304335e+110, 1043, 19)
baseline:  (1.6120646050430035e+110, [1048, 1048, 1048, 1048, 1048, 1048, 1048, 1048, 1048, 1048, 1048, 1048, 1048, 1048, 1048, 1048, 1048], 1049, 4071)
best 5 choices:
(1.6120646050256753e+110, [1039, 1039, 1039, 1039, 1039, 1039, 1039, 1039, 1039, 1039, 1039, 1039, 1039, 1039, 1039, 1039, 1039, 1044, 1045, 1046, 1047, 1048, 1051], 1049, 4071)
(1.6120646050258014e+110, [1039, 1039, 1039, 1039, 1039, 1039, 1039, 1039, 1039, 1039, 1039, 1039, 1039, 1039, 1039, 1039, 1039, 1039, 1043, 1045, 1046, 1047, 1048, 1051], 1049, 4071)
(1.61206460502582e+110, [1039, 1039, 1039, 1039, 1039, 1039, 1039, 1039, 1039, 1039, 1039, 1039, 1039, 1039, 1039, 1039, 1039, 1039, 1043, 1044, 1045, 1047, 1049, 1051], 1049, 4071)
(1.6120646050264232e+110, [1040, 1040, 1040, 1040, 1040, 1040, 1040, 1040, 1040, 1040, 1040, 1040, 1040, 1040, 1040, 1040, 1040, 1041, 1045, 1046, 1047, 1048, 1051], 1049, 4071)
(1.61206460502644e+110, [1040, 1040, 1040, 1040, 1040, 1040, 1040, 1040, 1040, 1040, 1040, 1040, 1040, 1040, 1040, 1040, 1040, 1045, 1046, 1047, 1049, 1051], 1049, 4071)
end round with 12 suffixes


======== round 106 ========
todo suffixes: [[1046, 1048, 1049, 1050], [1045, 1048, 1049, 1050], [1044, 1048, 1049, 1050], [1043, 1048, 1049, 1050], [1047, 1049, 1050], [1046, 1049, 1050], [1045, 1049, 1050], [1048, 1050], [1047, 1050], [1046, 1050], [1049], [1047]]
cur_suffix:  [1046, 1048, 1049, 1050]
fisrt choice: (1.612064605028763e+110, 1042, 18)
baseline:  (1.6120646050430035e+110, [1048, 1048, 1048, 1048, 1048, 1048, 1048, 1048, 1048, 1048, 1048, 1048, 1048, 1048, 1048, 1048, 1048], 1049, 4071)
best 5 choices:
(1.6120646050256753e+110, [1039, 1039, 1039, 1039, 1039, 1039, 1039, 1039, 1039, 1039, 1039, 1039, 1039, 1039, 1039, 1039, 1039, 1044, 1045, 1046, 1047, 1048, 1051], 1049, 4071)
(1.6120646050258014e+110, [1039, 1039, 1039, 1039, 1039, 1039, 1039, 1039, 1039, 1039, 1039, 1039, 1039, 1039, 1039, 1039, 1039, 1039, 1043, 1045, 1046, 1047, 1048, 1051], 1049, 4071)
(1.61206460502582e+110, [1039, 1039, 1039, 1039, 1039, 1039, 1039, 1039, 1039, 1039, 1039, 1039, 1039, 1039, 1039, 1039, 1039, 1039, 1043, 1044, 1045, 1047, 1049, 1051], 1049, 4071)
(1.6120646050264232e+110, [1040, 1040, 1040, 1040, 1040, 1040, 1040, 1040, 1040, 1040, 1040, 1040, 1040, 1040, 1040, 1040, 1040, 1041, 1045, 1046, 1047, 1048, 1051], 1049, 4071)
(1.61206460502644e+110, [1040, 1040, 1040, 1040, 1040, 1040, 1040, 1040, 1040, 1040, 1040, 1040, 1040, 1040, 1040, 1040, 1040, 1045, 1046, 1047, 1049, 1051], 1049, 4071)
end round with 15 suffixes


======== round 107 ========
todo suffixes: [[1045, 1046, 1048, 1049, 1050], [1044, 1046, 1048, 1049, 1050], [1043, 1046, 1048, 1049, 1050], [1042, 1046, 1048, 1049, 1050], [1045, 1048, 1049, 1050], [1044, 1048, 1049, 1050], [1043, 1048, 1049, 1050], [1047, 1049, 1050], [1046, 1049, 1050], [1045, 1049, 1050], [1048, 1050], [1047, 1050], [1046, 1050], [1049], [1047]]
cur_suffix:  [1045, 1046, 1048, 1049, 1050]
fisrt choice: (1.6120646050268143e+110, 1040, 19)
baseline:  (1.6120646050430035e+110, [1048, 1048, 1048, 1048, 1048, 1048, 1048, 1048, 1048, 1048, 1048, 1048, 1048, 1048, 1048, 1048, 1048], 1049, 4071)
best 5 choices:
(1.6120646050256753e+110, [1039, 1039, 1039, 1039, 1039, 1039, 1039, 1039, 1039, 1039, 1039, 1039, 1039, 1039, 1039, 1039, 1039, 1044, 1045, 1046, 1047, 1048, 1051], 1049, 4071)
(1.6120646050258014e+110, [1039, 1039, 1039, 1039, 1039, 1039, 1039, 1039, 1039, 1039, 1039, 1039, 1039, 1039, 1039, 1039, 1039, 1039, 1043, 1045, 1046, 1047, 1048, 1051], 1049, 4071)
(1.61206460502582e+110, [1039, 1039, 1039, 1039, 1039, 1039, 1039, 1039, 1039, 1039, 1039, 1039, 1039, 1039, 1039, 1039, 1039, 1039, 1043, 1044, 1045, 1047, 1049, 1051], 1049, 4071)
(1.6120646050264232e+110, [1040, 1040, 1040, 1040, 1040, 1040, 1040, 1040, 1040, 1040, 1040, 1040, 1040, 1040, 1040, 1040, 1040, 1041, 1045, 1046, 1047, 1048, 1051], 1049, 4071)
(1.61206460502644e+110, [1040, 1040, 1040, 1040, 1040, 1040, 1040, 1040, 1040, 1040, 1040, 1040, 1040, 1040, 1040, 1040, 1040, 1045, 1046, 1047, 1049, 1051], 1049, 4071)
end round with 18 suffixes


======== round 108 ========
todo suffixes: [[1043, 1045, 1046, 1048, 1049, 1050], [1042, 1045, 1046, 1048, 1049, 1050], [1041, 1045, 1046, 1048, 1049, 1050], [1040, 1045, 1046, 1048, 1049, 1050], [1044, 1046, 1048, 1049, 1050], [1043, 1046, 1048, 1049, 1050], [1042, 1046, 1048, 1049, 1050], [1045, 1048, 1049, 1050], [1044, 1048, 1049, 1050], [1043, 1048, 1049, 1050], [1047, 1049, 1050], [1046, 1049, 1050], [1045, 1049, 1050], [1048, 1050], [1047, 1050], [1046, 1050], [1049], [1047]]
cur_suffix:  [1043, 1045, 1046, 1048, 1049, 1050]
fisrt choice: (1.6120646050256462e+110, 1039, 17)
baseline:  (1.6120646050430035e+110, [1048, 1048, 1048, 1048, 1048, 1048, 1048, 1048, 1048, 1048, 1048, 1048, 1048, 1048, 1048, 1048, 1048], 1049, 4071)
best 5 choices:
(1.6120646050256462e+110, [1039, 1039, 1039, 1039, 1039, 1039, 1039, 1039, 1039, 1039, 1039, 1039, 1039, 1039, 1039, 1039, 1039, 1043, 1045, 1046, 1048, 1049, 1050], 1049, 4071)
(1.6120646050256753e+110, [1039, 1039, 1039, 1039, 1039, 1039, 1039, 1039, 1039, 1039, 1039, 1039, 1039, 1039, 1039, 1039, 1039, 1044, 1045, 1046, 1047, 1048, 1051], 1049, 4071)
(1.6120646050258014e+110, [1039, 1039, 1039, 1039, 1039, 1039, 1039, 1039, 1039, 1039, 1039, 1039, 1039, 1039, 1039, 1039, 1039, 1039, 1043, 1045, 1046, 1047, 1048, 1051], 1049, 4071)
(1.61206460502582e+110, [1039, 1039, 1039, 1039, 1039, 1039, 1039, 1039, 1039, 1039, 1039, 1039, 1039, 1039, 1039, 1039, 1039, 1039, 1043, 1044, 1045, 1047, 1049, 1051], 1049, 4071)
(1.6120646050264232e+110, [1040, 1040, 1040, 1040, 1040, 1040, 1040, 1040, 1040, 1040, 1040, 1040, 1040, 1040, 1040, 1040, 1040, 1041, 1045, 1046, 1047, 1048, 1051], 1049, 4071)
end round with 17 suffixes


======== round 109 ========
todo suffixes: [[1042, 1045, 1046, 1048, 1049, 1050], [1041, 1045, 1046, 1048, 1049, 1050], [1040, 1045, 1046, 1048, 1049, 1050], [1044, 1046, 1048, 1049, 1050], [1043, 1046, 1048, 1049, 1050], [1042, 1046, 1048, 1049, 1050], [1045, 1048, 1049, 1050], [1044, 1048, 1049, 1050], [1043, 1048, 1049, 1050], [1047, 1049, 1050], [1046, 1049, 1050], [1045, 1049, 1050], [1048, 1050], [1047, 1050], [1046, 1050], [1049], [1047]]
cur_suffix:  [1042, 1045, 1046, 1048, 1049, 1050]
fisrt choice: (1.612064605025802e+110, 1039, 18)
baseline:  (1.6120646050430035e+110, [1048, 1048, 1048, 1048, 1048, 1048, 1048, 1048, 1048, 1048, 1048, 1048, 1048, 1048, 1048, 1048, 1048], 1049, 4071)
best 5 choices:
(1.6120646050256462e+110, [1039, 1039, 1039, 1039, 1039, 1039, 1039, 1039, 1039, 1039, 1039, 1039, 1039, 1039, 1039, 1039, 1039, 1043, 1045, 1046, 1048, 1049, 1050], 1049, 4071)
(1.6120646050256753e+110, [1039, 1039, 1039, 1039, 1039, 1039, 1039, 1039, 1039, 1039, 1039, 1039, 1039, 1039, 1039, 1039, 1039, 1044, 1045, 1046, 1047, 1048, 1051], 1049, 4071)
(1.6120646050258014e+110, [1039, 1039, 1039, 1039, 1039, 1039, 1039, 1039, 1039, 1039, 1039, 1039, 1039, 1039, 1039, 1039, 1039, 1039, 1043, 1045, 1046, 1047, 1048, 1051], 1049, 4071)
(1.612064605025802e+110, [1039, 1039, 1039, 1039, 1039, 1039, 1039, 1039, 1039, 1039, 1039, 1039, 1039, 1039, 1039, 1039, 1039, 1039, 1042, 1045, 1046, 1048, 1049, 1050], 1049, 4071)
(1.61206460502582e+110, [1039, 1039, 1039, 1039, 1039, 1039, 1039, 1039, 1039, 1039, 1039, 1039, 1039, 1039, 1039, 1039, 1039, 1039, 1043, 1044, 1045, 1047, 1049, 1051], 1049, 4071)
end round with 16 suffixes


======== round 110 ========
todo suffixes: [[1041, 1045, 1046, 1048, 1049, 1050], [1040, 1045, 1046, 1048, 1049, 1050], [1044, 1046, 1048, 1049, 1050], [1043, 1046, 1048, 1049, 1050], [1042, 1046, 1048, 1049, 1050], [1045, 1048, 1049, 1050], [1044, 1048, 1049, 1050], [1043, 1048, 1049, 1050], [1047, 1049, 1050], [1046, 1049, 1050], [1045, 1049, 1050], [1048, 1050], [1047, 1050], [1046, 1050], [1049], [1047]]
cur_suffix:  [1041, 1045, 1046, 1048, 1049, 1050]
fisrt choice: (1.612064605026549e+110, 1040, 17)
baseline:  (1.6120646050430035e+110, [1048, 1048, 1048, 1048, 1048, 1048, 1048, 1048, 1048, 1048, 1048, 1048, 1048, 1048, 1048, 1048, 1048], 1049, 4071)
best 5 choices:
(1.6120646050256462e+110, [1039, 1039, 1039, 1039, 1039, 1039, 1039, 1039, 1039, 1039, 1039, 1039, 1039, 1039, 1039, 1039, 1039, 1043, 1045, 1046, 1048, 1049, 1050], 1049, 4071)
(1.6120646050256753e+110, [1039, 1039, 1039, 1039, 1039, 1039, 1039, 1039, 1039, 1039, 1039, 1039, 1039, 1039, 1039, 1039, 1039, 1044, 1045, 1046, 1047, 1048, 1051], 1049, 4071)
(1.6120646050258014e+110, [1039, 1039, 1039, 1039, 1039, 1039, 1039, 1039, 1039, 1039, 1039, 1039, 1039, 1039, 1039, 1039, 1039, 1039, 1043, 1045, 1046, 1047, 1048, 1051], 1049, 4071)
(1.612064605025802e+110, [1039, 1039, 1039, 1039, 1039, 1039, 1039, 1039, 1039, 1039, 1039, 1039, 1039, 1039, 1039, 1039, 1039, 1039, 1042, 1045, 1046, 1048, 1049, 1050], 1049, 4071)
(1.61206460502582e+110, [1039, 1039, 1039, 1039, 1039, 1039, 1039, 1039, 1039, 1039, 1039, 1039, 1039, 1039, 1039, 1039, 1039, 1039, 1043, 1044, 1045, 1047, 1049, 1051], 1049, 4071)
end round with 16 suffixes


======== round 111 ========
todo suffixes: [[1040, 1041, 1045, 1046, 1048, 1049, 1050], [1040, 1045, 1046, 1048, 1049, 1050], [1044, 1046, 1048, 1049, 1050], [1043, 1046, 1048, 1049, 1050], [1042, 1046, 1048, 1049, 1050], [1045, 1048, 1049, 1050], [1044, 1048, 1049, 1050], [1043, 1048, 1049, 1050], [1047, 1049, 1050], [1046, 1049, 1050], [1045, 1049, 1050], [1048, 1050], [1047, 1050], [1046, 1050], [1049], [1047]]
cur_suffix:  [1040, 1041, 1045, 1046, 1048, 1049, 1050]
fisrt choice: (1.6120646050260484e+110, 1039, 18)
baseline:  (1.6120646050430035e+110, [1048, 1048, 1048, 1048, 1048, 1048, 1048, 1048, 1048, 1048, 1048, 1048, 1048, 1048, 1048, 1048, 1048], 1049, 4071)
best 5 choices:
(1.6120646050256462e+110, [1039, 1039, 1039, 1039, 1039, 1039, 1039, 1039, 1039, 1039, 1039, 1039, 1039, 1039, 1039, 1039, 1039, 1043, 1045, 1046, 1048, 1049, 1050], 1049, 4071)
(1.6120646050256753e+110, [1039, 1039, 1039, 1039, 1039, 1039, 1039, 1039, 1039, 1039, 1039, 1039, 1039, 1039, 1039, 1039, 1039, 1044, 1045, 1046, 1047, 1048, 1051], 1049, 4071)
(1.6120646050258014e+110, [1039, 1039, 1039, 1039, 1039, 1039, 1039, 1039, 1039, 1039, 1039, 1039, 1039, 1039, 1039, 1039, 1039, 1039, 1043, 1045, 1046, 1047, 1048, 1051], 1049, 4071)
(1.612064605025802e+110, [1039, 1039, 1039, 1039, 1039, 1039, 1039, 1039, 1039, 1039, 1039, 1039, 1039, 1039, 1039, 1039, 1039, 1039, 1042, 1045, 1046, 1048, 1049, 1050], 1049, 4071)
(1.61206460502582e+110, [1039, 1039, 1039, 1039, 1039, 1039, 1039, 1039, 1039, 1039, 1039, 1039, 1039, 1039, 1039, 1039, 1039, 1039, 1043, 1044, 1045, 1047, 1049, 1051], 1049, 4071)
end round with 15 suffixes


======== round 112 ========
todo suffixes: [[1040, 1045, 1046, 1048, 1049, 1050], [1044, 1046, 1048, 1049, 1050], [1043, 1046, 1048, 1049, 1050], [1042, 1046, 1048, 1049, 1050], [1045, 1048, 1049, 1050], [1044, 1048, 1049, 1050], [1043, 1048, 1049, 1050], [1047, 1049, 1050], [1046, 1049, 1050], [1045, 1049, 1050], [1048, 1050], [1047, 1050], [1046, 1050], [1049], [1047]]
cur_suffix:  [1040, 1045, 1046, 1048, 1049, 1050]
fisrt choice: (-1, -1, -1)
baseline:  (1.6120646050430035e+110, [1048, 1048, 1048, 1048, 1048, 1048, 1048, 1048, 1048, 1048, 1048, 1048, 1048, 1048, 1048, 1048, 1048], 1049, 4071)
the strategy is infeasible, continue


======== round 113 ========
todo suffixes: [[1044, 1046, 1048, 1049, 1050], [1043, 1046, 1048, 1049, 1050], [1042, 1046, 1048, 1049, 1050], [1045, 1048, 1049, 1050], [1044, 1048, 1049, 1050], [1043, 1048, 1049, 1050], [1047, 1049, 1050], [1046, 1049, 1050], [1045, 1049, 1050], [1048, 1050], [1047, 1050], [1046, 1050], [1049], [1047]]
cur_suffix:  [1044, 1046, 1048, 1049, 1050]
fisrt choice: (1.612064605027324e+110, 1041, 17)
baseline:  (1.6120646050430035e+110, [1048, 1048, 1048, 1048, 1048, 1048, 1048, 1048, 1048, 1048, 1048, 1048, 1048, 1048, 1048, 1048, 1048], 1049, 4071)
best 5 choices:
(1.6120646050256462e+110, [1039, 1039, 1039, 1039, 1039, 1039, 1039, 1039, 1039, 1039, 1039, 1039, 1039, 1039, 1039, 1039, 1039, 1043, 1045, 1046, 1048, 1049, 1050], 1049, 4071)
(1.6120646050256753e+110, [1039, 1039, 1039, 1039, 1039, 1039, 1039, 1039, 1039, 1039, 1039, 1039, 1039, 1039, 1039, 1039, 1039, 1044, 1045, 1046, 1047, 1048, 1051], 1049, 4071)
(1.6120646050258014e+110, [1039, 1039, 1039, 1039, 1039, 1039, 1039, 1039, 1039, 1039, 1039, 1039, 1039, 1039, 1039, 1039, 1039, 1039, 1043, 1045, 1046, 1047, 1048, 1051], 1049, 4071)
(1.612064605025802e+110, [1039, 1039, 1039, 1039, 1039, 1039, 1039, 1039, 1039, 1039, 1039, 1039, 1039, 1039, 1039, 1039, 1039, 1039, 1042, 1045, 1046, 1048, 1049, 1050], 1049, 4071)
(1.61206460502582e+110, [1039, 1039, 1039, 1039, 1039, 1039, 1039, 1039, 1039, 1039, 1039, 1039, 1039, 1039, 1039, 1039, 1039, 1039, 1043, 1044, 1045, 1047, 1049, 1051], 1049, 4071)
end round with 16 suffixes


======== round 114 ========
todo suffixes: [[1043, 1044, 1046, 1048, 1049, 1050], [1042, 1044, 1046, 1048, 1049, 1050], [1041, 1044, 1046, 1048, 1049, 1050], [1043, 1046, 1048, 1049, 1050], [1042, 1046, 1048, 1049, 1050], [1045, 1048, 1049, 1050], [1044, 1048, 1049, 1050], [1043, 1048, 1049, 1050], [1047, 1049, 1050], [1046, 1049, 1050], [1045, 1049, 1050], [1048, 1050], [1047, 1050], [1046, 1050], [1049], [1047]]
cur_suffix:  [1043, 1044, 1046, 1048, 1049, 1050]
fisrt choice: (1.612064605026584e+110, 1040, 17)
baseline:  (1.6120646050430035e+110, [1048, 1048, 1048, 1048, 1048, 1048, 1048, 1048, 1048, 1048, 1048, 1048, 1048, 1048, 1048, 1048, 1048], 1049, 4071)
best 5 choices:
(1.6120646050256462e+110, [1039, 1039, 1039, 1039, 1039, 1039, 1039, 1039, 1039, 1039, 1039, 1039, 1039, 1039, 1039, 1039, 1039, 1043, 1045, 1046, 1048, 1049, 1050], 1049, 4071)
(1.6120646050256753e+110, [1039, 1039, 1039, 1039, 1039, 1039, 1039, 1039, 1039, 1039, 1039, 1039, 1039, 1039, 1039, 1039, 1039, 1044, 1045, 1046, 1047, 1048, 1051], 1049, 4071)
(1.6120646050258014e+110, [1039, 1039, 1039, 1039, 1039, 1039, 1039, 1039, 1039, 1039, 1039, 1039, 1039, 1039, 1039, 1039, 1039, 1039, 1043, 1045, 1046, 1047, 1048, 1051], 1049, 4071)
(1.612064605025802e+110, [1039, 1039, 1039, 1039, 1039, 1039, 1039, 1039, 1039, 1039, 1039, 1039, 1039, 1039, 1039, 1039, 1039, 1039, 1042, 1045, 1046, 1048, 1049, 1050], 1049, 4071)
(1.61206460502582e+110, [1039, 1039, 1039, 1039, 1039, 1039, 1039, 1039, 1039, 1039, 1039, 1039, 1039, 1039, 1039, 1039, 1039, 1039, 1043, 1044, 1045, 1047, 1049, 1051], 1049, 4071)
end round with 18 suffixes


======== round 115 ========
todo suffixes: [[1042, 1043, 1044, 1046, 1048, 1049, 1050], [1041, 1043, 1044, 1046, 1048, 1049, 1050], [1040, 1043, 1044, 1046, 1048, 1049, 1050], [1042, 1044, 1046, 1048, 1049, 1050], [1041, 1044, 1046, 1048, 1049, 1050], [1043, 1046, 1048, 1049, 1050], [1042, 1046, 1048, 1049, 1050], [1045, 1048, 1049, 1050], [1044, 1048, 1049, 1050], [1043, 1048, 1049, 1050], [1047, 1049, 1050], [1046, 1049, 1050], [1045, 1049, 1050], [1048, 1050], [1047, 1050], [1046, 1050], [1049], [1047]]
cur_suffix:  [1042, 1043, 1044, 1046, 1048, 1049, 1050]
fisrt choice: (1.612064605025078e+110, 1038, 17)
baseline:  (1.6120646050430035e+110, [1048, 1048, 1048, 1048, 1048, 1048, 1048, 1048, 1048, 1048, 1048, 1048, 1048, 1048, 1048, 1048, 1048], 1049, 4071)
best 5 choices:
(1.612064605025078e+110, [1038, 1038, 1038, 1038, 1038, 1038, 1038, 1038, 1038, 1038, 1038, 1038, 1038, 1038, 1038, 1038, 1038, 1042, 1043, 1044, 1046, 1048, 1049, 1050], 1049, 4071)
(1.6120646050256462e+110, [1039, 1039, 1039, 1039, 1039, 1039, 1039, 1039, 1039, 1039, 1039, 1039, 1039, 1039, 1039, 1039, 1039, 1043, 1045, 1046, 1048, 1049, 1050], 1049, 4071)
(1.6120646050256753e+110, [1039, 1039, 1039, 1039, 1039, 1039, 1039, 1039, 1039, 1039, 1039, 1039, 1039, 1039, 1039, 1039, 1039, 1044, 1045, 1046, 1047, 1048, 1051], 1049, 4071)
(1.6120646050258014e+110, [1039, 1039, 1039, 1039, 1039, 1039, 1039, 1039, 1039, 1039, 1039, 1039, 1039, 1039, 1039, 1039, 1039, 1039, 1043, 1045, 1046, 1047, 1048, 1051], 1049, 4071)
(1.612064605025802e+110, [1039, 1039, 1039, 1039, 1039, 1039, 1039, 1039, 1039, 1039, 1039, 1039, 1039, 1039, 1039, 1039, 1039, 1039, 1042, 1045, 1046, 1048, 1049, 1050], 1049, 4071)
end round with 17 suffixes


======== round 116 ========
todo suffixes: [[1041, 1043, 1044, 1046, 1048, 1049, 1050], [1040, 1043, 1044, 1046, 1048, 1049, 1050], [1042, 1044, 1046, 1048, 1049, 1050], [1041, 1044, 1046, 1048, 1049, 1050], [1043, 1046, 1048, 1049, 1050], [1042, 1046, 1048, 1049, 1050], [1045, 1048, 1049, 1050], [1044, 1048, 1049, 1050], [1043, 1048, 1049, 1050], [1047, 1049, 1050], [1046, 1049, 1050], [1045, 1049, 1050], [1048, 1050], [1047, 1050], [1046, 1050], [1049], [1047]]
cur_suffix:  [1041, 1043, 1044, 1046, 1048, 1049, 1050]
fisrt choice: (1.6120646050252043e+110, 1038, 18)
baseline:  (1.6120646050430035e+110, [1048, 1048, 1048, 1048, 1048, 1048, 1048, 1048, 1048, 1048, 1048, 1048, 1048, 1048, 1048, 1048, 1048], 1049, 4071)
best 5 choices:
(1.612064605025078e+110, [1038, 1038, 1038, 1038, 1038, 1038, 1038, 1038, 1038, 1038, 1038, 1038, 1038, 1038, 1038, 1038, 1038, 1042, 1043, 1044, 1046, 1048, 1049, 1050], 1049, 4071)
(1.6120646050252043e+110, [1038, 1038, 1038, 1038, 1038, 1038, 1038, 1038, 1038, 1038, 1038, 1038, 1038, 1038, 1038, 1038, 1038, 1038, 1041, 1043, 1044, 1046, 1048, 1049, 1050], 1049, 4071)
(1.6120646050256462e+110, [1039, 1039, 1039, 1039, 1039, 1039, 1039, 1039, 1039, 1039, 1039, 1039, 1039, 1039, 1039, 1039, 1039, 1043, 1045, 1046, 1048, 1049, 1050], 1049, 4071)
(1.6120646050256753e+110, [1039, 1039, 1039, 1039, 1039, 1039, 1039, 1039, 1039, 1039, 1039, 1039, 1039, 1039, 1039, 1039, 1039, 1044, 1045, 1046, 1047, 1048, 1051], 1049, 4071)
(1.6120646050258014e+110, [1039, 1039, 1039, 1039, 1039, 1039, 1039, 1039, 1039, 1039, 1039, 1039, 1039, 1039, 1039, 1039, 1039, 1039, 1043, 1045, 1046, 1047, 1048, 1051], 1049, 4071)
end round with 16 suffixes


======== round 117 ========
todo suffixes: [[1040, 1043, 1044, 1046, 1048, 1049, 1050], [1042, 1044, 1046, 1048, 1049, 1050], [1041, 1044, 1046, 1048, 1049, 1050], [1043, 1046, 1048, 1049, 1050], [1042, 1046, 1048, 1049, 1050], [1045, 1048, 1049, 1050], [1044, 1048, 1049, 1050], [1043, 1048, 1049, 1050], [1047, 1049, 1050], [1046, 1049, 1050], [1045, 1049, 1050], [1048, 1050], [1047, 1050], [1046, 1050], [1049], [1047]]
cur_suffix:  [1040, 1043, 1044, 1046, 1048, 1049, 1050]
fisrt choice: (1.6120646050258024e+110, 1039, 17)
baseline:  (1.6120646050430035e+110, [1048, 1048, 1048, 1048, 1048, 1048, 1048, 1048, 1048, 1048, 1048, 1048, 1048, 1048, 1048, 1048, 1048], 1049, 4071)
best 5 choices:
(1.612064605025078e+110, [1038, 1038, 1038, 1038, 1038, 1038, 1038, 1038, 1038, 1038, 1038, 1038, 1038, 1038, 1038, 1038, 1038, 1042, 1043, 1044, 1046, 1048, 1049, 1050], 1049, 4071)
(1.6120646050252043e+110, [1038, 1038, 1038, 1038, 1038, 1038, 1038, 1038, 1038, 1038, 1038, 1038, 1038, 1038, 1038, 1038, 1038, 1038, 1041, 1043, 1044, 1046, 1048, 1049, 1050], 1049, 4071)
(1.6120646050256462e+110, [1039, 1039, 1039, 1039, 1039, 1039, 1039, 1039, 1039, 1039, 1039, 1039, 1039, 1039, 1039, 1039, 1039, 1043, 1045, 1046, 1048, 1049, 1050], 1049, 4071)
(1.6120646050256753e+110, [1039, 1039, 1039, 1039, 1039, 1039, 1039, 1039, 1039, 1039, 1039, 1039, 1039, 1039, 1039, 1039, 1039, 1044, 1045, 1046, 1047, 1048, 1051], 1049, 4071)
(1.6120646050258014e+110, [1039, 1039, 1039, 1039, 1039, 1039, 1039, 1039, 1039, 1039, 1039, 1039, 1039, 1039, 1039, 1039, 1039, 1039, 1043, 1045, 1046, 1047, 1048, 1051], 1049, 4071)
end round with 15 suffixes


======== round 118 ========
todo suffixes: [[1042, 1044, 1046, 1048, 1049, 1050], [1041, 1044, 1046, 1048, 1049, 1050], [1043, 1046, 1048, 1049, 1050], [1042, 1046, 1048, 1049, 1050], [1045, 1048, 1049, 1050], [1044, 1048, 1049, 1050], [1043, 1048, 1049, 1050], [1047, 1049, 1050], [1046, 1049, 1050], [1045, 1049, 1050], [1048, 1050], [1047, 1050], [1046, 1050], [1049], [1047]]
cur_suffix:  [1042, 1044, 1046, 1048, 1049, 1050]
fisrt choice: (1.612064605026459e+110, 1040, 17)
baseline:  (1.6120646050430035e+110, [1048, 1048, 1048, 1048, 1048, 1048, 1048, 1048, 1048, 1048, 1048, 1048, 1048, 1048, 1048, 1048, 1048], 1049, 4071)
best 5 choices:
(1.612064605025078e+110, [1038, 1038, 1038, 1038, 1038, 1038, 1038, 1038, 1038, 1038, 1038, 1038, 1038, 1038, 1038, 1038, 1038, 1042, 1043, 1044, 1046, 1048, 1049, 1050], 1049, 4071)
(1.6120646050252043e+110, [1038, 1038, 1038, 1038, 1038, 1038, 1038, 1038, 1038, 1038, 1038, 1038, 1038, 1038, 1038, 1038, 1038, 1038, 1041, 1043, 1044, 1046, 1048, 1049, 1050], 1049, 4071)
(1.6120646050256462e+110, [1039, 1039, 1039, 1039, 1039, 1039, 1039, 1039, 1039, 1039, 1039, 1039, 1039, 1039, 1039, 1039, 1039, 1043, 1045, 1046, 1048, 1049, 1050], 1049, 4071)
(1.6120646050256753e+110, [1039, 1039, 1039, 1039, 1039, 1039, 1039, 1039, 1039, 1039, 1039, 1039, 1039, 1039, 1039, 1039, 1039, 1044, 1045, 1046, 1047, 1048, 1051], 1049, 4071)
(1.6120646050258014e+110, [1039, 1039, 1039, 1039, 1039, 1039, 1039, 1039, 1039, 1039, 1039, 1039, 1039, 1039, 1039, 1039, 1039, 1039, 1043, 1045, 1046, 1047, 1048, 1051], 1049, 4071)
end round with 16 suffixes


======== round 119 ========
todo suffixes: [[1041, 1042, 1044, 1046, 1048, 1049, 1050], [1040, 1042, 1044, 1046, 1048, 1049, 1050], [1041, 1044, 1046, 1048, 1049, 1050], [1043, 1046, 1048, 1049, 1050], [1042, 1046, 1048, 1049, 1050], [1045, 1048, 1049, 1050], [1044, 1048, 1049, 1050], [1043, 1048, 1049, 1050], [1047, 1049, 1050], [1046, 1049, 1050], [1045, 1049, 1050], [1048, 1050], [1047, 1050], [1046, 1050], [1049], [1047]]
cur_suffix:  [1041, 1042, 1044, 1046, 1048, 1049, 1050]
fisrt choice: (1.6120646050257594e+110, 1039, 17)
baseline:  (1.6120646050430035e+110, [1048, 1048, 1048, 1048, 1048, 1048, 1048, 1048, 1048, 1048, 1048, 1048, 1048, 1048, 1048, 1048, 1048], 1049, 4071)
best 5 choices:
(1.612064605025078e+110, [1038, 1038, 1038, 1038, 1038, 1038, 1038, 1038, 1038, 1038, 1038, 1038, 1038, 1038, 1038, 1038, 1038, 1042, 1043, 1044, 1046, 1048, 1049, 1050], 1049, 4071)
(1.6120646050252043e+110, [1038, 1038, 1038, 1038, 1038, 1038, 1038, 1038, 1038, 1038, 1038, 1038, 1038, 1038, 1038, 1038, 1038, 1038, 1041, 1043, 1044, 1046, 1048, 1049, 1050], 1049, 4071)
(1.6120646050256462e+110, [1039, 1039, 1039, 1039, 1039, 1039, 1039, 1039, 1039, 1039, 1039, 1039, 1039, 1039, 1039, 1039, 1039, 1043, 1045, 1046, 1048, 1049, 1050], 1049, 4071)
(1.6120646050256753e+110, [1039, 1039, 1039, 1039, 1039, 1039, 1039, 1039, 1039, 1039, 1039, 1039, 1039, 1039, 1039, 1039, 1039, 1044, 1045, 1046, 1047, 1048, 1051], 1049, 4071)
(1.6120646050257594e+110, [1039, 1039, 1039, 1039, 1039, 1039, 1039, 1039, 1039, 1039, 1039, 1039, 1039, 1039, 1039, 1039, 1039, 1041, 1042, 1044, 1046, 1048, 1049, 1050], 1049, 4071)
end round with 15 suffixes


======== round 120 ========
todo suffixes: [[1040, 1042, 1044, 1046, 1048, 1049, 1050], [1041, 1044, 1046, 1048, 1049, 1050], [1043, 1046, 1048, 1049, 1050], [1042, 1046, 1048, 1049, 1050], [1045, 1048, 1049, 1050], [1044, 1048, 1049, 1050], [1043, 1048, 1049, 1050], [1047, 1049, 1050], [1046, 1049, 1050], [1045, 1049, 1050], [1048, 1050], [1047, 1050], [1046, 1050], [1049], [1047]]
cur_suffix:  [1040, 1042, 1044, 1046, 1048, 1049, 1050]
fisrt choice: (1.6120646050259583e+110, 1039, 18)
baseline:  (1.6120646050430035e+110, [1048, 1048, 1048, 1048, 1048, 1048, 1048, 1048, 1048, 1048, 1048, 1048, 1048, 1048, 1048, 1048, 1048], 1049, 4071)
best 5 choices:
(1.612064605025078e+110, [1038, 1038, 1038, 1038, 1038, 1038, 1038, 1038, 1038, 1038, 1038, 1038, 1038, 1038, 1038, 1038, 1038, 1042, 1043, 1044, 1046, 1048, 1049, 1050], 1049, 4071)
(1.6120646050252043e+110, [1038, 1038, 1038, 1038, 1038, 1038, 1038, 1038, 1038, 1038, 1038, 1038, 1038, 1038, 1038, 1038, 1038, 1038, 1041, 1043, 1044, 1046, 1048, 1049, 1050], 1049, 4071)
(1.6120646050256462e+110, [1039, 1039, 1039, 1039, 1039, 1039, 1039, 1039, 1039, 1039, 1039, 1039, 1039, 1039, 1039, 1039, 1039, 1043, 1045, 1046, 1048, 1049, 1050], 1049, 4071)
(1.6120646050256753e+110, [1039, 1039, 1039, 1039, 1039, 1039, 1039, 1039, 1039, 1039, 1039, 1039, 1039, 1039, 1039, 1039, 1039, 1044, 1045, 1046, 1047, 1048, 1051], 1049, 4071)
(1.6120646050257594e+110, [1039, 1039, 1039, 1039, 1039, 1039, 1039, 1039, 1039, 1039, 1039, 1039, 1039, 1039, 1039, 1039, 1039, 1041, 1042, 1044, 1046, 1048, 1049, 1050], 1049, 4071)
end round with 14 suffixes


======== round 121 ========
todo suffixes: [[1041, 1044, 1046, 1048, 1049, 1050], [1043, 1046, 1048, 1049, 1050], [1042, 1046, 1048, 1049, 1050], [1045, 1048, 1049, 1050], [1044, 1048, 1049, 1050], [1043, 1048, 1049, 1050], [1047, 1049, 1050], [1046, 1049, 1050], [1045, 1049, 1050], [1048, 1050], [1047, 1050], [1046, 1050], [1049], [1047]]
cur_suffix:  [1041, 1044, 1046, 1048, 1049, 1050]
fisrt choice: (1.6120646050267052e+110, 1040, 18)
baseline:  (1.6120646050430035e+110, [1048, 1048, 1048, 1048, 1048, 1048, 1048, 1048, 1048, 1048, 1048, 1048, 1048, 1048, 1048, 1048, 1048], 1049, 4071)
best 5 choices:
(1.612064605025078e+110, [1038, 1038, 1038, 1038, 1038, 1038, 1038, 1038, 1038, 1038, 1038, 1038, 1038, 1038, 1038, 1038, 1038, 1042, 1043, 1044, 1046, 1048, 1049, 1050], 1049, 4071)
(1.6120646050252043e+110, [1038, 1038, 1038, 1038, 1038, 1038, 1038, 1038, 1038, 1038, 1038, 1038, 1038, 1038, 1038, 1038, 1038, 1038, 1041, 1043, 1044, 1046, 1048, 1049, 1050], 1049, 4071)
(1.6120646050256462e+110, [1039, 1039, 1039, 1039, 1039, 1039, 1039, 1039, 1039, 1039, 1039, 1039, 1039, 1039, 1039, 1039, 1039, 1043, 1045, 1046, 1048, 1049, 1050], 1049, 4071)
(1.6120646050256753e+110, [1039, 1039, 1039, 1039, 1039, 1039, 1039, 1039, 1039, 1039, 1039, 1039, 1039, 1039, 1039, 1039, 1039, 1044, 1045, 1046, 1047, 1048, 1051], 1049, 4071)
(1.6120646050257594e+110, [1039, 1039, 1039, 1039, 1039, 1039, 1039, 1039, 1039, 1039, 1039, 1039, 1039, 1039, 1039, 1039, 1039, 1041, 1042, 1044, 1046, 1048, 1049, 1050], 1049, 4071)
end round with 14 suffixes


======== round 122 ========
todo suffixes: [[1040, 1041, 1044, 1046, 1048, 1049, 1050], [1043, 1046, 1048, 1049, 1050], [1042, 1046, 1048, 1049, 1050], [1045, 1048, 1049, 1050], [1044, 1048, 1049, 1050], [1043, 1048, 1049, 1050], [1047, 1049, 1050], [1046, 1049, 1050], [1045, 1049, 1050], [1048, 1050], [1047, 1050], [1046, 1050], [1049], [1047]]
cur_suffix:  [1040, 1041, 1044, 1046, 1048, 1049, 1050]
fisrt choice: (-1, -1, -1)
baseline:  (1.6120646050430035e+110, [1048, 1048, 1048, 1048, 1048, 1048, 1048, 1048, 1048, 1048, 1048, 1048, 1048, 1048, 1048, 1048, 1048], 1049, 4071)
the strategy is infeasible, continue


======== round 123 ========
todo suffixes: [[1043, 1046, 1048, 1049, 1050], [1042, 1046, 1048, 1049, 1050], [1045, 1048, 1049, 1050], [1044, 1048, 1049, 1050], [1043, 1048, 1049, 1050], [1047, 1049, 1050], [1046, 1049, 1050], [1045, 1049, 1050], [1048, 1050], [1047, 1050], [1046, 1050], [1049], [1047]]
cur_suffix:  [1043, 1046, 1048, 1049, 1050]
fisrt choice: (1.6120646050275987e+110, 1041, 18)
baseline:  (1.6120646050430035e+110, [1048, 1048, 1048, 1048, 1048, 1048, 1048, 1048, 1048, 1048, 1048, 1048, 1048, 1048, 1048, 1048, 1048], 1049, 4071)
best 5 choices:
(1.612064605025078e+110, [1038, 1038, 1038, 1038, 1038, 1038, 1038, 1038, 1038, 1038, 1038, 1038, 1038, 1038, 1038, 1038, 1038, 1042, 1043, 1044, 1046, 1048, 1049, 1050], 1049, 4071)
(1.6120646050252043e+110, [1038, 1038, 1038, 1038, 1038, 1038, 1038, 1038, 1038, 1038, 1038, 1038, 1038, 1038, 1038, 1038, 1038, 1038, 1041, 1043, 1044, 1046, 1048, 1049, 1050], 1049, 4071)
(1.6120646050256462e+110, [1039, 1039, 1039, 1039, 1039, 1039, 1039, 1039, 1039, 1039, 1039, 1039, 1039, 1039, 1039, 1039, 1039, 1043, 1045, 1046, 1048, 1049, 1050], 1049, 4071)
(1.6120646050256753e+110, [1039, 1039, 1039, 1039, 1039, 1039, 1039, 1039, 1039, 1039, 1039, 1039, 1039, 1039, 1039, 1039, 1039, 1044, 1045, 1046, 1047, 1048, 1051], 1049, 4071)
(1.6120646050257594e+110, [1039, 1039, 1039, 1039, 1039, 1039, 1039, 1039, 1039, 1039, 1039, 1039, 1039, 1039, 1039, 1039, 1039, 1041, 1042, 1044, 1046, 1048, 1049, 1050], 1049, 4071)
end round with 14 suffixes


======== round 124 ========
todo suffixes: [[1042, 1043, 1046, 1048, 1049, 1050], [1041, 1043, 1046, 1048, 1049, 1050], [1042, 1046, 1048, 1049, 1050], [1045, 1048, 1049, 1050], [1044, 1048, 1049, 1050], [1043, 1048, 1049, 1050], [1047, 1049, 1050], [1046, 1049, 1050], [1045, 1049, 1050], [1048, 1050], [1047, 1050], [1046, 1050], [1049], [1047]]
cur_suffix:  [1042, 1043, 1046, 1048, 1049, 1050]
fisrt choice: (1.612064605026999e+110, 1040, 19)
baseline:  (1.6120646050430035e+110, [1048, 1048, 1048, 1048, 1048, 1048, 1048, 1048, 1048, 1048, 1048, 1048, 1048, 1048, 1048, 1048, 1048], 1049, 4071)
best 5 choices:
(1.612064605025078e+110, [1038, 1038, 1038, 1038, 1038, 1038, 1038, 1038, 1038, 1038, 1038, 1038, 1038, 1038, 1038, 1038, 1038, 1042, 1043, 1044, 1046, 1048, 1049, 1050], 1049, 4071)
(1.6120646050252043e+110, [1038, 1038, 1038, 1038, 1038, 1038, 1038, 1038, 1038, 1038, 1038, 1038, 1038, 1038, 1038, 1038, 1038, 1038, 1041, 1043, 1044, 1046, 1048, 1049, 1050], 1049, 4071)
(1.6120646050256462e+110, [1039, 1039, 1039, 1039, 1039, 1039, 1039, 1039, 1039, 1039, 1039, 1039, 1039, 1039, 1039, 1039, 1039, 1043, 1045, 1046, 1048, 1049, 1050], 1049, 4071)
(1.6120646050256753e+110, [1039, 1039, 1039, 1039, 1039, 1039, 1039, 1039, 1039, 1039, 1039, 1039, 1039, 1039, 1039, 1039, 1039, 1044, 1045, 1046, 1047, 1048, 1051], 1049, 4071)
(1.6120646050257594e+110, [1039, 1039, 1039, 1039, 1039, 1039, 1039, 1039, 1039, 1039, 1039, 1039, 1039, 1039, 1039, 1039, 1039, 1041, 1042, 1044, 1046, 1048, 1049, 1050], 1049, 4071)
end round with 15 suffixes


======== round 125 ========
todo suffixes: [[1041, 1042, 1043, 1046, 1048, 1049, 1050], [1040, 1042, 1043, 1046, 1048, 1049, 1050], [1041, 1043, 1046, 1048, 1049, 1050], [1042, 1046, 1048, 1049, 1050], [1045, 1048, 1049, 1050], [1044, 1048, 1049, 1050], [1043, 1048, 1049, 1050], [1047, 1049, 1050], [1046, 1049, 1050], [1045, 1049, 1050], [1048, 1050], [1047, 1050], [1046, 1050], [1049], [1047]]
cur_suffix:  [1041, 1042, 1043, 1046, 1048, 1049, 1050]
fisrt choice: (1.6120646050267336e+110, 1040, 17)
baseline:  (1.6120646050430035e+110, [1048, 1048, 1048, 1048, 1048, 1048, 1048, 1048, 1048, 1048, 1048, 1048, 1048, 1048, 1048, 1048, 1048], 1049, 4071)
best 5 choices:
(1.612064605025078e+110, [1038, 1038, 1038, 1038, 1038, 1038, 1038, 1038, 1038, 1038, 1038, 1038, 1038, 1038, 1038, 1038, 1038, 1042, 1043, 1044, 1046, 1048, 1049, 1050], 1049, 4071)
(1.6120646050252043e+110, [1038, 1038, 1038, 1038, 1038, 1038, 1038, 1038, 1038, 1038, 1038, 1038, 1038, 1038, 1038, 1038, 1038, 1038, 1041, 1043, 1044, 1046, 1048, 1049, 1050], 1049, 4071)
(1.6120646050256462e+110, [1039, 1039, 1039, 1039, 1039, 1039, 1039, 1039, 1039, 1039, 1039, 1039, 1039, 1039, 1039, 1039, 1039, 1043, 1045, 1046, 1048, 1049, 1050], 1049, 4071)
(1.6120646050256753e+110, [1039, 1039, 1039, 1039, 1039, 1039, 1039, 1039, 1039, 1039, 1039, 1039, 1039, 1039, 1039, 1039, 1039, 1044, 1045, 1046, 1047, 1048, 1051], 1049, 4071)
(1.6120646050257594e+110, [1039, 1039, 1039, 1039, 1039, 1039, 1039, 1039, 1039, 1039, 1039, 1039, 1039, 1039, 1039, 1039, 1039, 1041, 1042, 1044, 1046, 1048, 1049, 1050], 1049, 4071)
end round with 15 suffixes


======== round 126 ========
todo suffixes: [[1040, 1041, 1042, 1043, 1046, 1048, 1049, 1050], [1040, 1042, 1043, 1046, 1048, 1049, 1050], [1041, 1043, 1046, 1048, 1049, 1050], [1042, 1046, 1048, 1049, 1050], [1045, 1048, 1049, 1050], [1044, 1048, 1049, 1050], [1043, 1048, 1049, 1050], [1047, 1049, 1050], [1046, 1049, 1050], [1045, 1049, 1050], [1048, 1050], [1047, 1050], [1046, 1050], [1049], [1047]]
cur_suffix:  [1040, 1041, 1042, 1043, 1046, 1048, 1049, 1050]
fisrt choice: (1.612064605026233e+110, 1039, 18)
baseline:  (1.6120646050430035e+110, [1048, 1048, 1048, 1048, 1048, 1048, 1048, 1048, 1048, 1048, 1048, 1048, 1048, 1048, 1048, 1048, 1048], 1049, 4071)
best 5 choices:
(1.612064605025078e+110, [1038, 1038, 1038, 1038, 1038, 1038, 1038, 1038, 1038, 1038, 1038, 1038, 1038, 1038, 1038, 1038, 1038, 1042, 1043, 1044, 1046, 1048, 1049, 1050], 1049, 4071)
(1.6120646050252043e+110, [1038, 1038, 1038, 1038, 1038, 1038, 1038, 1038, 1038, 1038, 1038, 1038, 1038, 1038, 1038, 1038, 1038, 1038, 1041, 1043, 1044, 1046, 1048, 1049, 1050], 1049, 4071)
(1.6120646050256462e+110, [1039, 1039, 1039, 1039, 1039, 1039, 1039, 1039, 1039, 1039, 1039, 1039, 1039, 1039, 1039, 1039, 1039, 1043, 1045, 1046, 1048, 1049, 1050], 1049, 4071)
(1.6120646050256753e+110, [1039, 1039, 1039, 1039, 1039, 1039, 1039, 1039, 1039, 1039, 1039, 1039, 1039, 1039, 1039, 1039, 1039, 1044, 1045, 1046, 1047, 1048, 1051], 1049, 4071)
(1.6120646050257594e+110, [1039, 1039, 1039, 1039, 1039, 1039, 1039, 1039, 1039, 1039, 1039, 1039, 1039, 1039, 1039, 1039, 1039, 1041, 1042, 1044, 1046, 1048, 1049, 1050], 1049, 4071)
end round with 14 suffixes


======== round 127 ========
todo suffixes: [[1040, 1042, 1043, 1046, 1048, 1049, 1050], [1041, 1043, 1046, 1048, 1049, 1050], [1042, 1046, 1048, 1049, 1050], [1045, 1048, 1049, 1050], [1044, 1048, 1049, 1050], [1043, 1048, 1049, 1050], [1047, 1049, 1050], [1046, 1049, 1050], [1045, 1049, 1050], [1048, 1050], [1047, 1050], [1046, 1050], [1049], [1047]]
cur_suffix:  [1040, 1042, 1043, 1046, 1048, 1049, 1050]
fisrt choice: (-1, -1, -1)
baseline:  (1.6120646050430035e+110, [1048, 1048, 1048, 1048, 1048, 1048, 1048, 1048, 1048, 1048, 1048, 1048, 1048, 1048, 1048, 1048, 1048], 1049, 4071)
the strategy is infeasible, continue


======== round 128 ========
todo suffixes: [[1041, 1043, 1046, 1048, 1049, 1050], [1042, 1046, 1048, 1049, 1050], [1045, 1048, 1049, 1050], [1044, 1048, 1049, 1050], [1043, 1048, 1049, 1050], [1047, 1049, 1050], [1046, 1049, 1050], [1045, 1049, 1050], [1048, 1050], [1047, 1050], [1046, 1050], [1049], [1047]]
cur_suffix:  [1041, 1043, 1046, 1048, 1049, 1050]
fisrt choice: (-1, -1, -1)
baseline:  (1.6120646050430035e+110, [1048, 1048, 1048, 1048, 1048, 1048, 1048, 1048, 1048, 1048, 1048, 1048, 1048, 1048, 1048, 1048, 1048], 1049, 4071)
the strategy is infeasible, continue


======== round 129 ========
todo suffixes: [[1042, 1046, 1048, 1049, 1050], [1045, 1048, 1049, 1050], [1044, 1048, 1049, 1050], [1043, 1048, 1049, 1050], [1047, 1049, 1050], [1046, 1049, 1050], [1045, 1049, 1050], [1048, 1050], [1047, 1050], [1046, 1050], [1049], [1047]]
cur_suffix:  [1042, 1046, 1048, 1049, 1050]
fisrt choice: (-1, -1, -1)
baseline:  (1.6120646050430035e+110, [1048, 1048, 1048, 1048, 1048, 1048, 1048, 1048, 1048, 1048, 1048, 1048, 1048, 1048, 1048, 1048, 1048], 1049, 4071)
the strategy is infeasible, continue


======== round 130 ========
todo suffixes: [[1045, 1048, 1049, 1050], [1044, 1048, 1049, 1050], [1043, 1048, 1049, 1050], [1047, 1049, 1050], [1046, 1049, 1050], [1045, 1049, 1050], [1048, 1050], [1047, 1050], [1046, 1050], [1049], [1047]]
cur_suffix:  [1045, 1048, 1049, 1050]
fisrt choice: (1.6120646050290575e+110, 1042, 19)
baseline:  (1.6120646050430035e+110, [1048, 1048, 1048, 1048, 1048, 1048, 1048, 1048, 1048, 1048, 1048, 1048, 1048, 1048, 1048, 1048, 1048], 1049, 4071)
best 5 choices:
(1.612064605025078e+110, [1038, 1038, 1038, 1038, 1038, 1038, 1038, 1038, 1038, 1038, 1038, 1038, 1038, 1038, 1038, 1038, 1038, 1042, 1043, 1044, 1046, 1048, 1049, 1050], 1049, 4071)
(1.6120646050252043e+110, [1038, 1038, 1038, 1038, 1038, 1038, 1038, 1038, 1038, 1038, 1038, 1038, 1038, 1038, 1038, 1038, 1038, 1038, 1041, 1043, 1044, 1046, 1048, 1049, 1050], 1049, 4071)
(1.6120646050256462e+110, [1039, 1039, 1039, 1039, 1039, 1039, 1039, 1039, 1039, 1039, 1039, 1039, 1039, 1039, 1039, 1039, 1039, 1043, 1045, 1046, 1048, 1049, 1050], 1049, 4071)
(1.6120646050256753e+110, [1039, 1039, 1039, 1039, 1039, 1039, 1039, 1039, 1039, 1039, 1039, 1039, 1039, 1039, 1039, 1039, 1039, 1044, 1045, 1046, 1047, 1048, 1051], 1049, 4071)
(1.6120646050257594e+110, [1039, 1039, 1039, 1039, 1039, 1039, 1039, 1039, 1039, 1039, 1039, 1039, 1039, 1039, 1039, 1039, 1039, 1041, 1042, 1044, 1046, 1048, 1049, 1050], 1049, 4071)
end round with 13 suffixes


======== round 131 ========
todo suffixes: [[1044, 1045, 1048, 1049, 1050], [1043, 1045, 1048, 1049, 1050], [1042, 1045, 1048, 1049, 1050], [1044, 1048, 1049, 1050], [1043, 1048, 1049, 1050], [1047, 1049, 1050], [1046, 1049, 1050], [1045, 1049, 1050], [1048, 1050], [1047, 1050], [1046, 1050], [1049], [1047]]
cur_suffix:  [1044, 1045, 1048, 1049, 1050]
fisrt choice: (1.612064605028276e+110, 1042, 16)
baseline:  (1.6120646050430035e+110, [1048, 1048, 1048, 1048, 1048, 1048, 1048, 1048, 1048, 1048, 1048, 1048, 1048, 1048, 1048, 1048, 1048], 1049, 4071)
best 5 choices:
(1.612064605025078e+110, [1038, 1038, 1038, 1038, 1038, 1038, 1038, 1038, 1038, 1038, 1038, 1038, 1038, 1038, 1038, 1038, 1038, 1042, 1043, 1044, 1046, 1048, 1049, 1050], 1049, 4071)
(1.6120646050252043e+110, [1038, 1038, 1038, 1038, 1038, 1038, 1038, 1038, 1038, 1038, 1038, 1038, 1038, 1038, 1038, 1038, 1038, 1038, 1041, 1043, 1044, 1046, 1048, 1049, 1050], 1049, 4071)
(1.6120646050256462e+110, [1039, 1039, 1039, 1039, 1039, 1039, 1039, 1039, 1039, 1039, 1039, 1039, 1039, 1039, 1039, 1039, 1039, 1043, 1045, 1046, 1048, 1049, 1050], 1049, 4071)
(1.6120646050256753e+110, [1039, 1039, 1039, 1039, 1039, 1039, 1039, 1039, 1039, 1039, 1039, 1039, 1039, 1039, 1039, 1039, 1039, 1044, 1045, 1046, 1047, 1048, 1051], 1049, 4071)
(1.6120646050257594e+110, [1039, 1039, 1039, 1039, 1039, 1039, 1039, 1039, 1039, 1039, 1039, 1039, 1039, 1039, 1039, 1039, 1039, 1041, 1042, 1044, 1046, 1048, 1049, 1050], 1049, 4071)
end round with 14 suffixes


======== round 132 ========
todo suffixes: [[1043, 1044, 1045, 1048, 1049, 1050], [1042, 1044, 1045, 1048, 1049, 1050], [1043, 1045, 1048, 1049, 1050], [1042, 1045, 1048, 1049, 1050], [1044, 1048, 1049, 1050], [1043, 1048, 1049, 1050], [1047, 1049, 1050], [1046, 1049, 1050], [1045, 1049, 1050], [1048, 1050], [1047, 1050], [1046, 1050], [1049], [1047]]
cur_suffix:  [1043, 1044, 1045, 1048, 1049, 1050]
fisrt choice: (1.6120646050266952e+110, 1040, 18)
baseline:  (1.6120646050430035e+110, [1048, 1048, 1048, 1048, 1048, 1048, 1048, 1048, 1048, 1048, 1048, 1048, 1048, 1048, 1048, 1048, 1048], 1049, 4071)
best 5 choices:
(1.612064605025078e+110, [1038, 1038, 1038, 1038, 1038, 1038, 1038, 1038, 1038, 1038, 1038, 1038, 1038, 1038, 1038, 1038, 1038, 1042, 1043, 1044, 1046, 1048, 1049, 1050], 1049, 4071)
(1.6120646050252043e+110, [1038, 1038, 1038, 1038, 1038, 1038, 1038, 1038, 1038, 1038, 1038, 1038, 1038, 1038, 1038, 1038, 1038, 1038, 1041, 1043, 1044, 1046, 1048, 1049, 1050], 1049, 4071)
(1.6120646050256462e+110, [1039, 1039, 1039, 1039, 1039, 1039, 1039, 1039, 1039, 1039, 1039, 1039, 1039, 1039, 1039, 1039, 1039, 1043, 1045, 1046, 1048, 1049, 1050], 1049, 4071)
(1.6120646050256753e+110, [1039, 1039, 1039, 1039, 1039, 1039, 1039, 1039, 1039, 1039, 1039, 1039, 1039, 1039, 1039, 1039, 1039, 1044, 1045, 1046, 1047, 1048, 1051], 1049, 4071)
(1.6120646050257594e+110, [1039, 1039, 1039, 1039, 1039, 1039, 1039, 1039, 1039, 1039, 1039, 1039, 1039, 1039, 1039, 1039, 1039, 1041, 1042, 1044, 1046, 1048, 1049, 1050], 1049, 4071)
end round with 16 suffixes


======== round 133 ========
todo suffixes: [[1042, 1043, 1044, 1045, 1048, 1049, 1050], [1041, 1043, 1044, 1045, 1048, 1049, 1050], [1040, 1043, 1044, 1045, 1048, 1049, 1050], [1042, 1044, 1045, 1048, 1049, 1050], [1043, 1045, 1048, 1049, 1050], [1042, 1045, 1048, 1049, 1050], [1044, 1048, 1049, 1050], [1043, 1048, 1049, 1050], [1047, 1049, 1050], [1046, 1049, 1050], [1045, 1049, 1050], [1048, 1050], [1047, 1050], [1046, 1050], [1049], [1047]]
cur_suffix:  [1042, 1043, 1044, 1045, 1048, 1049, 1050]
fisrt choice: (1.6120646050257494e+110, 1039, 17)
baseline:  (1.6120646050430035e+110, [1048, 1048, 1048, 1048, 1048, 1048, 1048, 1048, 1048, 1048, 1048, 1048, 1048, 1048, 1048, 1048, 1048], 1049, 4071)
best 5 choices:
(1.612064605025078e+110, [1038, 1038, 1038, 1038, 1038, 1038, 1038, 1038, 1038, 1038, 1038, 1038, 1038, 1038, 1038, 1038, 1038, 1042, 1043, 1044, 1046, 1048, 1049, 1050], 1049, 4071)
(1.6120646050252043e+110, [1038, 1038, 1038, 1038, 1038, 1038, 1038, 1038, 1038, 1038, 1038, 1038, 1038, 1038, 1038, 1038, 1038, 1038, 1041, 1043, 1044, 1046, 1048, 1049, 1050], 1049, 4071)
(1.6120646050256462e+110, [1039, 1039, 1039, 1039, 1039, 1039, 1039, 1039, 1039, 1039, 1039, 1039, 1039, 1039, 1039, 1039, 1039, 1043, 1045, 1046, 1048, 1049, 1050], 1049, 4071)
(1.6120646050256753e+110, [1039, 1039, 1039, 1039, 1039, 1039, 1039, 1039, 1039, 1039, 1039, 1039, 1039, 1039, 1039, 1039, 1039, 1044, 1045, 1046, 1047, 1048, 1051], 1049, 4071)
(1.6120646050257494e+110, [1039, 1039, 1039, 1039, 1039, 1039, 1039, 1039, 1039, 1039, 1039, 1039, 1039, 1039, 1039, 1039, 1039, 1042, 1043, 1044, 1045, 1048, 1049, 1050], 1049, 4071)
end round with 15 suffixes


======== round 134 ========
todo suffixes: [[1041, 1043, 1044, 1045, 1048, 1049, 1050], [1040, 1043, 1044, 1045, 1048, 1049, 1050], [1042, 1044, 1045, 1048, 1049, 1050], [1043, 1045, 1048, 1049, 1050], [1042, 1045, 1048, 1049, 1050], [1044, 1048, 1049, 1050], [1043, 1048, 1049, 1050], [1047, 1049, 1050], [1046, 1049, 1050], [1045, 1049, 1050], [1048, 1050], [1047, 1050], [1046, 1050], [1049], [1047]]
cur_suffix:  [1041, 1043, 1044, 1045, 1048, 1049, 1050]
fisrt choice: (1.6120646050259292e+110, 1039, 18)
baseline:  (1.6120646050430035e+110, [1048, 1048, 1048, 1048, 1048, 1048, 1048, 1048, 1048, 1048, 1048, 1048, 1048, 1048, 1048, 1048, 1048], 1049, 4071)
best 5 choices:
(1.612064605025078e+110, [1038, 1038, 1038, 1038, 1038, 1038, 1038, 1038, 1038, 1038, 1038, 1038, 1038, 1038, 1038, 1038, 1038, 1042, 1043, 1044, 1046, 1048, 1049, 1050], 1049, 4071)
(1.6120646050252043e+110, [1038, 1038, 1038, 1038, 1038, 1038, 1038, 1038, 1038, 1038, 1038, 1038, 1038, 1038, 1038, 1038, 1038, 1038, 1041, 1043, 1044, 1046, 1048, 1049, 1050], 1049, 4071)
(1.6120646050256462e+110, [1039, 1039, 1039, 1039, 1039, 1039, 1039, 1039, 1039, 1039, 1039, 1039, 1039, 1039, 1039, 1039, 1039, 1043, 1045, 1046, 1048, 1049, 1050], 1049, 4071)
(1.6120646050256753e+110, [1039, 1039, 1039, 1039, 1039, 1039, 1039, 1039, 1039, 1039, 1039, 1039, 1039, 1039, 1039, 1039, 1039, 1044, 1045, 1046, 1047, 1048, 1051], 1049, 4071)
(1.6120646050257494e+110, [1039, 1039, 1039, 1039, 1039, 1039, 1039, 1039, 1039, 1039, 1039, 1039, 1039, 1039, 1039, 1039, 1039, 1042, 1043, 1044, 1045, 1048, 1049, 1050], 1049, 4071)
end round with 14 suffixes


======== round 135 ========
todo suffixes: [[1040, 1043, 1044, 1045, 1048, 1049, 1050], [1042, 1044, 1045, 1048, 1049, 1050], [1043, 1045, 1048, 1049, 1050], [1042, 1045, 1048, 1049, 1050], [1044, 1048, 1049, 1050], [1043, 1048, 1049, 1050], [1047, 1049, 1050], [1046, 1049, 1050], [1045, 1049, 1050], [1048, 1050], [1047, 1050], [1046, 1050], [1049], [1047]]
cur_suffix:  [1040, 1043, 1044, 1045, 1048, 1049, 1050]
fisrt choice: (-1, -1, -1)
baseline:  (1.6120646050430035e+110, [1048, 1048, 1048, 1048, 1048, 1048, 1048, 1048, 1048, 1048, 1048, 1048, 1048, 1048, 1048, 1048, 1048], 1049, 4071)
the strategy is infeasible, continue


======== round 136 ========
todo suffixes: [[1042, 1044, 1045, 1048, 1049, 1050], [1043, 1045, 1048, 1049, 1050], [1042, 1045, 1048, 1049, 1050], [1044, 1048, 1049, 1050], [1043, 1048, 1049, 1050], [1047, 1049, 1050], [1046, 1049, 1050], [1045, 1049, 1050], [1048, 1050], [1047, 1050], [1046, 1050], [1049], [1047]]
cur_suffix:  [1042, 1044, 1045, 1048, 1049, 1050]
fisrt choice: (1.6120646050269175e+110, 1040, 19)
baseline:  (1.6120646050430035e+110, [1048, 1048, 1048, 1048, 1048, 1048, 1048, 1048, 1048, 1048, 1048, 1048, 1048, 1048, 1048, 1048, 1048], 1049, 4071)
best 5 choices:
(1.612064605025078e+110, [1038, 1038, 1038, 1038, 1038, 1038, 1038, 1038, 1038, 1038, 1038, 1038, 1038, 1038, 1038, 1038, 1038, 1042, 1043, 1044, 1046, 1048, 1049, 1050], 1049, 4071)
(1.6120646050252043e+110, [1038, 1038, 1038, 1038, 1038, 1038, 1038, 1038, 1038, 1038, 1038, 1038, 1038, 1038, 1038, 1038, 1038, 1038, 1041, 1043, 1044, 1046, 1048, 1049, 1050], 1049, 4071)
(1.6120646050256462e+110, [1039, 1039, 1039, 1039, 1039, 1039, 1039, 1039, 1039, 1039, 1039, 1039, 1039, 1039, 1039, 1039, 1039, 1043, 1045, 1046, 1048, 1049, 1050], 1049, 4071)
(1.6120646050256753e+110, [1039, 1039, 1039, 1039, 1039, 1039, 1039, 1039, 1039, 1039, 1039, 1039, 1039, 1039, 1039, 1039, 1039, 1044, 1045, 1046, 1047, 1048, 1051], 1049, 4071)
(1.6120646050257494e+110, [1039, 1039, 1039, 1039, 1039, 1039, 1039, 1039, 1039, 1039, 1039, 1039, 1039, 1039, 1039, 1039, 1039, 1042, 1043, 1044, 1045, 1048, 1049, 1050], 1049, 4071)
end round with 14 suffixes


======== round 137 ========
todo suffixes: [[1041, 1042, 1044, 1045, 1048, 1049, 1050], [1040, 1042, 1044, 1045, 1048, 1049, 1050], [1043, 1045, 1048, 1049, 1050], [1042, 1045, 1048, 1049, 1050], [1044, 1048, 1049, 1050], [1043, 1048, 1049, 1050], [1047, 1049, 1050], [1046, 1049, 1050], [1045, 1049, 1050], [1048, 1050], [1047, 1050], [1046, 1050], [1049], [1047]]
cur_suffix:  [1041, 1042, 1044, 1045, 1048, 1049, 1050]
fisrt choice: (1.612064605026652e+110, 1040, 17)
baseline:  (1.6120646050430035e+110, [1048, 1048, 1048, 1048, 1048, 1048, 1048, 1048, 1048, 1048, 1048, 1048, 1048, 1048, 1048, 1048, 1048], 1049, 4071)
best 5 choices:
(1.612064605025078e+110, [1038, 1038, 1038, 1038, 1038, 1038, 1038, 1038, 1038, 1038, 1038, 1038, 1038, 1038, 1038, 1038, 1038, 1042, 1043, 1044, 1046, 1048, 1049, 1050], 1049, 4071)
(1.6120646050252043e+110, [1038, 1038, 1038, 1038, 1038, 1038, 1038, 1038, 1038, 1038, 1038, 1038, 1038, 1038, 1038, 1038, 1038, 1038, 1041, 1043, 1044, 1046, 1048, 1049, 1050], 1049, 4071)
(1.6120646050256462e+110, [1039, 1039, 1039, 1039, 1039, 1039, 1039, 1039, 1039, 1039, 1039, 1039, 1039, 1039, 1039, 1039, 1039, 1043, 1045, 1046, 1048, 1049, 1050], 1049, 4071)
(1.6120646050256753e+110, [1039, 1039, 1039, 1039, 1039, 1039, 1039, 1039, 1039, 1039, 1039, 1039, 1039, 1039, 1039, 1039, 1039, 1044, 1045, 1046, 1047, 1048, 1051], 1049, 4071)
(1.6120646050257494e+110, [1039, 1039, 1039, 1039, 1039, 1039, 1039, 1039, 1039, 1039, 1039, 1039, 1039, 1039, 1039, 1039, 1039, 1042, 1043, 1044, 1045, 1048, 1049, 1050], 1049, 4071)
end round with 14 suffixes


======== round 138 ========
todo suffixes: [[1040, 1041, 1042, 1044, 1045, 1048, 1049, 1050], [1040, 1042, 1044, 1045, 1048, 1049, 1050], [1043, 1045, 1048, 1049, 1050], [1042, 1045, 1048, 1049, 1050], [1044, 1048, 1049, 1050], [1043, 1048, 1049, 1050], [1047, 1049, 1050], [1046, 1049, 1050], [1045, 1049, 1050], [1048, 1050], [1047, 1050], [1046, 1050], [1049], [1047]]
cur_suffix:  [1040, 1041, 1042, 1044, 1045, 1048, 1049, 1050]
fisrt choice: (1.6120646050261515e+110, 1039, 18)
baseline:  (1.6120646050430035e+110, [1048, 1048, 1048, 1048, 1048, 1048, 1048, 1048, 1048, 1048, 1048, 1048, 1048, 1048, 1048, 1048, 1048], 1049, 4071)
best 5 choices:
(1.612064605025078e+110, [1038, 1038, 1038, 1038, 1038, 1038, 1038, 1038, 1038, 1038, 1038, 1038, 1038, 1038, 1038, 1038, 1038, 1042, 1043, 1044, 1046, 1048, 1049, 1050], 1049, 4071)
(1.6120646050252043e+110, [1038, 1038, 1038, 1038, 1038, 1038, 1038, 1038, 1038, 1038, 1038, 1038, 1038, 1038, 1038, 1038, 1038, 1038, 1041, 1043, 1044, 1046, 1048, 1049, 1050], 1049, 4071)
(1.6120646050256462e+110, [1039, 1039, 1039, 1039, 1039, 1039, 1039, 1039, 1039, 1039, 1039, 1039, 1039, 1039, 1039, 1039, 1039, 1043, 1045, 1046, 1048, 1049, 1050], 1049, 4071)
(1.6120646050256753e+110, [1039, 1039, 1039, 1039, 1039, 1039, 1039, 1039, 1039, 1039, 1039, 1039, 1039, 1039, 1039, 1039, 1039, 1044, 1045, 1046, 1047, 1048, 1051], 1049, 4071)
(1.6120646050257494e+110, [1039, 1039, 1039, 1039, 1039, 1039, 1039, 1039, 1039, 1039, 1039, 1039, 1039, 1039, 1039, 1039, 1039, 1042, 1043, 1044, 1045, 1048, 1049, 1050], 1049, 4071)
end round with 13 suffixes


======== round 139 ========
todo suffixes: [[1040, 1042, 1044, 1045, 1048, 1049, 1050], [1043, 1045, 1048, 1049, 1050], [1042, 1045, 1048, 1049, 1050], [1044, 1048, 1049, 1050], [1043, 1048, 1049, 1050], [1047, 1049, 1050], [1046, 1049, 1050], [1045, 1049, 1050], [1048, 1050], [1047, 1050], [1046, 1050], [1049], [1047]]
cur_suffix:  [1040, 1042, 1044, 1045, 1048, 1049, 1050]
fisrt choice: (-1, -1, -1)
baseline:  (1.6120646050430035e+110, [1048, 1048, 1048, 1048, 1048, 1048, 1048, 1048, 1048, 1048, 1048, 1048, 1048, 1048, 1048, 1048, 1048], 1049, 4071)
the strategy is infeasible, continue


======== round 140 ========
todo suffixes: [[1043, 1045, 1048, 1049, 1050], [1042, 1045, 1048, 1049, 1050], [1044, 1048, 1049, 1050], [1043, 1048, 1049, 1050], [1047, 1049, 1050], [1046, 1049, 1050], [1045, 1049, 1050], [1048, 1050], [1047, 1050], [1046, 1050], [1049], [1047]]
cur_suffix:  [1043, 1045, 1048, 1049, 1050]
fisrt choice: (1.612064605028652e+110, 1042, 17)
baseline:  (1.6120646050430035e+110, [1048, 1048, 1048, 1048, 1048, 1048, 1048, 1048, 1048, 1048, 1048, 1048, 1048, 1048, 1048, 1048, 1048], 1049, 4071)
best 5 choices:
(1.612064605025078e+110, [1038, 1038, 1038, 1038, 1038, 1038, 1038, 1038, 1038, 1038, 1038, 1038, 1038, 1038, 1038, 1038, 1038, 1042, 1043, 1044, 1046, 1048, 1049, 1050], 1049, 4071)
(1.6120646050252043e+110, [1038, 1038, 1038, 1038, 1038, 1038, 1038, 1038, 1038, 1038, 1038, 1038, 1038, 1038, 1038, 1038, 1038, 1038, 1041, 1043, 1044, 1046, 1048, 1049, 1050], 1049, 4071)
(1.6120646050256462e+110, [1039, 1039, 1039, 1039, 1039, 1039, 1039, 1039, 1039, 1039, 1039, 1039, 1039, 1039, 1039, 1039, 1039, 1043, 1045, 1046, 1048, 1049, 1050], 1049, 4071)
(1.6120646050256753e+110, [1039, 1039, 1039, 1039, 1039, 1039, 1039, 1039, 1039, 1039, 1039, 1039, 1039, 1039, 1039, 1039, 1039, 1044, 1045, 1046, 1047, 1048, 1051], 1049, 4071)
(1.6120646050257494e+110, [1039, 1039, 1039, 1039, 1039, 1039, 1039, 1039, 1039, 1039, 1039, 1039, 1039, 1039, 1039, 1039, 1039, 1042, 1043, 1044, 1045, 1048, 1049, 1050], 1049, 4071)
end round with 12 suffixes


======== round 141 ========
todo suffixes: [[1042, 1043, 1045, 1048, 1049, 1050], [1042, 1045, 1048, 1049, 1050], [1044, 1048, 1049, 1050], [1043, 1048, 1049, 1050], [1047, 1049, 1050], [1046, 1049, 1050], [1045, 1049, 1050], [1048, 1050], [1047, 1050], [1046, 1050], [1049], [1047]]
cur_suffix:  [1042, 1043, 1045, 1048, 1049, 1050]
fisrt choice: (1.612064605027893e+110, 1041, 18)
baseline:  (1.6120646050430035e+110, [1048, 1048, 1048, 1048, 1048, 1048, 1048, 1048, 1048, 1048, 1048, 1048, 1048, 1048, 1048, 1048, 1048], 1049, 4071)
best 5 choices:
(1.612064605025078e+110, [1038, 1038, 1038, 1038, 1038, 1038, 1038, 1038, 1038, 1038, 1038, 1038, 1038, 1038, 1038, 1038, 1038, 1042, 1043, 1044, 1046, 1048, 1049, 1050], 1049, 4071)
(1.6120646050252043e+110, [1038, 1038, 1038, 1038, 1038, 1038, 1038, 1038, 1038, 1038, 1038, 1038, 1038, 1038, 1038, 1038, 1038, 1038, 1041, 1043, 1044, 1046, 1048, 1049, 1050], 1049, 4071)
(1.6120646050256462e+110, [1039, 1039, 1039, 1039, 1039, 1039, 1039, 1039, 1039, 1039, 1039, 1039, 1039, 1039, 1039, 1039, 1039, 1043, 1045, 1046, 1048, 1049, 1050], 1049, 4071)
(1.6120646050256753e+110, [1039, 1039, 1039, 1039, 1039, 1039, 1039, 1039, 1039, 1039, 1039, 1039, 1039, 1039, 1039, 1039, 1039, 1044, 1045, 1046, 1047, 1048, 1051], 1049, 4071)
(1.6120646050257494e+110, [1039, 1039, 1039, 1039, 1039, 1039, 1039, 1039, 1039, 1039, 1039, 1039, 1039, 1039, 1039, 1039, 1039, 1042, 1043, 1044, 1045, 1048, 1049, 1050], 1049, 4071)
end round with 12 suffixes


======== round 142 ========
todo suffixes: [[1041, 1042, 1043, 1045, 1048, 1049, 1050], [1042, 1045, 1048, 1049, 1050], [1044, 1048, 1049, 1050], [1043, 1048, 1049, 1050], [1047, 1049, 1050], [1046, 1049, 1050], [1045, 1049, 1050], [1048, 1050], [1047, 1050], [1046, 1050], [1049], [1047]]
cur_suffix:  [1041, 1042, 1043, 1045, 1048, 1049, 1050]
fisrt choice: (-1, -1, -1)
baseline:  (1.6120646050430035e+110, [1048, 1048, 1048, 1048, 1048, 1048, 1048, 1048, 1048, 1048, 1048, 1048, 1048, 1048, 1048, 1048, 1048], 1049, 4071)
the strategy is infeasible, continue


======== round 143 ========
todo suffixes: [[1042, 1045, 1048, 1049, 1050], [1044, 1048, 1049, 1050], [1043, 1048, 1049, 1050], [1047, 1049, 1050], [1046, 1049, 1050], [1045, 1049, 1050], [1048, 1050], [1047, 1050], [1046, 1050], [1049], [1047]]
cur_suffix:  [1042, 1045, 1048, 1049, 1050]
fisrt choice: (-1, -1, -1)
baseline:  (1.6120646050430035e+110, [1048, 1048, 1048, 1048, 1048, 1048, 1048, 1048, 1048, 1048, 1048, 1048, 1048, 1048, 1048, 1048, 1048], 1049, 4071)
the strategy is infeasible, continue


======== round 144 ========
todo suffixes: [[1044, 1048, 1049, 1050], [1043, 1048, 1049, 1050], [1047, 1049, 1050], [1046, 1049, 1050], [1045, 1049, 1050], [1048, 1050], [1047, 1050], [1046, 1050], [1049], [1047]]
cur_suffix:  [1044, 1048, 1049, 1050]
fisrt choice: (1.6120646050299326e+110, 1043, 17)
baseline:  (1.6120646050430035e+110, [1048, 1048, 1048, 1048, 1048, 1048, 1048, 1048, 1048, 1048, 1048, 1048, 1048, 1048, 1048, 1048, 1048], 1049, 4071)
best 5 choices:
(1.612064605025078e+110, [1038, 1038, 1038, 1038, 1038, 1038, 1038, 1038, 1038, 1038, 1038, 1038, 1038, 1038, 1038, 1038, 1038, 1042, 1043, 1044, 1046, 1048, 1049, 1050], 1049, 4071)
(1.6120646050252043e+110, [1038, 1038, 1038, 1038, 1038, 1038, 1038, 1038, 1038, 1038, 1038, 1038, 1038, 1038, 1038, 1038, 1038, 1038, 1041, 1043, 1044, 1046, 1048, 1049, 1050], 1049, 4071)
(1.6120646050256462e+110, [1039, 1039, 1039, 1039, 1039, 1039, 1039, 1039, 1039, 1039, 1039, 1039, 1039, 1039, 1039, 1039, 1039, 1043, 1045, 1046, 1048, 1049, 1050], 1049, 4071)
(1.6120646050256753e+110, [1039, 1039, 1039, 1039, 1039, 1039, 1039, 1039, 1039, 1039, 1039, 1039, 1039, 1039, 1039, 1039, 1039, 1044, 1045, 1046, 1047, 1048, 1051], 1049, 4071)
(1.6120646050257494e+110, [1039, 1039, 1039, 1039, 1039, 1039, 1039, 1039, 1039, 1039, 1039, 1039, 1039, 1039, 1039, 1039, 1039, 1042, 1043, 1044, 1045, 1048, 1049, 1050], 1049, 4071)
end round with 10 suffixes


======== round 145 ========
todo suffixes: [[1043, 1044, 1048, 1049, 1050], [1043, 1048, 1049, 1050], [1047, 1049, 1050], [1046, 1049, 1050], [1045, 1049, 1050], [1048, 1050], [1047, 1050], [1046, 1050], [1049], [1047]]
cur_suffix:  [1043, 1044, 1048, 1049, 1050]
fisrt choice: (1.6120646050289914e+110, 1042, 18)
baseline:  (1.6120646050430035e+110, [1048, 1048, 1048, 1048, 1048, 1048, 1048, 1048, 1048, 1048, 1048, 1048, 1048, 1048, 1048, 1048, 1048], 1049, 4071)
best 5 choices:
(1.612064605025078e+110, [1038, 1038, 1038, 1038, 1038, 1038, 1038, 1038, 1038, 1038, 1038, 1038, 1038, 1038, 1038, 1038, 1038, 1042, 1043, 1044, 1046, 1048, 1049, 1050], 1049, 4071)
(1.6120646050252043e+110, [1038, 1038, 1038, 1038, 1038, 1038, 1038, 1038, 1038, 1038, 1038, 1038, 1038, 1038, 1038, 1038, 1038, 1038, 1041, 1043, 1044, 1046, 1048, 1049, 1050], 1049, 4071)
(1.6120646050256462e+110, [1039, 1039, 1039, 1039, 1039, 1039, 1039, 1039, 1039, 1039, 1039, 1039, 1039, 1039, 1039, 1039, 1039, 1043, 1045, 1046, 1048, 1049, 1050], 1049, 4071)
(1.6120646050256753e+110, [1039, 1039, 1039, 1039, 1039, 1039, 1039, 1039, 1039, 1039, 1039, 1039, 1039, 1039, 1039, 1039, 1039, 1044, 1045, 1046, 1047, 1048, 1051], 1049, 4071)
(1.6120646050257494e+110, [1039, 1039, 1039, 1039, 1039, 1039, 1039, 1039, 1039, 1039, 1039, 1039, 1039, 1039, 1039, 1039, 1039, 1042, 1043, 1044, 1045, 1048, 1049, 1050], 1049, 4071)
end round with 10 suffixes


======== round 146 ========
todo suffixes: [[1042, 1043, 1044, 1048, 1049, 1050], [1043, 1048, 1049, 1050], [1047, 1049, 1050], [1046, 1049, 1050], [1045, 1049, 1050], [1048, 1050], [1047, 1050], [1046, 1050], [1049], [1047]]
cur_suffix:  [1042, 1043, 1044, 1048, 1049, 1050]
fisrt choice: (-1, -1, -1)
baseline:  (1.6120646050430035e+110, [1048, 1048, 1048, 1048, 1048, 1048, 1048, 1048, 1048, 1048, 1048, 1048, 1048, 1048, 1048, 1048, 1048], 1049, 4071)
the strategy is infeasible, continue


======== round 147 ========
todo suffixes: [[1043, 1048, 1049, 1050], [1047, 1049, 1050], [1046, 1049, 1050], [1045, 1049, 1050], [1048, 1050], [1047, 1050], [1046, 1050], [1049], [1047]]
cur_suffix:  [1043, 1048, 1049, 1050]
fisrt choice: (-1, -1, -1)
baseline:  (1.6120646050430035e+110, [1048, 1048, 1048, 1048, 1048, 1048, 1048, 1048, 1048, 1048, 1048, 1048, 1048, 1048, 1048, 1048, 1048], 1049, 4071)
the strategy is infeasible, continue


======== round 148 ========
todo suffixes: [[1047, 1049, 1050], [1046, 1049, 1050], [1045, 1049, 1050], [1048, 1050], [1047, 1050], [1046, 1050], [1049], [1047]]
cur_suffix:  [1047, 1049, 1050]
fisrt choice: (1.6120646050307285e+110, 1043, 20)
baseline:  (1.6120646050430035e+110, [1048, 1048, 1048, 1048, 1048, 1048, 1048, 1048, 1048, 1048, 1048, 1048, 1048, 1048, 1048, 1048, 1048], 1049, 4071)
best 5 choices:
(1.612064605025078e+110, [1038, 1038, 1038, 1038, 1038, 1038, 1038, 1038, 1038, 1038, 1038, 1038, 1038, 1038, 1038, 1038, 1038, 1042, 1043, 1044, 1046, 1048, 1049, 1050], 1049, 4071)
(1.6120646050252043e+110, [1038, 1038, 1038, 1038, 1038, 1038, 1038, 1038, 1038, 1038, 1038, 1038, 1038, 1038, 1038, 1038, 1038, 1038, 1041, 1043, 1044, 1046, 1048, 1049, 1050], 1049, 4071)
(1.6120646050256462e+110, [1039, 1039, 1039, 1039, 1039, 1039, 1039, 1039, 1039, 1039, 1039, 1039, 1039, 1039, 1039, 1039, 1039, 1043, 1045, 1046, 1048, 1049, 1050], 1049, 4071)
(1.6120646050256753e+110, [1039, 1039, 1039, 1039, 1039, 1039, 1039, 1039, 1039, 1039, 1039, 1039, 1039, 1039, 1039, 1039, 1039, 1044, 1045, 1046, 1047, 1048, 1051], 1049, 4071)
(1.6120646050257494e+110, [1039, 1039, 1039, 1039, 1039, 1039, 1039, 1039, 1039, 1039, 1039, 1039, 1039, 1039, 1039, 1039, 1039, 1042, 1043, 1044, 1045, 1048, 1049, 1050], 1049, 4071)
end round with 11 suffixes


======== round 149 ========
todo suffixes: [[1046, 1047, 1049, 1050], [1045, 1047, 1049, 1050], [1044, 1047, 1049, 1050], [1043, 1047, 1049, 1050], [1046, 1049, 1050], [1045, 1049, 1050], [1048, 1050], [1047, 1050], [1046, 1050], [1049], [1047]]
cur_suffix:  [1046, 1047, 1049, 1050]
fisrt choice: (1.612064605028933e+110, 1042, 19)
baseline:  (1.6120646050430035e+110, [1048, 1048, 1048, 1048, 1048, 1048, 1048, 1048, 1048, 1048, 1048, 1048, 1048, 1048, 1048, 1048, 1048], 1049, 4071)
best 5 choices:
(1.612064605025078e+110, [1038, 1038, 1038, 1038, 1038, 1038, 1038, 1038, 1038, 1038, 1038, 1038, 1038, 1038, 1038, 1038, 1038, 1042, 1043, 1044, 1046, 1048, 1049, 1050], 1049, 4071)
(1.6120646050252043e+110, [1038, 1038, 1038, 1038, 1038, 1038, 1038, 1038, 1038, 1038, 1038, 1038, 1038, 1038, 1038, 1038, 1038, 1038, 1041, 1043, 1044, 1046, 1048, 1049, 1050], 1049, 4071)
(1.6120646050256462e+110, [1039, 1039, 1039, 1039, 1039, 1039, 1039, 1039, 1039, 1039, 1039, 1039, 1039, 1039, 1039, 1039, 1039, 1043, 1045, 1046, 1048, 1049, 1050], 1049, 4071)
(1.6120646050256753e+110, [1039, 1039, 1039, 1039, 1039, 1039, 1039, 1039, 1039, 1039, 1039, 1039, 1039, 1039, 1039, 1039, 1039, 1044, 1045, 1046, 1047, 1048, 1051], 1049, 4071)
(1.6120646050257494e+110, [1039, 1039, 1039, 1039, 1039, 1039, 1039, 1039, 1039, 1039, 1039, 1039, 1039, 1039, 1039, 1039, 1039, 1042, 1043, 1044, 1045, 1048, 1049, 1050], 1049, 4071)
end round with 14 suffixes


======== round 150 ========
todo suffixes: [[1045, 1046, 1047, 1049, 1050], [1044, 1046, 1047, 1049, 1050], [1043, 1046, 1047, 1049, 1050], [1042, 1046, 1047, 1049, 1050], [1045, 1047, 1049, 1050], [1044, 1047, 1049, 1050], [1043, 1047, 1049, 1050], [1046, 1049, 1050], [1045, 1049, 1050], [1048, 1050], [1047, 1050], [1046, 1050], [1049], [1047]]
cur_suffix:  [1045, 1046, 1047, 1049, 1050]
fisrt choice: (1.612064605027584e+110, 1041, 18)
baseline:  (1.6120646050430035e+110, [1048, 1048, 1048, 1048, 1048, 1048, 1048, 1048, 1048, 1048, 1048, 1048, 1048, 1048, 1048, 1048, 1048], 1049, 4071)
best 5 choices:
(1.612064605025078e+110, [1038, 1038, 1038, 1038, 1038, 1038, 1038, 1038, 1038, 1038, 1038, 1038, 1038, 1038, 1038, 1038, 1038, 1042, 1043, 1044, 1046, 1048, 1049, 1050], 1049, 4071)
(1.6120646050252043e+110, [1038, 1038, 1038, 1038, 1038, 1038, 1038, 1038, 1038, 1038, 1038, 1038, 1038, 1038, 1038, 1038, 1038, 1038, 1041, 1043, 1044, 1046, 1048, 1049, 1050], 1049, 4071)
(1.6120646050256462e+110, [1039, 1039, 1039, 1039, 1039, 1039, 1039, 1039, 1039, 1039, 1039, 1039, 1039, 1039, 1039, 1039, 1039, 1043, 1045, 1046, 1048, 1049, 1050], 1049, 4071)
(1.6120646050256753e+110, [1039, 1039, 1039, 1039, 1039, 1039, 1039, 1039, 1039, 1039, 1039, 1039, 1039, 1039, 1039, 1039, 1039, 1044, 1045, 1046, 1047, 1048, 1051], 1049, 4071)
(1.6120646050257494e+110, [1039, 1039, 1039, 1039, 1039, 1039, 1039, 1039, 1039, 1039, 1039, 1039, 1039, 1039, 1039, 1039, 1039, 1042, 1043, 1044, 1045, 1048, 1049, 1050], 1049, 4071)
end round with 17 suffixes


======== round 151 ========
todo suffixes: [[1044, 1045, 1046, 1047, 1049, 1050], [1043, 1045, 1046, 1047, 1049, 1050], [1042, 1045, 1046, 1047, 1049, 1050], [1041, 1045, 1046, 1047, 1049, 1050], [1044, 1046, 1047, 1049, 1050], [1043, 1046, 1047, 1049, 1050], [1042, 1046, 1047, 1049, 1050], [1045, 1047, 1049, 1050], [1044, 1047, 1049, 1050], [1043, 1047, 1049, 1050], [1046, 1049, 1050], [1045, 1049, 1050], [1048, 1050], [1047, 1050], [1046, 1050], [1049], [1047]]
cur_suffix:  [1044, 1045, 1046, 1047, 1049, 1050]
fisrt choice: (1.6120646050257213e+110, 1039, 18)
baseline:  (1.6120646050430035e+110, [1048, 1048, 1048, 1048, 1048, 1048, 1048, 1048, 1048, 1048, 1048, 1048, 1048, 1048, 1048, 1048, 1048], 1049, 4071)
best 5 choices:
(1.612064605025078e+110, [1038, 1038, 1038, 1038, 1038, 1038, 1038, 1038, 1038, 1038, 1038, 1038, 1038, 1038, 1038, 1038, 1038, 1042, 1043, 1044, 1046, 1048, 1049, 1050], 1049, 4071)
(1.6120646050252043e+110, [1038, 1038, 1038, 1038, 1038, 1038, 1038, 1038, 1038, 1038, 1038, 1038, 1038, 1038, 1038, 1038, 1038, 1038, 1041, 1043, 1044, 1046, 1048, 1049, 1050], 1049, 4071)
(1.6120646050256462e+110, [1039, 1039, 1039, 1039, 1039, 1039, 1039, 1039, 1039, 1039, 1039, 1039, 1039, 1039, 1039, 1039, 1039, 1043, 1045, 1046, 1048, 1049, 1050], 1049, 4071)
(1.6120646050256753e+110, [1039, 1039, 1039, 1039, 1039, 1039, 1039, 1039, 1039, 1039, 1039, 1039, 1039, 1039, 1039, 1039, 1039, 1044, 1045, 1046, 1047, 1048, 1051], 1049, 4071)
(1.6120646050257213e+110, [1039, 1039, 1039, 1039, 1039, 1039, 1039, 1039, 1039, 1039, 1039, 1039, 1039, 1039, 1039, 1039, 1039, 1039, 1044, 1045, 1046, 1047, 1049, 1050], 1049, 4071)
end round with 16 suffixes


======== round 152 ========
todo suffixes: [[1043, 1045, 1046, 1047, 1049, 1050], [1042, 1045, 1046, 1047, 1049, 1050], [1041, 1045, 1046, 1047, 1049, 1050], [1044, 1046, 1047, 1049, 1050], [1043, 1046, 1047, 1049, 1050], [1042, 1046, 1047, 1049, 1050], [1045, 1047, 1049, 1050], [1044, 1047, 1049, 1050], [1043, 1047, 1049, 1050], [1046, 1049, 1050], [1045, 1049, 1050], [1048, 1050], [1047, 1050], [1046, 1050], [1049], [1047]]
cur_suffix:  [1043, 1045, 1046, 1047, 1049, 1050]
fisrt choice: (1.6120646050264145e+110, 1040, 17)
baseline:  (1.6120646050430035e+110, [1048, 1048, 1048, 1048, 1048, 1048, 1048, 1048, 1048, 1048, 1048, 1048, 1048, 1048, 1048, 1048, 1048], 1049, 4071)
best 5 choices:
(1.612064605025078e+110, [1038, 1038, 1038, 1038, 1038, 1038, 1038, 1038, 1038, 1038, 1038, 1038, 1038, 1038, 1038, 1038, 1038, 1042, 1043, 1044, 1046, 1048, 1049, 1050], 1049, 4071)
(1.6120646050252043e+110, [1038, 1038, 1038, 1038, 1038, 1038, 1038, 1038, 1038, 1038, 1038, 1038, 1038, 1038, 1038, 1038, 1038, 1038, 1041, 1043, 1044, 1046, 1048, 1049, 1050], 1049, 4071)
(1.6120646050256462e+110, [1039, 1039, 1039, 1039, 1039, 1039, 1039, 1039, 1039, 1039, 1039, 1039, 1039, 1039, 1039, 1039, 1039, 1043, 1045, 1046, 1048, 1049, 1050], 1049, 4071)
(1.6120646050256753e+110, [1039, 1039, 1039, 1039, 1039, 1039, 1039, 1039, 1039, 1039, 1039, 1039, 1039, 1039, 1039, 1039, 1039, 1044, 1045, 1046, 1047, 1048, 1051], 1049, 4071)
(1.6120646050257213e+110, [1039, 1039, 1039, 1039, 1039, 1039, 1039, 1039, 1039, 1039, 1039, 1039, 1039, 1039, 1039, 1039, 1039, 1039, 1044, 1045, 1046, 1047, 1049, 1050], 1049, 4071)
end round with 18 suffixes


======== round 153 ========
todo suffixes: [[1042, 1043, 1045, 1046, 1047, 1049, 1050], [1041, 1043, 1045, 1046, 1047, 1049, 1050], [1040, 1043, 1045, 1046, 1047, 1049, 1050], [1042, 1045, 1046, 1047, 1049, 1050], [1041, 1045, 1046, 1047, 1049, 1050], [1044, 1046, 1047, 1049, 1050], [1043, 1046, 1047, 1049, 1050], [1042, 1046, 1047, 1049, 1050], [1045, 1047, 1049, 1050], [1044, 1047, 1049, 1050], [1043, 1047, 1049, 1050], [1046, 1049, 1050], [1045, 1049, 1050], [1048, 1050], [1047, 1050], [1046, 1050], [1049], [1047]]
cur_suffix:  [1042, 1043, 1045, 1046, 1047, 1049, 1050]
fisrt choice: (1.612064605025136e+110, 1038, 18)
baseline:  (1.6120646050430035e+110, [1048, 1048, 1048, 1048, 1048, 1048, 1048, 1048, 1048, 1048, 1048, 1048, 1048, 1048, 1048, 1048, 1048], 1049, 4071)
best 5 choices:
(1.612064605025078e+110, [1038, 1038, 1038, 1038, 1038, 1038, 1038, 1038, 1038, 1038, 1038, 1038, 1038, 1038, 1038, 1038, 1038, 1042, 1043, 1044, 1046, 1048, 1049, 1050], 1049, 4071)
(1.612064605025136e+110, [1038, 1038, 1038, 1038, 1038, 1038, 1038, 1038, 1038, 1038, 1038, 1038, 1038, 1038, 1038, 1038, 1038, 1038, 1042, 1043, 1045, 1046, 1047, 1049, 1050], 1049, 4071)
(1.6120646050252043e+110, [1038, 1038, 1038, 1038, 1038, 1038, 1038, 1038, 1038, 1038, 1038, 1038, 1038, 1038, 1038, 1038, 1038, 1038, 1041, 1043, 1044, 1046, 1048, 1049, 1050], 1049, 4071)
(1.6120646050256462e+110, [1039, 1039, 1039, 1039, 1039, 1039, 1039, 1039, 1039, 1039, 1039, 1039, 1039, 1039, 1039, 1039, 1039, 1043, 1045, 1046, 1048, 1049, 1050], 1049, 4071)
(1.6120646050256753e+110, [1039, 1039, 1039, 1039, 1039, 1039, 1039, 1039, 1039, 1039, 1039, 1039, 1039, 1039, 1039, 1039, 1039, 1044, 1045, 1046, 1047, 1048, 1051], 1049, 4071)
end round with 17 suffixes


======== round 154 ========
todo suffixes: [[1041, 1043, 1045, 1046, 1047, 1049, 1050], [1040, 1043, 1045, 1046, 1047, 1049, 1050], [1042, 1045, 1046, 1047, 1049, 1050], [1041, 1045, 1046, 1047, 1049, 1050], [1044, 1046, 1047, 1049, 1050], [1043, 1046, 1047, 1049, 1050], [1042, 1046, 1047, 1049, 1050], [1045, 1047, 1049, 1050], [1044, 1047, 1049, 1050], [1043, 1047, 1049, 1050], [1046, 1049, 1050], [1045, 1049, 1050], [1048, 1050], [1047, 1050], [1046, 1050], [1049], [1047]]
cur_suffix:  [1041, 1043, 1045, 1046, 1047, 1049, 1050]
fisrt choice: (1.612064605025715e+110, 1039, 17)
baseline:  (1.6120646050430035e+110, [1048, 1048, 1048, 1048, 1048, 1048, 1048, 1048, 1048, 1048, 1048, 1048, 1048, 1048, 1048, 1048, 1048], 1049, 4071)
best 5 choices:
(1.612064605025078e+110, [1038, 1038, 1038, 1038, 1038, 1038, 1038, 1038, 1038, 1038, 1038, 1038, 1038, 1038, 1038, 1038, 1038, 1042, 1043, 1044, 1046, 1048, 1049, 1050], 1049, 4071)
(1.612064605025136e+110, [1038, 1038, 1038, 1038, 1038, 1038, 1038, 1038, 1038, 1038, 1038, 1038, 1038, 1038, 1038, 1038, 1038, 1038, 1042, 1043, 1045, 1046, 1047, 1049, 1050], 1049, 4071)
(1.6120646050252043e+110, [1038, 1038, 1038, 1038, 1038, 1038, 1038, 1038, 1038, 1038, 1038, 1038, 1038, 1038, 1038, 1038, 1038, 1038, 1041, 1043, 1044, 1046, 1048, 1049, 1050], 1049, 4071)
(1.6120646050256462e+110, [1039, 1039, 1039, 1039, 1039, 1039, 1039, 1039, 1039, 1039, 1039, 1039, 1039, 1039, 1039, 1039, 1039, 1043, 1045, 1046, 1048, 1049, 1050], 1049, 4071)
(1.6120646050256753e+110, [1039, 1039, 1039, 1039, 1039, 1039, 1039, 1039, 1039, 1039, 1039, 1039, 1039, 1039, 1039, 1039, 1039, 1044, 1045, 1046, 1047, 1048, 1051], 1049, 4071)
end round with 16 suffixes


======== round 155 ========
todo suffixes: [[1040, 1043, 1045, 1046, 1047, 1049, 1050], [1042, 1045, 1046, 1047, 1049, 1050], [1041, 1045, 1046, 1047, 1049, 1050], [1044, 1046, 1047, 1049, 1050], [1043, 1046, 1047, 1049, 1050], [1042, 1046, 1047, 1049, 1050], [1045, 1047, 1049, 1050], [1044, 1047, 1049, 1050], [1043, 1047, 1049, 1050], [1046, 1049, 1050], [1045, 1049, 1050], [1048, 1050], [1047, 1050], [1046, 1050], [1049], [1047]]
cur_suffix:  [1040, 1043, 1045, 1046, 1047, 1049, 1050]
fisrt choice: (1.612064605025914e+110, 1039, 18)
baseline:  (1.6120646050430035e+110, [1048, 1048, 1048, 1048, 1048, 1048, 1048, 1048, 1048, 1048, 1048, 1048, 1048, 1048, 1048, 1048, 1048], 1049, 4071)
best 5 choices:
(1.612064605025078e+110, [1038, 1038, 1038, 1038, 1038, 1038, 1038, 1038, 1038, 1038, 1038, 1038, 1038, 1038, 1038, 1038, 1038, 1042, 1043, 1044, 1046, 1048, 1049, 1050], 1049, 4071)
(1.612064605025136e+110, [1038, 1038, 1038, 1038, 1038, 1038, 1038, 1038, 1038, 1038, 1038, 1038, 1038, 1038, 1038, 1038, 1038, 1038, 1042, 1043, 1045, 1046, 1047, 1049, 1050], 1049, 4071)
(1.6120646050252043e+110, [1038, 1038, 1038, 1038, 1038, 1038, 1038, 1038, 1038, 1038, 1038, 1038, 1038, 1038, 1038, 1038, 1038, 1038, 1041, 1043, 1044, 1046, 1048, 1049, 1050], 1049, 4071)
(1.6120646050256462e+110, [1039, 1039, 1039, 1039, 1039, 1039, 1039, 1039, 1039, 1039, 1039, 1039, 1039, 1039, 1039, 1039, 1039, 1043, 1045, 1046, 1048, 1049, 1050], 1049, 4071)
(1.6120646050256753e+110, [1039, 1039, 1039, 1039, 1039, 1039, 1039, 1039, 1039, 1039, 1039, 1039, 1039, 1039, 1039, 1039, 1039, 1044, 1045, 1046, 1047, 1048, 1051], 1049, 4071)
end round with 15 suffixes


======== round 156 ========
todo suffixes: [[1042, 1045, 1046, 1047, 1049, 1050], [1041, 1045, 1046, 1047, 1049, 1050], [1044, 1046, 1047, 1049, 1050], [1043, 1046, 1047, 1049, 1050], [1042, 1046, 1047, 1049, 1050], [1045, 1047, 1049, 1050], [1044, 1047, 1049, 1050], [1043, 1047, 1049, 1050], [1046, 1049, 1050], [1045, 1049, 1050], [1048, 1050], [1047, 1050], [1046, 1050], [1049], [1047]]
cur_suffix:  [1042, 1045, 1046, 1047, 1049, 1050]
fisrt choice: (1.6120646050266368e+110, 1040, 18)
baseline:  (1.6120646050430035e+110, [1048, 1048, 1048, 1048, 1048, 1048, 1048, 1048, 1048, 1048, 1048, 1048, 1048, 1048, 1048, 1048, 1048], 1049, 4071)
best 5 choices:
(1.612064605025078e+110, [1038, 1038, 1038, 1038, 1038, 1038, 1038, 1038, 1038, 1038, 1038, 1038, 1038, 1038, 1038, 1038, 1038, 1042, 1043, 1044, 1046, 1048, 1049, 1050], 1049, 4071)
(1.612064605025136e+110, [1038, 1038, 1038, 1038, 1038, 1038, 1038, 1038, 1038, 1038, 1038, 1038, 1038, 1038, 1038, 1038, 1038, 1038, 1042, 1043, 1045, 1046, 1047, 1049, 1050], 1049, 4071)
(1.6120646050252043e+110, [1038, 1038, 1038, 1038, 1038, 1038, 1038, 1038, 1038, 1038, 1038, 1038, 1038, 1038, 1038, 1038, 1038, 1038, 1041, 1043, 1044, 1046, 1048, 1049, 1050], 1049, 4071)
(1.6120646050256462e+110, [1039, 1039, 1039, 1039, 1039, 1039, 1039, 1039, 1039, 1039, 1039, 1039, 1039, 1039, 1039, 1039, 1039, 1043, 1045, 1046, 1048, 1049, 1050], 1049, 4071)
(1.6120646050256753e+110, [1039, 1039, 1039, 1039, 1039, 1039, 1039, 1039, 1039, 1039, 1039, 1039, 1039, 1039, 1039, 1039, 1039, 1044, 1045, 1046, 1047, 1048, 1051], 1049, 4071)
end round with 16 suffixes


======== round 157 ========
todo suffixes: [[1041, 1042, 1045, 1046, 1047, 1049, 1050], [1040, 1042, 1045, 1046, 1047, 1049, 1050], [1041, 1045, 1046, 1047, 1049, 1050], [1044, 1046, 1047, 1049, 1050], [1043, 1046, 1047, 1049, 1050], [1042, 1046, 1047, 1049, 1050], [1045, 1047, 1049, 1050], [1044, 1047, 1049, 1050], [1043, 1047, 1049, 1050], [1046, 1049, 1050], [1045, 1049, 1050], [1048, 1050], [1047, 1050], [1046, 1050], [1049], [1047]]
cur_suffix:  [1041, 1042, 1045, 1046, 1047, 1049, 1050]
fisrt choice: (1.612064605025871e+110, 1039, 18)
baseline:  (1.6120646050430035e+110, [1048, 1048, 1048, 1048, 1048, 1048, 1048, 1048, 1048, 1048, 1048, 1048, 1048, 1048, 1048, 1048, 1048], 1049, 4071)
best 5 choices:
(1.612064605025078e+110, [1038, 1038, 1038, 1038, 1038, 1038, 1038, 1038, 1038, 1038, 1038, 1038, 1038, 1038, 1038, 1038, 1038, 1042, 1043, 1044, 1046, 1048, 1049, 1050], 1049, 4071)
(1.612064605025136e+110, [1038, 1038, 1038, 1038, 1038, 1038, 1038, 1038, 1038, 1038, 1038, 1038, 1038, 1038, 1038, 1038, 1038, 1038, 1042, 1043, 1045, 1046, 1047, 1049, 1050], 1049, 4071)
(1.6120646050252043e+110, [1038, 1038, 1038, 1038, 1038, 1038, 1038, 1038, 1038, 1038, 1038, 1038, 1038, 1038, 1038, 1038, 1038, 1038, 1041, 1043, 1044, 1046, 1048, 1049, 1050], 1049, 4071)
(1.6120646050256462e+110, [1039, 1039, 1039, 1039, 1039, 1039, 1039, 1039, 1039, 1039, 1039, 1039, 1039, 1039, 1039, 1039, 1039, 1043, 1045, 1046, 1048, 1049, 1050], 1049, 4071)
(1.6120646050256753e+110, [1039, 1039, 1039, 1039, 1039, 1039, 1039, 1039, 1039, 1039, 1039, 1039, 1039, 1039, 1039, 1039, 1039, 1044, 1045, 1046, 1047, 1048, 1051], 1049, 4071)
end round with 15 suffixes


======== round 158 ========
todo suffixes: [[1040, 1042, 1045, 1046, 1047, 1049, 1050], [1041, 1045, 1046, 1047, 1049, 1050], [1044, 1046, 1047, 1049, 1050], [1043, 1046, 1047, 1049, 1050], [1042, 1046, 1047, 1049, 1050], [1045, 1047, 1049, 1050], [1044, 1047, 1049, 1050], [1043, 1047, 1049, 1050], [1046, 1049, 1050], [1045, 1049, 1050], [1048, 1050], [1047, 1050], [1046, 1050], [1049], [1047]]
cur_suffix:  [1040, 1042, 1045, 1046, 1047, 1049, 1050]
fisrt choice: (-1, -1, -1)
baseline:  (1.6120646050430035e+110, [1048, 1048, 1048, 1048, 1048, 1048, 1048, 1048, 1048, 1048, 1048, 1048, 1048, 1048, 1048, 1048, 1048], 1049, 4071)
the strategy is infeasible, continue


======== round 159 ========
todo suffixes: [[1041, 1045, 1046, 1047, 1049, 1050], [1044, 1046, 1047, 1049, 1050], [1043, 1046, 1047, 1049, 1050], [1042, 1046, 1047, 1049, 1050], [1045, 1047, 1049, 1050], [1044, 1047, 1049, 1050], [1043, 1047, 1049, 1050], [1046, 1049, 1050], [1045, 1049, 1050], [1048, 1050], [1047, 1050], [1046, 1050], [1049], [1047]]
cur_suffix:  [1041, 1045, 1046, 1047, 1049, 1050]
fisrt choice: (1.612064605026883e+110, 1040, 19)
baseline:  (1.6120646050430035e+110, [1048, 1048, 1048, 1048, 1048, 1048, 1048, 1048, 1048, 1048, 1048, 1048, 1048, 1048, 1048, 1048, 1048], 1049, 4071)
best 5 choices:
(1.612064605025078e+110, [1038, 1038, 1038, 1038, 1038, 1038, 1038, 1038, 1038, 1038, 1038, 1038, 1038, 1038, 1038, 1038, 1038, 1042, 1043, 1044, 1046, 1048, 1049, 1050], 1049, 4071)
(1.612064605025136e+110, [1038, 1038, 1038, 1038, 1038, 1038, 1038, 1038, 1038, 1038, 1038, 1038, 1038, 1038, 1038, 1038, 1038, 1038, 1042, 1043, 1045, 1046, 1047, 1049, 1050], 1049, 4071)
(1.6120646050252043e+110, [1038, 1038, 1038, 1038, 1038, 1038, 1038, 1038, 1038, 1038, 1038, 1038, 1038, 1038, 1038, 1038, 1038, 1038, 1041, 1043, 1044, 1046, 1048, 1049, 1050], 1049, 4071)
(1.6120646050256462e+110, [1039, 1039, 1039, 1039, 1039, 1039, 1039, 1039, 1039, 1039, 1039, 1039, 1039, 1039, 1039, 1039, 1039, 1043, 1045, 1046, 1048, 1049, 1050], 1049, 4071)
(1.6120646050256753e+110, [1039, 1039, 1039, 1039, 1039, 1039, 1039, 1039, 1039, 1039, 1039, 1039, 1039, 1039, 1039, 1039, 1039, 1044, 1045, 1046, 1047, 1048, 1051], 1049, 4071)
end round with 14 suffixes


======== round 160 ========
todo suffixes: [[1040, 1041, 1045, 1046, 1047, 1049, 1050], [1044, 1046, 1047, 1049, 1050], [1043, 1046, 1047, 1049, 1050], [1042, 1046, 1047, 1049, 1050], [1045, 1047, 1049, 1050], [1044, 1047, 1049, 1050], [1043, 1047, 1049, 1050], [1046, 1049, 1050], [1045, 1049, 1050], [1048, 1050], [1047, 1050], [1046, 1050], [1049], [1047]]
cur_suffix:  [1040, 1041, 1045, 1046, 1047, 1049, 1050]
fisrt choice: (-1, -1, -1)
baseline:  (1.6120646050430035e+110, [1048, 1048, 1048, 1048, 1048, 1048, 1048, 1048, 1048, 1048, 1048, 1048, 1048, 1048, 1048, 1048, 1048], 1049, 4071)
the strategy is infeasible, continue


======== round 161 ========
todo suffixes: [[1044, 1046, 1047, 1049, 1050], [1043, 1046, 1047, 1049, 1050], [1042, 1046, 1047, 1049, 1050], [1045, 1047, 1049, 1050], [1044, 1047, 1049, 1050], [1043, 1047, 1049, 1050], [1046, 1049, 1050], [1045, 1049, 1050], [1048, 1050], [1047, 1050], [1046, 1050], [1049], [1047]]
cur_suffix:  [1044, 1046, 1047, 1049, 1050]
fisrt choice: (1.6120646050281517e+110, 1042, 16)
baseline:  (1.6120646050430035e+110, [1048, 1048, 1048, 1048, 1048, 1048, 1048, 1048, 1048, 1048, 1048, 1048, 1048, 1048, 1048, 1048, 1048], 1049, 4071)
best 5 choices:
(1.612064605025078e+110, [1038, 1038, 1038, 1038, 1038, 1038, 1038, 1038, 1038, 1038, 1038, 1038, 1038, 1038, 1038, 1038, 1038, 1042, 1043, 1044, 1046, 1048, 1049, 1050], 1049, 4071)
(1.612064605025136e+110, [1038, 1038, 1038, 1038, 1038, 1038, 1038, 1038, 1038, 1038, 1038, 1038, 1038, 1038, 1038, 1038, 1038, 1038, 1042, 1043, 1045, 1046, 1047, 1049, 1050], 1049, 4071)
(1.6120646050252043e+110, [1038, 1038, 1038, 1038, 1038, 1038, 1038, 1038, 1038, 1038, 1038, 1038, 1038, 1038, 1038, 1038, 1038, 1038, 1041, 1043, 1044, 1046, 1048, 1049, 1050], 1049, 4071)
(1.6120646050256462e+110, [1039, 1039, 1039, 1039, 1039, 1039, 1039, 1039, 1039, 1039, 1039, 1039, 1039, 1039, 1039, 1039, 1039, 1043, 1045, 1046, 1048, 1049, 1050], 1049, 4071)
(1.6120646050256753e+110, [1039, 1039, 1039, 1039, 1039, 1039, 1039, 1039, 1039, 1039, 1039, 1039, 1039, 1039, 1039, 1039, 1039, 1044, 1045, 1046, 1047, 1048, 1051], 1049, 4071)
end round with 14 suffixes


======== round 162 ========
todo suffixes: [[1043, 1044, 1046, 1047, 1049, 1050], [1042, 1044, 1046, 1047, 1049, 1050], [1043, 1046, 1047, 1049, 1050], [1042, 1046, 1047, 1049, 1050], [1045, 1047, 1049, 1050], [1044, 1047, 1049, 1050], [1043, 1047, 1049, 1050], [1046, 1049, 1050], [1045, 1049, 1050], [1048, 1050], [1047, 1050], [1046, 1050], [1049], [1047]]
cur_suffix:  [1043, 1044, 1046, 1047, 1049, 1050]
fisrt choice: (1.6120646050265707e+110, 1040, 18)
baseline:  (1.6120646050430035e+110, [1048, 1048, 1048, 1048, 1048, 1048, 1048, 1048, 1048, 1048, 1048, 1048, 1048, 1048, 1048, 1048, 1048], 1049, 4071)
best 5 choices:
(1.612064605025078e+110, [1038, 1038, 1038, 1038, 1038, 1038, 1038, 1038, 1038, 1038, 1038, 1038, 1038, 1038, 1038, 1038, 1038, 1042, 1043, 1044, 1046, 1048, 1049, 1050], 1049, 4071)
(1.612064605025136e+110, [1038, 1038, 1038, 1038, 1038, 1038, 1038, 1038, 1038, 1038, 1038, 1038, 1038, 1038, 1038, 1038, 1038, 1038, 1042, 1043, 1045, 1046, 1047, 1049, 1050], 1049, 4071)
(1.6120646050252043e+110, [1038, 1038, 1038, 1038, 1038, 1038, 1038, 1038, 1038, 1038, 1038, 1038, 1038, 1038, 1038, 1038, 1038, 1038, 1041, 1043, 1044, 1046, 1048, 1049, 1050], 1049, 4071)
(1.6120646050256462e+110, [1039, 1039, 1039, 1039, 1039, 1039, 1039, 1039, 1039, 1039, 1039, 1039, 1039, 1039, 1039, 1039, 1039, 1043, 1045, 1046, 1048, 1049, 1050], 1049, 4071)
(1.6120646050256753e+110, [1039, 1039, 1039, 1039, 1039, 1039, 1039, 1039, 1039, 1039, 1039, 1039, 1039, 1039, 1039, 1039, 1039, 1044, 1045, 1046, 1047, 1048, 1051], 1049, 4071)
end round with 16 suffixes


======== round 163 ========
todo suffixes: [[1042, 1043, 1044, 1046, 1047, 1049, 1050], [1041, 1043, 1044, 1046, 1047, 1049, 1050], [1040, 1043, 1044, 1046, 1047, 1049, 1050], [1042, 1044, 1046, 1047, 1049, 1050], [1043, 1046, 1047, 1049, 1050], [1042, 1046, 1047, 1049, 1050], [1045, 1047, 1049, 1050], [1044, 1047, 1049, 1050], [1043, 1047, 1049, 1050], [1046, 1049, 1050], [1045, 1049, 1050], [1048, 1050], [1047, 1050], [1046, 1050], [1049], [1047]]
cur_suffix:  [1042, 1043, 1044, 1046, 1047, 1049, 1050]
fisrt choice: (1.612064605025906e+110, 1039, 18)
baseline:  (1.6120646050430035e+110, [1048, 1048, 1048, 1048, 1048, 1048, 1048, 1048, 1048, 1048, 1048, 1048, 1048, 1048, 1048, 1048, 1048], 1049, 4071)
best 5 choices:
(1.612064605025078e+110, [1038, 1038, 1038, 1038, 1038, 1038, 1038, 1038, 1038, 1038, 1038, 1038, 1038, 1038, 1038, 1038, 1038, 1042, 1043, 1044, 1046, 1048, 1049, 1050], 1049, 4071)
(1.612064605025136e+110, [1038, 1038, 1038, 1038, 1038, 1038, 1038, 1038, 1038, 1038, 1038, 1038, 1038, 1038, 1038, 1038, 1038, 1038, 1042, 1043, 1045, 1046, 1047, 1049, 1050], 1049, 4071)
(1.6120646050252043e+110, [1038, 1038, 1038, 1038, 1038, 1038, 1038, 1038, 1038, 1038, 1038, 1038, 1038, 1038, 1038, 1038, 1038, 1038, 1041, 1043, 1044, 1046, 1048, 1049, 1050], 1049, 4071)
(1.6120646050256462e+110, [1039, 1039, 1039, 1039, 1039, 1039, 1039, 1039, 1039, 1039, 1039, 1039, 1039, 1039, 1039, 1039, 1039, 1043, 1045, 1046, 1048, 1049, 1050], 1049, 4071)
(1.6120646050256753e+110, [1039, 1039, 1039, 1039, 1039, 1039, 1039, 1039, 1039, 1039, 1039, 1039, 1039, 1039, 1039, 1039, 1039, 1044, 1045, 1046, 1047, 1048, 1051], 1049, 4071)
end round with 15 suffixes


======== round 164 ========
todo suffixes: [[1041, 1043, 1044, 1046, 1047, 1049, 1050], [1040, 1043, 1044, 1046, 1047, 1049, 1050], [1042, 1044, 1046, 1047, 1049, 1050], [1043, 1046, 1047, 1049, 1050], [1042, 1046, 1047, 1049, 1050], [1045, 1047, 1049, 1050], [1044, 1047, 1049, 1050], [1043, 1047, 1049, 1050], [1046, 1049, 1050], [1045, 1049, 1050], [1048, 1050], [1047, 1050], [1046, 1050], [1049], [1047]]
cur_suffix:  [1041, 1043, 1044, 1046, 1047, 1049, 1050]
fisrt choice: (1.6120646050266528e+110, 1040, 17)
baseline:  (1.6120646050430035e+110, [1048, 1048, 1048, 1048, 1048, 1048, 1048, 1048, 1048, 1048, 1048, 1048, 1048, 1048, 1048, 1048, 1048], 1049, 4071)
best 5 choices:
(1.612064605025078e+110, [1038, 1038, 1038, 1038, 1038, 1038, 1038, 1038, 1038, 1038, 1038, 1038, 1038, 1038, 1038, 1038, 1038, 1042, 1043, 1044, 1046, 1048, 1049, 1050], 1049, 4071)
(1.612064605025136e+110, [1038, 1038, 1038, 1038, 1038, 1038, 1038, 1038, 1038, 1038, 1038, 1038, 1038, 1038, 1038, 1038, 1038, 1038, 1042, 1043, 1045, 1046, 1047, 1049, 1050], 1049, 4071)
(1.6120646050252043e+110, [1038, 1038, 1038, 1038, 1038, 1038, 1038, 1038, 1038, 1038, 1038, 1038, 1038, 1038, 1038, 1038, 1038, 1038, 1041, 1043, 1044, 1046, 1048, 1049, 1050], 1049, 4071)
(1.6120646050256462e+110, [1039, 1039, 1039, 1039, 1039, 1039, 1039, 1039, 1039, 1039, 1039, 1039, 1039, 1039, 1039, 1039, 1039, 1043, 1045, 1046, 1048, 1049, 1050], 1049, 4071)
(1.6120646050256753e+110, [1039, 1039, 1039, 1039, 1039, 1039, 1039, 1039, 1039, 1039, 1039, 1039, 1039, 1039, 1039, 1039, 1039, 1044, 1045, 1046, 1047, 1048, 1051], 1049, 4071)
end round with 15 suffixes


======== round 165 ========
todo suffixes: [[1040, 1041, 1043, 1044, 1046, 1047, 1049, 1050], [1040, 1043, 1044, 1046, 1047, 1049, 1050], [1042, 1044, 1046, 1047, 1049, 1050], [1043, 1046, 1047, 1049, 1050], [1042, 1046, 1047, 1049, 1050], [1045, 1047, 1049, 1050], [1044, 1047, 1049, 1050], [1043, 1047, 1049, 1050], [1046, 1049, 1050], [1045, 1049, 1050], [1048, 1050], [1047, 1050], [1046, 1050], [1049], [1047]]
cur_suffix:  [1040, 1041, 1043, 1044, 1046, 1047, 1049, 1050]
fisrt choice: (1.6120646050258712e+110, 1039, 17)
baseline:  (1.6120646050430035e+110, [1048, 1048, 1048, 1048, 1048, 1048, 1048, 1048, 1048, 1048, 1048, 1048, 1048, 1048, 1048, 1048, 1048], 1049, 4071)
best 5 choices:
(1.612064605025078e+110, [1038, 1038, 1038, 1038, 1038, 1038, 1038, 1038, 1038, 1038, 1038, 1038, 1038, 1038, 1038, 1038, 1038, 1042, 1043, 1044, 1046, 1048, 1049, 1050], 1049, 4071)
(1.612064605025136e+110, [1038, 1038, 1038, 1038, 1038, 1038, 1038, 1038, 1038, 1038, 1038, 1038, 1038, 1038, 1038, 1038, 1038, 1038, 1042, 1043, 1045, 1046, 1047, 1049, 1050], 1049, 4071)
(1.6120646050252043e+110, [1038, 1038, 1038, 1038, 1038, 1038, 1038, 1038, 1038, 1038, 1038, 1038, 1038, 1038, 1038, 1038, 1038, 1038, 1041, 1043, 1044, 1046, 1048, 1049, 1050], 1049, 4071)
(1.6120646050256462e+110, [1039, 1039, 1039, 1039, 1039, 1039, 1039, 1039, 1039, 1039, 1039, 1039, 1039, 1039, 1039, 1039, 1039, 1043, 1045, 1046, 1048, 1049, 1050], 1049, 4071)
(1.6120646050256753e+110, [1039, 1039, 1039, 1039, 1039, 1039, 1039, 1039, 1039, 1039, 1039, 1039, 1039, 1039, 1039, 1039, 1039, 1044, 1045, 1046, 1047, 1048, 1051], 1049, 4071)
end round with 14 suffixes


======== round 166 ========
todo suffixes: [[1040, 1043, 1044, 1046, 1047, 1049, 1050], [1042, 1044, 1046, 1047, 1049, 1050], [1043, 1046, 1047, 1049, 1050], [1042, 1046, 1047, 1049, 1050], [1045, 1047, 1049, 1050], [1044, 1047, 1049, 1050], [1043, 1047, 1049, 1050], [1046, 1049, 1050], [1045, 1049, 1050], [1048, 1050], [1047, 1050], [1046, 1050], [1049], [1047]]
cur_suffix:  [1040, 1043, 1044, 1046, 1047, 1049, 1050]
fisrt choice: (-1, -1, -1)
baseline:  (1.6120646050430035e+110, [1048, 1048, 1048, 1048, 1048, 1048, 1048, 1048, 1048, 1048, 1048, 1048, 1048, 1048, 1048, 1048, 1048], 1049, 4071)
the strategy is infeasible, continue


======== round 167 ========
todo suffixes: [[1042, 1044, 1046, 1047, 1049, 1050], [1043, 1046, 1047, 1049, 1050], [1042, 1046, 1047, 1049, 1050], [1045, 1047, 1049, 1050], [1044, 1047, 1049, 1050], [1043, 1047, 1049, 1050], [1046, 1049, 1050], [1045, 1049, 1050], [1048, 1050], [1047, 1050], [1046, 1050], [1049], [1047]]
cur_suffix:  [1042, 1044, 1046, 1047, 1049, 1050]
fisrt choice: (1.612064605027494e+110, 1041, 17)
baseline:  (1.6120646050430035e+110, [1048, 1048, 1048, 1048, 1048, 1048, 1048, 1048, 1048, 1048, 1048, 1048, 1048, 1048, 1048, 1048, 1048], 1049, 4071)
best 5 choices:
(1.612064605025078e+110, [1038, 1038, 1038, 1038, 1038, 1038, 1038, 1038, 1038, 1038, 1038, 1038, 1038, 1038, 1038, 1038, 1038, 1042, 1043, 1044, 1046, 1048, 1049, 1050], 1049, 4071)
(1.612064605025136e+110, [1038, 1038, 1038, 1038, 1038, 1038, 1038, 1038, 1038, 1038, 1038, 1038, 1038, 1038, 1038, 1038, 1038, 1038, 1042, 1043, 1045, 1046, 1047, 1049, 1050], 1049, 4071)
(1.6120646050252043e+110, [1038, 1038, 1038, 1038, 1038, 1038, 1038, 1038, 1038, 1038, 1038, 1038, 1038, 1038, 1038, 1038, 1038, 1038, 1041, 1043, 1044, 1046, 1048, 1049, 1050], 1049, 4071)
(1.6120646050256462e+110, [1039, 1039, 1039, 1039, 1039, 1039, 1039, 1039, 1039, 1039, 1039, 1039, 1039, 1039, 1039, 1039, 1039, 1043, 1045, 1046, 1048, 1049, 1050], 1049, 4071)
(1.6120646050256753e+110, [1039, 1039, 1039, 1039, 1039, 1039, 1039, 1039, 1039, 1039, 1039, 1039, 1039, 1039, 1039, 1039, 1039, 1044, 1045, 1046, 1047, 1048, 1051], 1049, 4071)
end round with 13 suffixes


======== round 168 ========
todo suffixes: [[1041, 1042, 1044, 1046, 1047, 1049, 1050], [1043, 1046, 1047, 1049, 1050], [1042, 1046, 1047, 1049, 1050], [1045, 1047, 1049, 1050], [1044, 1047, 1049, 1050], [1043, 1047, 1049, 1050], [1046, 1049, 1050], [1045, 1049, 1050], [1048, 1050], [1047, 1050], [1046, 1050], [1049], [1047]]
cur_suffix:  [1041, 1042, 1044, 1046, 1047, 1049, 1050]
fisrt choice: (1.612064605026875e+110, 1040, 18)
baseline:  (1.6120646050430035e+110, [1048, 1048, 1048, 1048, 1048, 1048, 1048, 1048, 1048, 1048, 1048, 1048, 1048, 1048, 1048, 1048, 1048], 1049, 4071)
best 5 choices:
(1.612064605025078e+110, [1038, 1038, 1038, 1038, 1038, 1038, 1038, 1038, 1038, 1038, 1038, 1038, 1038, 1038, 1038, 1038, 1038, 1042, 1043, 1044, 1046, 1048, 1049, 1050], 1049, 4071)
(1.612064605025136e+110, [1038, 1038, 1038, 1038, 1038, 1038, 1038, 1038, 1038, 1038, 1038, 1038, 1038, 1038, 1038, 1038, 1038, 1038, 1042, 1043, 1045, 1046, 1047, 1049, 1050], 1049, 4071)
(1.6120646050252043e+110, [1038, 1038, 1038, 1038, 1038, 1038, 1038, 1038, 1038, 1038, 1038, 1038, 1038, 1038, 1038, 1038, 1038, 1038, 1041, 1043, 1044, 1046, 1048, 1049, 1050], 1049, 4071)
(1.6120646050256462e+110, [1039, 1039, 1039, 1039, 1039, 1039, 1039, 1039, 1039, 1039, 1039, 1039, 1039, 1039, 1039, 1039, 1039, 1043, 1045, 1046, 1048, 1049, 1050], 1049, 4071)
(1.6120646050256753e+110, [1039, 1039, 1039, 1039, 1039, 1039, 1039, 1039, 1039, 1039, 1039, 1039, 1039, 1039, 1039, 1039, 1039, 1044, 1045, 1046, 1047, 1048, 1051], 1049, 4071)
end round with 13 suffixes


======== round 169 ========
todo suffixes: [[1040, 1041, 1042, 1044, 1046, 1047, 1049, 1050], [1043, 1046, 1047, 1049, 1050], [1042, 1046, 1047, 1049, 1050], [1045, 1047, 1049, 1050], [1044, 1047, 1049, 1050], [1043, 1047, 1049, 1050], [1046, 1049, 1050], [1045, 1049, 1050], [1048, 1050], [1047, 1050], [1046, 1050], [1049], [1047]]
cur_suffix:  [1040, 1041, 1042, 1044, 1046, 1047, 1049, 1050]
fisrt choice: (-1, -1, -1)
baseline:  (1.6120646050430035e+110, [1048, 1048, 1048, 1048, 1048, 1048, 1048, 1048, 1048, 1048, 1048, 1048, 1048, 1048, 1048, 1048, 1048], 1049, 4071)
the strategy is infeasible, continue


======== round 170 ========
todo suffixes: [[1043, 1046, 1047, 1049, 1050], [1042, 1046, 1047, 1049, 1050], [1045, 1047, 1049, 1050], [1044, 1047, 1049, 1050], [1043, 1047, 1049, 1050], [1046, 1049, 1050], [1045, 1049, 1050], [1048, 1050], [1047, 1050], [1046, 1050], [1049], [1047]]
cur_suffix:  [1043, 1046, 1047, 1049, 1050]
fisrt choice: (1.6120646050285275e+110, 1042, 17)
baseline:  (1.6120646050430035e+110, [1048, 1048, 1048, 1048, 1048, 1048, 1048, 1048, 1048, 1048, 1048, 1048, 1048, 1048, 1048, 1048, 1048], 1049, 4071)
best 5 choices:
(1.612064605025078e+110, [1038, 1038, 1038, 1038, 1038, 1038, 1038, 1038, 1038, 1038, 1038, 1038, 1038, 1038, 1038, 1038, 1038, 1042, 1043, 1044, 1046, 1048, 1049, 1050], 1049, 4071)
(1.612064605025136e+110, [1038, 1038, 1038, 1038, 1038, 1038, 1038, 1038, 1038, 1038, 1038, 1038, 1038, 1038, 1038, 1038, 1038, 1038, 1042, 1043, 1045, 1046, 1047, 1049, 1050], 1049, 4071)
(1.6120646050252043e+110, [1038, 1038, 1038, 1038, 1038, 1038, 1038, 1038, 1038, 1038, 1038, 1038, 1038, 1038, 1038, 1038, 1038, 1038, 1041, 1043, 1044, 1046, 1048, 1049, 1050], 1049, 4071)
(1.6120646050256462e+110, [1039, 1039, 1039, 1039, 1039, 1039, 1039, 1039, 1039, 1039, 1039, 1039, 1039, 1039, 1039, 1039, 1039, 1043, 1045, 1046, 1048, 1049, 1050], 1049, 4071)
(1.6120646050256753e+110, [1039, 1039, 1039, 1039, 1039, 1039, 1039, 1039, 1039, 1039, 1039, 1039, 1039, 1039, 1039, 1039, 1039, 1044, 1045, 1046, 1047, 1048, 1051], 1049, 4071)
end round with 12 suffixes


======== round 171 ========
todo suffixes: [[1042, 1043, 1046, 1047, 1049, 1050], [1042, 1046, 1047, 1049, 1050], [1045, 1047, 1049, 1050], [1044, 1047, 1049, 1050], [1043, 1047, 1049, 1050], [1046, 1049, 1050], [1045, 1049, 1050], [1048, 1050], [1047, 1050], [1046, 1050], [1049], [1047]]
cur_suffix:  [1042, 1043, 1046, 1047, 1049, 1050]
fisrt choice: (1.6120646050277685e+110, 1041, 18)
baseline:  (1.6120646050430035e+110, [1048, 1048, 1048, 1048, 1048, 1048, 1048, 1048, 1048, 1048, 1048, 1048, 1048, 1048, 1048, 1048, 1048], 1049, 4071)
best 5 choices:
(1.612064605025078e+110, [1038, 1038, 1038, 1038, 1038, 1038, 1038, 1038, 1038, 1038, 1038, 1038, 1038, 1038, 1038, 1038, 1038, 1042, 1043, 1044, 1046, 1048, 1049, 1050], 1049, 4071)
(1.612064605025136e+110, [1038, 1038, 1038, 1038, 1038, 1038, 1038, 1038, 1038, 1038, 1038, 1038, 1038, 1038, 1038, 1038, 1038, 1038, 1042, 1043, 1045, 1046, 1047, 1049, 1050], 1049, 4071)
(1.6120646050252043e+110, [1038, 1038, 1038, 1038, 1038, 1038, 1038, 1038, 1038, 1038, 1038, 1038, 1038, 1038, 1038, 1038, 1038, 1038, 1041, 1043, 1044, 1046, 1048, 1049, 1050], 1049, 4071)
(1.6120646050256462e+110, [1039, 1039, 1039, 1039, 1039, 1039, 1039, 1039, 1039, 1039, 1039, 1039, 1039, 1039, 1039, 1039, 1039, 1043, 1045, 1046, 1048, 1049, 1050], 1049, 4071)
(1.6120646050256753e+110, [1039, 1039, 1039, 1039, 1039, 1039, 1039, 1039, 1039, 1039, 1039, 1039, 1039, 1039, 1039, 1039, 1039, 1044, 1045, 1046, 1047, 1048, 1051], 1049, 4071)
end round with 12 suffixes


======== round 172 ========
todo suffixes: [[1041, 1042, 1043, 1046, 1047, 1049, 1050], [1042, 1046, 1047, 1049, 1050], [1045, 1047, 1049, 1050], [1044, 1047, 1049, 1050], [1043, 1047, 1049, 1050], [1046, 1049, 1050], [1045, 1049, 1050], [1048, 1050], [1047, 1050], [1046, 1050], [1049], [1047]]
cur_suffix:  [1041, 1042, 1043, 1046, 1047, 1049, 1050]
fisrt choice: (-1, -1, -1)
baseline:  (1.6120646050430035e+110, [1048, 1048, 1048, 1048, 1048, 1048, 1048, 1048, 1048, 1048, 1048, 1048, 1048, 1048, 1048, 1048, 1048], 1049, 4071)
the strategy is infeasible, continue


======== round 173 ========
todo suffixes: [[1042, 1046, 1047, 1049, 1050], [1045, 1047, 1049, 1050], [1044, 1047, 1049, 1050], [1043, 1047, 1049, 1050], [1046, 1049, 1050], [1045, 1049, 1050], [1048, 1050], [1047, 1050], [1046, 1050], [1049], [1047]]
cur_suffix:  [1042, 1046, 1047, 1049, 1050]
fisrt choice: (-1, -1, -1)
baseline:  (1.6120646050430035e+110, [1048, 1048, 1048, 1048, 1048, 1048, 1048, 1048, 1048, 1048, 1048, 1048, 1048, 1048, 1048, 1048, 1048], 1049, 4071)
the strategy is infeasible, continue


======== round 174 ========
todo suffixes: [[1045, 1047, 1049, 1050], [1044, 1047, 1049, 1050], [1043, 1047, 1049, 1050], [1046, 1049, 1050], [1045, 1049, 1050], [1048, 1050], [1047, 1050], [1046, 1050], [1049], [1047]]
cur_suffix:  [1045, 1047, 1049, 1050]
fisrt choice: (1.612064605029763e+110, 1043, 17)
baseline:  (1.6120646050430035e+110, [1048, 1048, 1048, 1048, 1048, 1048, 1048, 1048, 1048, 1048, 1048, 1048, 1048, 1048, 1048, 1048, 1048], 1049, 4071)
best 5 choices:
(1.612064605025078e+110, [1038, 1038, 1038, 1038, 1038, 1038, 1038, 1038, 1038, 1038, 1038, 1038, 1038, 1038, 1038, 1038, 1038, 1042, 1043, 1044, 1046, 1048, 1049, 1050], 1049, 4071)
(1.612064605025136e+110, [1038, 1038, 1038, 1038, 1038, 1038, 1038, 1038, 1038, 1038, 1038, 1038, 1038, 1038, 1038, 1038, 1038, 1038, 1042, 1043, 1045, 1046, 1047, 1049, 1050], 1049, 4071)
(1.6120646050252043e+110, [1038, 1038, 1038, 1038, 1038, 1038, 1038, 1038, 1038, 1038, 1038, 1038, 1038, 1038, 1038, 1038, 1038, 1038, 1041, 1043, 1044, 1046, 1048, 1049, 1050], 1049, 4071)
(1.6120646050256462e+110, [1039, 1039, 1039, 1039, 1039, 1039, 1039, 1039, 1039, 1039, 1039, 1039, 1039, 1039, 1039, 1039, 1039, 1043, 1045, 1046, 1048, 1049, 1050], 1049, 4071)
(1.6120646050256753e+110, [1039, 1039, 1039, 1039, 1039, 1039, 1039, 1039, 1039, 1039, 1039, 1039, 1039, 1039, 1039, 1039, 1039, 1044, 1045, 1046, 1047, 1048, 1051], 1049, 4071)
end round with 11 suffixes


======== round 175 ========
todo suffixes: [[1044, 1045, 1047, 1049, 1050], [1043, 1045, 1047, 1049, 1050], [1044, 1047, 1049, 1050], [1043, 1047, 1049, 1050], [1046, 1049, 1050], [1045, 1049, 1050], [1048, 1050], [1047, 1050], [1046, 1050], [1049], [1047]]
cur_suffix:  [1044, 1045, 1047, 1049, 1050]
fisrt choice: (1.612064605028446e+110, 1042, 17)
baseline:  (1.6120646050430035e+110, [1048, 1048, 1048, 1048, 1048, 1048, 1048, 1048, 1048, 1048, 1048, 1048, 1048, 1048, 1048, 1048, 1048], 1049, 4071)
best 5 choices:
(1.612064605025078e+110, [1038, 1038, 1038, 1038, 1038, 1038, 1038, 1038, 1038, 1038, 1038, 1038, 1038, 1038, 1038, 1038, 1038, 1042, 1043, 1044, 1046, 1048, 1049, 1050], 1049, 4071)
(1.612064605025136e+110, [1038, 1038, 1038, 1038, 1038, 1038, 1038, 1038, 1038, 1038, 1038, 1038, 1038, 1038, 1038, 1038, 1038, 1038, 1042, 1043, 1045, 1046, 1047, 1049, 1050], 1049, 4071)
(1.6120646050252043e+110, [1038, 1038, 1038, 1038, 1038, 1038, 1038, 1038, 1038, 1038, 1038, 1038, 1038, 1038, 1038, 1038, 1038, 1038, 1041, 1043, 1044, 1046, 1048, 1049, 1050], 1049, 4071)
(1.6120646050256462e+110, [1039, 1039, 1039, 1039, 1039, 1039, 1039, 1039, 1039, 1039, 1039, 1039, 1039, 1039, 1039, 1039, 1039, 1043, 1045, 1046, 1048, 1049, 1050], 1049, 4071)
(1.6120646050256753e+110, [1039, 1039, 1039, 1039, 1039, 1039, 1039, 1039, 1039, 1039, 1039, 1039, 1039, 1039, 1039, 1039, 1039, 1044, 1045, 1046, 1047, 1048, 1051], 1049, 4071)
end round with 12 suffixes


======== round 176 ========
todo suffixes: [[1043, 1044, 1045, 1047, 1049, 1050], [1042, 1044, 1045, 1047, 1049, 1050], [1043, 1045, 1047, 1049, 1050], [1044, 1047, 1049, 1050], [1043, 1047, 1049, 1050], [1046, 1049, 1050], [1045, 1049, 1050], [1048, 1050], [1047, 1050], [1046, 1050], [1049], [1047]]
cur_suffix:  [1043, 1044, 1045, 1047, 1049, 1050]
fisrt choice: (1.6120646050278123e+110, 1041, 18)
baseline:  (1.6120646050430035e+110, [1048, 1048, 1048, 1048, 1048, 1048, 1048, 1048, 1048, 1048, 1048, 1048, 1048, 1048, 1048, 1048, 1048], 1049, 4071)
best 5 choices:
(1.612064605025078e+110, [1038, 1038, 1038, 1038, 1038, 1038, 1038, 1038, 1038, 1038, 1038, 1038, 1038, 1038, 1038, 1038, 1038, 1042, 1043, 1044, 1046, 1048, 1049, 1050], 1049, 4071)
(1.612064605025136e+110, [1038, 1038, 1038, 1038, 1038, 1038, 1038, 1038, 1038, 1038, 1038, 1038, 1038, 1038, 1038, 1038, 1038, 1038, 1042, 1043, 1045, 1046, 1047, 1049, 1050], 1049, 4071)
(1.6120646050252043e+110, [1038, 1038, 1038, 1038, 1038, 1038, 1038, 1038, 1038, 1038, 1038, 1038, 1038, 1038, 1038, 1038, 1038, 1038, 1041, 1043, 1044, 1046, 1048, 1049, 1050], 1049, 4071)
(1.6120646050256462e+110, [1039, 1039, 1039, 1039, 1039, 1039, 1039, 1039, 1039, 1039, 1039, 1039, 1039, 1039, 1039, 1039, 1039, 1043, 1045, 1046, 1048, 1049, 1050], 1049, 4071)
(1.6120646050256753e+110, [1039, 1039, 1039, 1039, 1039, 1039, 1039, 1039, 1039, 1039, 1039, 1039, 1039, 1039, 1039, 1039, 1039, 1044, 1045, 1046, 1047, 1048, 1051], 1049, 4071)
end round with 13 suffixes


======== round 177 ========
todo suffixes: [[1042, 1043, 1044, 1045, 1047, 1049, 1050], [1041, 1043, 1044, 1045, 1047, 1049, 1050], [1042, 1044, 1045, 1047, 1049, 1050], [1043, 1045, 1047, 1049, 1050], [1044, 1047, 1049, 1050], [1043, 1047, 1049, 1050], [1046, 1049, 1050], [1045, 1049, 1050], [1048, 1050], [1047, 1050], [1046, 1050], [1049], [1047]]
cur_suffix:  [1042, 1043, 1044, 1045, 1047, 1049, 1050]
fisrt choice: (1.612064605026865e+110, 1040, 18)
baseline:  (1.6120646050430035e+110, [1048, 1048, 1048, 1048, 1048, 1048, 1048, 1048, 1048, 1048, 1048, 1048, 1048, 1048, 1048, 1048, 1048], 1049, 4071)
best 5 choices:
(1.612064605025078e+110, [1038, 1038, 1038, 1038, 1038, 1038, 1038, 1038, 1038, 1038, 1038, 1038, 1038, 1038, 1038, 1038, 1038, 1042, 1043, 1044, 1046, 1048, 1049, 1050], 1049, 4071)
(1.612064605025136e+110, [1038, 1038, 1038, 1038, 1038, 1038, 1038, 1038, 1038, 1038, 1038, 1038, 1038, 1038, 1038, 1038, 1038, 1038, 1042, 1043, 1045, 1046, 1047, 1049, 1050], 1049, 4071)
(1.6120646050252043e+110, [1038, 1038, 1038, 1038, 1038, 1038, 1038, 1038, 1038, 1038, 1038, 1038, 1038, 1038, 1038, 1038, 1038, 1038, 1041, 1043, 1044, 1046, 1048, 1049, 1050], 1049, 4071)
(1.6120646050256462e+110, [1039, 1039, 1039, 1039, 1039, 1039, 1039, 1039, 1039, 1039, 1039, 1039, 1039, 1039, 1039, 1039, 1039, 1043, 1045, 1046, 1048, 1049, 1050], 1049, 4071)
(1.6120646050256753e+110, [1039, 1039, 1039, 1039, 1039, 1039, 1039, 1039, 1039, 1039, 1039, 1039, 1039, 1039, 1039, 1039, 1039, 1044, 1045, 1046, 1047, 1048, 1051], 1049, 4071)
end round with 14 suffixes


======== round 178 ========
todo suffixes: [[1041, 1042, 1043, 1044, 1045, 1047, 1049, 1050], [1040, 1042, 1043, 1044, 1045, 1047, 1049, 1050], [1041, 1043, 1044, 1045, 1047, 1049, 1050], [1042, 1044, 1045, 1047, 1049, 1050], [1043, 1045, 1047, 1049, 1050], [1044, 1047, 1049, 1050], [1043, 1047, 1049, 1050], [1046, 1049, 1050], [1045, 1049, 1050], [1048, 1050], [1047, 1050], [1046, 1050], [1049], [1047]]
cur_suffix:  [1041, 1042, 1043, 1044, 1045, 1047, 1049, 1050]
fisrt choice: (1.612064605026099e+110, 1039, 18)
baseline:  (1.6120646050430035e+110, [1048, 1048, 1048, 1048, 1048, 1048, 1048, 1048, 1048, 1048, 1048, 1048, 1048, 1048, 1048, 1048, 1048], 1049, 4071)
best 5 choices:
(1.612064605025078e+110, [1038, 1038, 1038, 1038, 1038, 1038, 1038, 1038, 1038, 1038, 1038, 1038, 1038, 1038, 1038, 1038, 1038, 1042, 1043, 1044, 1046, 1048, 1049, 1050], 1049, 4071)
(1.612064605025136e+110, [1038, 1038, 1038, 1038, 1038, 1038, 1038, 1038, 1038, 1038, 1038, 1038, 1038, 1038, 1038, 1038, 1038, 1038, 1042, 1043, 1045, 1046, 1047, 1049, 1050], 1049, 4071)
(1.6120646050252043e+110, [1038, 1038, 1038, 1038, 1038, 1038, 1038, 1038, 1038, 1038, 1038, 1038, 1038, 1038, 1038, 1038, 1038, 1038, 1041, 1043, 1044, 1046, 1048, 1049, 1050], 1049, 4071)
(1.6120646050256462e+110, [1039, 1039, 1039, 1039, 1039, 1039, 1039, 1039, 1039, 1039, 1039, 1039, 1039, 1039, 1039, 1039, 1039, 1043, 1045, 1046, 1048, 1049, 1050], 1049, 4071)
(1.6120646050256753e+110, [1039, 1039, 1039, 1039, 1039, 1039, 1039, 1039, 1039, 1039, 1039, 1039, 1039, 1039, 1039, 1039, 1039, 1044, 1045, 1046, 1047, 1048, 1051], 1049, 4071)
end round with 13 suffixes


======== round 179 ========
todo suffixes: [[1040, 1042, 1043, 1044, 1045, 1047, 1049, 1050], [1041, 1043, 1044, 1045, 1047, 1049, 1050], [1042, 1044, 1045, 1047, 1049, 1050], [1043, 1045, 1047, 1049, 1050], [1044, 1047, 1049, 1050], [1043, 1047, 1049, 1050], [1046, 1049, 1050], [1045, 1049, 1050], [1048, 1050], [1047, 1050], [1046, 1050], [1049], [1047]]
cur_suffix:  [1040, 1042, 1043, 1044, 1045, 1047, 1049, 1050]
fisrt choice: (-1, -1, -1)
baseline:  (1.6120646050430035e+110, [1048, 1048, 1048, 1048, 1048, 1048, 1048, 1048, 1048, 1048, 1048, 1048, 1048, 1048, 1048, 1048, 1048], 1049, 4071)
the strategy is infeasible, continue


======== round 180 ========
todo suffixes: [[1041, 1043, 1044, 1045, 1047, 1049, 1050], [1042, 1044, 1045, 1047, 1049, 1050], [1043, 1045, 1047, 1049, 1050], [1044, 1047, 1049, 1050], [1043, 1047, 1049, 1050], [1046, 1049, 1050], [1045, 1049, 1050], [1048, 1050], [1047, 1050], [1046, 1050], [1049], [1047]]
cur_suffix:  [1041, 1043, 1044, 1045, 1047, 1049, 1050]
fisrt choice: (1.6120646050271114e+110, 1040, 19)
baseline:  (1.6120646050430035e+110, [1048, 1048, 1048, 1048, 1048, 1048, 1048, 1048, 1048, 1048, 1048, 1048, 1048, 1048, 1048, 1048, 1048], 1049, 4071)
best 5 choices:
(1.612064605025078e+110, [1038, 1038, 1038, 1038, 1038, 1038, 1038, 1038, 1038, 1038, 1038, 1038, 1038, 1038, 1038, 1038, 1038, 1042, 1043, 1044, 1046, 1048, 1049, 1050], 1049, 4071)
(1.612064605025136e+110, [1038, 1038, 1038, 1038, 1038, 1038, 1038, 1038, 1038, 1038, 1038, 1038, 1038, 1038, 1038, 1038, 1038, 1038, 1042, 1043, 1045, 1046, 1047, 1049, 1050], 1049, 4071)
(1.6120646050252043e+110, [1038, 1038, 1038, 1038, 1038, 1038, 1038, 1038, 1038, 1038, 1038, 1038, 1038, 1038, 1038, 1038, 1038, 1038, 1041, 1043, 1044, 1046, 1048, 1049, 1050], 1049, 4071)
(1.6120646050256462e+110, [1039, 1039, 1039, 1039, 1039, 1039, 1039, 1039, 1039, 1039, 1039, 1039, 1039, 1039, 1039, 1039, 1039, 1043, 1045, 1046, 1048, 1049, 1050], 1049, 4071)
(1.6120646050256753e+110, [1039, 1039, 1039, 1039, 1039, 1039, 1039, 1039, 1039, 1039, 1039, 1039, 1039, 1039, 1039, 1039, 1039, 1044, 1045, 1046, 1047, 1048, 1051], 1049, 4071)
end round with 12 suffixes


======== round 181 ========
todo suffixes: [[1040, 1041, 1043, 1044, 1045, 1047, 1049, 1050], [1042, 1044, 1045, 1047, 1049, 1050], [1043, 1045, 1047, 1049, 1050], [1044, 1047, 1049, 1050], [1043, 1047, 1049, 1050], [1046, 1049, 1050], [1045, 1049, 1050], [1048, 1050], [1047, 1050], [1046, 1050], [1049], [1047]]
cur_suffix:  [1040, 1041, 1043, 1044, 1045, 1047, 1049, 1050]
fisrt choice: (-1, -1, -1)
baseline:  (1.6120646050430035e+110, [1048, 1048, 1048, 1048, 1048, 1048, 1048, 1048, 1048, 1048, 1048, 1048, 1048, 1048, 1048, 1048, 1048], 1049, 4071)
the strategy is infeasible, continue


======== round 182 ========
todo suffixes: [[1042, 1044, 1045, 1047, 1049, 1050], [1043, 1045, 1047, 1049, 1050], [1044, 1047, 1049, 1050], [1043, 1047, 1049, 1050], [1046, 1049, 1050], [1045, 1049, 1050], [1048, 1050], [1047, 1050], [1046, 1050], [1049], [1047]]
cur_suffix:  [1042, 1044, 1045, 1047, 1049, 1050]
fisrt choice: (-1, -1, -1)
baseline:  (1.6120646050430035e+110, [1048, 1048, 1048, 1048, 1048, 1048, 1048, 1048, 1048, 1048, 1048, 1048, 1048, 1048, 1048, 1048, 1048], 1049, 4071)
the strategy is infeasible, continue


======== round 183 ========
todo suffixes: [[1043, 1045, 1047, 1049, 1050], [1044, 1047, 1049, 1050], [1043, 1047, 1049, 1050], [1046, 1049, 1050], [1045, 1049, 1050], [1048, 1050], [1047, 1050], [1046, 1050], [1049], [1047]]
cur_suffix:  [1043, 1045, 1047, 1049, 1050]
fisrt choice: (1.612064605028822e+110, 1042, 18)
baseline:  (1.6120646050430035e+110, [1048, 1048, 1048, 1048, 1048, 1048, 1048, 1048, 1048, 1048, 1048, 1048, 1048, 1048, 1048, 1048, 1048], 1049, 4071)
best 5 choices:
(1.612064605025078e+110, [1038, 1038, 1038, 1038, 1038, 1038, 1038, 1038, 1038, 1038, 1038, 1038, 1038, 1038, 1038, 1038, 1038, 1042, 1043, 1044, 1046, 1048, 1049, 1050], 1049, 4071)
(1.612064605025136e+110, [1038, 1038, 1038, 1038, 1038, 1038, 1038, 1038, 1038, 1038, 1038, 1038, 1038, 1038, 1038, 1038, 1038, 1038, 1042, 1043, 1045, 1046, 1047, 1049, 1050], 1049, 4071)
(1.6120646050252043e+110, [1038, 1038, 1038, 1038, 1038, 1038, 1038, 1038, 1038, 1038, 1038, 1038, 1038, 1038, 1038, 1038, 1038, 1038, 1041, 1043, 1044, 1046, 1048, 1049, 1050], 1049, 4071)
(1.6120646050256462e+110, [1039, 1039, 1039, 1039, 1039, 1039, 1039, 1039, 1039, 1039, 1039, 1039, 1039, 1039, 1039, 1039, 1039, 1043, 1045, 1046, 1048, 1049, 1050], 1049, 4071)
(1.6120646050256753e+110, [1039, 1039, 1039, 1039, 1039, 1039, 1039, 1039, 1039, 1039, 1039, 1039, 1039, 1039, 1039, 1039, 1039, 1044, 1045, 1046, 1047, 1048, 1051], 1049, 4071)
end round with 10 suffixes


======== round 184 ========
todo suffixes: [[1042, 1043, 1045, 1047, 1049, 1050], [1044, 1047, 1049, 1050], [1043, 1047, 1049, 1050], [1046, 1049, 1050], [1045, 1049, 1050], [1048, 1050], [1047, 1050], [1046, 1050], [1049], [1047]]
cur_suffix:  [1042, 1043, 1045, 1047, 1049, 1050]
fisrt choice: (-1, -1, -1)
baseline:  (1.6120646050430035e+110, [1048, 1048, 1048, 1048, 1048, 1048, 1048, 1048, 1048, 1048, 1048, 1048, 1048, 1048, 1048, 1048, 1048], 1049, 4071)
the strategy is infeasible, continue


======== round 185 ========
todo suffixes: [[1044, 1047, 1049, 1050], [1043, 1047, 1049, 1050], [1046, 1049, 1050], [1045, 1049, 1050], [1048, 1050], [1047, 1050], [1046, 1050], [1049], [1047]]
cur_suffix:  [1044, 1047, 1049, 1050]
fisrt choice: (1.6120646050302276e+110, 1043, 18)
baseline:  (1.6120646050430035e+110, [1048, 1048, 1048, 1048, 1048, 1048, 1048, 1048, 1048, 1048, 1048, 1048, 1048, 1048, 1048, 1048, 1048], 1049, 4071)
best 5 choices:
(1.612064605025078e+110, [1038, 1038, 1038, 1038, 1038, 1038, 1038, 1038, 1038, 1038, 1038, 1038, 1038, 1038, 1038, 1038, 1038, 1042, 1043, 1044, 1046, 1048, 1049, 1050], 1049, 4071)
(1.612064605025136e+110, [1038, 1038, 1038, 1038, 1038, 1038, 1038, 1038, 1038, 1038, 1038, 1038, 1038, 1038, 1038, 1038, 1038, 1038, 1042, 1043, 1045, 1046, 1047, 1049, 1050], 1049, 4071)
(1.6120646050252043e+110, [1038, 1038, 1038, 1038, 1038, 1038, 1038, 1038, 1038, 1038, 1038, 1038, 1038, 1038, 1038, 1038, 1038, 1038, 1041, 1043, 1044, 1046, 1048, 1049, 1050], 1049, 4071)
(1.6120646050256462e+110, [1039, 1039, 1039, 1039, 1039, 1039, 1039, 1039, 1039, 1039, 1039, 1039, 1039, 1039, 1039, 1039, 1039, 1043, 1045, 1046, 1048, 1049, 1050], 1049, 4071)
(1.6120646050256753e+110, [1039, 1039, 1039, 1039, 1039, 1039, 1039, 1039, 1039, 1039, 1039, 1039, 1039, 1039, 1039, 1039, 1039, 1044, 1045, 1046, 1047, 1048, 1051], 1049, 4071)
end round with 9 suffixes


======== round 186 ========
todo suffixes: [[1043, 1044, 1047, 1049, 1050], [1043, 1047, 1049, 1050], [1046, 1049, 1050], [1045, 1049, 1050], [1048, 1050], [1047, 1050], [1046, 1050], [1049], [1047]]
cur_suffix:  [1043, 1044, 1047, 1049, 1050]
fisrt choice: (-1, -1, -1)
baseline:  (1.6120646050430035e+110, [1048, 1048, 1048, 1048, 1048, 1048, 1048, 1048, 1048, 1048, 1048, 1048, 1048, 1048, 1048, 1048, 1048], 1049, 4071)
the strategy is infeasible, continue


======== round 187 ========
todo suffixes: [[1043, 1047, 1049, 1050], [1046, 1049, 1050], [1045, 1049, 1050], [1048, 1050], [1047, 1050], [1046, 1050], [1049], [1047]]
cur_suffix:  [1043, 1047, 1049, 1050]
fisrt choice: (-1, -1, -1)
baseline:  (1.6120646050430035e+110, [1048, 1048, 1048, 1048, 1048, 1048, 1048, 1048, 1048, 1048, 1048, 1048, 1048, 1048, 1048, 1048, 1048], 1049, 4071)
the strategy is infeasible, continue


======== round 188 ========
todo suffixes: [[1046, 1049, 1050], [1045, 1049, 1050], [1048, 1050], [1047, 1050], [1046, 1050], [1049], [1047]]
cur_suffix:  [1046, 1049, 1050]
fisrt choice: (1.6120646050319123e+110, 1044, 18)
baseline:  (1.6120646050430035e+110, [1048, 1048, 1048, 1048, 1048, 1048, 1048, 1048, 1048, 1048, 1048, 1048, 1048, 1048, 1048, 1048, 1048], 1049, 4071)
best 5 choices:
(1.612064605025078e+110, [1038, 1038, 1038, 1038, 1038, 1038, 1038, 1038, 1038, 1038, 1038, 1038, 1038, 1038, 1038, 1038, 1038, 1042, 1043, 1044, 1046, 1048, 1049, 1050], 1049, 4071)
(1.612064605025136e+110, [1038, 1038, 1038, 1038, 1038, 1038, 1038, 1038, 1038, 1038, 1038, 1038, 1038, 1038, 1038, 1038, 1038, 1038, 1042, 1043, 1045, 1046, 1047, 1049, 1050], 1049, 4071)
(1.6120646050252043e+110, [1038, 1038, 1038, 1038, 1038, 1038, 1038, 1038, 1038, 1038, 1038, 1038, 1038, 1038, 1038, 1038, 1038, 1038, 1041, 1043, 1044, 1046, 1048, 1049, 1050], 1049, 4071)
(1.6120646050256462e+110, [1039, 1039, 1039, 1039, 1039, 1039, 1039, 1039, 1039, 1039, 1039, 1039, 1039, 1039, 1039, 1039, 1039, 1043, 1045, 1046, 1048, 1049, 1050], 1049, 4071)
(1.6120646050256753e+110, [1039, 1039, 1039, 1039, 1039, 1039, 1039, 1039, 1039, 1039, 1039, 1039, 1039, 1039, 1039, 1039, 1039, 1044, 1045, 1046, 1047, 1048, 1051], 1049, 4071)
end round with 8 suffixes


======== round 189 ========
todo suffixes: [[1045, 1046, 1049, 1050], [1044, 1046, 1049, 1050], [1045, 1049, 1050], [1048, 1050], [1047, 1050], [1046, 1050], [1049], [1047]]
cur_suffix:  [1045, 1046, 1049, 1050]
fisrt choice: (1.6120646050301268e+110, 1043, 18)
baseline:  (1.6120646050430035e+110, [1048, 1048, 1048, 1048, 1048, 1048, 1048, 1048, 1048, 1048, 1048, 1048, 1048, 1048, 1048, 1048, 1048], 1049, 4071)
best 5 choices:
(1.612064605025078e+110, [1038, 1038, 1038, 1038, 1038, 1038, 1038, 1038, 1038, 1038, 1038, 1038, 1038, 1038, 1038, 1038, 1038, 1042, 1043, 1044, 1046, 1048, 1049, 1050], 1049, 4071)
(1.612064605025136e+110, [1038, 1038, 1038, 1038, 1038, 1038, 1038, 1038, 1038, 1038, 1038, 1038, 1038, 1038, 1038, 1038, 1038, 1038, 1042, 1043, 1045, 1046, 1047, 1049, 1050], 1049, 4071)
(1.6120646050252043e+110, [1038, 1038, 1038, 1038, 1038, 1038, 1038, 1038, 1038, 1038, 1038, 1038, 1038, 1038, 1038, 1038, 1038, 1038, 1041, 1043, 1044, 1046, 1048, 1049, 1050], 1049, 4071)
(1.6120646050256462e+110, [1039, 1039, 1039, 1039, 1039, 1039, 1039, 1039, 1039, 1039, 1039, 1039, 1039, 1039, 1039, 1039, 1039, 1043, 1045, 1046, 1048, 1049, 1050], 1049, 4071)
(1.6120646050256753e+110, [1039, 1039, 1039, 1039, 1039, 1039, 1039, 1039, 1039, 1039, 1039, 1039, 1039, 1039, 1039, 1039, 1039, 1044, 1045, 1046, 1047, 1048, 1051], 1049, 4071)
end round with 9 suffixes


======== round 190 ========
todo suffixes: [[1044, 1045, 1046, 1049, 1050], [1043, 1045, 1046, 1049, 1050], [1044, 1046, 1049, 1050], [1045, 1049, 1050], [1048, 1050], [1047, 1050], [1046, 1050], [1049], [1047]]
cur_suffix:  [1044, 1045, 1046, 1049, 1050]
fisrt choice: (1.6120646050292153e+110, 1042, 19)
baseline:  (1.6120646050430035e+110, [1048, 1048, 1048, 1048, 1048, 1048, 1048, 1048, 1048, 1048, 1048, 1048, 1048, 1048, 1048, 1048, 1048], 1049, 4071)
best 5 choices:
(1.612064605025078e+110, [1038, 1038, 1038, 1038, 1038, 1038, 1038, 1038, 1038, 1038, 1038, 1038, 1038, 1038, 1038, 1038, 1038, 1042, 1043, 1044, 1046, 1048, 1049, 1050], 1049, 4071)
(1.612064605025136e+110, [1038, 1038, 1038, 1038, 1038, 1038, 1038, 1038, 1038, 1038, 1038, 1038, 1038, 1038, 1038, 1038, 1038, 1038, 1042, 1043, 1045, 1046, 1047, 1049, 1050], 1049, 4071)
(1.6120646050252043e+110, [1038, 1038, 1038, 1038, 1038, 1038, 1038, 1038, 1038, 1038, 1038, 1038, 1038, 1038, 1038, 1038, 1038, 1038, 1041, 1043, 1044, 1046, 1048, 1049, 1050], 1049, 4071)
(1.6120646050256462e+110, [1039, 1039, 1039, 1039, 1039, 1039, 1039, 1039, 1039, 1039, 1039, 1039, 1039, 1039, 1039, 1039, 1039, 1043, 1045, 1046, 1048, 1049, 1050], 1049, 4071)
(1.6120646050256753e+110, [1039, 1039, 1039, 1039, 1039, 1039, 1039, 1039, 1039, 1039, 1039, 1039, 1039, 1039, 1039, 1039, 1039, 1044, 1045, 1046, 1047, 1048, 1051], 1049, 4071)
end round with 10 suffixes


======== round 191 ========
todo suffixes: [[1043, 1044, 1045, 1046, 1049, 1050], [1042, 1044, 1045, 1046, 1049, 1050], [1043, 1045, 1046, 1049, 1050], [1044, 1046, 1049, 1050], [1045, 1049, 1050], [1048, 1050], [1047, 1050], [1046, 1050], [1049], [1047]]
cur_suffix:  [1043, 1044, 1045, 1046, 1049, 1050]
fisrt choice: (1.6120646050288098e+110, 1042, 17)
baseline:  (1.6120646050430035e+110, [1048, 1048, 1048, 1048, 1048, 1048, 1048, 1048, 1048, 1048, 1048, 1048, 1048, 1048, 1048, 1048, 1048], 1049, 4071)
best 5 choices:
(1.612064605025078e+110, [1038, 1038, 1038, 1038, 1038, 1038, 1038, 1038, 1038, 1038, 1038, 1038, 1038, 1038, 1038, 1038, 1038, 1042, 1043, 1044, 1046, 1048, 1049, 1050], 1049, 4071)
(1.612064605025136e+110, [1038, 1038, 1038, 1038, 1038, 1038, 1038, 1038, 1038, 1038, 1038, 1038, 1038, 1038, 1038, 1038, 1038, 1038, 1042, 1043, 1045, 1046, 1047, 1049, 1050], 1049, 4071)
(1.6120646050252043e+110, [1038, 1038, 1038, 1038, 1038, 1038, 1038, 1038, 1038, 1038, 1038, 1038, 1038, 1038, 1038, 1038, 1038, 1038, 1041, 1043, 1044, 1046, 1048, 1049, 1050], 1049, 4071)
(1.6120646050256462e+110, [1039, 1039, 1039, 1039, 1039, 1039, 1039, 1039, 1039, 1039, 1039, 1039, 1039, 1039, 1039, 1039, 1039, 1043, 1045, 1046, 1048, 1049, 1050], 1049, 4071)
(1.6120646050256753e+110, [1039, 1039, 1039, 1039, 1039, 1039, 1039, 1039, 1039, 1039, 1039, 1039, 1039, 1039, 1039, 1039, 1039, 1044, 1045, 1046, 1047, 1048, 1051], 1049, 4071)
end round with 10 suffixes


======== round 192 ========
todo suffixes: [[1042, 1043, 1044, 1045, 1046, 1049, 1050], [1042, 1044, 1045, 1046, 1049, 1050], [1043, 1045, 1046, 1049, 1050], [1044, 1046, 1049, 1050], [1045, 1049, 1050], [1048, 1050], [1047, 1050], [1046, 1050], [1049], [1047]]
cur_suffix:  [1042, 1043, 1044, 1045, 1046, 1049, 1050]
fisrt choice: (1.612064605028051e+110, 1041, 18)
baseline:  (1.6120646050430035e+110, [1048, 1048, 1048, 1048, 1048, 1048, 1048, 1048, 1048, 1048, 1048, 1048, 1048, 1048, 1048, 1048, 1048], 1049, 4071)
best 5 choices:
(1.612064605025078e+110, [1038, 1038, 1038, 1038, 1038, 1038, 1038, 1038, 1038, 1038, 1038, 1038, 1038, 1038, 1038, 1038, 1038, 1042, 1043, 1044, 1046, 1048, 1049, 1050], 1049, 4071)
(1.612064605025136e+110, [1038, 1038, 1038, 1038, 1038, 1038, 1038, 1038, 1038, 1038, 1038, 1038, 1038, 1038, 1038, 1038, 1038, 1038, 1042, 1043, 1045, 1046, 1047, 1049, 1050], 1049, 4071)
(1.6120646050252043e+110, [1038, 1038, 1038, 1038, 1038, 1038, 1038, 1038, 1038, 1038, 1038, 1038, 1038, 1038, 1038, 1038, 1038, 1038, 1041, 1043, 1044, 1046, 1048, 1049, 1050], 1049, 4071)
(1.6120646050256462e+110, [1039, 1039, 1039, 1039, 1039, 1039, 1039, 1039, 1039, 1039, 1039, 1039, 1039, 1039, 1039, 1039, 1039, 1043, 1045, 1046, 1048, 1049, 1050], 1049, 4071)
(1.6120646050256753e+110, [1039, 1039, 1039, 1039, 1039, 1039, 1039, 1039, 1039, 1039, 1039, 1039, 1039, 1039, 1039, 1039, 1039, 1044, 1045, 1046, 1047, 1048, 1051], 1049, 4071)
end round with 10 suffixes


======== round 193 ========
todo suffixes: [[1041, 1042, 1043, 1044, 1045, 1046, 1049, 1050], [1042, 1044, 1045, 1046, 1049, 1050], [1043, 1045, 1046, 1049, 1050], [1044, 1046, 1049, 1050], [1045, 1049, 1050], [1048, 1050], [1047, 1050], [1046, 1050], [1049], [1047]]
cur_suffix:  [1041, 1042, 1043, 1044, 1045, 1046, 1049, 1050]
fisrt choice: (-1, -1, -1)
baseline:  (1.6120646050430035e+110, [1048, 1048, 1048, 1048, 1048, 1048, 1048, 1048, 1048, 1048, 1048, 1048, 1048, 1048, 1048, 1048, 1048], 1049, 4071)
the strategy is infeasible, continue


======== round 194 ========
todo suffixes: [[1042, 1044, 1045, 1046, 1049, 1050], [1043, 1045, 1046, 1049, 1050], [1044, 1046, 1049, 1050], [1045, 1049, 1050], [1048, 1050], [1047, 1050], [1046, 1050], [1049], [1047]]
cur_suffix:  [1042, 1044, 1045, 1046, 1049, 1050]
fisrt choice: (-1, -1, -1)
baseline:  (1.6120646050430035e+110, [1048, 1048, 1048, 1048, 1048, 1048, 1048, 1048, 1048, 1048, 1048, 1048, 1048, 1048, 1048, 1048, 1048], 1049, 4071)
the strategy is infeasible, continue


======== round 195 ========
todo suffixes: [[1043, 1045, 1046, 1049, 1050], [1044, 1046, 1049, 1050], [1045, 1049, 1050], [1048, 1050], [1047, 1050], [1046, 1050], [1049], [1047]]
cur_suffix:  [1043, 1045, 1046, 1049, 1050]
fisrt choice: (-1, -1, -1)
baseline:  (1.6120646050430035e+110, [1048, 1048, 1048, 1048, 1048, 1048, 1048, 1048, 1048, 1048, 1048, 1048, 1048, 1048, 1048, 1048, 1048], 1049, 4071)
the strategy is infeasible, continue


======== round 196 ========
todo suffixes: [[1044, 1046, 1049, 1050], [1045, 1049, 1050], [1048, 1050], [1047, 1050], [1046, 1050], [1049], [1047]]
cur_suffix:  [1044, 1046, 1049, 1050]
fisrt choice: (1.6120646050312472e+110, 1043, 20)
baseline:  (1.6120646050430035e+110, [1048, 1048, 1048, 1048, 1048, 1048, 1048, 1048, 1048, 1048, 1048, 1048, 1048, 1048, 1048, 1048, 1048], 1049, 4071)
best 5 choices:
(1.612064605025078e+110, [1038, 1038, 1038, 1038, 1038, 1038, 1038, 1038, 1038, 1038, 1038, 1038, 1038, 1038, 1038, 1038, 1038, 1042, 1043, 1044, 1046, 1048, 1049, 1050], 1049, 4071)
(1.612064605025136e+110, [1038, 1038, 1038, 1038, 1038, 1038, 1038, 1038, 1038, 1038, 1038, 1038, 1038, 1038, 1038, 1038, 1038, 1038, 1042, 1043, 1045, 1046, 1047, 1049, 1050], 1049, 4071)
(1.6120646050252043e+110, [1038, 1038, 1038, 1038, 1038, 1038, 1038, 1038, 1038, 1038, 1038, 1038, 1038, 1038, 1038, 1038, 1038, 1038, 1041, 1043, 1044, 1046, 1048, 1049, 1050], 1049, 4071)
(1.6120646050256462e+110, [1039, 1039, 1039, 1039, 1039, 1039, 1039, 1039, 1039, 1039, 1039, 1039, 1039, 1039, 1039, 1039, 1039, 1043, 1045, 1046, 1048, 1049, 1050], 1049, 4071)
(1.6120646050256753e+110, [1039, 1039, 1039, 1039, 1039, 1039, 1039, 1039, 1039, 1039, 1039, 1039, 1039, 1039, 1039, 1039, 1039, 1044, 1045, 1046, 1047, 1048, 1051], 1049, 4071)
end round with 7 suffixes


======== round 197 ========
todo suffixes: [[1043, 1044, 1046, 1049, 1050], [1045, 1049, 1050], [1048, 1050], [1047, 1050], [1046, 1050], [1049], [1047]]
cur_suffix:  [1043, 1044, 1046, 1049, 1050]
fisrt choice: (-1, -1, -1)
baseline:  (1.6120646050430035e+110, [1048, 1048, 1048, 1048, 1048, 1048, 1048, 1048, 1048, 1048, 1048, 1048, 1048, 1048, 1048, 1048, 1048], 1049, 4071)
the strategy is infeasible, continue


======== round 198 ========
todo suffixes: [[1045, 1049, 1050], [1048, 1050], [1047, 1050], [1046, 1050], [1049], [1047]]
cur_suffix:  [1045, 1049, 1050]
fisrt choice: (1.6120646050324867e+110, 1044, 19)
baseline:  (1.6120646050430035e+110, [1048, 1048, 1048, 1048, 1048, 1048, 1048, 1048, 1048, 1048, 1048, 1048, 1048, 1048, 1048, 1048, 1048], 1049, 4071)
best 5 choices:
(1.612064605025078e+110, [1038, 1038, 1038, 1038, 1038, 1038, 1038, 1038, 1038, 1038, 1038, 1038, 1038, 1038, 1038, 1038, 1038, 1042, 1043, 1044, 1046, 1048, 1049, 1050], 1049, 4071)
(1.612064605025136e+110, [1038, 1038, 1038, 1038, 1038, 1038, 1038, 1038, 1038, 1038, 1038, 1038, 1038, 1038, 1038, 1038, 1038, 1038, 1042, 1043, 1045, 1046, 1047, 1049, 1050], 1049, 4071)
(1.6120646050252043e+110, [1038, 1038, 1038, 1038, 1038, 1038, 1038, 1038, 1038, 1038, 1038, 1038, 1038, 1038, 1038, 1038, 1038, 1038, 1041, 1043, 1044, 1046, 1048, 1049, 1050], 1049, 4071)
(1.6120646050256462e+110, [1039, 1039, 1039, 1039, 1039, 1039, 1039, 1039, 1039, 1039, 1039, 1039, 1039, 1039, 1039, 1039, 1039, 1043, 1045, 1046, 1048, 1049, 1050], 1049, 4071)
(1.6120646050256753e+110, [1039, 1039, 1039, 1039, 1039, 1039, 1039, 1039, 1039, 1039, 1039, 1039, 1039, 1039, 1039, 1039, 1039, 1044, 1045, 1046, 1047, 1048, 1051], 1049, 4071)
end round with 6 suffixes


======== round 199 ========
todo suffixes: [[1044, 1045, 1049, 1050], [1048, 1050], [1047, 1050], [1046, 1050], [1049], [1047]]
cur_suffix:  [1044, 1045, 1049, 1050]
fisrt choice: (-1, -1, -1)
baseline:  (1.6120646050430035e+110, [1048, 1048, 1048, 1048, 1048, 1048, 1048, 1048, 1048, 1048, 1048, 1048, 1048, 1048, 1048, 1048, 1048], 1049, 4071)
the strategy is infeasible, continue


======== round 200 ========
todo suffixes: [[1048, 1050], [1047, 1050], [1046, 1050], [1049], [1047]]
cur_suffix:  [1048, 1050]
fisrt choice: (1.6120646050336702e+110, 1045, 18)
baseline:  (1.6120646050430035e+110, [1048, 1048, 1048, 1048, 1048, 1048, 1048, 1048, 1048, 1048, 1048, 1048, 1048, 1048, 1048, 1048, 1048], 1049, 4071)
best 5 choices:
(1.612064605025078e+110, [1038, 1038, 1038, 1038, 1038, 1038, 1038, 1038, 1038, 1038, 1038, 1038, 1038, 1038, 1038, 1038, 1038, 1042, 1043, 1044, 1046, 1048, 1049, 1050], 1049, 4071)
(1.612064605025136e+110, [1038, 1038, 1038, 1038, 1038, 1038, 1038, 1038, 1038, 1038, 1038, 1038, 1038, 1038, 1038, 1038, 1038, 1038, 1042, 1043, 1045, 1046, 1047, 1049, 1050], 1049, 4071)
(1.6120646050252043e+110, [1038, 1038, 1038, 1038, 1038, 1038, 1038, 1038, 1038, 1038, 1038, 1038, 1038, 1038, 1038, 1038, 1038, 1038, 1041, 1043, 1044, 1046, 1048, 1049, 1050], 1049, 4071)
(1.6120646050256462e+110, [1039, 1039, 1039, 1039, 1039, 1039, 1039, 1039, 1039, 1039, 1039, 1039, 1039, 1039, 1039, 1039, 1039, 1043, 1045, 1046, 1048, 1049, 1050], 1049, 4071)
(1.6120646050256753e+110, [1039, 1039, 1039, 1039, 1039, 1039, 1039, 1039, 1039, 1039, 1039, 1039, 1039, 1039, 1039, 1039, 1039, 1044, 1045, 1046, 1047, 1048, 1051], 1049, 4071)
end round with 7 suffixes


======== round 201 ========
todo suffixes: [[1047, 1048, 1050], [1046, 1048, 1050], [1045, 1048, 1050], [1047, 1050], [1046, 1050], [1049], [1047]]
cur_suffix:  [1047, 1048, 1050]
fisrt choice: (1.612064605031758e+110, 1044, 18)
baseline:  (1.6120646050430035e+110, [1048, 1048, 1048, 1048, 1048, 1048, 1048, 1048, 1048, 1048, 1048, 1048, 1048, 1048, 1048, 1048, 1048], 1049, 4071)
best 5 choices:
(1.612064605025078e+110, [1038, 1038, 1038, 1038, 1038, 1038, 1038, 1038, 1038, 1038, 1038, 1038, 1038, 1038, 1038, 1038, 1038, 1042, 1043, 1044, 1046, 1048, 1049, 1050], 1049, 4071)
(1.612064605025136e+110, [1038, 1038, 1038, 1038, 1038, 1038, 1038, 1038, 1038, 1038, 1038, 1038, 1038, 1038, 1038, 1038, 1038, 1038, 1042, 1043, 1045, 1046, 1047, 1049, 1050], 1049, 4071)
(1.6120646050252043e+110, [1038, 1038, 1038, 1038, 1038, 1038, 1038, 1038, 1038, 1038, 1038, 1038, 1038, 1038, 1038, 1038, 1038, 1038, 1041, 1043, 1044, 1046, 1048, 1049, 1050], 1049, 4071)
(1.6120646050256462e+110, [1039, 1039, 1039, 1039, 1039, 1039, 1039, 1039, 1039, 1039, 1039, 1039, 1039, 1039, 1039, 1039, 1039, 1043, 1045, 1046, 1048, 1049, 1050], 1049, 4071)
(1.6120646050256753e+110, [1039, 1039, 1039, 1039, 1039, 1039, 1039, 1039, 1039, 1039, 1039, 1039, 1039, 1039, 1039, 1039, 1039, 1044, 1045, 1046, 1047, 1048, 1051], 1049, 4071)
end round with 9 suffixes


======== round 202 ========
todo suffixes: [[1046, 1047, 1048, 1050], [1045, 1047, 1048, 1050], [1044, 1047, 1048, 1050], [1046, 1048, 1050], [1045, 1048, 1050], [1047, 1050], [1046, 1050], [1049], [1047]]
cur_suffix:  [1046, 1047, 1048, 1050]
fisrt choice: (1.612064605030209e+110, 1043, 18)
baseline:  (1.6120646050430035e+110, [1048, 1048, 1048, 1048, 1048, 1048, 1048, 1048, 1048, 1048, 1048, 1048, 1048, 1048, 1048, 1048, 1048], 1049, 4071)
best 5 choices:
(1.612064605025078e+110, [1038, 1038, 1038, 1038, 1038, 1038, 1038, 1038, 1038, 1038, 1038, 1038, 1038, 1038, 1038, 1038, 1038, 1042, 1043, 1044, 1046, 1048, 1049, 1050], 1049, 4071)
(1.612064605025136e+110, [1038, 1038, 1038, 1038, 1038, 1038, 1038, 1038, 1038, 1038, 1038, 1038, 1038, 1038, 1038, 1038, 1038, 1038, 1042, 1043, 1045, 1046, 1047, 1049, 1050], 1049, 4071)
(1.6120646050252043e+110, [1038, 1038, 1038, 1038, 1038, 1038, 1038, 1038, 1038, 1038, 1038, 1038, 1038, 1038, 1038, 1038, 1038, 1038, 1041, 1043, 1044, 1046, 1048, 1049, 1050], 1049, 4071)
(1.6120646050256462e+110, [1039, 1039, 1039, 1039, 1039, 1039, 1039, 1039, 1039, 1039, 1039, 1039, 1039, 1039, 1039, 1039, 1039, 1043, 1045, 1046, 1048, 1049, 1050], 1049, 4071)
(1.6120646050256753e+110, [1039, 1039, 1039, 1039, 1039, 1039, 1039, 1039, 1039, 1039, 1039, 1039, 1039, 1039, 1039, 1039, 1039, 1044, 1045, 1046, 1047, 1048, 1051], 1049, 4071)
end round with 11 suffixes


======== round 203 ========
todo suffixes: [[1045, 1046, 1047, 1048, 1050], [1044, 1046, 1047, 1048, 1050], [1043, 1046, 1047, 1048, 1050], [1045, 1047, 1048, 1050], [1044, 1047, 1048, 1050], [1046, 1048, 1050], [1045, 1048, 1050], [1047, 1050], [1046, 1050], [1049], [1047]]
cur_suffix:  [1045, 1046, 1047, 1048, 1050]
fisrt choice: (1.6120646050284274e+110, 1042, 17)
baseline:  (1.6120646050430035e+110, [1048, 1048, 1048, 1048, 1048, 1048, 1048, 1048, 1048, 1048, 1048, 1048, 1048, 1048, 1048, 1048, 1048], 1049, 4071)
best 5 choices:
(1.612064605025078e+110, [1038, 1038, 1038, 1038, 1038, 1038, 1038, 1038, 1038, 1038, 1038, 1038, 1038, 1038, 1038, 1038, 1038, 1042, 1043, 1044, 1046, 1048, 1049, 1050], 1049, 4071)
(1.612064605025136e+110, [1038, 1038, 1038, 1038, 1038, 1038, 1038, 1038, 1038, 1038, 1038, 1038, 1038, 1038, 1038, 1038, 1038, 1038, 1042, 1043, 1045, 1046, 1047, 1049, 1050], 1049, 4071)
(1.6120646050252043e+110, [1038, 1038, 1038, 1038, 1038, 1038, 1038, 1038, 1038, 1038, 1038, 1038, 1038, 1038, 1038, 1038, 1038, 1038, 1041, 1043, 1044, 1046, 1048, 1049, 1050], 1049, 4071)
(1.6120646050256462e+110, [1039, 1039, 1039, 1039, 1039, 1039, 1039, 1039, 1039, 1039, 1039, 1039, 1039, 1039, 1039, 1039, 1039, 1043, 1045, 1046, 1048, 1049, 1050], 1049, 4071)
(1.6120646050256753e+110, [1039, 1039, 1039, 1039, 1039, 1039, 1039, 1039, 1039, 1039, 1039, 1039, 1039, 1039, 1039, 1039, 1039, 1044, 1045, 1046, 1047, 1048, 1051], 1049, 4071)
end round with 13 suffixes


======== round 204 ========
todo suffixes: [[1044, 1045, 1046, 1047, 1048, 1050], [1043, 1045, 1046, 1047, 1048, 1050], [1042, 1045, 1046, 1047, 1048, 1050], [1044, 1046, 1047, 1048, 1050], [1043, 1046, 1047, 1048, 1050], [1045, 1047, 1048, 1050], [1044, 1047, 1048, 1050], [1046, 1048, 1050], [1045, 1048, 1050], [1047, 1050], [1046, 1050], [1049], [1047]]
cur_suffix:  [1044, 1045, 1046, 1047, 1048, 1050]
fisrt choice: (1.612064605026818e+110, 1040, 19)
baseline:  (1.6120646050430035e+110, [1048, 1048, 1048, 1048, 1048, 1048, 1048, 1048, 1048, 1048, 1048, 1048, 1048, 1048, 1048, 1048, 1048], 1049, 4071)
best 5 choices:
(1.612064605025078e+110, [1038, 1038, 1038, 1038, 1038, 1038, 1038, 1038, 1038, 1038, 1038, 1038, 1038, 1038, 1038, 1038, 1038, 1042, 1043, 1044, 1046, 1048, 1049, 1050], 1049, 4071)
(1.612064605025136e+110, [1038, 1038, 1038, 1038, 1038, 1038, 1038, 1038, 1038, 1038, 1038, 1038, 1038, 1038, 1038, 1038, 1038, 1038, 1042, 1043, 1045, 1046, 1047, 1049, 1050], 1049, 4071)
(1.6120646050252043e+110, [1038, 1038, 1038, 1038, 1038, 1038, 1038, 1038, 1038, 1038, 1038, 1038, 1038, 1038, 1038, 1038, 1038, 1038, 1041, 1043, 1044, 1046, 1048, 1049, 1050], 1049, 4071)
(1.6120646050256462e+110, [1039, 1039, 1039, 1039, 1039, 1039, 1039, 1039, 1039, 1039, 1039, 1039, 1039, 1039, 1039, 1039, 1039, 1043, 1045, 1046, 1048, 1049, 1050], 1049, 4071)
(1.6120646050256753e+110, [1039, 1039, 1039, 1039, 1039, 1039, 1039, 1039, 1039, 1039, 1039, 1039, 1039, 1039, 1039, 1039, 1039, 1044, 1045, 1046, 1047, 1048, 1051], 1049, 4071)
end round with 16 suffixes


======== round 205 ========
todo suffixes: [[1043, 1044, 1045, 1046, 1047, 1048, 1050], [1042, 1044, 1045, 1046, 1047, 1048, 1050], [1041, 1044, 1045, 1046, 1047, 1048, 1050], [1040, 1044, 1045, 1046, 1047, 1048, 1050], [1043, 1045, 1046, 1047, 1048, 1050], [1042, 1045, 1046, 1047, 1048, 1050], [1044, 1046, 1047, 1048, 1050], [1043, 1046, 1047, 1048, 1050], [1045, 1047, 1048, 1050], [1044, 1047, 1048, 1050], [1046, 1048, 1050], [1045, 1048, 1050], [1047, 1050], [1046, 1050], [1049], [1047]]
cur_suffix:  [1043, 1044, 1045, 1046, 1047, 1048, 1050]
fisrt choice: (1.61206460502565e+110, 1039, 17)
baseline:  (1.6120646050430035e+110, [1048, 1048, 1048, 1048, 1048, 1048, 1048, 1048, 1048, 1048, 1048, 1048, 1048, 1048, 1048, 1048, 1048], 1049, 4071)
best 5 choices:
(1.612064605025078e+110, [1038, 1038, 1038, 1038, 1038, 1038, 1038, 1038, 1038, 1038, 1038, 1038, 1038, 1038, 1038, 1038, 1038, 1042, 1043, 1044, 1046, 1048, 1049, 1050], 1049, 4071)
(1.612064605025136e+110, [1038, 1038, 1038, 1038, 1038, 1038, 1038, 1038, 1038, 1038, 1038, 1038, 1038, 1038, 1038, 1038, 1038, 1038, 1042, 1043, 1045, 1046, 1047, 1049, 1050], 1049, 4071)
(1.6120646050252043e+110, [1038, 1038, 1038, 1038, 1038, 1038, 1038, 1038, 1038, 1038, 1038, 1038, 1038, 1038, 1038, 1038, 1038, 1038, 1041, 1043, 1044, 1046, 1048, 1049, 1050], 1049, 4071)
(1.6120646050256462e+110, [1039, 1039, 1039, 1039, 1039, 1039, 1039, 1039, 1039, 1039, 1039, 1039, 1039, 1039, 1039, 1039, 1039, 1043, 1045, 1046, 1048, 1049, 1050], 1049, 4071)
(1.61206460502565e+110, [1039, 1039, 1039, 1039, 1039, 1039, 1039, 1039, 1039, 1039, 1039, 1039, 1039, 1039, 1039, 1039, 1039, 1043, 1044, 1045, 1046, 1047, 1048, 1050], 1049, 4071)
end round with 15 suffixes


======== round 206 ========
todo suffixes: [[1042, 1044, 1045, 1046, 1047, 1048, 1050], [1041, 1044, 1045, 1046, 1047, 1048, 1050], [1040, 1044, 1045, 1046, 1047, 1048, 1050], [1043, 1045, 1046, 1047, 1048, 1050], [1042, 1045, 1046, 1047, 1048, 1050], [1044, 1046, 1047, 1048, 1050], [1043, 1046, 1047, 1048, 1050], [1045, 1047, 1048, 1050], [1044, 1047, 1048, 1050], [1046, 1048, 1050], [1045, 1048, 1050], [1047, 1050], [1046, 1050], [1049], [1047]]
cur_suffix:  [1042, 1044, 1045, 1046, 1047, 1048, 1050]
fisrt choice: (1.6120646050258058e+110, 1039, 18)
baseline:  (1.6120646050430035e+110, [1048, 1048, 1048, 1048, 1048, 1048, 1048, 1048, 1048, 1048, 1048, 1048, 1048, 1048, 1048, 1048, 1048], 1049, 4071)
best 5 choices:
(1.612064605025078e+110, [1038, 1038, 1038, 1038, 1038, 1038, 1038, 1038, 1038, 1038, 1038, 1038, 1038, 1038, 1038, 1038, 1038, 1042, 1043, 1044, 1046, 1048, 1049, 1050], 1049, 4071)
(1.612064605025136e+110, [1038, 1038, 1038, 1038, 1038, 1038, 1038, 1038, 1038, 1038, 1038, 1038, 1038, 1038, 1038, 1038, 1038, 1038, 1042, 1043, 1045, 1046, 1047, 1049, 1050], 1049, 4071)
(1.6120646050252043e+110, [1038, 1038, 1038, 1038, 1038, 1038, 1038, 1038, 1038, 1038, 1038, 1038, 1038, 1038, 1038, 1038, 1038, 1038, 1041, 1043, 1044, 1046, 1048, 1049, 1050], 1049, 4071)
(1.6120646050256462e+110, [1039, 1039, 1039, 1039, 1039, 1039, 1039, 1039, 1039, 1039, 1039, 1039, 1039, 1039, 1039, 1039, 1039, 1043, 1045, 1046, 1048, 1049, 1050], 1049, 4071)
(1.61206460502565e+110, [1039, 1039, 1039, 1039, 1039, 1039, 1039, 1039, 1039, 1039, 1039, 1039, 1039, 1039, 1039, 1039, 1039, 1043, 1044, 1045, 1046, 1047, 1048, 1050], 1049, 4071)
end round with 14 suffixes


======== round 207 ========
todo suffixes: [[1041, 1044, 1045, 1046, 1047, 1048, 1050], [1040, 1044, 1045, 1046, 1047, 1048, 1050], [1043, 1045, 1046, 1047, 1048, 1050], [1042, 1045, 1046, 1047, 1048, 1050], [1044, 1046, 1047, 1048, 1050], [1043, 1046, 1047, 1048, 1050], [1045, 1047, 1048, 1050], [1044, 1047, 1048, 1050], [1046, 1048, 1050], [1045, 1048, 1050], [1047, 1050], [1046, 1050], [1049], [1047]]
cur_suffix:  [1041, 1044, 1045, 1046, 1047, 1048, 1050]
fisrt choice: (1.6120646050265527e+110, 1040, 17)
baseline:  (1.6120646050430035e+110, [1048, 1048, 1048, 1048, 1048, 1048, 1048, 1048, 1048, 1048, 1048, 1048, 1048, 1048, 1048, 1048, 1048], 1049, 4071)
best 5 choices:
(1.612064605025078e+110, [1038, 1038, 1038, 1038, 1038, 1038, 1038, 1038, 1038, 1038, 1038, 1038, 1038, 1038, 1038, 1038, 1038, 1042, 1043, 1044, 1046, 1048, 1049, 1050], 1049, 4071)
(1.612064605025136e+110, [1038, 1038, 1038, 1038, 1038, 1038, 1038, 1038, 1038, 1038, 1038, 1038, 1038, 1038, 1038, 1038, 1038, 1038, 1042, 1043, 1045, 1046, 1047, 1049, 1050], 1049, 4071)
(1.6120646050252043e+110, [1038, 1038, 1038, 1038, 1038, 1038, 1038, 1038, 1038, 1038, 1038, 1038, 1038, 1038, 1038, 1038, 1038, 1038, 1041, 1043, 1044, 1046, 1048, 1049, 1050], 1049, 4071)
(1.6120646050256462e+110, [1039, 1039, 1039, 1039, 1039, 1039, 1039, 1039, 1039, 1039, 1039, 1039, 1039, 1039, 1039, 1039, 1039, 1043, 1045, 1046, 1048, 1049, 1050], 1049, 4071)
(1.61206460502565e+110, [1039, 1039, 1039, 1039, 1039, 1039, 1039, 1039, 1039, 1039, 1039, 1039, 1039, 1039, 1039, 1039, 1039, 1043, 1044, 1045, 1046, 1047, 1048, 1050], 1049, 4071)
end round with 14 suffixes


======== round 208 ========
todo suffixes: [[1040, 1041, 1044, 1045, 1046, 1047, 1048, 1050], [1040, 1044, 1045, 1046, 1047, 1048, 1050], [1043, 1045, 1046, 1047, 1048, 1050], [1042, 1045, 1046, 1047, 1048, 1050], [1044, 1046, 1047, 1048, 1050], [1043, 1046, 1047, 1048, 1050], [1045, 1047, 1048, 1050], [1044, 1047, 1048, 1050], [1046, 1048, 1050], [1045, 1048, 1050], [1047, 1050], [1046, 1050], [1049], [1047]]
cur_suffix:  [1040, 1041, 1044, 1045, 1046, 1047, 1048, 1050]
fisrt choice: (1.612064605025771e+110, 1039, 17)
baseline:  (1.6120646050430035e+110, [1048, 1048, 1048, 1048, 1048, 1048, 1048, 1048, 1048, 1048, 1048, 1048, 1048, 1048, 1048, 1048, 1048], 1049, 4071)
best 5 choices:
(1.612064605025078e+110, [1038, 1038, 1038, 1038, 1038, 1038, 1038, 1038, 1038, 1038, 1038, 1038, 1038, 1038, 1038, 1038, 1038, 1042, 1043, 1044, 1046, 1048, 1049, 1050], 1049, 4071)
(1.612064605025136e+110, [1038, 1038, 1038, 1038, 1038, 1038, 1038, 1038, 1038, 1038, 1038, 1038, 1038, 1038, 1038, 1038, 1038, 1038, 1042, 1043, 1045, 1046, 1047, 1049, 1050], 1049, 4071)
(1.6120646050252043e+110, [1038, 1038, 1038, 1038, 1038, 1038, 1038, 1038, 1038, 1038, 1038, 1038, 1038, 1038, 1038, 1038, 1038, 1038, 1041, 1043, 1044, 1046, 1048, 1049, 1050], 1049, 4071)
(1.6120646050256462e+110, [1039, 1039, 1039, 1039, 1039, 1039, 1039, 1039, 1039, 1039, 1039, 1039, 1039, 1039, 1039, 1039, 1039, 1043, 1045, 1046, 1048, 1049, 1050], 1049, 4071)
(1.61206460502565e+110, [1039, 1039, 1039, 1039, 1039, 1039, 1039, 1039, 1039, 1039, 1039, 1039, 1039, 1039, 1039, 1039, 1039, 1043, 1044, 1045, 1046, 1047, 1048, 1050], 1049, 4071)
end round with 13 suffixes


======== round 209 ========
todo suffixes: [[1040, 1044, 1045, 1046, 1047, 1048, 1050], [1043, 1045, 1046, 1047, 1048, 1050], [1042, 1045, 1046, 1047, 1048, 1050], [1044, 1046, 1047, 1048, 1050], [1043, 1046, 1047, 1048, 1050], [1045, 1047, 1048, 1050], [1044, 1047, 1048, 1050], [1046, 1048, 1050], [1045, 1048, 1050], [1047, 1050], [1046, 1050], [1049], [1047]]
cur_suffix:  [1040, 1044, 1045, 1046, 1047, 1048, 1050]
fisrt choice: (-1, -1, -1)
baseline:  (1.6120646050430035e+110, [1048, 1048, 1048, 1048, 1048, 1048, 1048, 1048, 1048, 1048, 1048, 1048, 1048, 1048, 1048, 1048, 1048], 1049, 4071)
the strategy is infeasible, continue


======== round 210 ========
todo suffixes: [[1043, 1045, 1046, 1047, 1048, 1050], [1042, 1045, 1046, 1047, 1048, 1050], [1044, 1046, 1047, 1048, 1050], [1043, 1046, 1047, 1048, 1050], [1045, 1047, 1048, 1050], [1044, 1047, 1048, 1050], [1046, 1048, 1050], [1045, 1048, 1050], [1047, 1050], [1046, 1050], [1049], [1047]]
cur_suffix:  [1043, 1045, 1046, 1047, 1048, 1050]
fisrt choice: (1.612064605027364e+110, 1041, 17)
baseline:  (1.6120646050430035e+110, [1048, 1048, 1048, 1048, 1048, 1048, 1048, 1048, 1048, 1048, 1048, 1048, 1048, 1048, 1048, 1048, 1048], 1049, 4071)
best 5 choices:
(1.612064605025078e+110, [1038, 1038, 1038, 1038, 1038, 1038, 1038, 1038, 1038, 1038, 1038, 1038, 1038, 1038, 1038, 1038, 1038, 1042, 1043, 1044, 1046, 1048, 1049, 1050], 1049, 4071)
(1.612064605025136e+110, [1038, 1038, 1038, 1038, 1038, 1038, 1038, 1038, 1038, 1038, 1038, 1038, 1038, 1038, 1038, 1038, 1038, 1038, 1042, 1043, 1045, 1046, 1047, 1049, 1050], 1049, 4071)
(1.6120646050252043e+110, [1038, 1038, 1038, 1038, 1038, 1038, 1038, 1038, 1038, 1038, 1038, 1038, 1038, 1038, 1038, 1038, 1038, 1038, 1041, 1043, 1044, 1046, 1048, 1049, 1050], 1049, 4071)
(1.6120646050256462e+110, [1039, 1039, 1039, 1039, 1039, 1039, 1039, 1039, 1039, 1039, 1039, 1039, 1039, 1039, 1039, 1039, 1039, 1043, 1045, 1046, 1048, 1049, 1050], 1049, 4071)
(1.61206460502565e+110, [1039, 1039, 1039, 1039, 1039, 1039, 1039, 1039, 1039, 1039, 1039, 1039, 1039, 1039, 1039, 1039, 1039, 1043, 1044, 1045, 1046, 1047, 1048, 1050], 1049, 4071)
end round with 13 suffixes


======== round 211 ========
todo suffixes: [[1042, 1043, 1045, 1046, 1047, 1048, 1050], [1041, 1043, 1045, 1046, 1047, 1048, 1050], [1042, 1045, 1046, 1047, 1048, 1050], [1044, 1046, 1047, 1048, 1050], [1043, 1046, 1047, 1048, 1050], [1045, 1047, 1048, 1050], [1044, 1047, 1048, 1050], [1046, 1048, 1050], [1045, 1048, 1050], [1047, 1050], [1046, 1050], [1049], [1047]]
cur_suffix:  [1042, 1043, 1045, 1046, 1047, 1048, 1050]
fisrt choice: (1.612064605026499e+110, 1040, 17)
baseline:  (1.6120646050430035e+110, [1048, 1048, 1048, 1048, 1048, 1048, 1048, 1048, 1048, 1048, 1048, 1048, 1048, 1048, 1048, 1048, 1048], 1049, 4071)
best 5 choices:
(1.612064605025078e+110, [1038, 1038, 1038, 1038, 1038, 1038, 1038, 1038, 1038, 1038, 1038, 1038, 1038, 1038, 1038, 1038, 1038, 1042, 1043, 1044, 1046, 1048, 1049, 1050], 1049, 4071)
(1.612064605025136e+110, [1038, 1038, 1038, 1038, 1038, 1038, 1038, 1038, 1038, 1038, 1038, 1038, 1038, 1038, 1038, 1038, 1038, 1038, 1042, 1043, 1045, 1046, 1047, 1049, 1050], 1049, 4071)
(1.6120646050252043e+110, [1038, 1038, 1038, 1038, 1038, 1038, 1038, 1038, 1038, 1038, 1038, 1038, 1038, 1038, 1038, 1038, 1038, 1038, 1041, 1043, 1044, 1046, 1048, 1049, 1050], 1049, 4071)
(1.6120646050256462e+110, [1039, 1039, 1039, 1039, 1039, 1039, 1039, 1039, 1039, 1039, 1039, 1039, 1039, 1039, 1039, 1039, 1039, 1043, 1045, 1046, 1048, 1049, 1050], 1049, 4071)
(1.61206460502565e+110, [1039, 1039, 1039, 1039, 1039, 1039, 1039, 1039, 1039, 1039, 1039, 1039, 1039, 1039, 1039, 1039, 1039, 1043, 1044, 1045, 1046, 1047, 1048, 1050], 1049, 4071)
end round with 14 suffixes


======== round 212 ========
todo suffixes: [[1041, 1042, 1043, 1045, 1046, 1047, 1048, 1050], [1040, 1042, 1043, 1045, 1046, 1047, 1048, 1050], [1041, 1043, 1045, 1046, 1047, 1048, 1050], [1042, 1045, 1046, 1047, 1048, 1050], [1044, 1046, 1047, 1048, 1050], [1043, 1046, 1047, 1048, 1050], [1045, 1047, 1048, 1050], [1044, 1047, 1048, 1050], [1046, 1048, 1050], [1045, 1048, 1050], [1047, 1050], [1046, 1050], [1049], [1047]]
cur_suffix:  [1041, 1042, 1043, 1045, 1046, 1047, 1048, 1050]
fisrt choice: (1.6120646050257994e+110, 1039, 17)
baseline:  (1.6120646050430035e+110, [1048, 1048, 1048, 1048, 1048, 1048, 1048, 1048, 1048, 1048, 1048, 1048, 1048, 1048, 1048, 1048, 1048], 1049, 4071)
best 5 choices:
(1.612064605025078e+110, [1038, 1038, 1038, 1038, 1038, 1038, 1038, 1038, 1038, 1038, 1038, 1038, 1038, 1038, 1038, 1038, 1038, 1042, 1043, 1044, 1046, 1048, 1049, 1050], 1049, 4071)
(1.612064605025136e+110, [1038, 1038, 1038, 1038, 1038, 1038, 1038, 1038, 1038, 1038, 1038, 1038, 1038, 1038, 1038, 1038, 1038, 1038, 1042, 1043, 1045, 1046, 1047, 1049, 1050], 1049, 4071)
(1.6120646050252043e+110, [1038, 1038, 1038, 1038, 1038, 1038, 1038, 1038, 1038, 1038, 1038, 1038, 1038, 1038, 1038, 1038, 1038, 1038, 1041, 1043, 1044, 1046, 1048, 1049, 1050], 1049, 4071)
(1.6120646050256462e+110, [1039, 1039, 1039, 1039, 1039, 1039, 1039, 1039, 1039, 1039, 1039, 1039, 1039, 1039, 1039, 1039, 1039, 1043, 1045, 1046, 1048, 1049, 1050], 1049, 4071)
(1.61206460502565e+110, [1039, 1039, 1039, 1039, 1039, 1039, 1039, 1039, 1039, 1039, 1039, 1039, 1039, 1039, 1039, 1039, 1039, 1043, 1044, 1045, 1046, 1047, 1048, 1050], 1049, 4071)
end round with 13 suffixes


======== round 213 ========
todo suffixes: [[1040, 1042, 1043, 1045, 1046, 1047, 1048, 1050], [1041, 1043, 1045, 1046, 1047, 1048, 1050], [1042, 1045, 1046, 1047, 1048, 1050], [1044, 1046, 1047, 1048, 1050], [1043, 1046, 1047, 1048, 1050], [1045, 1047, 1048, 1050], [1044, 1047, 1048, 1050], [1046, 1048, 1050], [1045, 1048, 1050], [1047, 1050], [1046, 1050], [1049], [1047]]
cur_suffix:  [1040, 1042, 1043, 1045, 1046, 1047, 1048, 1050]
fisrt choice: (1.6120646050259983e+110, 1039, 18)
baseline:  (1.6120646050430035e+110, [1048, 1048, 1048, 1048, 1048, 1048, 1048, 1048, 1048, 1048, 1048, 1048, 1048, 1048, 1048, 1048, 1048], 1049, 4071)
best 5 choices:
(1.612064605025078e+110, [1038, 1038, 1038, 1038, 1038, 1038, 1038, 1038, 1038, 1038, 1038, 1038, 1038, 1038, 1038, 1038, 1038, 1042, 1043, 1044, 1046, 1048, 1049, 1050], 1049, 4071)
(1.612064605025136e+110, [1038, 1038, 1038, 1038, 1038, 1038, 1038, 1038, 1038, 1038, 1038, 1038, 1038, 1038, 1038, 1038, 1038, 1038, 1042, 1043, 1045, 1046, 1047, 1049, 1050], 1049, 4071)
(1.6120646050252043e+110, [1038, 1038, 1038, 1038, 1038, 1038, 1038, 1038, 1038, 1038, 1038, 1038, 1038, 1038, 1038, 1038, 1038, 1038, 1041, 1043, 1044, 1046, 1048, 1049, 1050], 1049, 4071)
(1.6120646050256462e+110, [1039, 1039, 1039, 1039, 1039, 1039, 1039, 1039, 1039, 1039, 1039, 1039, 1039, 1039, 1039, 1039, 1039, 1043, 1045, 1046, 1048, 1049, 1050], 1049, 4071)
(1.61206460502565e+110, [1039, 1039, 1039, 1039, 1039, 1039, 1039, 1039, 1039, 1039, 1039, 1039, 1039, 1039, 1039, 1039, 1039, 1043, 1044, 1045, 1046, 1047, 1048, 1050], 1049, 4071)
end round with 12 suffixes


======== round 214 ========
todo suffixes: [[1041, 1043, 1045, 1046, 1047, 1048, 1050], [1042, 1045, 1046, 1047, 1048, 1050], [1044, 1046, 1047, 1048, 1050], [1043, 1046, 1047, 1048, 1050], [1045, 1047, 1048, 1050], [1044, 1047, 1048, 1050], [1046, 1048, 1050], [1045, 1048, 1050], [1047, 1050], [1046, 1050], [1049], [1047]]
cur_suffix:  [1041, 1043, 1045, 1046, 1047, 1048, 1050]
fisrt choice: (1.6120646050267453e+110, 1040, 18)
baseline:  (1.6120646050430035e+110, [1048, 1048, 1048, 1048, 1048, 1048, 1048, 1048, 1048, 1048, 1048, 1048, 1048, 1048, 1048, 1048, 1048], 1049, 4071)
best 5 choices:
(1.612064605025078e+110, [1038, 1038, 1038, 1038, 1038, 1038, 1038, 1038, 1038, 1038, 1038, 1038, 1038, 1038, 1038, 1038, 1038, 1042, 1043, 1044, 1046, 1048, 1049, 1050], 1049, 4071)
(1.612064605025136e+110, [1038, 1038, 1038, 1038, 1038, 1038, 1038, 1038, 1038, 1038, 1038, 1038, 1038, 1038, 1038, 1038, 1038, 1038, 1042, 1043, 1045, 1046, 1047, 1049, 1050], 1049, 4071)
(1.6120646050252043e+110, [1038, 1038, 1038, 1038, 1038, 1038, 1038, 1038, 1038, 1038, 1038, 1038, 1038, 1038, 1038, 1038, 1038, 1038, 1041, 1043, 1044, 1046, 1048, 1049, 1050], 1049, 4071)
(1.6120646050256462e+110, [1039, 1039, 1039, 1039, 1039, 1039, 1039, 1039, 1039, 1039, 1039, 1039, 1039, 1039, 1039, 1039, 1039, 1043, 1045, 1046, 1048, 1049, 1050], 1049, 4071)
(1.61206460502565e+110, [1039, 1039, 1039, 1039, 1039, 1039, 1039, 1039, 1039, 1039, 1039, 1039, 1039, 1039, 1039, 1039, 1039, 1043, 1044, 1045, 1046, 1047, 1048, 1050], 1049, 4071)
end round with 12 suffixes


======== round 215 ========
todo suffixes: [[1040, 1041, 1043, 1045, 1046, 1047, 1048, 1050], [1042, 1045, 1046, 1047, 1048, 1050], [1044, 1046, 1047, 1048, 1050], [1043, 1046, 1047, 1048, 1050], [1045, 1047, 1048, 1050], [1044, 1047, 1048, 1050], [1046, 1048, 1050], [1045, 1048, 1050], [1047, 1050], [1046, 1050], [1049], [1047]]
cur_suffix:  [1040, 1041, 1043, 1045, 1046, 1047, 1048, 1050]
fisrt choice: (-1, -1, -1)
baseline:  (1.6120646050430035e+110, [1048, 1048, 1048, 1048, 1048, 1048, 1048, 1048, 1048, 1048, 1048, 1048, 1048, 1048, 1048, 1048, 1048], 1049, 4071)
the strategy is infeasible, continue


======== round 216 ========
todo suffixes: [[1042, 1045, 1046, 1047, 1048, 1050], [1044, 1046, 1047, 1048, 1050], [1043, 1046, 1047, 1048, 1050], [1045, 1047, 1048, 1050], [1044, 1047, 1048, 1050], [1046, 1048, 1050], [1045, 1048, 1050], [1047, 1050], [1046, 1050], [1049], [1047]]
cur_suffix:  [1042, 1045, 1046, 1047, 1048, 1050]
fisrt choice: (1.6120646050276684e+110, 1041, 18)
baseline:  (1.6120646050430035e+110, [1048, 1048, 1048, 1048, 1048, 1048, 1048, 1048, 1048, 1048, 1048, 1048, 1048, 1048, 1048, 1048, 1048], 1049, 4071)
best 5 choices:
(1.612064605025078e+110, [1038, 1038, 1038, 1038, 1038, 1038, 1038, 1038, 1038, 1038, 1038, 1038, 1038, 1038, 1038, 1038, 1038, 1042, 1043, 1044, 1046, 1048, 1049, 1050], 1049, 4071)
(1.612064605025136e+110, [1038, 1038, 1038, 1038, 1038, 1038, 1038, 1038, 1038, 1038, 1038, 1038, 1038, 1038, 1038, 1038, 1038, 1038, 1042, 1043, 1045, 1046, 1047, 1049, 1050], 1049, 4071)
(1.6120646050252043e+110, [1038, 1038, 1038, 1038, 1038, 1038, 1038, 1038, 1038, 1038, 1038, 1038, 1038, 1038, 1038, 1038, 1038, 1038, 1041, 1043, 1044, 1046, 1048, 1049, 1050], 1049, 4071)
(1.6120646050256462e+110, [1039, 1039, 1039, 1039, 1039, 1039, 1039, 1039, 1039, 1039, 1039, 1039, 1039, 1039, 1039, 1039, 1039, 1043, 1045, 1046, 1048, 1049, 1050], 1049, 4071)
(1.61206460502565e+110, [1039, 1039, 1039, 1039, 1039, 1039, 1039, 1039, 1039, 1039, 1039, 1039, 1039, 1039, 1039, 1039, 1039, 1043, 1044, 1045, 1046, 1047, 1048, 1050], 1049, 4071)
end round with 11 suffixes


======== round 217 ========
todo suffixes: [[1041, 1042, 1045, 1046, 1047, 1048, 1050], [1044, 1046, 1047, 1048, 1050], [1043, 1046, 1047, 1048, 1050], [1045, 1047, 1048, 1050], [1044, 1047, 1048, 1050], [1046, 1048, 1050], [1045, 1048, 1050], [1047, 1050], [1046, 1050], [1049], [1047]]
cur_suffix:  [1041, 1042, 1045, 1046, 1047, 1048, 1050]
fisrt choice: (-1, -1, -1)
baseline:  (1.6120646050430035e+110, [1048, 1048, 1048, 1048, 1048, 1048, 1048, 1048, 1048, 1048, 1048, 1048, 1048, 1048, 1048, 1048, 1048], 1049, 4071)
the strategy is infeasible, continue


======== round 218 ========
todo suffixes: [[1044, 1046, 1047, 1048, 1050], [1043, 1046, 1047, 1048, 1050], [1045, 1047, 1048, 1050], [1044, 1047, 1048, 1050], [1046, 1048, 1050], [1045, 1048, 1050], [1047, 1050], [1046, 1050], [1049], [1047]]
cur_suffix:  [1044, 1046, 1047, 1048, 1050]
fisrt choice: (1.6120646050287668e+110, 1042, 18)
baseline:  (1.6120646050430035e+110, [1048, 1048, 1048, 1048, 1048, 1048, 1048, 1048, 1048, 1048, 1048, 1048, 1048, 1048, 1048, 1048, 1048], 1049, 4071)
best 5 choices:
(1.612064605025078e+110, [1038, 1038, 1038, 1038, 1038, 1038, 1038, 1038, 1038, 1038, 1038, 1038, 1038, 1038, 1038, 1038, 1038, 1042, 1043, 1044, 1046, 1048, 1049, 1050], 1049, 4071)
(1.612064605025136e+110, [1038, 1038, 1038, 1038, 1038, 1038, 1038, 1038, 1038, 1038, 1038, 1038, 1038, 1038, 1038, 1038, 1038, 1038, 1042, 1043, 1045, 1046, 1047, 1049, 1050], 1049, 4071)
(1.6120646050252043e+110, [1038, 1038, 1038, 1038, 1038, 1038, 1038, 1038, 1038, 1038, 1038, 1038, 1038, 1038, 1038, 1038, 1038, 1038, 1041, 1043, 1044, 1046, 1048, 1049, 1050], 1049, 4071)
(1.6120646050256462e+110, [1039, 1039, 1039, 1039, 1039, 1039, 1039, 1039, 1039, 1039, 1039, 1039, 1039, 1039, 1039, 1039, 1039, 1043, 1045, 1046, 1048, 1049, 1050], 1049, 4071)
(1.61206460502565e+110, [1039, 1039, 1039, 1039, 1039, 1039, 1039, 1039, 1039, 1039, 1039, 1039, 1039, 1039, 1039, 1039, 1039, 1043, 1044, 1045, 1046, 1047, 1048, 1050], 1049, 4071)
end round with 11 suffixes


======== round 219 ========
todo suffixes: [[1043, 1044, 1046, 1047, 1048, 1050], [1042, 1044, 1046, 1047, 1048, 1050], [1043, 1046, 1047, 1048, 1050], [1045, 1047, 1048, 1050], [1044, 1047, 1048, 1050], [1046, 1048, 1050], [1045, 1048, 1050], [1047, 1050], [1046, 1050], [1049], [1047]]
cur_suffix:  [1043, 1044, 1046, 1047, 1048, 1050]
fisrt choice: (1.6120646050276023e+110, 1041, 18)
baseline:  (1.6120646050430035e+110, [1048, 1048, 1048, 1048, 1048, 1048, 1048, 1048, 1048, 1048, 1048, 1048, 1048, 1048, 1048, 1048, 1048], 1049, 4071)
best 5 choices:
(1.612064605025078e+110, [1038, 1038, 1038, 1038, 1038, 1038, 1038, 1038, 1038, 1038, 1038, 1038, 1038, 1038, 1038, 1038, 1038, 1042, 1043, 1044, 1046, 1048, 1049, 1050], 1049, 4071)
(1.612064605025136e+110, [1038, 1038, 1038, 1038, 1038, 1038, 1038, 1038, 1038, 1038, 1038, 1038, 1038, 1038, 1038, 1038, 1038, 1038, 1042, 1043, 1045, 1046, 1047, 1049, 1050], 1049, 4071)
(1.6120646050252043e+110, [1038, 1038, 1038, 1038, 1038, 1038, 1038, 1038, 1038, 1038, 1038, 1038, 1038, 1038, 1038, 1038, 1038, 1038, 1041, 1043, 1044, 1046, 1048, 1049, 1050], 1049, 4071)
(1.6120646050256462e+110, [1039, 1039, 1039, 1039, 1039, 1039, 1039, 1039, 1039, 1039, 1039, 1039, 1039, 1039, 1039, 1039, 1039, 1043, 1045, 1046, 1048, 1049, 1050], 1049, 4071)
(1.61206460502565e+110, [1039, 1039, 1039, 1039, 1039, 1039, 1039, 1039, 1039, 1039, 1039, 1039, 1039, 1039, 1039, 1039, 1039, 1043, 1044, 1045, 1046, 1047, 1048, 1050], 1049, 4071)
end round with 12 suffixes


======== round 220 ========
todo suffixes: [[1042, 1043, 1044, 1046, 1047, 1048, 1050], [1041, 1043, 1044, 1046, 1047, 1048, 1050], [1042, 1044, 1046, 1047, 1048, 1050], [1043, 1046, 1047, 1048, 1050], [1045, 1047, 1048, 1050], [1044, 1047, 1048, 1050], [1046, 1048, 1050], [1045, 1048, 1050], [1047, 1050], [1046, 1050], [1049], [1047]]
cur_suffix:  [1042, 1043, 1044, 1046, 1047, 1048, 1050]
fisrt choice: (1.6120646050270026e+110, 1040, 19)
baseline:  (1.6120646050430035e+110, [1048, 1048, 1048, 1048, 1048, 1048, 1048, 1048, 1048, 1048, 1048, 1048, 1048, 1048, 1048, 1048, 1048], 1049, 4071)
best 5 choices:
(1.612064605025078e+110, [1038, 1038, 1038, 1038, 1038, 1038, 1038, 1038, 1038, 1038, 1038, 1038, 1038, 1038, 1038, 1038, 1038, 1042, 1043, 1044, 1046, 1048, 1049, 1050], 1049, 4071)
(1.612064605025136e+110, [1038, 1038, 1038, 1038, 1038, 1038, 1038, 1038, 1038, 1038, 1038, 1038, 1038, 1038, 1038, 1038, 1038, 1038, 1042, 1043, 1045, 1046, 1047, 1049, 1050], 1049, 4071)
(1.6120646050252043e+110, [1038, 1038, 1038, 1038, 1038, 1038, 1038, 1038, 1038, 1038, 1038, 1038, 1038, 1038, 1038, 1038, 1038, 1038, 1041, 1043, 1044, 1046, 1048, 1049, 1050], 1049, 4071)
(1.6120646050256462e+110, [1039, 1039, 1039, 1039, 1039, 1039, 1039, 1039, 1039, 1039, 1039, 1039, 1039, 1039, 1039, 1039, 1039, 1043, 1045, 1046, 1048, 1049, 1050], 1049, 4071)
(1.61206460502565e+110, [1039, 1039, 1039, 1039, 1039, 1039, 1039, 1039, 1039, 1039, 1039, 1039, 1039, 1039, 1039, 1039, 1039, 1043, 1044, 1045, 1046, 1047, 1048, 1050], 1049, 4071)
end round with 13 suffixes


======== round 221 ========
todo suffixes: [[1041, 1042, 1043, 1044, 1046, 1047, 1048, 1050], [1040, 1042, 1043, 1044, 1046, 1047, 1048, 1050], [1041, 1043, 1044, 1046, 1047, 1048, 1050], [1042, 1044, 1046, 1047, 1048, 1050], [1043, 1046, 1047, 1048, 1050], [1045, 1047, 1048, 1050], [1044, 1047, 1048, 1050], [1046, 1048, 1050], [1045, 1048, 1050], [1047, 1050], [1046, 1050], [1049], [1047]]
cur_suffix:  [1041, 1042, 1043, 1044, 1046, 1047, 1048, 1050]
fisrt choice: (1.6120646050267373e+110, 1040, 17)
baseline:  (1.6120646050430035e+110, [1048, 1048, 1048, 1048, 1048, 1048, 1048, 1048, 1048, 1048, 1048, 1048, 1048, 1048, 1048, 1048, 1048], 1049, 4071)
best 5 choices:
(1.612064605025078e+110, [1038, 1038, 1038, 1038, 1038, 1038, 1038, 1038, 1038, 1038, 1038, 1038, 1038, 1038, 1038, 1038, 1038, 1042, 1043, 1044, 1046, 1048, 1049, 1050], 1049, 4071)
(1.612064605025136e+110, [1038, 1038, 1038, 1038, 1038, 1038, 1038, 1038, 1038, 1038, 1038, 1038, 1038, 1038, 1038, 1038, 1038, 1038, 1042, 1043, 1045, 1046, 1047, 1049, 1050], 1049, 4071)
(1.6120646050252043e+110, [1038, 1038, 1038, 1038, 1038, 1038, 1038, 1038, 1038, 1038, 1038, 1038, 1038, 1038, 1038, 1038, 1038, 1038, 1041, 1043, 1044, 1046, 1048, 1049, 1050], 1049, 4071)
(1.6120646050256462e+110, [1039, 1039, 1039, 1039, 1039, 1039, 1039, 1039, 1039, 1039, 1039, 1039, 1039, 1039, 1039, 1039, 1039, 1043, 1045, 1046, 1048, 1049, 1050], 1049, 4071)
(1.61206460502565e+110, [1039, 1039, 1039, 1039, 1039, 1039, 1039, 1039, 1039, 1039, 1039, 1039, 1039, 1039, 1039, 1039, 1039, 1043, 1044, 1045, 1046, 1047, 1048, 1050], 1049, 4071)
end round with 13 suffixes


======== round 222 ========
todo suffixes: [[1040, 1041, 1042, 1043, 1044, 1046, 1047, 1048, 1050], [1040, 1042, 1043, 1044, 1046, 1047, 1048, 1050], [1041, 1043, 1044, 1046, 1047, 1048, 1050], [1042, 1044, 1046, 1047, 1048, 1050], [1043, 1046, 1047, 1048, 1050], [1045, 1047, 1048, 1050], [1044, 1047, 1048, 1050], [1046, 1048, 1050], [1045, 1048, 1050], [1047, 1050], [1046, 1050], [1049], [1047]]
cur_suffix:  [1040, 1041, 1042, 1043, 1044, 1046, 1047, 1048, 1050]
fisrt choice: (1.6120646050262366e+110, 1039, 18)
baseline:  (1.6120646050430035e+110, [1048, 1048, 1048, 1048, 1048, 1048, 1048, 1048, 1048, 1048, 1048, 1048, 1048, 1048, 1048, 1048, 1048], 1049, 4071)
best 5 choices:
(1.612064605025078e+110, [1038, 1038, 1038, 1038, 1038, 1038, 1038, 1038, 1038, 1038, 1038, 1038, 1038, 1038, 1038, 1038, 1038, 1042, 1043, 1044, 1046, 1048, 1049, 1050], 1049, 4071)
(1.612064605025136e+110, [1038, 1038, 1038, 1038, 1038, 1038, 1038, 1038, 1038, 1038, 1038, 1038, 1038, 1038, 1038, 1038, 1038, 1038, 1042, 1043, 1045, 1046, 1047, 1049, 1050], 1049, 4071)
(1.6120646050252043e+110, [1038, 1038, 1038, 1038, 1038, 1038, 1038, 1038, 1038, 1038, 1038, 1038, 1038, 1038, 1038, 1038, 1038, 1038, 1041, 1043, 1044, 1046, 1048, 1049, 1050], 1049, 4071)
(1.6120646050256462e+110, [1039, 1039, 1039, 1039, 1039, 1039, 1039, 1039, 1039, 1039, 1039, 1039, 1039, 1039, 1039, 1039, 1039, 1043, 1045, 1046, 1048, 1049, 1050], 1049, 4071)
(1.61206460502565e+110, [1039, 1039, 1039, 1039, 1039, 1039, 1039, 1039, 1039, 1039, 1039, 1039, 1039, 1039, 1039, 1039, 1039, 1043, 1044, 1045, 1046, 1047, 1048, 1050], 1049, 4071)
end round with 12 suffixes


======== round 223 ========
todo suffixes: [[1040, 1042, 1043, 1044, 1046, 1047, 1048, 1050], [1041, 1043, 1044, 1046, 1047, 1048, 1050], [1042, 1044, 1046, 1047, 1048, 1050], [1043, 1046, 1047, 1048, 1050], [1045, 1047, 1048, 1050], [1044, 1047, 1048, 1050], [1046, 1048, 1050], [1045, 1048, 1050], [1047, 1050], [1046, 1050], [1049], [1047]]
cur_suffix:  [1040, 1042, 1043, 1044, 1046, 1047, 1048, 1050]
fisrt choice: (-1, -1, -1)
baseline:  (1.6120646050430035e+110, [1048, 1048, 1048, 1048, 1048, 1048, 1048, 1048, 1048, 1048, 1048, 1048, 1048, 1048, 1048, 1048, 1048], 1049, 4071)
the strategy is infeasible, continue


======== round 224 ========
todo suffixes: [[1041, 1043, 1044, 1046, 1047, 1048, 1050], [1042, 1044, 1046, 1047, 1048, 1050], [1043, 1046, 1047, 1048, 1050], [1045, 1047, 1048, 1050], [1044, 1047, 1048, 1050], [1046, 1048, 1050], [1045, 1048, 1050], [1047, 1050], [1046, 1050], [1049], [1047]]
cur_suffix:  [1041, 1043, 1044, 1046, 1047, 1048, 1050]
fisrt choice: (-1, -1, -1)
baseline:  (1.6120646050430035e+110, [1048, 1048, 1048, 1048, 1048, 1048, 1048, 1048, 1048, 1048, 1048, 1048, 1048, 1048, 1048, 1048, 1048], 1049, 4071)
the strategy is infeasible, continue


======== round 225 ========
todo suffixes: [[1042, 1044, 1046, 1047, 1048, 1050], [1043, 1046, 1047, 1048, 1050], [1045, 1047, 1048, 1050], [1044, 1047, 1048, 1050], [1046, 1048, 1050], [1045, 1048, 1050], [1047, 1050], [1046, 1050], [1049], [1047]]
cur_suffix:  [1042, 1044, 1046, 1047, 1048, 1050]
fisrt choice: (-1, -1, -1)
baseline:  (1.6120646050430035e+110, [1048, 1048, 1048, 1048, 1048, 1048, 1048, 1048, 1048, 1048, 1048, 1048, 1048, 1048, 1048, 1048, 1048], 1049, 4071)
the strategy is infeasible, continue


======== round 226 ========
todo suffixes: [[1043, 1046, 1047, 1048, 1050], [1045, 1047, 1048, 1050], [1044, 1047, 1048, 1050], [1046, 1048, 1050], [1045, 1048, 1050], [1047, 1050], [1046, 1050], [1049], [1047]]
cur_suffix:  [1043, 1046, 1047, 1048, 1050]
fisrt choice: (1.6120646050291426e+110, 1042, 19)
baseline:  (1.6120646050430035e+110, [1048, 1048, 1048, 1048, 1048, 1048, 1048, 1048, 1048, 1048, 1048, 1048, 1048, 1048, 1048, 1048, 1048], 1049, 4071)
best 5 choices:
(1.612064605025078e+110, [1038, 1038, 1038, 1038, 1038, 1038, 1038, 1038, 1038, 1038, 1038, 1038, 1038, 1038, 1038, 1038, 1038, 1042, 1043, 1044, 1046, 1048, 1049, 1050], 1049, 4071)
(1.612064605025136e+110, [1038, 1038, 1038, 1038, 1038, 1038, 1038, 1038, 1038, 1038, 1038, 1038, 1038, 1038, 1038, 1038, 1038, 1038, 1042, 1043, 1045, 1046, 1047, 1049, 1050], 1049, 4071)
(1.6120646050252043e+110, [1038, 1038, 1038, 1038, 1038, 1038, 1038, 1038, 1038, 1038, 1038, 1038, 1038, 1038, 1038, 1038, 1038, 1038, 1041, 1043, 1044, 1046, 1048, 1049, 1050], 1049, 4071)
(1.6120646050256462e+110, [1039, 1039, 1039, 1039, 1039, 1039, 1039, 1039, 1039, 1039, 1039, 1039, 1039, 1039, 1039, 1039, 1039, 1043, 1045, 1046, 1048, 1049, 1050], 1049, 4071)
(1.61206460502565e+110, [1039, 1039, 1039, 1039, 1039, 1039, 1039, 1039, 1039, 1039, 1039, 1039, 1039, 1039, 1039, 1039, 1039, 1043, 1044, 1045, 1046, 1047, 1048, 1050], 1049, 4071)
end round with 9 suffixes


======== round 227 ========
todo suffixes: [[1042, 1043, 1046, 1047, 1048, 1050], [1045, 1047, 1048, 1050], [1044, 1047, 1048, 1050], [1046, 1048, 1050], [1045, 1048, 1050], [1047, 1050], [1046, 1050], [1049], [1047]]
cur_suffix:  [1042, 1043, 1046, 1047, 1048, 1050]
fisrt choice: (-1, -1, -1)
baseline:  (1.6120646050430035e+110, [1048, 1048, 1048, 1048, 1048, 1048, 1048, 1048, 1048, 1048, 1048, 1048, 1048, 1048, 1048, 1048, 1048], 1049, 4071)
the strategy is infeasible, continue


======== round 228 ========
todo suffixes: [[1045, 1047, 1048, 1050], [1044, 1047, 1048, 1050], [1046, 1048, 1050], [1045, 1048, 1050], [1047, 1050], [1046, 1050], [1049], [1047]]
cur_suffix:  [1045, 1047, 1048, 1050]
fisrt choice: (1.6120646050306284e+110, 1043, 19)
baseline:  (1.6120646050430035e+110, [1048, 1048, 1048, 1048, 1048, 1048, 1048, 1048, 1048, 1048, 1048, 1048, 1048, 1048, 1048, 1048, 1048], 1049, 4071)
best 5 choices:
(1.612064605025078e+110, [1038, 1038, 1038, 1038, 1038, 1038, 1038, 1038, 1038, 1038, 1038, 1038, 1038, 1038, 1038, 1038, 1038, 1042, 1043, 1044, 1046, 1048, 1049, 1050], 1049, 4071)
(1.612064605025136e+110, [1038, 1038, 1038, 1038, 1038, 1038, 1038, 1038, 1038, 1038, 1038, 1038, 1038, 1038, 1038, 1038, 1038, 1038, 1042, 1043, 1045, 1046, 1047, 1049, 1050], 1049, 4071)
(1.6120646050252043e+110, [1038, 1038, 1038, 1038, 1038, 1038, 1038, 1038, 1038, 1038, 1038, 1038, 1038, 1038, 1038, 1038, 1038, 1038, 1041, 1043, 1044, 1046, 1048, 1049, 1050], 1049, 4071)
(1.6120646050256462e+110, [1039, 1039, 1039, 1039, 1039, 1039, 1039, 1039, 1039, 1039, 1039, 1039, 1039, 1039, 1039, 1039, 1039, 1043, 1045, 1046, 1048, 1049, 1050], 1049, 4071)
(1.61206460502565e+110, [1039, 1039, 1039, 1039, 1039, 1039, 1039, 1039, 1039, 1039, 1039, 1039, 1039, 1039, 1039, 1039, 1039, 1043, 1044, 1045, 1046, 1047, 1048, 1050], 1049, 4071)
end round with 9 suffixes


======== round 229 ========
todo suffixes: [[1044, 1045, 1047, 1048, 1050], [1043, 1045, 1047, 1048, 1050], [1044, 1047, 1048, 1050], [1046, 1048, 1050], [1045, 1048, 1050], [1047, 1050], [1046, 1050], [1049], [1047]]
cur_suffix:  [1044, 1045, 1047, 1048, 1050]
fisrt choice: (1.6120646050301275e+110, 1043, 17)
baseline:  (1.6120646050430035e+110, [1048, 1048, 1048, 1048, 1048, 1048, 1048, 1048, 1048, 1048, 1048, 1048, 1048, 1048, 1048, 1048, 1048], 1049, 4071)
best 5 choices:
(1.612064605025078e+110, [1038, 1038, 1038, 1038, 1038, 1038, 1038, 1038, 1038, 1038, 1038, 1038, 1038, 1038, 1038, 1038, 1038, 1042, 1043, 1044, 1046, 1048, 1049, 1050], 1049, 4071)
(1.612064605025136e+110, [1038, 1038, 1038, 1038, 1038, 1038, 1038, 1038, 1038, 1038, 1038, 1038, 1038, 1038, 1038, 1038, 1038, 1038, 1042, 1043, 1045, 1046, 1047, 1049, 1050], 1049, 4071)
(1.6120646050252043e+110, [1038, 1038, 1038, 1038, 1038, 1038, 1038, 1038, 1038, 1038, 1038, 1038, 1038, 1038, 1038, 1038, 1038, 1038, 1041, 1043, 1044, 1046, 1048, 1049, 1050], 1049, 4071)
(1.6120646050256462e+110, [1039, 1039, 1039, 1039, 1039, 1039, 1039, 1039, 1039, 1039, 1039, 1039, 1039, 1039, 1039, 1039, 1039, 1043, 1045, 1046, 1048, 1049, 1050], 1049, 4071)
(1.61206460502565e+110, [1039, 1039, 1039, 1039, 1039, 1039, 1039, 1039, 1039, 1039, 1039, 1039, 1039, 1039, 1039, 1039, 1039, 1043, 1044, 1045, 1046, 1047, 1048, 1050], 1049, 4071)
end round with 9 suffixes


======== round 230 ========
todo suffixes: [[1043, 1044, 1045, 1047, 1048, 1050], [1043, 1045, 1047, 1048, 1050], [1044, 1047, 1048, 1050], [1046, 1048, 1050], [1045, 1048, 1050], [1047, 1050], [1046, 1050], [1049], [1047]]
cur_suffix:  [1043, 1044, 1045, 1047, 1048, 1050]
fisrt choice: (1.6120646050291863e+110, 1042, 18)
baseline:  (1.6120646050430035e+110, [1048, 1048, 1048, 1048, 1048, 1048, 1048, 1048, 1048, 1048, 1048, 1048, 1048, 1048, 1048, 1048, 1048], 1049, 4071)
best 5 choices:
(1.612064605025078e+110, [1038, 1038, 1038, 1038, 1038, 1038, 1038, 1038, 1038, 1038, 1038, 1038, 1038, 1038, 1038, 1038, 1038, 1042, 1043, 1044, 1046, 1048, 1049, 1050], 1049, 4071)
(1.612064605025136e+110, [1038, 1038, 1038, 1038, 1038, 1038, 1038, 1038, 1038, 1038, 1038, 1038, 1038, 1038, 1038, 1038, 1038, 1038, 1042, 1043, 1045, 1046, 1047, 1049, 1050], 1049, 4071)
(1.6120646050252043e+110, [1038, 1038, 1038, 1038, 1038, 1038, 1038, 1038, 1038, 1038, 1038, 1038, 1038, 1038, 1038, 1038, 1038, 1038, 1041, 1043, 1044, 1046, 1048, 1049, 1050], 1049, 4071)
(1.6120646050256462e+110, [1039, 1039, 1039, 1039, 1039, 1039, 1039, 1039, 1039, 1039, 1039, 1039, 1039, 1039, 1039, 1039, 1039, 1043, 1045, 1046, 1048, 1049, 1050], 1049, 4071)
(1.61206460502565e+110, [1039, 1039, 1039, 1039, 1039, 1039, 1039, 1039, 1039, 1039, 1039, 1039, 1039, 1039, 1039, 1039, 1039, 1043, 1044, 1045, 1046, 1047, 1048, 1050], 1049, 4071)
end round with 9 suffixes


======== round 231 ========
todo suffixes: [[1042, 1043, 1044, 1045, 1047, 1048, 1050], [1043, 1045, 1047, 1048, 1050], [1044, 1047, 1048, 1050], [1046, 1048, 1050], [1045, 1048, 1050], [1047, 1050], [1046, 1050], [1049], [1047]]
cur_suffix:  [1042, 1043, 1044, 1045, 1047, 1048, 1050]
fisrt choice: (-1, -1, -1)
baseline:  (1.6120646050430035e+110, [1048, 1048, 1048, 1048, 1048, 1048, 1048, 1048, 1048, 1048, 1048, 1048, 1048, 1048, 1048, 1048, 1048], 1049, 4071)
the strategy is infeasible, continue


======== round 232 ========
todo suffixes: [[1043, 1045, 1047, 1048, 1050], [1044, 1047, 1048, 1050], [1046, 1048, 1050], [1045, 1048, 1050], [1047, 1050], [1046, 1050], [1049], [1047]]
cur_suffix:  [1043, 1045, 1047, 1048, 1050]
fisrt choice: (-1, -1, -1)
baseline:  (1.6120646050430035e+110, [1048, 1048, 1048, 1048, 1048, 1048, 1048, 1048, 1048, 1048, 1048, 1048, 1048, 1048, 1048, 1048, 1048], 1049, 4071)
the strategy is infeasible, continue


======== round 233 ========
todo suffixes: [[1044, 1047, 1048, 1050], [1046, 1048, 1050], [1045, 1048, 1050], [1047, 1050], [1046, 1050], [1049], [1047]]
cur_suffix:  [1044, 1047, 1048, 1050]
fisrt choice: (1.612064605031093e+110, 1043, 20)
baseline:  (1.6120646050430035e+110, [1048, 1048, 1048, 1048, 1048, 1048, 1048, 1048, 1048, 1048, 1048, 1048, 1048, 1048, 1048, 1048, 1048], 1049, 4071)
best 5 choices:
(1.612064605025078e+110, [1038, 1038, 1038, 1038, 1038, 1038, 1038, 1038, 1038, 1038, 1038, 1038, 1038, 1038, 1038, 1038, 1038, 1042, 1043, 1044, 1046, 1048, 1049, 1050], 1049, 4071)
(1.612064605025136e+110, [1038, 1038, 1038, 1038, 1038, 1038, 1038, 1038, 1038, 1038, 1038, 1038, 1038, 1038, 1038, 1038, 1038, 1038, 1042, 1043, 1045, 1046, 1047, 1049, 1050], 1049, 4071)
(1.6120646050252043e+110, [1038, 1038, 1038, 1038, 1038, 1038, 1038, 1038, 1038, 1038, 1038, 1038, 1038, 1038, 1038, 1038, 1038, 1038, 1041, 1043, 1044, 1046, 1048, 1049, 1050], 1049, 4071)
(1.6120646050256462e+110, [1039, 1039, 1039, 1039, 1039, 1039, 1039, 1039, 1039, 1039, 1039, 1039, 1039, 1039, 1039, 1039, 1039, 1043, 1045, 1046, 1048, 1049, 1050], 1049, 4071)
(1.61206460502565e+110, [1039, 1039, 1039, 1039, 1039, 1039, 1039, 1039, 1039, 1039, 1039, 1039, 1039, 1039, 1039, 1039, 1039, 1043, 1044, 1045, 1046, 1047, 1048, 1050], 1049, 4071)
end round with 7 suffixes


======== round 234 ========
todo suffixes: [[1043, 1044, 1047, 1048, 1050], [1046, 1048, 1050], [1045, 1048, 1050], [1047, 1050], [1046, 1050], [1049], [1047]]
cur_suffix:  [1043, 1044, 1047, 1048, 1050]
fisrt choice: (-1, -1, -1)
baseline:  (1.6120646050430035e+110, [1048, 1048, 1048, 1048, 1048, 1048, 1048, 1048, 1048, 1048, 1048, 1048, 1048, 1048, 1048, 1048, 1048], 1049, 4071)
the strategy is infeasible, continue


======== round 235 ========
todo suffixes: [[1046, 1048, 1050], [1045, 1048, 1050], [1047, 1050], [1046, 1050], [1049], [1047]]
cur_suffix:  [1046, 1048, 1050]
fisrt choice: (1.6120646050322768e+110, 1044, 19)
baseline:  (1.6120646050430035e+110, [1048, 1048, 1048, 1048, 1048, 1048, 1048, 1048, 1048, 1048, 1048, 1048, 1048, 1048, 1048, 1048, 1048], 1049, 4071)
best 5 choices:
(1.612064605025078e+110, [1038, 1038, 1038, 1038, 1038, 1038, 1038, 1038, 1038, 1038, 1038, 1038, 1038, 1038, 1038, 1038, 1038, 1042, 1043, 1044, 1046, 1048, 1049, 1050], 1049, 4071)
(1.612064605025136e+110, [1038, 1038, 1038, 1038, 1038, 1038, 1038, 1038, 1038, 1038, 1038, 1038, 1038, 1038, 1038, 1038, 1038, 1038, 1042, 1043, 1045, 1046, 1047, 1049, 1050], 1049, 4071)
(1.6120646050252043e+110, [1038, 1038, 1038, 1038, 1038, 1038, 1038, 1038, 1038, 1038, 1038, 1038, 1038, 1038, 1038, 1038, 1038, 1038, 1041, 1043, 1044, 1046, 1048, 1049, 1050], 1049, 4071)
(1.6120646050256462e+110, [1039, 1039, 1039, 1039, 1039, 1039, 1039, 1039, 1039, 1039, 1039, 1039, 1039, 1039, 1039, 1039, 1039, 1043, 1045, 1046, 1048, 1049, 1050], 1049, 4071)
(1.61206460502565e+110, [1039, 1039, 1039, 1039, 1039, 1039, 1039, 1039, 1039, 1039, 1039, 1039, 1039, 1039, 1039, 1039, 1039, 1043, 1044, 1045, 1046, 1047, 1048, 1050], 1049, 4071)
end round with 7 suffixes


======== round 236 ========
todo suffixes: [[1045, 1046, 1048, 1050], [1044, 1046, 1048, 1050], [1045, 1048, 1050], [1047, 1050], [1046, 1050], [1049], [1047]]
cur_suffix:  [1045, 1046, 1048, 1050]
fisrt choice: (1.6120646050316574e+110, 1044, 17)
baseline:  (1.6120646050430035e+110, [1048, 1048, 1048, 1048, 1048, 1048, 1048, 1048, 1048, 1048, 1048, 1048, 1048, 1048, 1048, 1048, 1048], 1049, 4071)
best 5 choices:
(1.612064605025078e+110, [1038, 1038, 1038, 1038, 1038, 1038, 1038, 1038, 1038, 1038, 1038, 1038, 1038, 1038, 1038, 1038, 1038, 1042, 1043, 1044, 1046, 1048, 1049, 1050], 1049, 4071)
(1.612064605025136e+110, [1038, 1038, 1038, 1038, 1038, 1038, 1038, 1038, 1038, 1038, 1038, 1038, 1038, 1038, 1038, 1038, 1038, 1038, 1042, 1043, 1045, 1046, 1047, 1049, 1050], 1049, 4071)
(1.6120646050252043e+110, [1038, 1038, 1038, 1038, 1038, 1038, 1038, 1038, 1038, 1038, 1038, 1038, 1038, 1038, 1038, 1038, 1038, 1038, 1041, 1043, 1044, 1046, 1048, 1049, 1050], 1049, 4071)
(1.6120646050256462e+110, [1039, 1039, 1039, 1039, 1039, 1039, 1039, 1039, 1039, 1039, 1039, 1039, 1039, 1039, 1039, 1039, 1039, 1043, 1045, 1046, 1048, 1049, 1050], 1049, 4071)
(1.61206460502565e+110, [1039, 1039, 1039, 1039, 1039, 1039, 1039, 1039, 1039, 1039, 1039, 1039, 1039, 1039, 1039, 1039, 1039, 1043, 1044, 1045, 1046, 1047, 1048, 1050], 1049, 4071)
end round with 7 suffixes


======== round 237 ========
todo suffixes: [[1044, 1045, 1046, 1048, 1050], [1044, 1046, 1048, 1050], [1045, 1048, 1050], [1047, 1050], [1046, 1050], [1049], [1047]]
cur_suffix:  [1044, 1045, 1046, 1048, 1050]
fisrt choice: (1.6120646050304912e+110, 1043, 18)
baseline:  (1.6120646050430035e+110, [1048, 1048, 1048, 1048, 1048, 1048, 1048, 1048, 1048, 1048, 1048, 1048, 1048, 1048, 1048, 1048, 1048], 1049, 4071)
best 5 choices:
(1.612064605025078e+110, [1038, 1038, 1038, 1038, 1038, 1038, 1038, 1038, 1038, 1038, 1038, 1038, 1038, 1038, 1038, 1038, 1038, 1042, 1043, 1044, 1046, 1048, 1049, 1050], 1049, 4071)
(1.612064605025136e+110, [1038, 1038, 1038, 1038, 1038, 1038, 1038, 1038, 1038, 1038, 1038, 1038, 1038, 1038, 1038, 1038, 1038, 1038, 1042, 1043, 1045, 1046, 1047, 1049, 1050], 1049, 4071)
(1.6120646050252043e+110, [1038, 1038, 1038, 1038, 1038, 1038, 1038, 1038, 1038, 1038, 1038, 1038, 1038, 1038, 1038, 1038, 1038, 1038, 1041, 1043, 1044, 1046, 1048, 1049, 1050], 1049, 4071)
(1.6120646050256462e+110, [1039, 1039, 1039, 1039, 1039, 1039, 1039, 1039, 1039, 1039, 1039, 1039, 1039, 1039, 1039, 1039, 1039, 1043, 1045, 1046, 1048, 1049, 1050], 1049, 4071)
(1.61206460502565e+110, [1039, 1039, 1039, 1039, 1039, 1039, 1039, 1039, 1039, 1039, 1039, 1039, 1039, 1039, 1039, 1039, 1039, 1043, 1044, 1045, 1046, 1047, 1048, 1050], 1049, 4071)
end round with 7 suffixes


======== round 238 ========
todo suffixes: [[1043, 1044, 1045, 1046, 1048, 1050], [1044, 1046, 1048, 1050], [1045, 1048, 1050], [1047, 1050], [1046, 1050], [1049], [1047]]
cur_suffix:  [1043, 1044, 1045, 1046, 1048, 1050]
fisrt choice: (-1, -1, -1)
baseline:  (1.6120646050430035e+110, [1048, 1048, 1048, 1048, 1048, 1048, 1048, 1048, 1048, 1048, 1048, 1048, 1048, 1048, 1048, 1048, 1048], 1049, 4071)
the strategy is infeasible, continue


======== round 239 ========
todo suffixes: [[1044, 1046, 1048, 1050], [1045, 1048, 1050], [1047, 1050], [1046, 1050], [1049], [1047]]
cur_suffix:  [1044, 1046, 1048, 1050]
fisrt choice: (-1, -1, -1)
baseline:  (1.6120646050430035e+110, [1048, 1048, 1048, 1048, 1048, 1048, 1048, 1048, 1048, 1048, 1048, 1048, 1048, 1048, 1048, 1048, 1048], 1049, 4071)
the strategy is infeasible, continue


======== round 240 ========
todo suffixes: [[1045, 1048, 1050], [1047, 1050], [1046, 1050], [1049], [1047]]
cur_suffix:  [1045, 1048, 1050]
fisrt choice: (-1, -1, -1)
baseline:  (1.6120646050430035e+110, [1048, 1048, 1048, 1048, 1048, 1048, 1048, 1048, 1048, 1048, 1048, 1048, 1048, 1048, 1048, 1048, 1048], 1049, 4071)
the strategy is infeasible, continue


======== round 241 ========
todo suffixes: [[1047, 1050], [1046, 1050], [1049], [1047]]
cur_suffix:  [1047, 1050]
fisrt choice: (1.6120646050343113e+110, 1045, 19)
baseline:  (1.6120646050430035e+110, [1048, 1048, 1048, 1048, 1048, 1048, 1048, 1048, 1048, 1048, 1048, 1048, 1048, 1048, 1048, 1048, 1048], 1049, 4071)
best 5 choices:
(1.612064605025078e+110, [1038, 1038, 1038, 1038, 1038, 1038, 1038, 1038, 1038, 1038, 1038, 1038, 1038, 1038, 1038, 1038, 1038, 1042, 1043, 1044, 1046, 1048, 1049, 1050], 1049, 4071)
(1.612064605025136e+110, [1038, 1038, 1038, 1038, 1038, 1038, 1038, 1038, 1038, 1038, 1038, 1038, 1038, 1038, 1038, 1038, 1038, 1038, 1042, 1043, 1045, 1046, 1047, 1049, 1050], 1049, 4071)
(1.6120646050252043e+110, [1038, 1038, 1038, 1038, 1038, 1038, 1038, 1038, 1038, 1038, 1038, 1038, 1038, 1038, 1038, 1038, 1038, 1038, 1041, 1043, 1044, 1046, 1048, 1049, 1050], 1049, 4071)
(1.6120646050256462e+110, [1039, 1039, 1039, 1039, 1039, 1039, 1039, 1039, 1039, 1039, 1039, 1039, 1039, 1039, 1039, 1039, 1039, 1043, 1045, 1046, 1048, 1049, 1050], 1049, 4071)
(1.61206460502565e+110, [1039, 1039, 1039, 1039, 1039, 1039, 1039, 1039, 1039, 1039, 1039, 1039, 1039, 1039, 1039, 1039, 1039, 1043, 1044, 1045, 1046, 1047, 1048, 1050], 1049, 4071)
end round with 5 suffixes


======== round 242 ========
todo suffixes: [[1046, 1047, 1050], [1045, 1047, 1050], [1046, 1050], [1049], [1047]]
cur_suffix:  [1046, 1047, 1050]
fisrt choice: (1.6120646050335457e+110, 1045, 17)
baseline:  (1.6120646050430035e+110, [1048, 1048, 1048, 1048, 1048, 1048, 1048, 1048, 1048, 1048, 1048, 1048, 1048, 1048, 1048, 1048, 1048], 1049, 4071)
best 5 choices:
(1.612064605025078e+110, [1038, 1038, 1038, 1038, 1038, 1038, 1038, 1038, 1038, 1038, 1038, 1038, 1038, 1038, 1038, 1038, 1038, 1042, 1043, 1044, 1046, 1048, 1049, 1050], 1049, 4071)
(1.612064605025136e+110, [1038, 1038, 1038, 1038, 1038, 1038, 1038, 1038, 1038, 1038, 1038, 1038, 1038, 1038, 1038, 1038, 1038, 1038, 1042, 1043, 1045, 1046, 1047, 1049, 1050], 1049, 4071)
(1.6120646050252043e+110, [1038, 1038, 1038, 1038, 1038, 1038, 1038, 1038, 1038, 1038, 1038, 1038, 1038, 1038, 1038, 1038, 1038, 1038, 1041, 1043, 1044, 1046, 1048, 1049, 1050], 1049, 4071)
(1.6120646050256462e+110, [1039, 1039, 1039, 1039, 1039, 1039, 1039, 1039, 1039, 1039, 1039, 1039, 1039, 1039, 1039, 1039, 1039, 1043, 1045, 1046, 1048, 1049, 1050], 1049, 4071)
(1.61206460502565e+110, [1039, 1039, 1039, 1039, 1039, 1039, 1039, 1039, 1039, 1039, 1039, 1039, 1039, 1039, 1039, 1039, 1039, 1043, 1044, 1045, 1046, 1047, 1048, 1050], 1049, 4071)
end round with 5 suffixes


======== round 243 ========
todo suffixes: [[1045, 1046, 1047, 1050], [1045, 1047, 1050], [1046, 1050], [1049], [1047]]
cur_suffix:  [1045, 1046, 1047, 1050]
fisrt choice: (1.6120646050321073e+110, 1044, 18)
baseline:  (1.6120646050430035e+110, [1048, 1048, 1048, 1048, 1048, 1048, 1048, 1048, 1048, 1048, 1048, 1048, 1048, 1048, 1048, 1048, 1048], 1049, 4071)
best 5 choices:
(1.612064605025078e+110, [1038, 1038, 1038, 1038, 1038, 1038, 1038, 1038, 1038, 1038, 1038, 1038, 1038, 1038, 1038, 1038, 1038, 1042, 1043, 1044, 1046, 1048, 1049, 1050], 1049, 4071)
(1.612064605025136e+110, [1038, 1038, 1038, 1038, 1038, 1038, 1038, 1038, 1038, 1038, 1038, 1038, 1038, 1038, 1038, 1038, 1038, 1038, 1042, 1043, 1045, 1046, 1047, 1049, 1050], 1049, 4071)
(1.6120646050252043e+110, [1038, 1038, 1038, 1038, 1038, 1038, 1038, 1038, 1038, 1038, 1038, 1038, 1038, 1038, 1038, 1038, 1038, 1038, 1041, 1043, 1044, 1046, 1048, 1049, 1050], 1049, 4071)
(1.6120646050256462e+110, [1039, 1039, 1039, 1039, 1039, 1039, 1039, 1039, 1039, 1039, 1039, 1039, 1039, 1039, 1039, 1039, 1039, 1043, 1045, 1046, 1048, 1049, 1050], 1049, 4071)
(1.61206460502565e+110, [1039, 1039, 1039, 1039, 1039, 1039, 1039, 1039, 1039, 1039, 1039, 1039, 1039, 1039, 1039, 1039, 1039, 1043, 1044, 1045, 1046, 1047, 1048, 1050], 1049, 4071)
end round with 5 suffixes


======== round 244 ========
todo suffixes: [[1044, 1045, 1046, 1047, 1050], [1045, 1047, 1050], [1046, 1050], [1049], [1047]]
cur_suffix:  [1044, 1045, 1046, 1047, 1050]
fisrt choice: (-1, -1, -1)
baseline:  (1.6120646050430035e+110, [1048, 1048, 1048, 1048, 1048, 1048, 1048, 1048, 1048, 1048, 1048, 1048, 1048, 1048, 1048, 1048, 1048], 1049, 4071)
the strategy is infeasible, continue


======== round 245 ========
todo suffixes: [[1045, 1047, 1050], [1046, 1050], [1049], [1047]]
cur_suffix:  [1045, 1047, 1050]
fisrt choice: (-1, -1, -1)
baseline:  (1.6120646050430035e+110, [1048, 1048, 1048, 1048, 1048, 1048, 1048, 1048, 1048, 1048, 1048, 1048, 1048, 1048, 1048, 1048, 1048], 1049, 4071)
the strategy is infeasible, continue


======== round 246 ========
todo suffixes: [[1046, 1050], [1049], [1047]]
cur_suffix:  [1046, 1050]
fisrt choice: (1.6120646050350212e+110, 1045, 20)
baseline:  (1.6120646050430035e+110, [1048, 1048, 1048, 1048, 1048, 1048, 1048, 1048, 1048, 1048, 1048, 1048, 1048, 1048, 1048, 1048, 1048], 1049, 4071)
best 5 choices:
(1.612064605025078e+110, [1038, 1038, 1038, 1038, 1038, 1038, 1038, 1038, 1038, 1038, 1038, 1038, 1038, 1038, 1038, 1038, 1038, 1042, 1043, 1044, 1046, 1048, 1049, 1050], 1049, 4071)
(1.612064605025136e+110, [1038, 1038, 1038, 1038, 1038, 1038, 1038, 1038, 1038, 1038, 1038, 1038, 1038, 1038, 1038, 1038, 1038, 1038, 1042, 1043, 1045, 1046, 1047, 1049, 1050], 1049, 4071)
(1.6120646050252043e+110, [1038, 1038, 1038, 1038, 1038, 1038, 1038, 1038, 1038, 1038, 1038, 1038, 1038, 1038, 1038, 1038, 1038, 1038, 1041, 1043, 1044, 1046, 1048, 1049, 1050], 1049, 4071)
(1.6120646050256462e+110, [1039, 1039, 1039, 1039, 1039, 1039, 1039, 1039, 1039, 1039, 1039, 1039, 1039, 1039, 1039, 1039, 1039, 1043, 1045, 1046, 1048, 1049, 1050], 1049, 4071)
(1.61206460502565e+110, [1039, 1039, 1039, 1039, 1039, 1039, 1039, 1039, 1039, 1039, 1039, 1039, 1039, 1039, 1039, 1039, 1039, 1043, 1044, 1045, 1046, 1047, 1048, 1050], 1049, 4071)
end round with 3 suffixes


======== round 247 ========
todo suffixes: [[1045, 1046, 1050], [1049], [1047]]
cur_suffix:  [1045, 1046, 1050]
fisrt choice: (-1, -1, -1)
baseline:  (1.6120646050430035e+110, [1048, 1048, 1048, 1048, 1048, 1048, 1048, 1048, 1048, 1048, 1048, 1048, 1048, 1048, 1048, 1048, 1048], 1049, 4071)
the strategy is infeasible, continue


======== round 248 ========
todo suffixes: [[1049], [1047]]
cur_suffix:  [1049]
fisrt choice: (1.6120646050367193e+110, 1046, 19)
baseline:  (1.6120646050430035e+110, [1048, 1048, 1048, 1048, 1048, 1048, 1048, 1048, 1048, 1048, 1048, 1048, 1048, 1048, 1048, 1048, 1048], 1049, 4071)
best 5 choices:
(1.612064605025078e+110, [1038, 1038, 1038, 1038, 1038, 1038, 1038, 1038, 1038, 1038, 1038, 1038, 1038, 1038, 1038, 1038, 1038, 1042, 1043, 1044, 1046, 1048, 1049, 1050], 1049, 4071)
(1.612064605025136e+110, [1038, 1038, 1038, 1038, 1038, 1038, 1038, 1038, 1038, 1038, 1038, 1038, 1038, 1038, 1038, 1038, 1038, 1038, 1042, 1043, 1045, 1046, 1047, 1049, 1050], 1049, 4071)
(1.6120646050252043e+110, [1038, 1038, 1038, 1038, 1038, 1038, 1038, 1038, 1038, 1038, 1038, 1038, 1038, 1038, 1038, 1038, 1038, 1038, 1041, 1043, 1044, 1046, 1048, 1049, 1050], 1049, 4071)
(1.6120646050256462e+110, [1039, 1039, 1039, 1039, 1039, 1039, 1039, 1039, 1039, 1039, 1039, 1039, 1039, 1039, 1039, 1039, 1039, 1043, 1045, 1046, 1048, 1049, 1050], 1049, 4071)
(1.61206460502565e+110, [1039, 1039, 1039, 1039, 1039, 1039, 1039, 1039, 1039, 1039, 1039, 1039, 1039, 1039, 1039, 1039, 1039, 1043, 1044, 1045, 1046, 1047, 1048, 1050], 1049, 4071)
end round with 4 suffixes


======== round 249 ========
todo suffixes: [[1048, 1049], [1047, 1049], [1046, 1049], [1047]]
cur_suffix:  [1048, 1049]
fisrt choice: (1.6120646050351227e+110, 1045, 20)
baseline:  (1.6120646050430035e+110, [1048, 1048, 1048, 1048, 1048, 1048, 1048, 1048, 1048, 1048, 1048, 1048, 1048, 1048, 1048, 1048, 1048], 1049, 4071)
best 5 choices:
(1.612064605025078e+110, [1038, 1038, 1038, 1038, 1038, 1038, 1038, 1038, 1038, 1038, 1038, 1038, 1038, 1038, 1038, 1038, 1038, 1042, 1043, 1044, 1046, 1048, 1049, 1050], 1049, 4071)
(1.612064605025136e+110, [1038, 1038, 1038, 1038, 1038, 1038, 1038, 1038, 1038, 1038, 1038, 1038, 1038, 1038, 1038, 1038, 1038, 1038, 1042, 1043, 1045, 1046, 1047, 1049, 1050], 1049, 4071)
(1.6120646050252043e+110, [1038, 1038, 1038, 1038, 1038, 1038, 1038, 1038, 1038, 1038, 1038, 1038, 1038, 1038, 1038, 1038, 1038, 1038, 1041, 1043, 1044, 1046, 1048, 1049, 1050], 1049, 4071)
(1.6120646050256462e+110, [1039, 1039, 1039, 1039, 1039, 1039, 1039, 1039, 1039, 1039, 1039, 1039, 1039, 1039, 1039, 1039, 1039, 1043, 1045, 1046, 1048, 1049, 1050], 1049, 4071)
(1.61206460502565e+110, [1039, 1039, 1039, 1039, 1039, 1039, 1039, 1039, 1039, 1039, 1039, 1039, 1039, 1039, 1039, 1039, 1039, 1043, 1044, 1045, 1046, 1047, 1048, 1050], 1049, 4071)
end round with 6 suffixes


======== round 250 ========
todo suffixes: [[1047, 1048, 1049], [1046, 1048, 1049], [1045, 1048, 1049], [1047, 1049], [1046, 1049], [1047]]
cur_suffix:  [1047, 1048, 1049]
fisrt choice: (1.6120646050336472e+110, 1045, 17)
baseline:  (1.6120646050430035e+110, [1048, 1048, 1048, 1048, 1048, 1048, 1048, 1048, 1048, 1048, 1048, 1048, 1048, 1048, 1048, 1048, 1048], 1049, 4071)
best 5 choices:
(1.612064605025078e+110, [1038, 1038, 1038, 1038, 1038, 1038, 1038, 1038, 1038, 1038, 1038, 1038, 1038, 1038, 1038, 1038, 1038, 1042, 1043, 1044, 1046, 1048, 1049, 1050], 1049, 4071)
(1.612064605025136e+110, [1038, 1038, 1038, 1038, 1038, 1038, 1038, 1038, 1038, 1038, 1038, 1038, 1038, 1038, 1038, 1038, 1038, 1038, 1042, 1043, 1045, 1046, 1047, 1049, 1050], 1049, 4071)
(1.6120646050252043e+110, [1038, 1038, 1038, 1038, 1038, 1038, 1038, 1038, 1038, 1038, 1038, 1038, 1038, 1038, 1038, 1038, 1038, 1038, 1041, 1043, 1044, 1046, 1048, 1049, 1050], 1049, 4071)
(1.6120646050256462e+110, [1039, 1039, 1039, 1039, 1039, 1039, 1039, 1039, 1039, 1039, 1039, 1039, 1039, 1039, 1039, 1039, 1039, 1043, 1045, 1046, 1048, 1049, 1050], 1049, 4071)
(1.61206460502565e+110, [1039, 1039, 1039, 1039, 1039, 1039, 1039, 1039, 1039, 1039, 1039, 1039, 1039, 1039, 1039, 1039, 1039, 1043, 1044, 1045, 1046, 1047, 1048, 1050], 1049, 4071)
end round with 7 suffixes


======== round 251 ========
todo suffixes: [[1046, 1047, 1048, 1049], [1045, 1047, 1048, 1049], [1046, 1048, 1049], [1045, 1048, 1049], [1047, 1049], [1046, 1049], [1047]]
cur_suffix:  [1046, 1047, 1048, 1049]
fisrt choice: (1.6120646050316343e+110, 1044, 17)
baseline:  (1.6120646050430035e+110, [1048, 1048, 1048, 1048, 1048, 1048, 1048, 1048, 1048, 1048, 1048, 1048, 1048, 1048, 1048, 1048, 1048], 1049, 4071)
best 5 choices:
(1.612064605025078e+110, [1038, 1038, 1038, 1038, 1038, 1038, 1038, 1038, 1038, 1038, 1038, 1038, 1038, 1038, 1038, 1038, 1038, 1042, 1043, 1044, 1046, 1048, 1049, 1050], 1049, 4071)
(1.612064605025136e+110, [1038, 1038, 1038, 1038, 1038, 1038, 1038, 1038, 1038, 1038, 1038, 1038, 1038, 1038, 1038, 1038, 1038, 1038, 1042, 1043, 1045, 1046, 1047, 1049, 1050], 1049, 4071)
(1.6120646050252043e+110, [1038, 1038, 1038, 1038, 1038, 1038, 1038, 1038, 1038, 1038, 1038, 1038, 1038, 1038, 1038, 1038, 1038, 1038, 1041, 1043, 1044, 1046, 1048, 1049, 1050], 1049, 4071)
(1.6120646050256462e+110, [1039, 1039, 1039, 1039, 1039, 1039, 1039, 1039, 1039, 1039, 1039, 1039, 1039, 1039, 1039, 1039, 1039, 1043, 1045, 1046, 1048, 1049, 1050], 1049, 4071)
(1.61206460502565e+110, [1039, 1039, 1039, 1039, 1039, 1039, 1039, 1039, 1039, 1039, 1039, 1039, 1039, 1039, 1039, 1039, 1039, 1043, 1044, 1045, 1046, 1047, 1048, 1050], 1049, 4071)
end round with 8 suffixes


======== round 252 ========
todo suffixes: [[1045, 1046, 1047, 1048, 1049], [1044, 1046, 1047, 1048, 1049], [1045, 1047, 1048, 1049], [1046, 1048, 1049], [1045, 1048, 1049], [1047, 1049], [1046, 1049], [1047]]
cur_suffix:  [1045, 1046, 1047, 1048, 1049]
fisrt choice: (1.6120646050300036e+110, 1043, 17)
baseline:  (1.6120646050430035e+110, [1048, 1048, 1048, 1048, 1048, 1048, 1048, 1048, 1048, 1048, 1048, 1048, 1048, 1048, 1048, 1048, 1048], 1049, 4071)
best 5 choices:
(1.612064605025078e+110, [1038, 1038, 1038, 1038, 1038, 1038, 1038, 1038, 1038, 1038, 1038, 1038, 1038, 1038, 1038, 1038, 1038, 1042, 1043, 1044, 1046, 1048, 1049, 1050], 1049, 4071)
(1.612064605025136e+110, [1038, 1038, 1038, 1038, 1038, 1038, 1038, 1038, 1038, 1038, 1038, 1038, 1038, 1038, 1038, 1038, 1038, 1038, 1042, 1043, 1045, 1046, 1047, 1049, 1050], 1049, 4071)
(1.6120646050252043e+110, [1038, 1038, 1038, 1038, 1038, 1038, 1038, 1038, 1038, 1038, 1038, 1038, 1038, 1038, 1038, 1038, 1038, 1038, 1041, 1043, 1044, 1046, 1048, 1049, 1050], 1049, 4071)
(1.6120646050256462e+110, [1039, 1039, 1039, 1039, 1039, 1039, 1039, 1039, 1039, 1039, 1039, 1039, 1039, 1039, 1039, 1039, 1039, 1043, 1045, 1046, 1048, 1049, 1050], 1049, 4071)
(1.61206460502565e+110, [1039, 1039, 1039, 1039, 1039, 1039, 1039, 1039, 1039, 1039, 1039, 1039, 1039, 1039, 1039, 1039, 1039, 1043, 1044, 1045, 1046, 1047, 1048, 1050], 1049, 4071)
end round with 9 suffixes


======== round 253 ========
todo suffixes: [[1044, 1045, 1046, 1047, 1048, 1049], [1043, 1045, 1046, 1047, 1048, 1049], [1044, 1046, 1047, 1048, 1049], [1045, 1047, 1048, 1049], [1046, 1048, 1049], [1045, 1048, 1049], [1047, 1049], [1046, 1049], [1047]]
cur_suffix:  [1044, 1045, 1046, 1047, 1048, 1049]
fisrt choice: (1.6120646050292173e+110, 1042, 18)
baseline:  (1.6120646050430035e+110, [1048, 1048, 1048, 1048, 1048, 1048, 1048, 1048, 1048, 1048, 1048, 1048, 1048, 1048, 1048, 1048, 1048], 1049, 4071)
best 5 choices:
(1.612064605025078e+110, [1038, 1038, 1038, 1038, 1038, 1038, 1038, 1038, 1038, 1038, 1038, 1038, 1038, 1038, 1038, 1038, 1038, 1042, 1043, 1044, 1046, 1048, 1049, 1050], 1049, 4071)
(1.612064605025136e+110, [1038, 1038, 1038, 1038, 1038, 1038, 1038, 1038, 1038, 1038, 1038, 1038, 1038, 1038, 1038, 1038, 1038, 1038, 1042, 1043, 1045, 1046, 1047, 1049, 1050], 1049, 4071)
(1.6120646050252043e+110, [1038, 1038, 1038, 1038, 1038, 1038, 1038, 1038, 1038, 1038, 1038, 1038, 1038, 1038, 1038, 1038, 1038, 1038, 1041, 1043, 1044, 1046, 1048, 1049, 1050], 1049, 4071)
(1.6120646050256462e+110, [1039, 1039, 1039, 1039, 1039, 1039, 1039, 1039, 1039, 1039, 1039, 1039, 1039, 1039, 1039, 1039, 1039, 1043, 1045, 1046, 1048, 1049, 1050], 1049, 4071)
(1.61206460502565e+110, [1039, 1039, 1039, 1039, 1039, 1039, 1039, 1039, 1039, 1039, 1039, 1039, 1039, 1039, 1039, 1039, 1039, 1043, 1044, 1045, 1046, 1047, 1048, 1050], 1049, 4071)
end round with 10 suffixes


======== round 254 ========
todo suffixes: [[1043, 1044, 1045, 1046, 1047, 1048, 1049], [1042, 1044, 1045, 1046, 1047, 1048, 1049], [1043, 1045, 1046, 1047, 1048, 1049], [1044, 1046, 1047, 1048, 1049], [1045, 1047, 1048, 1049], [1046, 1048, 1049], [1045, 1048, 1049], [1047, 1049], [1046, 1049], [1047]]
cur_suffix:  [1043, 1044, 1045, 1046, 1047, 1048, 1049]
fisrt choice: (1.612064605028053e+110, 1041, 18)
baseline:  (1.6120646050430035e+110, [1048, 1048, 1048, 1048, 1048, 1048, 1048, 1048, 1048, 1048, 1048, 1048, 1048, 1048, 1048, 1048, 1048], 1049, 4071)
best 5 choices:
(1.612064605025078e+110, [1038, 1038, 1038, 1038, 1038, 1038, 1038, 1038, 1038, 1038, 1038, 1038, 1038, 1038, 1038, 1038, 1038, 1042, 1043, 1044, 1046, 1048, 1049, 1050], 1049, 4071)
(1.612064605025136e+110, [1038, 1038, 1038, 1038, 1038, 1038, 1038, 1038, 1038, 1038, 1038, 1038, 1038, 1038, 1038, 1038, 1038, 1038, 1042, 1043, 1045, 1046, 1047, 1049, 1050], 1049, 4071)
(1.6120646050252043e+110, [1038, 1038, 1038, 1038, 1038, 1038, 1038, 1038, 1038, 1038, 1038, 1038, 1038, 1038, 1038, 1038, 1038, 1038, 1041, 1043, 1044, 1046, 1048, 1049, 1050], 1049, 4071)
(1.6120646050256462e+110, [1039, 1039, 1039, 1039, 1039, 1039, 1039, 1039, 1039, 1039, 1039, 1039, 1039, 1039, 1039, 1039, 1039, 1043, 1045, 1046, 1048, 1049, 1050], 1049, 4071)
(1.61206460502565e+110, [1039, 1039, 1039, 1039, 1039, 1039, 1039, 1039, 1039, 1039, 1039, 1039, 1039, 1039, 1039, 1039, 1039, 1043, 1044, 1045, 1046, 1047, 1048, 1050], 1049, 4071)
end round with 11 suffixes


======== round 255 ========
todo suffixes: [[1042, 1043, 1044, 1045, 1046, 1047, 1048, 1049], [1041, 1043, 1044, 1045, 1046, 1047, 1048, 1049], [1042, 1044, 1045, 1046, 1047, 1048, 1049], [1043, 1045, 1046, 1047, 1048, 1049], [1044, 1046, 1047, 1048, 1049], [1045, 1047, 1048, 1049], [1046, 1048, 1049], [1045, 1048, 1049], [1047, 1049], [1046, 1049], [1047]]
cur_suffix:  [1042, 1043, 1044, 1045, 1046, 1047, 1048, 1049]
fisrt choice: (1.6120646050271057e+110, 1040, 18)
baseline:  (1.6120646050430035e+110, [1048, 1048, 1048, 1048, 1048, 1048, 1048, 1048, 1048, 1048, 1048, 1048, 1048, 1048, 1048, 1048, 1048], 1049, 4071)
best 5 choices:
(1.612064605025078e+110, [1038, 1038, 1038, 1038, 1038, 1038, 1038, 1038, 1038, 1038, 1038, 1038, 1038, 1038, 1038, 1038, 1038, 1042, 1043, 1044, 1046, 1048, 1049, 1050], 1049, 4071)
(1.612064605025136e+110, [1038, 1038, 1038, 1038, 1038, 1038, 1038, 1038, 1038, 1038, 1038, 1038, 1038, 1038, 1038, 1038, 1038, 1038, 1042, 1043, 1045, 1046, 1047, 1049, 1050], 1049, 4071)
(1.6120646050252043e+110, [1038, 1038, 1038, 1038, 1038, 1038, 1038, 1038, 1038, 1038, 1038, 1038, 1038, 1038, 1038, 1038, 1038, 1038, 1041, 1043, 1044, 1046, 1048, 1049, 1050], 1049, 4071)
(1.6120646050256462e+110, [1039, 1039, 1039, 1039, 1039, 1039, 1039, 1039, 1039, 1039, 1039, 1039, 1039, 1039, 1039, 1039, 1039, 1043, 1045, 1046, 1048, 1049, 1050], 1049, 4071)
(1.61206460502565e+110, [1039, 1039, 1039, 1039, 1039, 1039, 1039, 1039, 1039, 1039, 1039, 1039, 1039, 1039, 1039, 1039, 1039, 1043, 1044, 1045, 1046, 1047, 1048, 1050], 1049, 4071)
end round with 12 suffixes


======== round 256 ========
todo suffixes: [[1041, 1042, 1043, 1044, 1045, 1046, 1047, 1048, 1049], [1040, 1042, 1043, 1044, 1045, 1046, 1047, 1048, 1049], [1041, 1043, 1044, 1045, 1046, 1047, 1048, 1049], [1042, 1044, 1045, 1046, 1047, 1048, 1049], [1043, 1045, 1046, 1047, 1048, 1049], [1044, 1046, 1047, 1048, 1049], [1045, 1047, 1048, 1049], [1046, 1048, 1049], [1045, 1048, 1049], [1047, 1049], [1046, 1049], [1047]]
cur_suffix:  [1041, 1042, 1043, 1044, 1045, 1046, 1047, 1048, 1049]
fisrt choice: (1.6120646050263398e+110, 1039, 18)
baseline:  (1.6120646050430035e+110, [1048, 1048, 1048, 1048, 1048, 1048, 1048, 1048, 1048, 1048, 1048, 1048, 1048, 1048, 1048, 1048, 1048], 1049, 4071)
best 5 choices:
(1.612064605025078e+110, [1038, 1038, 1038, 1038, 1038, 1038, 1038, 1038, 1038, 1038, 1038, 1038, 1038, 1038, 1038, 1038, 1038, 1042, 1043, 1044, 1046, 1048, 1049, 1050], 1049, 4071)
(1.612064605025136e+110, [1038, 1038, 1038, 1038, 1038, 1038, 1038, 1038, 1038, 1038, 1038, 1038, 1038, 1038, 1038, 1038, 1038, 1038, 1042, 1043, 1045, 1046, 1047, 1049, 1050], 1049, 4071)
(1.6120646050252043e+110, [1038, 1038, 1038, 1038, 1038, 1038, 1038, 1038, 1038, 1038, 1038, 1038, 1038, 1038, 1038, 1038, 1038, 1038, 1041, 1043, 1044, 1046, 1048, 1049, 1050], 1049, 4071)
(1.6120646050256462e+110, [1039, 1039, 1039, 1039, 1039, 1039, 1039, 1039, 1039, 1039, 1039, 1039, 1039, 1039, 1039, 1039, 1039, 1043, 1045, 1046, 1048, 1049, 1050], 1049, 4071)
(1.61206460502565e+110, [1039, 1039, 1039, 1039, 1039, 1039, 1039, 1039, 1039, 1039, 1039, 1039, 1039, 1039, 1039, 1039, 1039, 1043, 1044, 1045, 1046, 1047, 1048, 1050], 1049, 4071)
end round with 13 suffixes


======== round 257 ========
todo suffixes: [[1040, 1041, 1042, 1043, 1044, 1045, 1046, 1047, 1048, 1049], [1039, 1041, 1042, 1043, 1044, 1045, 1046, 1047, 1048, 1049], [1040, 1042, 1043, 1044, 1045, 1046, 1047, 1048, 1049], [1041, 1043, 1044, 1045, 1046, 1047, 1048, 1049], [1042, 1044, 1045, 1046, 1047, 1048, 1049], [1043, 1045, 1046, 1047, 1048, 1049], [1044, 1046, 1047, 1048, 1049], [1045, 1047, 1048, 1049], [1046, 1048, 1049], [1045, 1048, 1049], [1047, 1049], [1046, 1049], [1047]]
cur_suffix:  [1040, 1041, 1042, 1043, 1044, 1045, 1046, 1047, 1048, 1049]
fisrt choice: (1.6120646050259536e+110, 1038, 19)
baseline:  (1.6120646050430035e+110, [1048, 1048, 1048, 1048, 1048, 1048, 1048, 1048, 1048, 1048, 1048, 1048, 1048, 1048, 1048, 1048, 1048], 1049, 4071)
best 5 choices:
(1.612064605025078e+110, [1038, 1038, 1038, 1038, 1038, 1038, 1038, 1038, 1038, 1038, 1038, 1038, 1038, 1038, 1038, 1038, 1038, 1042, 1043, 1044, 1046, 1048, 1049, 1050], 1049, 4071)
(1.612064605025136e+110, [1038, 1038, 1038, 1038, 1038, 1038, 1038, 1038, 1038, 1038, 1038, 1038, 1038, 1038, 1038, 1038, 1038, 1038, 1042, 1043, 1045, 1046, 1047, 1049, 1050], 1049, 4071)
(1.6120646050252043e+110, [1038, 1038, 1038, 1038, 1038, 1038, 1038, 1038, 1038, 1038, 1038, 1038, 1038, 1038, 1038, 1038, 1038, 1038, 1041, 1043, 1044, 1046, 1048, 1049, 1050], 1049, 4071)
(1.6120646050256462e+110, [1039, 1039, 1039, 1039, 1039, 1039, 1039, 1039, 1039, 1039, 1039, 1039, 1039, 1039, 1039, 1039, 1039, 1043, 1045, 1046, 1048, 1049, 1050], 1049, 4071)
(1.61206460502565e+110, [1039, 1039, 1039, 1039, 1039, 1039, 1039, 1039, 1039, 1039, 1039, 1039, 1039, 1039, 1039, 1039, 1039, 1043, 1044, 1045, 1046, 1047, 1048, 1050], 1049, 4071)
end round with 12 suffixes


======== round 258 ========
todo suffixes: [[1039, 1041, 1042, 1043, 1044, 1045, 1046, 1047, 1048, 1049], [1040, 1042, 1043, 1044, 1045, 1046, 1047, 1048, 1049], [1041, 1043, 1044, 1045, 1046, 1047, 1048, 1049], [1042, 1044, 1045, 1046, 1047, 1048, 1049], [1043, 1045, 1046, 1047, 1048, 1049], [1044, 1046, 1047, 1048, 1049], [1045, 1047, 1048, 1049], [1046, 1048, 1049], [1045, 1048, 1049], [1047, 1049], [1046, 1049], [1047]]
cur_suffix:  [1039, 1041, 1042, 1043, 1044, 1045, 1046, 1047, 1048, 1049]
fisrt choice: (-1, -1, -1)
baseline:  (1.6120646050430035e+110, [1048, 1048, 1048, 1048, 1048, 1048, 1048, 1048, 1048, 1048, 1048, 1048, 1048, 1048, 1048, 1048, 1048], 1049, 4071)
the strategy is infeasible, continue


======== round 259 ========
todo suffixes: [[1040, 1042, 1043, 1044, 1045, 1046, 1047, 1048, 1049], [1041, 1043, 1044, 1045, 1046, 1047, 1048, 1049], [1042, 1044, 1045, 1046, 1047, 1048, 1049], [1043, 1045, 1046, 1047, 1048, 1049], [1044, 1046, 1047, 1048, 1049], [1045, 1047, 1048, 1049], [1046, 1048, 1049], [1045, 1048, 1049], [1047, 1049], [1046, 1049], [1047]]
cur_suffix:  [1040, 1042, 1043, 1044, 1045, 1046, 1047, 1048, 1049]
fisrt choice: (-1, -1, -1)
baseline:  (1.6120646050430035e+110, [1048, 1048, 1048, 1048, 1048, 1048, 1048, 1048, 1048, 1048, 1048, 1048, 1048, 1048, 1048, 1048, 1048], 1049, 4071)
the strategy is infeasible, continue


======== round 260 ========
todo suffixes: [[1041, 1043, 1044, 1045, 1046, 1047, 1048, 1049], [1042, 1044, 1045, 1046, 1047, 1048, 1049], [1043, 1045, 1046, 1047, 1048, 1049], [1044, 1046, 1047, 1048, 1049], [1045, 1047, 1048, 1049], [1046, 1048, 1049], [1045, 1048, 1049], [1047, 1049], [1046, 1049], [1047]]
cur_suffix:  [1041, 1043, 1044, 1045, 1046, 1047, 1048, 1049]
fisrt choice: (1.612064605027352e+110, 1040, 19)
baseline:  (1.6120646050430035e+110, [1048, 1048, 1048, 1048, 1048, 1048, 1048, 1048, 1048, 1048, 1048, 1048, 1048, 1048, 1048, 1048, 1048], 1049, 4071)
best 5 choices:
(1.612064605025078e+110, [1038, 1038, 1038, 1038, 1038, 1038, 1038, 1038, 1038, 1038, 1038, 1038, 1038, 1038, 1038, 1038, 1038, 1042, 1043, 1044, 1046, 1048, 1049, 1050], 1049, 4071)
(1.612064605025136e+110, [1038, 1038, 1038, 1038, 1038, 1038, 1038, 1038, 1038, 1038, 1038, 1038, 1038, 1038, 1038, 1038, 1038, 1038, 1042, 1043, 1045, 1046, 1047, 1049, 1050], 1049, 4071)
(1.6120646050252043e+110, [1038, 1038, 1038, 1038, 1038, 1038, 1038, 1038, 1038, 1038, 1038, 1038, 1038, 1038, 1038, 1038, 1038, 1038, 1041, 1043, 1044, 1046, 1048, 1049, 1050], 1049, 4071)
(1.6120646050256462e+110, [1039, 1039, 1039, 1039, 1039, 1039, 1039, 1039, 1039, 1039, 1039, 1039, 1039, 1039, 1039, 1039, 1039, 1043, 1045, 1046, 1048, 1049, 1050], 1049, 4071)
(1.61206460502565e+110, [1039, 1039, 1039, 1039, 1039, 1039, 1039, 1039, 1039, 1039, 1039, 1039, 1039, 1039, 1039, 1039, 1039, 1043, 1044, 1045, 1046, 1047, 1048, 1050], 1049, 4071)
end round with 10 suffixes


======== round 261 ========
todo suffixes: [[1040, 1041, 1043, 1044, 1045, 1046, 1047, 1048, 1049], [1042, 1044, 1045, 1046, 1047, 1048, 1049], [1043, 1045, 1046, 1047, 1048, 1049], [1044, 1046, 1047, 1048, 1049], [1045, 1047, 1048, 1049], [1046, 1048, 1049], [1045, 1048, 1049], [1047, 1049], [1046, 1049], [1047]]
cur_suffix:  [1040, 1041, 1043, 1044, 1045, 1046, 1047, 1048, 1049]
fisrt choice: (-1, -1, -1)
baseline:  (1.6120646050430035e+110, [1048, 1048, 1048, 1048, 1048, 1048, 1048, 1048, 1048, 1048, 1048, 1048, 1048, 1048, 1048, 1048, 1048], 1049, 4071)
the strategy is infeasible, continue


======== round 262 ========
todo suffixes: [[1042, 1044, 1045, 1046, 1047, 1048, 1049], [1043, 1045, 1046, 1047, 1048, 1049], [1044, 1046, 1047, 1048, 1049], [1045, 1047, 1048, 1049], [1046, 1048, 1049], [1045, 1048, 1049], [1047, 1049], [1046, 1049], [1047]]
cur_suffix:  [1042, 1044, 1045, 1046, 1047, 1048, 1049]
fisrt choice: (-1, -1, -1)
baseline:  (1.6120646050430035e+110, [1048, 1048, 1048, 1048, 1048, 1048, 1048, 1048, 1048, 1048, 1048, 1048, 1048, 1048, 1048, 1048, 1048], 1049, 4071)
the strategy is infeasible, continue


======== round 263 ========
todo suffixes: [[1043, 1045, 1046, 1047, 1048, 1049], [1044, 1046, 1047, 1048, 1049], [1045, 1047, 1048, 1049], [1046, 1048, 1049], [1045, 1048, 1049], [1047, 1049], [1046, 1049], [1047]]
cur_suffix:  [1043, 1045, 1046, 1047, 1048, 1049]
fisrt choice: (1.612064605029593e+110, 1042, 19)
baseline:  (1.6120646050430035e+110, [1048, 1048, 1048, 1048, 1048, 1048, 1048, 1048, 1048, 1048, 1048, 1048, 1048, 1048, 1048, 1048, 1048], 1049, 4071)
best 5 choices:
(1.612064605025078e+110, [1038, 1038, 1038, 1038, 1038, 1038, 1038, 1038, 1038, 1038, 1038, 1038, 1038, 1038, 1038, 1038, 1038, 1042, 1043, 1044, 1046, 1048, 1049, 1050], 1049, 4071)
(1.612064605025136e+110, [1038, 1038, 1038, 1038, 1038, 1038, 1038, 1038, 1038, 1038, 1038, 1038, 1038, 1038, 1038, 1038, 1038, 1038, 1042, 1043, 1045, 1046, 1047, 1049, 1050], 1049, 4071)
(1.6120646050252043e+110, [1038, 1038, 1038, 1038, 1038, 1038, 1038, 1038, 1038, 1038, 1038, 1038, 1038, 1038, 1038, 1038, 1038, 1038, 1041, 1043, 1044, 1046, 1048, 1049, 1050], 1049, 4071)
(1.6120646050256462e+110, [1039, 1039, 1039, 1039, 1039, 1039, 1039, 1039, 1039, 1039, 1039, 1039, 1039, 1039, 1039, 1039, 1039, 1043, 1045, 1046, 1048, 1049, 1050], 1049, 4071)
(1.61206460502565e+110, [1039, 1039, 1039, 1039, 1039, 1039, 1039, 1039, 1039, 1039, 1039, 1039, 1039, 1039, 1039, 1039, 1039, 1043, 1044, 1045, 1046, 1047, 1048, 1050], 1049, 4071)
end round with 8 suffixes


======== round 264 ========
todo suffixes: [[1042, 1043, 1045, 1046, 1047, 1048, 1049], [1044, 1046, 1047, 1048, 1049], [1045, 1047, 1048, 1049], [1046, 1048, 1049], [1045, 1048, 1049], [1047, 1049], [1046, 1049], [1047]]
cur_suffix:  [1042, 1043, 1045, 1046, 1047, 1048, 1049]
fisrt choice: (-1, -1, -1)
baseline:  (1.6120646050430035e+110, [1048, 1048, 1048, 1048, 1048, 1048, 1048, 1048, 1048, 1048, 1048, 1048, 1048, 1048, 1048, 1048, 1048], 1049, 4071)
the strategy is infeasible, continue


======== round 265 ========
todo suffixes: [[1044, 1046, 1047, 1048, 1049], [1045, 1047, 1048, 1049], [1046, 1048, 1049], [1045, 1048, 1049], [1047, 1049], [1046, 1049], [1047]]
cur_suffix:  [1044, 1046, 1047, 1048, 1049]
fisrt choice: (1.6120646050304682e+110, 1043, 18)
baseline:  (1.6120646050430035e+110, [1048, 1048, 1048, 1048, 1048, 1048, 1048, 1048, 1048, 1048, 1048, 1048, 1048, 1048, 1048, 1048, 1048], 1049, 4071)
best 5 choices:
(1.612064605025078e+110, [1038, 1038, 1038, 1038, 1038, 1038, 1038, 1038, 1038, 1038, 1038, 1038, 1038, 1038, 1038, 1038, 1038, 1042, 1043, 1044, 1046, 1048, 1049, 1050], 1049, 4071)
(1.612064605025136e+110, [1038, 1038, 1038, 1038, 1038, 1038, 1038, 1038, 1038, 1038, 1038, 1038, 1038, 1038, 1038, 1038, 1038, 1038, 1042, 1043, 1045, 1046, 1047, 1049, 1050], 1049, 4071)
(1.6120646050252043e+110, [1038, 1038, 1038, 1038, 1038, 1038, 1038, 1038, 1038, 1038, 1038, 1038, 1038, 1038, 1038, 1038, 1038, 1038, 1041, 1043, 1044, 1046, 1048, 1049, 1050], 1049, 4071)
(1.6120646050256462e+110, [1039, 1039, 1039, 1039, 1039, 1039, 1039, 1039, 1039, 1039, 1039, 1039, 1039, 1039, 1039, 1039, 1039, 1043, 1045, 1046, 1048, 1049, 1050], 1049, 4071)
(1.61206460502565e+110, [1039, 1039, 1039, 1039, 1039, 1039, 1039, 1039, 1039, 1039, 1039, 1039, 1039, 1039, 1039, 1039, 1039, 1043, 1044, 1045, 1046, 1047, 1048, 1050], 1049, 4071)
end round with 7 suffixes


======== round 266 ========
todo suffixes: [[1043, 1044, 1046, 1047, 1048, 1049], [1045, 1047, 1048, 1049], [1046, 1048, 1049], [1045, 1048, 1049], [1047, 1049], [1046, 1049], [1047]]
cur_suffix:  [1043, 1044, 1046, 1047, 1048, 1049]
fisrt choice: (-1, -1, -1)
baseline:  (1.6120646050430035e+110, [1048, 1048, 1048, 1048, 1048, 1048, 1048, 1048, 1048, 1048, 1048, 1048, 1048, 1048, 1048, 1048, 1048], 1049, 4071)
the strategy is infeasible, continue


======== round 267 ========
todo suffixes: [[1045, 1047, 1048, 1049], [1046, 1048, 1049], [1045, 1048, 1049], [1047, 1049], [1046, 1049], [1047]]
cur_suffix:  [1045, 1047, 1048, 1049]
fisrt choice: (1.6120646050322087e+110, 1044, 18)
baseline:  (1.6120646050430035e+110, [1048, 1048, 1048, 1048, 1048, 1048, 1048, 1048, 1048, 1048, 1048, 1048, 1048, 1048, 1048, 1048, 1048], 1049, 4071)
best 5 choices:
(1.612064605025078e+110, [1038, 1038, 1038, 1038, 1038, 1038, 1038, 1038, 1038, 1038, 1038, 1038, 1038, 1038, 1038, 1038, 1038, 1042, 1043, 1044, 1046, 1048, 1049, 1050], 1049, 4071)
(1.612064605025136e+110, [1038, 1038, 1038, 1038, 1038, 1038, 1038, 1038, 1038, 1038, 1038, 1038, 1038, 1038, 1038, 1038, 1038, 1038, 1042, 1043, 1045, 1046, 1047, 1049, 1050], 1049, 4071)
(1.6120646050252043e+110, [1038, 1038, 1038, 1038, 1038, 1038, 1038, 1038, 1038, 1038, 1038, 1038, 1038, 1038, 1038, 1038, 1038, 1038, 1041, 1043, 1044, 1046, 1048, 1049, 1050], 1049, 4071)
(1.6120646050256462e+110, [1039, 1039, 1039, 1039, 1039, 1039, 1039, 1039, 1039, 1039, 1039, 1039, 1039, 1039, 1039, 1039, 1039, 1043, 1045, 1046, 1048, 1049, 1050], 1049, 4071)
(1.61206460502565e+110, [1039, 1039, 1039, 1039, 1039, 1039, 1039, 1039, 1039, 1039, 1039, 1039, 1039, 1039, 1039, 1039, 1039, 1043, 1044, 1045, 1046, 1047, 1048, 1050], 1049, 4071)
end round with 6 suffixes


======== round 268 ========
todo suffixes: [[1044, 1045, 1047, 1048, 1049], [1046, 1048, 1049], [1045, 1048, 1049], [1047, 1049], [1046, 1049], [1047]]
cur_suffix:  [1044, 1045, 1047, 1048, 1049]
fisrt choice: (-1, -1, -1)
baseline:  (1.6120646050430035e+110, [1048, 1048, 1048, 1048, 1048, 1048, 1048, 1048, 1048, 1048, 1048, 1048, 1048, 1048, 1048, 1048, 1048], 1049, 4071)
the strategy is infeasible, continue


======== round 269 ========
todo suffixes: [[1046, 1048, 1049], [1045, 1048, 1049], [1047, 1049], [1046, 1049], [1047]]
cur_suffix:  [1046, 1048, 1049]
fisrt choice: (1.612064605034357e+110, 1045, 18)
baseline:  (1.6120646050430035e+110, [1048, 1048, 1048, 1048, 1048, 1048, 1048, 1048, 1048, 1048, 1048, 1048, 1048, 1048, 1048, 1048, 1048], 1049, 4071)
best 5 choices:
(1.612064605025078e+110, [1038, 1038, 1038, 1038, 1038, 1038, 1038, 1038, 1038, 1038, 1038, 1038, 1038, 1038, 1038, 1038, 1038, 1042, 1043, 1044, 1046, 1048, 1049, 1050], 1049, 4071)
(1.612064605025136e+110, [1038, 1038, 1038, 1038, 1038, 1038, 1038, 1038, 1038, 1038, 1038, 1038, 1038, 1038, 1038, 1038, 1038, 1038, 1042, 1043, 1045, 1046, 1047, 1049, 1050], 1049, 4071)
(1.6120646050252043e+110, [1038, 1038, 1038, 1038, 1038, 1038, 1038, 1038, 1038, 1038, 1038, 1038, 1038, 1038, 1038, 1038, 1038, 1038, 1041, 1043, 1044, 1046, 1048, 1049, 1050], 1049, 4071)
(1.6120646050256462e+110, [1039, 1039, 1039, 1039, 1039, 1039, 1039, 1039, 1039, 1039, 1039, 1039, 1039, 1039, 1039, 1039, 1039, 1043, 1045, 1046, 1048, 1049, 1050], 1049, 4071)
(1.61206460502565e+110, [1039, 1039, 1039, 1039, 1039, 1039, 1039, 1039, 1039, 1039, 1039, 1039, 1039, 1039, 1039, 1039, 1039, 1043, 1044, 1045, 1046, 1047, 1048, 1050], 1049, 4071)
end round with 5 suffixes


======== round 270 ========
todo suffixes: [[1045, 1046, 1048, 1049], [1045, 1048, 1049], [1047, 1049], [1046, 1049], [1047]]
cur_suffix:  [1045, 1046, 1048, 1049]
fisrt choice: (-1, -1, -1)
baseline:  (1.6120646050430035e+110, [1048, 1048, 1048, 1048, 1048, 1048, 1048, 1048, 1048, 1048, 1048, 1048, 1048, 1048, 1048, 1048, 1048], 1049, 4071)
the strategy is infeasible, continue


======== round 271 ========
todo suffixes: [[1045, 1048, 1049], [1047, 1049], [1046, 1049], [1047]]
cur_suffix:  [1045, 1048, 1049]
fisrt choice: (-1, -1, -1)
baseline:  (1.6120646050430035e+110, [1048, 1048, 1048, 1048, 1048, 1048, 1048, 1048, 1048, 1048, 1048, 1048, 1048, 1048, 1048, 1048, 1048], 1049, 4071)
the strategy is infeasible, continue


======== round 272 ========
todo suffixes: [[1047, 1049], [1046, 1049], [1047]]
cur_suffix:  [1047, 1049]
fisrt choice: (1.6120646050370113e+110, 1046, 18)
baseline:  (1.6120646050430035e+110, [1048, 1048, 1048, 1048, 1048, 1048, 1048, 1048, 1048, 1048, 1048, 1048, 1048, 1048, 1048, 1048, 1048], 1049, 4071)
best 5 choices:
(1.612064605025078e+110, [1038, 1038, 1038, 1038, 1038, 1038, 1038, 1038, 1038, 1038, 1038, 1038, 1038, 1038, 1038, 1038, 1038, 1042, 1043, 1044, 1046, 1048, 1049, 1050], 1049, 4071)
(1.612064605025136e+110, [1038, 1038, 1038, 1038, 1038, 1038, 1038, 1038, 1038, 1038, 1038, 1038, 1038, 1038, 1038, 1038, 1038, 1038, 1042, 1043, 1045, 1046, 1047, 1049, 1050], 1049, 4071)
(1.6120646050252043e+110, [1038, 1038, 1038, 1038, 1038, 1038, 1038, 1038, 1038, 1038, 1038, 1038, 1038, 1038, 1038, 1038, 1038, 1038, 1041, 1043, 1044, 1046, 1048, 1049, 1050], 1049, 4071)
(1.6120646050256462e+110, [1039, 1039, 1039, 1039, 1039, 1039, 1039, 1039, 1039, 1039, 1039, 1039, 1039, 1039, 1039, 1039, 1039, 1043, 1045, 1046, 1048, 1049, 1050], 1049, 4071)
(1.61206460502565e+110, [1039, 1039, 1039, 1039, 1039, 1039, 1039, 1039, 1039, 1039, 1039, 1039, 1039, 1039, 1039, 1039, 1039, 1043, 1044, 1045, 1046, 1047, 1048, 1050], 1049, 4071)
end round with 3 suffixes


======== round 273 ========
todo suffixes: [[1046, 1047, 1049], [1046, 1049], [1047]]
cur_suffix:  [1046, 1047, 1049]
fisrt choice: (1.6120646050349982e+110, 1045, 19)
baseline:  (1.6120646050430035e+110, [1048, 1048, 1048, 1048, 1048, 1048, 1048, 1048, 1048, 1048, 1048, 1048, 1048, 1048, 1048, 1048, 1048], 1049, 4071)
best 5 choices:
(1.612064605025078e+110, [1038, 1038, 1038, 1038, 1038, 1038, 1038, 1038, 1038, 1038, 1038, 1038, 1038, 1038, 1038, 1038, 1038, 1042, 1043, 1044, 1046, 1048, 1049, 1050], 1049, 4071)
(1.612064605025136e+110, [1038, 1038, 1038, 1038, 1038, 1038, 1038, 1038, 1038, 1038, 1038, 1038, 1038, 1038, 1038, 1038, 1038, 1038, 1042, 1043, 1045, 1046, 1047, 1049, 1050], 1049, 4071)
(1.6120646050252043e+110, [1038, 1038, 1038, 1038, 1038, 1038, 1038, 1038, 1038, 1038, 1038, 1038, 1038, 1038, 1038, 1038, 1038, 1038, 1041, 1043, 1044, 1046, 1048, 1049, 1050], 1049, 4071)
(1.6120646050256462e+110, [1039, 1039, 1039, 1039, 1039, 1039, 1039, 1039, 1039, 1039, 1039, 1039, 1039, 1039, 1039, 1039, 1039, 1043, 1045, 1046, 1048, 1049, 1050], 1049, 4071)
(1.61206460502565e+110, [1039, 1039, 1039, 1039, 1039, 1039, 1039, 1039, 1039, 1039, 1039, 1039, 1039, 1039, 1039, 1039, 1039, 1043, 1044, 1045, 1046, 1047, 1048, 1050], 1049, 4071)
end round with 3 suffixes


======== round 274 ========
todo suffixes: [[1045, 1046, 1047, 1049], [1046, 1049], [1047]]
cur_suffix:  [1045, 1046, 1047, 1049]
fisrt choice: (-1, -1, -1)
baseline:  (1.6120646050430035e+110, [1048, 1048, 1048, 1048, 1048, 1048, 1048, 1048, 1048, 1048, 1048, 1048, 1048, 1048, 1048, 1048, 1048], 1049, 4071)
the strategy is infeasible, continue


======== round 275 ========
todo suffixes: [[1046, 1049], [1047]]
cur_suffix:  [1046, 1049]
fisrt choice: (-1, -1, -1)
baseline:  (1.6120646050430035e+110, [1048, 1048, 1048, 1048, 1048, 1048, 1048, 1048, 1048, 1048, 1048, 1048, 1048, 1048, 1048, 1048, 1048], 1049, 4071)
the strategy is infeasible, continue


======== round 276 ========
todo suffixes: [[1047]]
cur_suffix:  [1047]
fisrt choice: (-1, -1, -1)
baseline:  (1.6120646050430035e+110, [1048, 1048, 1048, 1048, 1048, 1048, 1048, 1048, 1048, 1048, 1048, 1048, 1048, 1048, 1048, 1048, 1048], 1049, 4071)
the strategy is infeasible, continue


-------our strategy.-------
(1.612064605025078e+110, [1038, 1038, 1038, 1038, 1038, 1038, 1038, 1038, 1038, 1038, 1038, 1038, 1038, 1038, 1038, 1038, 1038, 1042, 1043, 1044, 1046, 1048, 1049, 1050], 1049, 4071)
366.10100000001273
-------BKZ+SVP.-----------
15  *  1050
366.10100000003877
------BKZ-only.----------
bz = 1048, num = 20, cost = 126567725054861573723620821160397581412409562521594788344310609829101824705057063864773162902832980952986157056
20  *  1048
365.7520000000413
