gap: gap
test shrink dim 3042

test last_sieve in range: 711 ~ 731
21
19
[(4.39356942816903e+75, [719, 719, 719, 719, 719, 719, 719, 719, 719, 719, 719, 719, 719, 719, 719, 719, 719, 719, 719, 719, 719]), (4.3935696440709845e+75, [720, 720, 720, 720, 720, 720, 720, 720, 720, 720, 720, 720, 720, 720, 720, 720, 720, 720, 720])]
[719, 719, 719, 719, 719, 719, 719, 719, 719, 719, 719, 719, 719, 719, 719, 719, 719, 719, 719, 719, 719]
last sieve = 720, bz = 719, num = 21, cost = 4393569428169030207921591772725674230128412790630423887510163641418083467264, sieve cost = 4393567575167544573885418520275018743073757125129143377664750813815343415296
21
19
18
[(5.595989909817323e+75, [719, 719, 719, 719, 719, 719, 719, 719, 719, 719, 719, 719, 719, 719, 719, 719, 719, 719, 719, 719, 719]), (5.5959901257192775e+75, [720, 720, 720, 720, 720, 720, 720, 720, 720, 720, 720, 720, 720, 720, 720, 720, 720, 720, 720]), (5.5959904755689384e+75, [721, 721, 721, 721, 721, 721, 721, 721, 721, 721, 721, 721, 721, 721, 721, 721, 721, 721])]
[719, 719, 719, 719, 719, 719, 719, 719, 719, 719, 719, 719, 719, 719, 719, 719, 719, 719, 719, 719, 719]
last sieve = 721, bz = 719, num = 21, cost = 5595989909817323222987638702893823494566550779996531656590557708999890829312, sieve cost = 5595988056815837588951465450443168007511895114495251146745144881397150777344
21
19
18
17
[(7.127485793163873e+75, [719, 719, 719, 719, 719, 719, 719, 719, 719, 719, 719, 719, 719, 719, 719, 719, 719, 719, 719, 719, 719]), (7.1274860090658274e+75, [720, 720, 720, 720, 720, 720, 720, 720, 720, 720, 720, 720, 720, 720, 720, 720, 720, 720, 720]), (7.127486358915488e+75, [721, 721, 721, 721, 721, 721, 721, 721, 721, 721, 721, 721, 721, 721, 721, 721, 721, 721]), (7.1274867592114315e+75, [722, 722, 722, 722, 722, 722, 722, 722, 722, 722, 722, 722, 722, 722, 722, 722, 722])]
[719, 719, 719, 719, 719, 719, 719, 719, 719, 719, 719, 719, 719, 719, 719, 719, 719, 719, 719, 719, 719]
last sieve = 722, bz = 719, num = 21, cost = 7127485793163873140276367484261846325749849079827853175915234740573623549952, sieve cost = 7127483940162387506240194231811190838695193414326572666069821912970883497984
21
19
18
17
16
[(9.078117603337604e+75, [719, 719, 719, 719, 719, 719, 719, 719, 719, 719, 719, 719, 719, 719, 719, 719, 719, 719, 719, 719, 719]), (9.07811781923956e+75, [720, 720, 720, 720, 720, 720, 720, 720, 720, 720, 720, 720, 720, 720, 720, 720, 720, 720, 720]), (9.078118169089236e+75, [721, 721, 721, 721, 721, 721, 721, 721, 721, 721, 721, 721, 721, 721, 721, 721, 721, 721]), (9.078118569385179e+75, [722, 722, 722, 722, 722, 722, 722, 722, 722, 722, 722, 722, 722, 722, 722, 722, 722]), (9.078119024577018e+75, [723, 723, 723, 723, 723, 723, 723, 723, 723, 723, 723, 723, 723, 723, 723, 723])]
[719, 719, 719, 719, 719, 719, 719, 719, 719, 719, 719, 719, 719, 719, 719, 719, 719, 719, 719, 719, 719]
last sieve = 723, bz = 719, num = 21, cost = 9078117603337603747522870911463943815301742809782983009224240112202057515008, sieve cost = 9078115750336134986336162378411181518849056726489028982510262003924088127488
21
19
18
17
16
15
[(1.156259340261147e+76, [719, 719, 719, 719, 719, 719, 719, 719, 719, 719, 719, 719, 719, 719, 719, 719, 719, 719, 719, 719, 719]), (1.1562593618513426e+76, [720, 720, 720, 720, 720, 720, 720, 720, 720, 720, 720, 720, 720, 720, 720, 720, 720, 720, 720]), (1.1562593968363102e+76, [721, 721, 721, 721, 721, 721, 721, 721, 721, 721, 721, 721, 721, 721, 721, 721, 721, 721]), (1.1562594368659045e+76, [722, 722, 722, 722, 722, 722, 722, 722, 722, 722, 722, 722, 722, 722, 722, 722, 722]), (1.1562594823850884e+76, [723, 723, 723, 723, 723, 723, 723, 723, 723, 723, 723, 723, 723, 723, 723, 723]), (1.1562595337706992e+76, [724, 724, 724, 724, 724, 724, 724, 724, 724, 724, 724, 724, 724, 724, 724])]
[719, 719, 719, 719, 719, 719, 719, 719, 719, 719, 719, 719, 719, 719, 719, 719, 719, 719, 719, 719, 719]
last sieve = 724, bz = 719, num = 21, cost = 11562593402611469851010373233401651343976187906640757645980627113001208512512, sieve cost = 11562591549610001089823664700348889047523501823346803619266649004723239124992
21
19
18
17
16
15
15
[(1.4727014266140178e+76, [719, 719, 719, 719, 719, 719, 719, 719, 719, 719, 719, 719, 719, 719, 719, 719, 719, 719, 719, 719, 719]), (1.47270144820421e+76, [720, 720, 720, 720, 720, 720, 720, 720, 720, 720, 720, 720, 720, 720, 720, 720, 720, 720, 720]), (1.4727014831891806e+76, [721, 721, 721, 721, 721, 721, 721, 721, 721, 721, 721, 721, 721, 721, 721, 721, 721, 721]), (1.4727015232187747e+76, [722, 722, 722, 722, 722, 722, 722, 722, 722, 722, 722, 722, 722, 722, 722, 722, 722]), (1.4727015687379533e+76, [723, 723, 723, 723, 723, 723, 723, 723, 723, 723, 723, 723, 723, 723, 723, 723]), (1.472701620123569e+76, [724, 724, 724, 724, 724, 724, 724, 724, 724, 724, 724, 724, 724, 724, 724]), (1.4727017087933193e+76, [725, 725, 725, 725, 725, 725, 725, 725, 725, 725, 725, 725, 725, 725, 725])]
[719, 719, 719, 719, 719, 719, 719, 719, 719, 719, 719, 719, 719, 719, 719, 719, 719, 719, 719, 719, 719]
last sieve = 725, bz = 719, num = 21, cost = 14727014266140178365774733598738423914889788159164017440682701338521404178432, sieve cost = 14727012413138675858889095626889875237233162911455410447705853791593893462016
21
19
18
17
16
15
15
14
[(1.8757465842470225e+76, [719, 719, 719, 719, 719, 719, 719, 719, 719, 719, 719, 719, 719, 719, 719, 719, 719, 719, 719, 719, 719]), (1.8757466058372147e+76, [720, 720, 720, 720, 720, 720, 720, 720, 720, 720, 720, 720, 720, 720, 720, 720, 720, 720, 720]), (1.8757466408221852e+76, [721, 721, 721, 721, 721, 721, 721, 721, 721, 721, 721, 721, 721, 721, 721, 721, 721, 721]), (1.8757466808517794e+76, [722, 722, 722, 722, 722, 722, 722, 722, 722, 722, 722, 722, 722, 722, 722, 722, 722]), (1.875746726370958e+76, [723, 723, 723, 723, 723, 723, 723, 723, 723, 723, 723, 723, 723, 723, 723, 723]), (1.8757467777565737e+76, [724, 724, 724, 724, 724, 724, 724, 724, 724, 724, 724, 724, 724, 724, 724]), (1.875746866426324e+76, [725, 725, 725, 725, 725, 725, 725, 725, 725, 725, 725, 725, 725, 725, 725]), (1.8757469373939013e+76, [726, 726, 726, 726, 726, 726, 726, 726, 726, 726, 726, 726, 726, 726])]
[719, 719, 719, 719, 719, 719, 719, 719, 719, 719, 719, 719, 719, 719, 719, 719, 719, 719, 719, 719, 719]
last sieve = 726, bz = 719, num = 21, cost = 18757465842470224718800528990099415366162363218702484470300915431528644739072, sieve cost = 18757463989468722211914891018250866688505737970993877477324067884601134022656
21
19
18
17
16
15
15
14
14
[(2.3890961230635577e+76, [719, 719, 719, 719, 719, 719, 719, 719, 719, 719, 719, 719, 719, 719, 719, 719, 719, 719, 719, 719, 719]), (2.38909614465375e+76, [720, 720, 720, 720, 720, 720, 720, 720, 720, 720, 720, 720, 720, 720, 720, 720, 720, 720, 720]), (2.3890961796387204e+76, [721, 721, 721, 721, 721, 721, 721, 721, 721, 721, 721, 721, 721, 721, 721, 721, 721, 721]), (2.3890962196683146e+76, [722, 722, 722, 722, 722, 722, 722, 722, 722, 722, 722, 722, 722, 722, 722, 722, 722]), (2.3890962651874932e+76, [723, 723, 723, 723, 723, 723, 723, 723, 723, 723, 723, 723, 723, 723, 723, 723]), (2.389096316573109e+76, [724, 724, 724, 724, 724, 724, 724, 724, 724, 724, 724, 724, 724, 724, 724]), (2.389096405242859e+76, [725, 725, 725, 725, 725, 725, 725, 725, 725, 725, 725, 725, 725, 725, 725]), (2.3890964762104365e+76, [726, 726, 726, 726, 726, 726, 726, 726, 726, 726, 726, 726, 726, 726]), (2.389096602254109e+76, [727, 727, 727, 727, 727, 727, 727, 727, 727, 727, 727, 727, 727, 727])]
[719, 719, 719, 719, 719, 719, 719, 719, 719, 719, 719, 719, 719, 719, 719, 719, 719, 719, 719, 719, 719]
last sieve = 727, bz = 719, num = 21, cost = 23890961230635577123706590202730754079139467393544079637881679186569138798592, sieve cost = 23890959377634074616820952230882205401482842145835472644904831639641628082176
21
19
18
17
16
15
15
14
14
13
[(3.042937867623414e+76, [719, 719, 719, 719, 719, 719, 719, 719, 719, 719, 719, 719, 719, 719, 719, 719, 719, 719, 719, 719, 719]), (3.042937889213619e+76, [720, 720, 720, 720, 720, 720, 720, 720, 720, 720, 720, 720, 720, 720, 720, 720, 720, 720, 720]), (3.042937924198583e+76, [721, 721, 721, 721, 721, 721, 721, 721, 721, 721, 721, 721, 721, 721, 721, 721, 721, 721]), (3.0429379642281774e+76, [722, 722, 722, 722, 722, 722, 722, 722, 722, 722, 722, 722, 722, 722, 722, 722, 722]), (3.042938009747361e+76, [723, 723, 723, 723, 723, 723, 723, 723, 723, 723, 723, 723, 723, 723, 723, 723]), (3.042938061132972e+76, [724, 724, 724, 724, 724, 724, 724, 724, 724, 724, 724, 724, 724, 724, 724]), (3.042938149802727e+76, [725, 725, 725, 725, 725, 725, 725, 725, 725, 725, 725, 725, 725, 725, 725]), (3.042938220770299e+76, [726, 726, 726, 726, 726, 726, 726, 726, 726, 726, 726, 726, 726, 726]), (3.042938346813976e+76, [727, 727, 727, 727, 727, 727, 727, 727, 727, 727, 727, 727, 727, 727]), (3.0429384437925465e+76, [728, 728, 728, 728, 728, 728, 728, 728, 728, 728, 728, 728, 728])]
[719, 719, 719, 719, 719, 719, 719, 719, 719, 719, 719, 719, 719, 719, 719, 719, 719, 719, 719, 719, 719]
last sieve = 728, bz = 719, num = 21, cost = 30429378676234137244174815332977088431140274863087127566386597566341560926208, sieve cost = 30429376823232702228687036238720112515891527944207826505935488896713132867584
21
19
18
17
16
15
15
14
14
13
[(3.875721370097564e+76, [719, 719, 719, 719, 719, 719, 719, 719, 719, 719, 719, 719, 719, 719, 719, 719, 719, 719, 719, 719, 719]), (3.875721391687769e+76, [720, 720, 720, 720, 720, 720, 720, 720, 720, 720, 720, 720, 720, 720, 720, 720, 720, 720, 720]), (3.875721426672733e+76, [721, 721, 721, 721, 721, 721, 721, 721, 721, 721, 721, 721, 721, 721, 721, 721, 721, 721]), (3.8757214667023275e+76, [722, 722, 722, 722, 722, 722, 722, 722, 722, 722, 722, 722, 722, 722, 722, 722, 722]), (3.875721512221511e+76, [723, 723, 723, 723, 723, 723, 723, 723, 723, 723, 723, 723, 723, 723, 723, 723]), (3.875721563607122e+76, [724, 724, 724, 724, 724, 724, 724, 724, 724, 724, 724, 724, 724, 724, 724]), (3.875721652276877e+76, [725, 725, 725, 725, 725, 725, 725, 725, 725, 725, 725, 725, 725, 725, 725]), (3.8757217232444494e+76, [726, 726, 726, 726, 726, 726, 726, 726, 726, 726, 726, 726, 726, 726]), (3.8757218492881264e+76, [727, 727, 727, 727, 727, 727, 727, 727, 727, 727, 727, 727, 727, 727]), (3.8757219462666966e+76, [728, 728, 728, 728, 728, 728, 728, 728, 728, 728, 728, 728, 728])]
[719, 719, 719, 719, 719, 719, 719, 719, 719, 719, 719, 719, 719, 719, 719, 719, 719, 719, 719, 719, 719]
last sieve = 729, bz = 719, num = 21, cost = 38757213700975638281306203832743106896095604115534319356732034860262994477056, sieve cost = 38757211847974203265818424738486130980846857196655018296280926190634566418432
21
19
18
17
16
15
15
14
14
13
[(4.936418959022315e+76, [719, 719, 719, 719, 719, 719, 719, 719, 719, 719, 719, 719, 719, 719, 719, 719, 719, 719, 719, 719, 719]), (4.93641898061252e+76, [720, 720, 720, 720, 720, 720, 720, 720, 720, 720, 720, 720, 720, 720, 720, 720, 720, 720, 720]), (4.9364190155974846e+76, [721, 721, 721, 721, 721, 721, 721, 721, 721, 721, 721, 721, 721, 721, 721, 721, 721, 721]), (4.936419055627079e+76, [722, 722, 722, 722, 722, 722, 722, 722, 722, 722, 722, 722, 722, 722, 722, 722, 722]), (4.9364191011462625e+76, [723, 723, 723, 723, 723, 723, 723, 723, 723, 723, 723, 723, 723, 723, 723, 723]), (4.936419152531873e+76, [724, 724, 724, 724, 724, 724, 724, 724, 724, 724, 724, 724, 724, 724, 724]), (4.936419241201628e+76, [725, 725, 725, 725, 725, 725, 725, 725, 725, 725, 725, 725, 725, 725, 725]), (4.9364193121692006e+76, [726, 726, 726, 726, 726, 726, 726, 726, 726, 726, 726, 726, 726, 726]), (4.9364194382128777e+76, [727, 727, 727, 727, 727, 727, 727, 727, 727, 727, 727, 727, 727, 727]), (4.936419535191448e+76, [728, 728, 728, 728, 728, 728, 728, 728, 728, 728, 728, 728, 728])]
[719, 719, 719, 719, 719, 719, 719, 719, 719, 719, 719, 719, 719, 719, 719, 719, 719, 719, 719, 719, 719]
last sieve = 730, bz = 719, num = 21, cost = 49364189590223150838087200169416031248908523914035217652643121395463366901760, sieve cost = 49364187737221715822599421075159055333659776995155916592192012725834938843136
21
19
18
17
16
15
15
14
14
13
[(6.287405586168887e+76, [719, 719, 719, 719, 719, 719, 719, 719, 719, 719, 719, 719, 719, 719, 719, 719, 719, 719, 719, 719, 719]), (6.287405607759092e+76, [720, 720, 720, 720, 720, 720, 720, 720, 720, 720, 720, 720, 720, 720, 720, 720, 720, 720, 720]), (6.287405642744045e+76, [721, 721, 721, 721, 721, 721, 721, 721, 721, 721, 721, 721, 721, 721, 721, 721, 721, 721]), (6.287405682773651e+76, [722, 722, 722, 722, 722, 722, 722, 722, 722, 722, 722, 722, 722, 722, 722, 722, 722]), (6.287405728292824e+76, [723, 723, 723, 723, 723, 723, 723, 723, 723, 723, 723, 723, 723, 723, 723, 723]), (6.287405779678445e+76, [724, 724, 724, 724, 724, 724, 724, 724, 724, 724, 724, 724, 724, 724, 724]), (6.2874058683482e+76, [725, 725, 725, 725, 725, 725, 725, 725, 725, 725, 725, 725, 725, 725, 725]), (6.287405939315782e+76, [726, 726, 726, 726, 726, 726, 726, 726, 726, 726, 726, 726, 726, 726]), (6.287406065359441e+76, [727, 727, 727, 727, 727, 727, 727, 727, 727, 727, 727, 727, 727, 727]), (6.287406162338028e+76, [728, 728, 728, 728, 728, 728, 728, 728, 728, 728, 728, 728, 728])]
[719, 719, 719, 719, 719, 719, 719, 719, 719, 719, 719, 719, 719, 719, 719, 719, 719, 719, 719, 719, 719]
last sieve = 731, bz = 719, num = 21, cost = 62874055861688871794841649988553133734572611962910748052611262110724335337472, sieve cost = 62874054008687436779353870894296157819323865044031446992160153441095907278848
best (4.39356942816903e+75, [719, 719, 719, 719, 719, 719, 719, 719, 719, 719, 719, 719, 719, 719, 719, 719, 719, 719, 719, 719, 719], 720) 

test shrink dim 3047

test last_sieve in range: 711 ~ 731
19
[(4.393569648524066e+75, [720, 720, 720, 720, 720, 720, 720, 720, 720, 720, 720, 720, 720, 720, 720, 720, 720, 720, 720])]
[720, 720, 720, 720, 720, 720, 720, 720, 720, 720, 720, 720, 720, 720, 720, 720, 720, 720, 720]
last sieve = 720, bz = 720, num = 19, cost = 4393569648524066114455344638789221877151456976989548682887983927215995748352, sieve cost = 4393567575167544573885418520275018743073757125129143377664750813815343415296
19
18
[(5.595990130172359e+75, [720, 720, 720, 720, 720, 720, 720, 720, 720, 720, 720, 720, 720, 720, 720, 720, 720, 720, 720]), (5.595990480777283e+75, [721, 721, 721, 721, 721, 721, 721, 721, 721, 721, 721, 721, 721, 721, 721, 721, 721, 721])]
[720, 720, 720, 720, 720, 720, 720, 720, 720, 720, 720, 720, 720, 720, 720, 720, 720, 720, 720]
last sieve = 721, bz = 720, num = 19, cost = 5595990130172359129521391568957371141589594966355656451968377994797803110400, sieve cost = 5595988056815837588951465450443168007511895114495251146745144881397150777344
19
18
17
[(7.127486013518909e+75, [720, 720, 720, 720, 720, 720, 720, 720, 720, 720, 720, 720, 720, 720, 720, 720, 720, 720, 720]), (7.127486364123833e+75, [721, 721, 721, 721, 721, 721, 721, 721, 721, 721, 721, 721, 721, 721, 721, 721, 721, 721]), (7.127486765284348e+75, [722, 722, 722, 722, 722, 722, 722, 722, 722, 722, 722, 722, 722, 722, 722, 722, 722])]
[720, 720, 720, 720, 720, 720, 720, 720, 720, 720, 720, 720, 720, 720, 720, 720, 720, 720, 720]
last sieve = 722, bz = 720, num = 19, cost = 7127486013518909046810120350325393972772893266186977971293055026371535831040, sieve cost = 7127483940162387506240194231811190838695193414326572666069821912970883497984
19
18
17
16
[(9.078117823692657e+75, [720, 720, 720, 720, 720, 720, 720, 720, 720, 720, 720, 720, 720, 720, 720, 720, 720, 720, 720]), (9.078118174297566e+75, [721, 721, 721, 721, 721, 721, 721, 721, 721, 721, 721, 721, 721, 721, 721, 721, 721, 721]), (9.078118575458095e+75, [722, 722, 722, 722, 722, 722, 722, 722, 722, 722, 722, 722, 722, 722, 722, 722, 722]), (9.078119031633559e+75, [723, 723, 723, 723, 723, 723, 723, 723, 723, 723, 723, 723, 723, 723, 723, 723])]
[720, 720, 720, 720, 720, 720, 720, 720, 720, 720, 720, 720, 720, 720, 720, 720, 720, 720, 720]
last sieve = 723, bz = 720, num = 19, cost = 9078117823692656526906088496925384652926756578349434287733495117324740460544, sieve cost = 9078115750336134986336162378411181518849056726489028982510262003924088127488
19
18
17
16
15
[(1.1562593622966523e+76, [720, 720, 720, 720, 720, 720, 720, 720, 720, 720, 720, 720, 720, 720, 720, 720, 720, 720, 720]), (1.1562593973571432e+76, [721, 721, 721, 721, 721, 721, 721, 721, 721, 721, 721, 721, 721, 721, 721, 721, 721, 721]), (1.1562594374731961e+76, [722, 722, 722, 722, 722, 722, 722, 722, 722, 722, 722, 722, 722, 722, 722, 722, 722]), (1.1562594830907425e+76, [723, 723, 723, 723, 723, 723, 723, 723, 723, 723, 723, 723, 723, 723, 723, 723]), (1.1562595345874512e+76, [724, 724, 724, 724, 724, 724, 724, 724, 724, 724, 724, 724, 724, 724, 724])]
[720, 720, 720, 720, 720, 720, 720, 720, 720, 720, 720, 720, 720, 720, 720, 720, 720, 720, 720]
last sieve = 724, bz = 720, num = 19, cost = 11562593622966522630393590818863092181601201675207208924489882118123891458048, sieve cost = 11562591549610001089823664700348889047523501823346803619266649004723239124992
19
18
17
16
15
15
[(1.4727014486495167e+76, [720, 720, 720, 720, 720, 720, 720, 720, 720, 720, 720, 720, 720, 720, 720, 720, 720, 720, 720]), (1.4727014837100136e+76, [721, 721, 721, 721, 721, 721, 721, 721, 721, 721, 721, 721, 721, 721, 721, 721, 721, 721]), (1.4727015238260636e+76, [722, 722, 722, 722, 722, 722, 722, 722, 722, 722, 722, 722, 722, 722, 722, 722, 722]), (1.4727015694436125e+76, [723, 723, 723, 723, 723, 723, 723, 723, 723, 723, 723, 723, 723, 723, 723, 723]), (1.472701620940321e+76, [724, 724, 724, 724, 724, 724, 724, 724, 724, 724, 724, 724, 724, 724, 724]), (1.472701709801689e+76, [725, 725, 725, 725, 725, 725, 725, 725, 725, 725, 725, 725, 725, 725, 725])]
[720, 720, 720, 720, 720, 720, 720, 720, 720, 720, 720, 720, 720, 720, 720, 720, 720, 720, 720]
last sieve = 725, bz = 720, num = 19, cost = 14727014486495166867636180824588843074031108281226367831072205031930675068928, sieve cost = 14727012413138675858889095626889875237233162911455410447705853791593893462016
19
18
17
16
15
15
14
[(1.8757466062825213e+76, [720, 720, 720, 720, 720, 720, 720, 720, 720, 720, 720, 720, 720, 720, 720, 720, 720, 720, 720]), (1.8757466413430182e+76, [721, 721, 721, 721, 721, 721, 721, 721, 721, 721, 721, 721, 721, 721, 721, 721, 721, 721]), (1.8757466814590682e+76, [722, 722, 722, 722, 722, 722, 722, 722, 722, 722, 722, 722, 722, 722, 722, 722, 722]), (1.8757467270766172e+76, [723, 723, 723, 723, 723, 723, 723, 723, 723, 723, 723, 723, 723, 723, 723, 723]), (1.8757467785733257e+76, [724, 724, 724, 724, 724, 724, 724, 724, 724, 724, 724, 724, 724, 724, 724]), (1.8757468674346936e+76, [725, 725, 725, 725, 725, 725, 725, 725, 725, 725, 725, 725, 725, 725, 725]), (1.875746938555851e+76, [726, 726, 726, 726, 726, 726, 726, 726, 726, 726, 726, 726, 726, 726])]
[720, 720, 720, 720, 720, 720, 720, 720, 720, 720, 720, 720, 720, 720, 720, 720, 720, 720, 720]
last sieve = 726, bz = 720, num = 19, cost = 18757466062825213220661976215949834525303683340764834860690419124937915629568, sieve cost = 18757463989468722211914891018250866688505737970993877477324067884601134022656
19
18
17
16
15
15
14
14
[(2.3890961450990566e+76, [720, 720, 720, 720, 720, 720, 720, 720, 720, 720, 720, 720, 720, 720, 720, 720, 720, 720, 720]), (2.3890961801595535e+76, [721, 721, 721, 721, 721, 721, 721, 721, 721, 721, 721, 721, 721, 721, 721, 721, 721, 721]), (2.3890962202756035e+76, [722, 722, 722, 722, 722, 722, 722, 722, 722, 722, 722, 722, 722, 722, 722, 722, 722]), (2.3890962658931524e+76, [723, 723, 723, 723, 723, 723, 723, 723, 723, 723, 723, 723, 723, 723, 723, 723]), (2.389096317389861e+76, [724, 724, 724, 724, 724, 724, 724, 724, 724, 724, 724, 724, 724, 724, 724]), (2.389096406251229e+76, [725, 725, 725, 725, 725, 725, 725, 725, 725, 725, 725, 725, 725, 725, 725]), (2.3890964773723864e+76, [726, 726, 726, 726, 726, 726, 726, 726, 726, 726, 726, 726, 726, 726]), (2.3890966036886747e+76, [727, 727, 727, 727, 727, 727, 727, 727, 727, 727, 727, 727, 727, 727])]
[720, 720, 720, 720, 720, 720, 720, 720, 720, 720, 720, 720, 720, 720, 720, 720, 720, 720, 720]
last sieve = 727, bz = 720, num = 19, cost = 23890961450990565625568037428581173238280787515606430028271182879978409689088, sieve cost = 23890959377634074616820952230882205401482842145835472644904831639641628082176
19
18
17
16
15
15
14
14
13
[(3.0429378896589193e+76, [720, 720, 720, 720, 720, 720, 720, 720, 720, 720, 720, 720, 720, 720, 720, 720, 720, 720, 720]), (3.042937924719416e+76, [721, 721, 721, 721, 721, 721, 721, 721, 721, 721, 721, 721, 721, 721, 721, 721, 721, 721]), (3.042937964835466e+76, [722, 722, 722, 722, 722, 722, 722, 722, 722, 722, 722, 722, 722, 722, 722, 722, 722]), (3.042938010453015e+76, [723, 723, 723, 723, 723, 723, 723, 723, 723, 723, 723, 723, 723, 723, 723, 723]), (3.042938061949724e+76, [724, 724, 724, 724, 724, 724, 724, 724, 724, 724, 724, 724, 724, 724, 724]), (3.042938150811087e+76, [725, 725, 725, 725, 725, 725, 725, 725, 725, 725, 725, 725, 725, 725, 725]), (3.042938221932249e+76, [726, 726, 726, 726, 726, 726, 726, 726, 726, 726, 726, 726, 726, 726]), (3.0429383482485375e+76, [727, 727, 727, 727, 727, 727, 727, 727, 727, 727, 727, 727, 727, 727]), (3.04293844543719e+76, [728, 728, 728, 728, 728, 728, 728, 728, 728, 728, 728, 728, 728])]
[720, 720, 720, 720, 720, 720, 720, 720, 720, 720, 720, 720, 720, 720, 720, 720, 720, 720, 720]
last sieve = 728, bz = 720, num = 19, cost = 30429378896589193237434121436419080352689473313978783889301840137049914474496, sieve cost = 30429376823232702228687036238720112515891527944207826505935488896713132867584
19
18
17
16
15
15
14
14
13
13
[(3.8757213921330694e+76, [720, 720, 720, 720, 720, 720, 720, 720, 720, 720, 720, 720, 720, 720, 720, 720, 720, 720, 720]), (3.8757214271935664e+76, [721, 721, 721, 721, 721, 721, 721, 721, 721, 721, 721, 721, 721, 721, 721, 721, 721, 721]), (3.8757214673096163e+76, [722, 722, 722, 722, 722, 722, 722, 722, 722, 722, 722, 722, 722, 722, 722, 722, 722]), (3.875721512927165e+76, [723, 723, 723, 723, 723, 723, 723, 723, 723, 723, 723, 723, 723, 723, 723, 723]), (3.875721564423874e+76, [724, 724, 724, 724, 724, 724, 724, 724, 724, 724, 724, 724, 724, 724, 724]), (3.875721653285237e+76, [725, 725, 725, 725, 725, 725, 725, 725, 725, 725, 725, 725, 725, 725, 725]), (3.875721724406399e+76, [726, 726, 726, 726, 726, 726, 726, 726, 726, 726, 726, 726, 726, 726]), (3.8757218507226876e+76, [727, 727, 727, 727, 727, 727, 727, 727, 727, 727, 727, 727, 727, 727]), (3.87572194791134e+76, [728, 728, 728, 728, 728, 728, 728, 728, 728, 728, 728, 728, 728]), (3.8757221265572815e+76, [729, 729, 729, 729, 729, 729, 729, 729, 729, 729, 729, 729, 729])]
[720, 720, 720, 720, 720, 720, 720, 720, 720, 720, 720, 720, 720, 720, 720, 720, 720, 720, 720]
last sieve = 729, bz = 720, num = 19, cost = 38757213921330694274565509936185098817644802566425975679647277430971348025344, sieve cost = 38757211847974203265818424738486130980846857196655018296280926190634566418432
19
18
17
16
15
15
14
14
13
13
[(4.936418981057821e+76, [720, 720, 720, 720, 720, 720, 720, 720, 720, 720, 720, 720, 720, 720, 720, 720, 720, 720, 720]), (4.9364190161183176e+76, [721, 721, 721, 721, 721, 721, 721, 721, 721, 721, 721, 721, 721, 721, 721, 721, 721, 721]), (4.9364190562343676e+76, [722, 722, 722, 722, 722, 722, 722, 722, 722, 722, 722, 722, 722, 722, 722, 722, 722]), (4.9364191018519165e+76, [723, 723, 723, 723, 723, 723, 723, 723, 723, 723, 723, 723, 723, 723, 723, 723]), (4.936419153348625e+76, [724, 724, 724, 724, 724, 724, 724, 724, 724, 724, 724, 724, 724, 724, 724]), (4.936419242209988e+76, [725, 725, 725, 725, 725, 725, 725, 725, 725, 725, 725, 725, 725, 725, 725]), (4.9364193133311505e+76, [726, 726, 726, 726, 726, 726, 726, 726, 726, 726, 726, 726, 726, 726]), (4.936419439647439e+76, [727, 727, 727, 727, 727, 727, 727, 727, 727, 727, 727, 727, 727, 727]), (4.936419536836091e+76, [728, 728, 728, 728, 728, 728, 728, 728, 728, 728, 728, 728, 728]), (4.936419715482033e+76, [729, 729, 729, 729, 729, 729, 729, 729, 729, 729, 729, 729, 729])]
[720, 720, 720, 720, 720, 720, 720, 720, 720, 720, 720, 720, 720, 720, 720, 720, 720, 720, 720]
last sieve = 730, bz = 720, num = 19, cost = 49364189810578206831346506272858023170457722364926873975558363966171720450048, sieve cost = 49364187737221715822599421075159055333659776995155916592192012725834938843136
19
18
17
16
15
15
14
14
13
13
[(6.287405608204393e+76, [720, 720, 720, 720, 720, 720, 720, 720, 720, 720, 720, 720, 720, 720, 720, 720, 720, 720, 720]), (6.287405643264878e+76, [721, 721, 721, 721, 721, 721, 721, 721, 721, 721, 721, 721, 721, 721, 721, 721, 721, 721]), (6.28740568338094e+76, [722, 722, 722, 722, 722, 722, 722, 722, 722, 722, 722, 722, 722, 722, 722, 722, 722]), (6.287405728998478e+76, [723, 723, 723, 723, 723, 723, 723, 723, 723, 723, 723, 723, 723, 723, 723, 723]), (6.287405780495188e+76, [724, 724, 724, 724, 724, 724, 724, 724, 724, 724, 724, 724, 724, 724, 724]), (6.28740586935656e+76, [725, 725, 725, 725, 725, 725, 725, 725, 725, 725, 725, 725, 725, 725, 725]), (6.287405940477714e+76, [726, 726, 726, 726, 726, 726, 726, 726, 726, 726, 726, 726, 726, 726]), (6.28740606679402e+76, [727, 727, 727, 727, 727, 727, 727, 727, 727, 727, 727, 727, 727, 727]), (6.287406163982672e+76, [728, 728, 728, 728, 728, 728, 728, 728, 728, 728, 728, 728, 728]), (6.287406342628596e+76, [729, 729, 729, 729, 729, 729, 729, 729, 729, 729, 729, 729, 729])]
[720, 720, 720, 720, 720, 720, 720, 720, 720, 720, 720, 720, 720, 720, 720, 720, 720, 720, 720]
last sieve = 731, bz = 720, num = 19, cost = 62874056082043927788100956091995125656121810413802404375526504681432688885760, sieve cost = 62874054008687436779353870894296157819323865044031446992160153441095907278848
best (4.393569648524066e+75, [720, 720, 720, 720, 720, 720, 720, 720, 720, 720, 720, 720, 720, 720, 720, 720, 720, 720, 720], 720) 

test shrink dim 3052

test last_sieve in range: 711 ~ 731
19
[(4.393569652977148e+75, [720, 720, 720, 720, 720, 720, 720, 720, 720, 720, 720, 720, 720, 720, 720, 720, 720, 720, 720])]
[720, 720, 720, 720, 720, 720, 720, 720, 720, 720, 720, 720, 720, 720, 720, 720, 720, 720, 720]
last sieve = 720, bz = 720, num = 19, cost = 4393569652977147741715066001264947777982546964013675470037611229293339213824, sieve cost = 4393567575167544573885418520275018743073757125129143377664750813815343415296
19
18
[(5.595990134625441e+75, [720, 720, 720, 720, 720, 720, 720, 720, 720, 720, 720, 720, 720, 720, 720, 720, 720, 720, 720]), (5.595990485985614e+75, [721, 721, 721, 721, 721, 721, 721, 721, 721, 721, 721, 721, 721, 721, 721, 721, 721, 721])]
[720, 720, 720, 720, 720, 720, 720, 720, 720, 720, 720, 720, 720, 720, 720, 720, 720, 720, 720]
last sieve = 721, bz = 720, num = 19, cost = 5595990134625440756781112931433097042420684953379783239118005296875146575872, sieve cost = 5595988056815837588951465450443168007511895114495251146745144881397150777344
19
18
17
[(7.127486017971991e+75, [720, 720, 720, 720, 720, 720, 720, 720, 720, 720, 720, 720, 720, 720, 720, 720, 720, 720, 720]), (7.127486369332164e+75, [721, 721, 721, 721, 721, 721, 721, 721, 721, 721, 721, 721, 721, 721, 721, 721, 721, 721]), (7.1274867713572775e+75, [722, 722, 722, 722, 722, 722, 722, 722, 722, 722, 722, 722, 722, 722, 722, 722, 722])]
[720, 720, 720, 720, 720, 720, 720, 720, 720, 720, 720, 720, 720, 720, 720, 720, 720, 720, 720]
last sieve = 722, bz = 720, num = 19, cost = 7127486017971990674069841712801119873603983253211104758442682328448879296512, sieve cost = 7127483940162387506240194231811190838695193414326572666069821912970883497984
19
18
17
16
[(9.078117828145753e+75, [720, 720, 720, 720, 720, 720, 720, 720, 720, 720, 720, 720, 720, 720, 720, 720, 720, 720, 720]), (9.078118179505926e+75, [721, 721, 721, 721, 721, 721, 721, 721, 721, 721, 721, 721, 721, 721, 721, 721, 721, 721]), (9.078118581531011e+75, [722, 722, 722, 722, 722, 722, 722, 722, 722, 722, 722, 722, 722, 722, 722, 722, 722]), (9.078119038690125e+75, [723, 723, 723, 723, 723, 723, 723, 723, 723, 723, 723, 723, 723, 723, 723, 723])]
[720, 720, 720, 720, 720, 720, 720, 720, 720, 720, 720, 720, 720, 720, 720, 720, 720, 720, 720]
last sieve = 723, bz = 720, num = 19, cost = 9078117828145753420077230319808728202397723806418285035811563355934019289088, sieve cost = 9078115750336134986336162378411181518849056726489028982510262003924088127488
19
18
17
16
15
[(1.156259362741962e+76, [720, 720, 720, 720, 720, 720, 720, 720, 720, 720, 720, 720, 720, 720, 720, 720, 720, 720, 720]), (1.1562593978779792e+76, [721, 721, 721, 721, 721, 721, 721, 721, 721, 721, 721, 721, 721, 721, 721, 721, 721, 721]), (1.1562594380804877e+76, [722, 722, 722, 722, 722, 722, 722, 722, 722, 722, 722, 722, 722, 722, 722, 722, 722]), (1.1562594837963991e+76, [723, 723, 723, 723, 723, 723, 723, 723, 723, 723, 723, 723, 723, 723, 723, 723]), (1.1562595354042032e+76, [724, 724, 724, 724, 724, 724, 724, 724, 724, 724, 724, 724, 724, 724, 724])]
[720, 720, 720, 720, 720, 720, 720, 720, 720, 720, 720, 720, 720, 720, 720, 720, 720, 720, 720]
last sieve = 724, bz = 720, num = 19, cost = 11562593627419619523564732641746435731072168903276059672567950356733170286592, sieve cost = 11562591549610001089823664700348889047523501823346803619266649004723239124992
19
18
17
16
15
15
[(1.4727014490948294e+76, [720, 720, 720, 720, 720, 720, 720, 720, 720, 720, 720, 720, 720, 720, 720, 720, 720, 720, 720]), (1.4727014842308467e+76, [721, 721, 721, 721, 721, 721, 721, 721, 721, 721, 721, 721, 721, 721, 721, 721, 721, 721]), (1.472701524433358e+76, [722, 722, 722, 722, 722, 722, 722, 722, 722, 722, 722, 722, 722, 722, 722, 722, 722]), (1.4727015701492666e+76, [723, 723, 723, 723, 723, 723, 723, 723, 723, 723, 723, 723, 723, 723, 723, 723]), (1.472701621757073e+76, [724, 724, 724, 724, 724, 724, 724, 724, 724, 724, 724, 724, 724, 724, 724]), (1.4727017108100587e+76, [725, 725, 725, 725, 725, 725, 725, 725, 725, 725, 725, 725, 725, 725, 725])]
[720, 720, 720, 720, 720, 720, 720, 720, 720, 720, 720, 720, 720, 720, 720, 720, 720, 720, 720]
last sieve = 725, bz = 720, num = 19, cost = 14727014490948294292630163568287421920781829991384666501007155143603824623616, sieve cost = 14727012413138675858889095626889875237233162911455410447705853791593893462016
19
18
17
16
15
15
14
[(1.875746606727834e+76, [720, 720, 720, 720, 720, 720, 720, 720, 720, 720, 720, 720, 720, 720, 720, 720, 720, 720, 720]), (1.8757466418638513e+76, [721, 721, 721, 721, 721, 721, 721, 721, 721, 721, 721, 721, 721, 721, 721, 721, 721, 721]), (1.8757466820663626e+76, [722, 722, 722, 722, 722, 722, 722, 722, 722, 722, 722, 722, 722, 722, 722, 722, 722]), (1.8757467277822712e+76, [723, 723, 723, 723, 723, 723, 723, 723, 723, 723, 723, 723, 723, 723, 723, 723]), (1.8757467793900777e+76, [724, 724, 724, 724, 724, 724, 724, 724, 724, 724, 724, 724, 724, 724, 724]), (1.8757468684430633e+76, [725, 725, 725, 725, 725, 725, 725, 725, 725, 725, 725, 725, 725, 725, 725]), (1.875746939717801e+76, [726, 726, 726, 726, 726, 726, 726, 726, 726, 726, 726, 726, 726, 726])]
[720, 720, 720, 720, 720, 720, 720, 720, 720, 720, 720, 720, 720, 720, 720, 720, 720, 720, 720]
last sieve = 726, bz = 720, num = 19, cost = 18757466067278340645655958959648413372054405050923133530625369236611065184256, sieve cost = 18757463989468722211914891018250866688505737970993877477324067884601134022656
19
18
17
16
15
15
14
14
[(2.3890961455443693e+76, [720, 720, 720, 720, 720, 720, 720, 720, 720, 720, 720, 720, 720, 720, 720, 720, 720, 720, 720]), (2.3890961806803865e+76, [721, 721, 721, 721, 721, 721, 721, 721, 721, 721, 721, 721, 721, 721, 721, 721, 721, 721]), (2.3890962208828978e+76, [722, 722, 722, 722, 722, 722, 722, 722, 722, 722, 722, 722, 722, 722, 722, 722, 722]), (2.3890962665988065e+76, [723, 723, 723, 723, 723, 723, 723, 723, 723, 723, 723, 723, 723, 723, 723, 723]), (2.389096318206613e+76, [724, 724, 724, 724, 724, 724, 724, 724, 724, 724, 724, 724, 724, 724, 724]), (2.3890964072595985e+76, [725, 725, 725, 725, 725, 725, 725, 725, 725, 725, 725, 725, 725, 725, 725]), (2.3890964785343363e+76, [726, 726, 726, 726, 726, 726, 726, 726, 726, 726, 726, 726, 726, 726]), (2.3890966051232404e+76, [727, 727, 727, 727, 727, 727, 727, 727, 727, 727, 727, 727, 727, 727])]
[720, 720, 720, 720, 720, 720, 720, 720, 720, 720, 720, 720, 720, 720, 720, 720, 720, 720, 720]
last sieve = 727, bz = 720, num = 19, cost = 23890961455443693050562020172279752085031509225764728698206132991651559243776, sieve cost = 23890959377634074616820952230882205401482842145835472644904831639641628082176
19
18
17
16
15
15
14
14
13
[(3.042937890104232e+76, [720, 720, 720, 720, 720, 720, 720, 720, 720, 720, 720, 720, 720, 720, 720, 720, 720, 720, 720]), (3.042937925240249e+76, [721, 721, 721, 721, 721, 721, 721, 721, 721, 721, 721, 721, 721, 721, 721, 721, 721, 721]), (3.042937965442755e+76, [722, 722, 722, 722, 722, 722, 722, 722, 722, 722, 722, 722, 722, 722, 722, 722, 722]), (3.042938011158669e+76, [723, 723, 723, 723, 723, 723, 723, 723, 723, 723, 723, 723, 723, 723, 723, 723]), (3.042938062766476e+76, [724, 724, 724, 724, 724, 724, 724, 724, 724, 724, 724, 724, 724, 724, 724]), (3.0429381518194565e+76, [725, 725, 725, 725, 725, 725, 725, 725, 725, 725, 725, 725, 725, 725, 725]), (3.042938223094199e+76, [726, 726, 726, 726, 726, 726, 726, 726, 726, 726, 726, 726, 726, 726]), (3.0429383496831076e+76, [727, 727, 727, 727, 727, 727, 727, 727, 727, 727, 727, 727, 727, 727]), (3.042938447081833e+76, [728, 728, 728, 728, 728, 728, 728, 728, 728, 728, 728, 728, 728])]
[720, 720, 720, 720, 720, 720, 720, 720, 720, 720, 720, 720, 720, 720, 720, 720, 720, 720, 720]
last sieve = 728, bz = 720, num = 19, cost = 30429378901042320662428104180117659199440195024137082559236790248723064029184, sieve cost = 30429376823232702228687036238720112515891527944207826505935488896713132867584
19
18
17
16
15
15
14
14
13
13
[(3.875721392578382e+76, [720, 720, 720, 720, 720, 720, 720, 720, 720, 720, 720, 720, 720, 720, 720, 720, 720, 720, 720]), (3.8757214277143994e+76, [721, 721, 721, 721, 721, 721, 721, 721, 721, 721, 721, 721, 721, 721, 721, 721, 721, 721]), (3.875721467916905e+76, [722, 722, 722, 722, 722, 722, 722, 722, 722, 722, 722, 722, 722, 722, 722, 722, 722]), (3.8757215136328193e+76, [723, 723, 723, 723, 723, 723, 723, 723, 723, 723, 723, 723, 723, 723, 723, 723]), (3.875721565240626e+76, [724, 724, 724, 724, 724, 724, 724, 724, 724, 724, 724, 724, 724, 724, 724]), (3.8757216542936066e+76, [725, 725, 725, 725, 725, 725, 725, 725, 725, 725, 725, 725, 725, 725, 725]), (3.875721725568349e+76, [726, 726, 726, 726, 726, 726, 726, 726, 726, 726, 726, 726, 726, 726]), (3.875721852157258e+76, [727, 727, 727, 727, 727, 727, 727, 727, 727, 727, 727, 727, 727, 727]), (3.875721949555983e+76, [728, 728, 728, 728, 728, 728, 728, 728, 728, 728, 728, 728, 728]), (3.8757221285878084e+76, [729, 729, 729, 729, 729, 729, 729, 729, 729, 729, 729, 729, 729])]
[720, 720, 720, 720, 720, 720, 720, 720, 720, 720, 720, 720, 720, 720, 720, 720, 720, 720, 720]
last sieve = 729, bz = 720, num = 19, cost = 38757213925783821699559492679883677664395524276584274349582227542644497580032, sieve cost = 38757211847974203265818424738486130980846857196655018296280926190634566418432
19
18
17
16
15
15
14
14
13
13
[(4.9364189815031334e+76, [720, 720, 720, 720, 720, 720, 720, 720, 720, 720, 720, 720, 720, 720, 720, 720, 720, 720, 720]), (4.9364190166391507e+76, [721, 721, 721, 721, 721, 721, 721, 721, 721, 721, 721, 721, 721, 721, 721, 721, 721, 721]), (4.9364190568416565e+76, [722, 722, 722, 722, 722, 722, 722, 722, 722, 722, 722, 722, 722, 722, 722, 722, 722]), (4.9364191025575706e+76, [723, 723, 723, 723, 723, 723, 723, 723, 723, 723, 723, 723, 723, 723, 723, 723]), (4.936419154165377e+76, [724, 724, 724, 724, 724, 724, 724, 724, 724, 724, 724, 724, 724, 724, 724]), (4.936419243218358e+76, [725, 725, 725, 725, 725, 725, 725, 725, 725, 725, 725, 725, 725, 725, 725]), (4.9364193144931004e+76, [726, 726, 726, 726, 726, 726, 726, 726, 726, 726, 726, 726, 726, 726]), (4.936419441082009e+76, [727, 727, 727, 727, 727, 727, 727, 727, 727, 727, 727, 727, 727, 727]), (4.9364195384807344e+76, [728, 728, 728, 728, 728, 728, 728, 728, 728, 728, 728, 728, 728]), (4.9364197175125596e+76, [729, 729, 729, 729, 729, 729, 729, 729, 729, 729, 729, 729, 729])]
[720, 720, 720, 720, 720, 720, 720, 720, 720, 720, 720, 720, 720, 720, 720, 720, 720, 720, 720]
last sieve = 730, bz = 720, num = 19, cost = 49364189815031334256340489016556602017208444075085172645493314077844870004736, sieve cost = 49364187737221715822599421075159055333659776995155916592192012725834938843136
19
18
17
16
15
15
14
14
13
13
[(6.287405608649693e+76, [720, 720, 720, 720, 720, 720, 720, 720, 720, 720, 720, 720, 720, 720, 720, 720, 720, 720, 720]), (6.287405643785711e+76, [721, 721, 721, 721, 721, 721, 721, 721, 721, 721, 721, 721, 721, 721, 721, 721, 721, 721]), (6.287405683988229e+76, [722, 722, 722, 722, 722, 722, 722, 722, 722, 722, 722, 722, 722, 722, 722, 722, 722]), (6.287405729704153e+76, [723, 723, 723, 723, 723, 723, 723, 723, 723, 723, 723, 723, 723, 723, 723, 723]), (6.287405781311949e+76, [724, 724, 724, 724, 724, 724, 724, 724, 724, 724, 724, 724, 724, 724, 724]), (6.28740587036494e+76, [725, 725, 725, 725, 725, 725, 725, 725, 725, 725, 725, 725, 725, 725, 725]), (6.287405941639664e+76, [726, 726, 726, 726, 726, 726, 726, 726, 726, 726, 726, 726, 726, 726]), (6.287406068228581e+76, [727, 727, 727, 727, 727, 727, 727, 727, 727, 727, 727, 727, 727, 727]), (6.287406165627315e+76, [728, 728, 728, 728, 728, 728, 728, 728, 728, 728, 728, 728, 728]), (6.287406344659123e+76, [729, 729, 729, 729, 729, 729, 729, 729, 729, 729, 729, 729, 729])]
[720, 720, 720, 720, 720, 720, 720, 720, 720, 720, 720, 720, 720, 720, 720, 720, 720, 720, 720]
last sieve = 731, bz = 720, num = 19, cost = 62874056086496933085803575152432763313753514195602911358033927300850355535872, sieve cost = 62874054008687436779353870894296157819323865044031446992160153441095907278848
best (4.393569652977148e+75, [720, 720, 720, 720, 720, 720, 720, 720, 720, 720, 720, 720, 720, 720, 720, 720, 720, 720, 720], 720) 

find rough best d at 3042, with result (4.39356942816903e+75, [719, 719, 719, 719, 719, 719, 719, 719, 719, 719, 719, 719, 719, 719, 719, 719, 719, 719, 719, 719, 719], 720)
find final best d at 3042, with result (factored cost) (4.39356942816903e+75, [719, 719, 719, 719, 719, 719, 719, 719, 719, 719, 719, 719, 719, 719, 719, 719, 719, 719, 719, 719, 719], 720)
let's start with (factored cost)  4.39356942816903e+75 [719, 719, 719, 719, 719, 719, 719, 719, 719, 719, 719, 719, 719, 719, 719, 719, 719, 719, 719, 719, 719] 720
======== round 0 ========
todo suffixes: [[719], [722], [721], [720], [718]]
cur_suffix:  [719]
fisrt choice: (-1, -1, -1)
baseline:  (4.39356942816903e+75, [719, 719, 719, 719, 719, 719, 719, 719, 719, 719, 719, 719, 719, 719, 719, 719, 719, 719, 719, 719, 719], 720, 3042)
the strategy is infeasible, continue


======== round 1 ========
todo suffixes: [[722], [721], [720], [718]]
cur_suffix:  [722]
fisrt choice: (4.3935694175191126e+75, 719, 19)
baseline:  (4.39356942816903e+75, [719, 719, 719, 719, 719, 719, 719, 719, 719, 719, 719, 719, 719, 719, 719, 719, 719, 719, 719, 719, 719], 720, 3042)
best 5 choices:
(4.39356942816903e+75, [719, 719, 719, 719, 719, 719, 719, 719, 719, 719, 719, 719, 719, 719, 719, 719, 719, 719, 719, 719, 719], 720, 3042)
end round with 6 suffixes


======== round 2 ========
todo suffixes: [[721, 722], [720, 722], [719, 722], [721], [720], [718]]
cur_suffix:  [721, 722]
fisrt choice: (4.393569034234501e+75, 717, 20)
baseline:  (4.39356942816903e+75, [719, 719, 719, 719, 719, 719, 719, 719, 719, 719, 719, 719, 719, 719, 719, 719, 719, 719, 719, 719, 719], 720, 3042)
best 5 choices:
(4.39356942816903e+75, [719, 719, 719, 719, 719, 719, 719, 719, 719, 719, 719, 719, 719, 719, 719, 719, 719, 719, 719, 719, 719], 720, 3042)
end round with 9 suffixes


======== round 3 ========
todo suffixes: [[720, 721, 722], [719, 721, 722], [718, 721, 722], [717, 721, 722], [720, 722], [719, 722], [721], [720], [718]]
cur_suffix:  [720, 721, 722]
fisrt choice: (4.393568923354054e+75, 716, 20)
baseline:  (4.39356942816903e+75, [719, 719, 719, 719, 719, 719, 719, 719, 719, 719, 719, 719, 719, 719, 719, 719, 719, 719, 719, 719, 719], 720, 3042)
best 5 choices:
(4.39356942816903e+75, [719, 719, 719, 719, 719, 719, 719, 719, 719, 719, 719, 719, 719, 719, 719, 719, 719, 719, 719, 719, 719], 720, 3042)
end round with 12 suffixes


======== round 4 ========
todo suffixes: [[719, 720, 721, 722], [718, 720, 721, 722], [717, 720, 721, 722], [716, 720, 721, 722], [719, 721, 722], [718, 721, 722], [717, 721, 722], [720, 722], [719, 722], [721], [720], [718]]
cur_suffix:  [719, 720, 721, 722]
fisrt choice: (4.3935687954535275e+75, 715, 19)
baseline:  (4.39356942816903e+75, [719, 719, 719, 719, 719, 719, 719, 719, 719, 719, 719, 719, 719, 719, 719, 719, 719, 719, 719, 719, 719], 720, 3042)
best 5 choices:
(4.39356942816903e+75, [719, 719, 719, 719, 719, 719, 719, 719, 719, 719, 719, 719, 719, 719, 719, 719, 719, 719, 719, 719, 719], 720, 3042)
end round with 15 suffixes


======== round 5 ========
todo suffixes: [[718, 719, 720, 721, 722], [717, 719, 720, 721, 722], [716, 719, 720, 721, 722], [715, 719, 720, 721, 722], [718, 720, 721, 722], [717, 720, 721, 722], [716, 720, 721, 722], [719, 721, 722], [718, 721, 722], [717, 721, 722], [720, 722], [719, 722], [721], [720], [718]]
cur_suffix:  [718, 719, 720, 721, 722]
fisrt choice: (4.3935686687388755e+75, 713, 21)
baseline:  (4.39356942816903e+75, [719, 719, 719, 719, 719, 719, 719, 719, 719, 719, 719, 719, 719, 719, 719, 719, 719, 719, 719, 719, 719], 720, 3042)
best 5 choices:
(4.39356942816903e+75, [719, 719, 719, 719, 719, 719, 719, 719, 719, 719, 719, 719, 719, 719, 719, 719, 719, 719, 719, 719, 719], 720, 3042)
end round with 18 suffixes


======== round 6 ========
todo suffixes: [[716, 718, 719, 720, 721, 722], [715, 718, 719, 720, 721, 722], [714, 718, 719, 720, 721, 722], [713, 718, 719, 720, 721, 722], [717, 719, 720, 721, 722], [716, 719, 720, 721, 722], [715, 719, 720, 721, 722], [718, 720, 721, 722], [717, 720, 721, 722], [716, 720, 721, 722], [719, 721, 722], [718, 721, 722], [717, 721, 722], [720, 722], [719, 722], [721], [720], [718]]
cur_suffix:  [716, 718, 719, 720, 721, 722]
fisrt choice: (4.393568595940678e+75, 712, 20)
baseline:  (4.39356942816903e+75, [719, 719, 719, 719, 719, 719, 719, 719, 719, 719, 719, 719, 719, 719, 719, 719, 719, 719, 719, 719, 719], 720, 3042)
best 5 choices:
(4.39356942816903e+75, [719, 719, 719, 719, 719, 719, 719, 719, 719, 719, 719, 719, 719, 719, 719, 719, 719, 719, 719, 719, 719], 720, 3042)
end round with 21 suffixes


======== round 7 ========
todo suffixes: [[715, 716, 718, 719, 720, 721, 722], [714, 716, 718, 719, 720, 721, 722], [713, 716, 718, 719, 720, 721, 722], [712, 716, 718, 719, 720, 721, 722], [715, 718, 719, 720, 721, 722], [714, 718, 719, 720, 721, 722], [713, 718, 719, 720, 721, 722], [717, 719, 720, 721, 722], [716, 719, 720, 721, 722], [715, 719, 720, 721, 722], [718, 720, 721, 722], [717, 720, 721, 722], [716, 720, 721, 722], [719, 721, 722], [718, 721, 722], [717, 721, 722], [720, 722], [719, 722], [721], [720], [718]]
cur_suffix:  [715, 716, 718, 719, 720, 721, 722]
fisrt choice: (4.3935685082646945e+75, 710, 21)
baseline:  (4.39356942816903e+75, [719, 719, 719, 719, 719, 719, 719, 719, 719, 719, 719, 719, 719, 719, 719, 719, 719, 719, 719, 719, 719], 720, 3042)
best 5 choices:
(4.3935685082646945e+75, [710, 710, 710, 710, 710, 710, 710, 710, 710, 710, 710, 710, 710, 710, 710, 710, 710, 710, 710, 710, 710, 715, 716, 718, 719, 720, 721, 722], 720, 3042)
(4.39356942816903e+75, [719, 719, 719, 719, 719, 719, 719, 719, 719, 719, 719, 719, 719, 719, 719, 719, 719, 719, 719, 719, 719], 720, 3042)
end round with 20 suffixes


======== round 8 ========
todo suffixes: [[714, 716, 718, 719, 720, 721, 722], [713, 716, 718, 719, 720, 721, 722], [712, 716, 718, 719, 720, 721, 722], [715, 718, 719, 720, 721, 722], [714, 718, 719, 720, 721, 722], [713, 718, 719, 720, 721, 722], [717, 719, 720, 721, 722], [716, 719, 720, 721, 722], [715, 719, 720, 721, 722], [718, 720, 721, 722], [717, 720, 721, 722], [716, 720, 721, 722], [719, 721, 722], [718, 721, 722], [717, 721, 722], [720, 722], [719, 722], [721], [720], [718]]
cur_suffix:  [714, 716, 718, 719, 720, 721, 722]
fisrt choice: (4.393568533572074e+75, 711, 19)
baseline:  (4.39356942816903e+75, [719, 719, 719, 719, 719, 719, 719, 719, 719, 719, 719, 719, 719, 719, 719, 719, 719, 719, 719, 719, 719], 720, 3042)
best 5 choices:
(4.3935685082646945e+75, [710, 710, 710, 710, 710, 710, 710, 710, 710, 710, 710, 710, 710, 710, 710, 710, 710, 710, 710, 710, 710, 715, 716, 718, 719, 720, 721, 722], 720, 3042)
(4.393568533572074e+75, [711, 711, 711, 711, 711, 711, 711, 711, 711, 711, 711, 711, 711, 711, 711, 711, 711, 711, 711, 714, 716, 718, 719, 720, 721, 722], 720, 3042)
(4.39356942816903e+75, [719, 719, 719, 719, 719, 719, 719, 719, 719, 719, 719, 719, 719, 719, 719, 719, 719, 719, 719, 719, 719], 720, 3042)
end round with 19 suffixes


======== round 9 ========
todo suffixes: [[713, 716, 718, 719, 720, 721, 722], [712, 716, 718, 719, 720, 721, 722], [715, 718, 719, 720, 721, 722], [714, 718, 719, 720, 721, 722], [713, 718, 719, 720, 721, 722], [717, 719, 720, 721, 722], [716, 719, 720, 721, 722], [715, 719, 720, 721, 722], [718, 720, 721, 722], [717, 720, 721, 722], [716, 720, 721, 722], [719, 721, 722], [718, 721, 722], [717, 721, 722], [720, 722], [719, 722], [721], [720], [718]]
cur_suffix:  [713, 716, 718, 719, 720, 721, 722]
fisrt choice: (4.393568544134475e+75, 711, 20)
baseline:  (4.39356942816903e+75, [719, 719, 719, 719, 719, 719, 719, 719, 719, 719, 719, 719, 719, 719, 719, 719, 719, 719, 719, 719, 719], 720, 3042)
best 5 choices:
(4.3935685082646945e+75, [710, 710, 710, 710, 710, 710, 710, 710, 710, 710, 710, 710, 710, 710, 710, 710, 710, 710, 710, 710, 710, 715, 716, 718, 719, 720, 721, 722], 720, 3042)
(4.393568533572074e+75, [711, 711, 711, 711, 711, 711, 711, 711, 711, 711, 711, 711, 711, 711, 711, 711, 711, 711, 711, 714, 716, 718, 719, 720, 721, 722], 720, 3042)
(4.393568544134475e+75, [711, 711, 711, 711, 711, 711, 711, 711, 711, 711, 711, 711, 711, 711, 711, 711, 711, 711, 711, 711, 713, 716, 718, 719, 720, 721, 722], 720, 3042)
(4.39356942816903e+75, [719, 719, 719, 719, 719, 719, 719, 719, 719, 719, 719, 719, 719, 719, 719, 719, 719, 719, 719, 719, 719], 720, 3042)
end round with 18 suffixes


======== round 10 ========
todo suffixes: [[712, 716, 718, 719, 720, 721, 722], [715, 718, 719, 720, 721, 722], [714, 718, 719, 720, 721, 722], [713, 718, 719, 720, 721, 722], [717, 719, 720, 721, 722], [716, 719, 720, 721, 722], [715, 719, 720, 721, 722], [718, 720, 721, 722], [717, 720, 721, 722], [716, 720, 721, 722], [719, 721, 722], [718, 721, 722], [717, 721, 722], [720, 722], [719, 722], [721], [720], [718]]
cur_suffix:  [712, 716, 718, 719, 720, 721, 722]
fisrt choice: (4.393568555805779e+75, 711, 21)
baseline:  (4.39356942816903e+75, [719, 719, 719, 719, 719, 719, 719, 719, 719, 719, 719, 719, 719, 719, 719, 719, 719, 719, 719, 719, 719], 720, 3042)
best 5 choices:
(4.3935685082646945e+75, [710, 710, 710, 710, 710, 710, 710, 710, 710, 710, 710, 710, 710, 710, 710, 710, 710, 710, 710, 710, 710, 715, 716, 718, 719, 720, 721, 722], 720, 3042)
(4.393568533572074e+75, [711, 711, 711, 711, 711, 711, 711, 711, 711, 711, 711, 711, 711, 711, 711, 711, 711, 711, 711, 714, 716, 718, 719, 720, 721, 722], 720, 3042)
(4.393568544134475e+75, [711, 711, 711, 711, 711, 711, 711, 711, 711, 711, 711, 711, 711, 711, 711, 711, 711, 711, 711, 711, 713, 716, 718, 719, 720, 721, 722], 720, 3042)
(4.393568555805779e+75, [711, 711, 711, 711, 711, 711, 711, 711, 711, 711, 711, 711, 711, 711, 711, 711, 711, 711, 711, 711, 711, 712, 716, 718, 719, 720, 721, 722], 720, 3042)
(4.39356942816903e+75, [719, 719, 719, 719, 719, 719, 719, 719, 719, 719, 719, 719, 719, 719, 719, 719, 719, 719, 719, 719, 719], 720, 3042)
end round with 17 suffixes


======== round 11 ========
todo suffixes: [[715, 718, 719, 720, 721, 722], [714, 718, 719, 720, 721, 722], [713, 718, 719, 720, 721, 722], [717, 719, 720, 721, 722], [716, 719, 720, 721, 722], [715, 719, 720, 721, 722], [718, 720, 721, 722], [717, 720, 721, 722], [716, 720, 721, 722], [719, 721, 722], [718, 721, 722], [717, 721, 722], [720, 722], [719, 722], [721], [720], [718]]
cur_suffix:  [715, 718, 719, 720, 721, 722]
fisrt choice: (4.39356863182662e+75, 713, 18)
baseline:  (4.39356942816903e+75, [719, 719, 719, 719, 719, 719, 719, 719, 719, 719, 719, 719, 719, 719, 719, 719, 719, 719, 719, 719, 719], 720, 3042)
best 5 choices:
(4.3935685082646945e+75, [710, 710, 710, 710, 710, 710, 710, 710, 710, 710, 710, 710, 710, 710, 710, 710, 710, 710, 710, 710, 710, 715, 716, 718, 719, 720, 721, 722], 720, 3042)
(4.393568533572074e+75, [711, 711, 711, 711, 711, 711, 711, 711, 711, 711, 711, 711, 711, 711, 711, 711, 711, 711, 711, 714, 716, 718, 719, 720, 721, 722], 720, 3042)
(4.393568544134475e+75, [711, 711, 711, 711, 711, 711, 711, 711, 711, 711, 711, 711, 711, 711, 711, 711, 711, 711, 711, 711, 713, 716, 718, 719, 720, 721, 722], 720, 3042)
(4.393568555805779e+75, [711, 711, 711, 711, 711, 711, 711, 711, 711, 711, 711, 711, 711, 711, 711, 711, 711, 711, 711, 711, 711, 712, 716, 718, 719, 720, 721, 722], 720, 3042)
(4.39356942816903e+75, [719, 719, 719, 719, 719, 719, 719, 719, 719, 719, 719, 719, 719, 719, 719, 719, 719, 719, 719, 719, 719], 720, 3042)
end round with 18 suffixes


======== round 12 ========
todo suffixes: [[714, 715, 718, 719, 720, 721, 722], [713, 715, 718, 719, 720, 721, 722], [714, 718, 719, 720, 721, 722], [713, 718, 719, 720, 721, 722], [717, 719, 720, 721, 722], [716, 719, 720, 721, 722], [715, 719, 720, 721, 722], [718, 720, 721, 722], [717, 720, 721, 722], [716, 720, 721, 722], [719, 721, 722], [718, 721, 722], [717, 721, 722], [720, 722], [719, 722], [721], [720], [718]]
cur_suffix:  [714, 715, 718, 719, 720, 721, 722]
fisrt choice: (4.393568557486808e+75, 711, 21)
baseline:  (4.39356942816903e+75, [719, 719, 719, 719, 719, 719, 719, 719, 719, 719, 719, 719, 719, 719, 719, 719, 719, 719, 719, 719, 719], 720, 3042)
best 5 choices:
(4.3935685082646945e+75, [710, 710, 710, 710, 710, 710, 710, 710, 710, 710, 710, 710, 710, 710, 710, 710, 710, 710, 710, 710, 710, 715, 716, 718, 719, 720, 721, 722], 720, 3042)
(4.393568533572074e+75, [711, 711, 711, 711, 711, 711, 711, 711, 711, 711, 711, 711, 711, 711, 711, 711, 711, 711, 711, 714, 716, 718, 719, 720, 721, 722], 720, 3042)
(4.393568544134475e+75, [711, 711, 711, 711, 711, 711, 711, 711, 711, 711, 711, 711, 711, 711, 711, 711, 711, 711, 711, 711, 713, 716, 718, 719, 720, 721, 722], 720, 3042)
(4.393568555805779e+75, [711, 711, 711, 711, 711, 711, 711, 711, 711, 711, 711, 711, 711, 711, 711, 711, 711, 711, 711, 711, 711, 712, 716, 718, 719, 720, 721, 722], 720, 3042)
(4.393568557486808e+75, [711, 711, 711, 711, 711, 711, 711, 711, 711, 711, 711, 711, 711, 711, 711, 711, 711, 711, 711, 711, 711, 714, 715, 718, 719, 720, 721, 722], 720, 3042)
end round with 17 suffixes


======== round 13 ========
todo suffixes: [[713, 715, 718, 719, 720, 721, 722], [714, 718, 719, 720, 721, 722], [713, 718, 719, 720, 721, 722], [717, 719, 720, 721, 722], [716, 719, 720, 721, 722], [715, 719, 720, 721, 722], [718, 720, 721, 722], [717, 720, 721, 722], [716, 720, 721, 722], [719, 721, 722], [718, 721, 722], [717, 721, 722], [720, 722], [719, 722], [721], [720], [718]]
cur_suffix:  [713, 715, 718, 719, 720, 721, 722]
fisrt choice: (4.393568591774532e+75, 712, 19)
baseline:  (4.39356942816903e+75, [719, 719, 719, 719, 719, 719, 719, 719, 719, 719, 719, 719, 719, 719, 719, 719, 719, 719, 719, 719, 719], 720, 3042)
best 5 choices:
(4.3935685082646945e+75, [710, 710, 710, 710, 710, 710, 710, 710, 710, 710, 710, 710, 710, 710, 710, 710, 710, 710, 710, 710, 710, 715, 716, 718, 719, 720, 721, 722], 720, 3042)
(4.393568533572074e+75, [711, 711, 711, 711, 711, 711, 711, 711, 711, 711, 711, 711, 711, 711, 711, 711, 711, 711, 711, 714, 716, 718, 719, 720, 721, 722], 720, 3042)
(4.393568544134475e+75, [711, 711, 711, 711, 711, 711, 711, 711, 711, 711, 711, 711, 711, 711, 711, 711, 711, 711, 711, 711, 713, 716, 718, 719, 720, 721, 722], 720, 3042)
(4.393568555805779e+75, [711, 711, 711, 711, 711, 711, 711, 711, 711, 711, 711, 711, 711, 711, 711, 711, 711, 711, 711, 711, 711, 712, 716, 718, 719, 720, 721, 722], 720, 3042)
(4.393568557486808e+75, [711, 711, 711, 711, 711, 711, 711, 711, 711, 711, 711, 711, 711, 711, 711, 711, 711, 711, 711, 711, 711, 714, 715, 718, 719, 720, 721, 722], 720, 3042)
end round with 17 suffixes


======== round 14 ========
todo suffixes: [[712, 713, 715, 718, 719, 720, 721, 722], [714, 718, 719, 720, 721, 722], [713, 718, 719, 720, 721, 722], [717, 719, 720, 721, 722], [716, 719, 720, 721, 722], [715, 719, 720, 721, 722], [718, 720, 721, 722], [717, 720, 721, 722], [716, 720, 721, 722], [719, 721, 722], [718, 721, 722], [717, 721, 722], [720, 722], [719, 722], [721], [720], [718]]
cur_suffix:  [712, 713, 715, 718, 719, 720, 721, 722]
fisrt choice: (4.39356855547932e+75, 711, 20)
baseline:  (4.39356942816903e+75, [719, 719, 719, 719, 719, 719, 719, 719, 719, 719, 719, 719, 719, 719, 719, 719, 719, 719, 719, 719, 719], 720, 3042)
best 5 choices:
(4.3935685082646945e+75, [710, 710, 710, 710, 710, 710, 710, 710, 710, 710, 710, 710, 710, 710, 710, 710, 710, 710, 710, 710, 710, 715, 716, 718, 719, 720, 721, 722], 720, 3042)
(4.393568533572074e+75, [711, 711, 711, 711, 711, 711, 711, 711, 711, 711, 711, 711, 711, 711, 711, 711, 711, 711, 711, 714, 716, 718, 719, 720, 721, 722], 720, 3042)
(4.393568544134475e+75, [711, 711, 711, 711, 711, 711, 711, 711, 711, 711, 711, 711, 711, 711, 711, 711, 711, 711, 711, 711, 713, 716, 718, 719, 720, 721, 722], 720, 3042)
(4.39356855547932e+75, [711, 711, 711, 711, 711, 711, 711, 711, 711, 711, 711, 711, 711, 711, 711, 711, 711, 711, 711, 711, 712, 713, 715, 718, 719, 720, 721, 722], 720, 3042)
(4.393568555805779e+75, [711, 711, 711, 711, 711, 711, 711, 711, 711, 711, 711, 711, 711, 711, 711, 711, 711, 711, 711, 711, 711, 712, 716, 718, 719, 720, 721, 722], 720, 3042)
end round with 16 suffixes


======== round 15 ========
todo suffixes: [[714, 718, 719, 720, 721, 722], [713, 718, 719, 720, 721, 722], [717, 719, 720, 721, 722], [716, 719, 720, 721, 722], [715, 719, 720, 721, 722], [718, 720, 721, 722], [717, 720, 721, 722], [716, 720, 721, 722], [719, 721, 722], [718, 721, 722], [717, 721, 722], [720, 722], [719, 722], [721], [720], [718]]
cur_suffix:  [714, 718, 719, 720, 721, 722]
fisrt choice: (4.393568649598517e+75, 713, 19)
baseline:  (4.39356942816903e+75, [719, 719, 719, 719, 719, 719, 719, 719, 719, 719, 719, 719, 719, 719, 719, 719, 719, 719, 719, 719, 719], 720, 3042)
best 5 choices:
(4.3935685082646945e+75, [710, 710, 710, 710, 710, 710, 710, 710, 710, 710, 710, 710, 710, 710, 710, 710, 710, 710, 710, 710, 710, 715, 716, 718, 719, 720, 721, 722], 720, 3042)
(4.393568533572074e+75, [711, 711, 711, 711, 711, 711, 711, 711, 711, 711, 711, 711, 711, 711, 711, 711, 711, 711, 711, 714, 716, 718, 719, 720, 721, 722], 720, 3042)
(4.393568544134475e+75, [711, 711, 711, 711, 711, 711, 711, 711, 711, 711, 711, 711, 711, 711, 711, 711, 711, 711, 711, 711, 713, 716, 718, 719, 720, 721, 722], 720, 3042)
(4.39356855547932e+75, [711, 711, 711, 711, 711, 711, 711, 711, 711, 711, 711, 711, 711, 711, 711, 711, 711, 711, 711, 711, 712, 713, 715, 718, 719, 720, 721, 722], 720, 3042)
(4.393568555805779e+75, [711, 711, 711, 711, 711, 711, 711, 711, 711, 711, 711, 711, 711, 711, 711, 711, 711, 711, 711, 711, 711, 712, 716, 718, 719, 720, 721, 722], 720, 3042)
end round with 16 suffixes


======== round 16 ========
todo suffixes: [[713, 714, 718, 719, 720, 721, 722], [713, 718, 719, 720, 721, 722], [717, 719, 720, 721, 722], [716, 719, 720, 721, 722], [715, 719, 720, 721, 722], [718, 720, 721, 722], [717, 720, 721, 722], [716, 720, 721, 722], [719, 721, 722], [718, 721, 722], [717, 721, 722], [720, 722], [719, 722], [721], [720], [718]]
cur_suffix:  [713, 714, 718, 719, 720, 721, 722]
fisrt choice: (4.3935686048081575e+75, 712, 20)
baseline:  (4.39356942816903e+75, [719, 719, 719, 719, 719, 719, 719, 719, 719, 719, 719, 719, 719, 719, 719, 719, 719, 719, 719, 719, 719], 720, 3042)
best 5 choices:
(4.3935685082646945e+75, [710, 710, 710, 710, 710, 710, 710, 710, 710, 710, 710, 710, 710, 710, 710, 710, 710, 710, 710, 710, 710, 715, 716, 718, 719, 720, 721, 722], 720, 3042)
(4.393568533572074e+75, [711, 711, 711, 711, 711, 711, 711, 711, 711, 711, 711, 711, 711, 711, 711, 711, 711, 711, 711, 714, 716, 718, 719, 720, 721, 722], 720, 3042)
(4.393568544134475e+75, [711, 711, 711, 711, 711, 711, 711, 711, 711, 711, 711, 711, 711, 711, 711, 711, 711, 711, 711, 711, 713, 716, 718, 719, 720, 721, 722], 720, 3042)
(4.39356855547932e+75, [711, 711, 711, 711, 711, 711, 711, 711, 711, 711, 711, 711, 711, 711, 711, 711, 711, 711, 711, 711, 712, 713, 715, 718, 719, 720, 721, 722], 720, 3042)
(4.393568555805779e+75, [711, 711, 711, 711, 711, 711, 711, 711, 711, 711, 711, 711, 711, 711, 711, 711, 711, 711, 711, 711, 711, 712, 716, 718, 719, 720, 721, 722], 720, 3042)
end round with 16 suffixes


======== round 17 ========
todo suffixes: [[712, 713, 714, 718, 719, 720, 721, 722], [713, 718, 719, 720, 721, 722], [717, 719, 720, 721, 722], [716, 719, 720, 721, 722], [715, 719, 720, 721, 722], [718, 720, 721, 722], [717, 720, 721, 722], [716, 720, 721, 722], [719, 721, 722], [718, 721, 722], [717, 721, 722], [720, 722], [719, 722], [721], [720], [718]]
cur_suffix:  [712, 713, 714, 718, 719, 720, 721, 722]
fisrt choice: (-1, -1, -1)
baseline:  (4.39356942816903e+75, [719, 719, 719, 719, 719, 719, 719, 719, 719, 719, 719, 719, 719, 719, 719, 719, 719, 719, 719, 719, 719], 720, 3042)
the strategy is infeasible, continue


======== round 18 ========
todo suffixes: [[713, 718, 719, 720, 721, 722], [717, 719, 720, 721, 722], [716, 719, 720, 721, 722], [715, 719, 720, 721, 722], [718, 720, 721, 722], [717, 720, 721, 722], [716, 720, 721, 722], [719, 721, 722], [718, 721, 722], [717, 721, 722], [720, 722], [719, 722], [721], [720], [718]]
cur_suffix:  [713, 718, 719, 720, 721, 722]
fisrt choice: (-1, -1, -1)
baseline:  (4.39356942816903e+75, [719, 719, 719, 719, 719, 719, 719, 719, 719, 719, 719, 719, 719, 719, 719, 719, 719, 719, 719, 719, 719], 720, 3042)
the strategy is infeasible, continue


======== round 19 ========
todo suffixes: [[717, 719, 720, 721, 722], [716, 719, 720, 721, 722], [715, 719, 720, 721, 722], [718, 720, 721, 722], [717, 720, 721, 722], [716, 720, 721, 722], [719, 721, 722], [718, 721, 722], [717, 721, 722], [720, 722], [719, 722], [721], [720], [718]]
cur_suffix:  [717, 719, 720, 721, 722]
fisrt choice: (4.393568716299691e+75, 714, 19)
baseline:  (4.39356942816903e+75, [719, 719, 719, 719, 719, 719, 719, 719, 719, 719, 719, 719, 719, 719, 719, 719, 719, 719, 719, 719, 719], 720, 3042)
best 5 choices:
(4.3935685082646945e+75, [710, 710, 710, 710, 710, 710, 710, 710, 710, 710, 710, 710, 710, 710, 710, 710, 710, 710, 710, 710, 710, 715, 716, 718, 719, 720, 721, 722], 720, 3042)
(4.393568533572074e+75, [711, 711, 711, 711, 711, 711, 711, 711, 711, 711, 711, 711, 711, 711, 711, 711, 711, 711, 711, 714, 716, 718, 719, 720, 721, 722], 720, 3042)
(4.393568544134475e+75, [711, 711, 711, 711, 711, 711, 711, 711, 711, 711, 711, 711, 711, 711, 711, 711, 711, 711, 711, 711, 713, 716, 718, 719, 720, 721, 722], 720, 3042)
(4.39356855547932e+75, [711, 711, 711, 711, 711, 711, 711, 711, 711, 711, 711, 711, 711, 711, 711, 711, 711, 711, 711, 711, 712, 713, 715, 718, 719, 720, 721, 722], 720, 3042)
(4.393568555805779e+75, [711, 711, 711, 711, 711, 711, 711, 711, 711, 711, 711, 711, 711, 711, 711, 711, 711, 711, 711, 711, 711, 712, 716, 718, 719, 720, 721, 722], 720, 3042)
end round with 16 suffixes


======== round 20 ========
todo suffixes: [[716, 717, 719, 720, 721, 722], [715, 717, 719, 720, 721, 722], [714, 717, 719, 720, 721, 722], [716, 719, 720, 721, 722], [715, 719, 720, 721, 722], [718, 720, 721, 722], [717, 720, 721, 722], [716, 720, 721, 722], [719, 721, 722], [718, 721, 722], [717, 721, 722], [720, 722], [719, 722], [721], [720], [718]]
cur_suffix:  [716, 717, 719, 720, 721, 722]
fisrt choice: (4.393568627170593e+75, 713, 18)
baseline:  (4.39356942816903e+75, [719, 719, 719, 719, 719, 719, 719, 719, 719, 719, 719, 719, 719, 719, 719, 719, 719, 719, 719, 719, 719], 720, 3042)
best 5 choices:
(4.3935685082646945e+75, [710, 710, 710, 710, 710, 710, 710, 710, 710, 710, 710, 710, 710, 710, 710, 710, 710, 710, 710, 710, 710, 715, 716, 718, 719, 720, 721, 722], 720, 3042)
(4.393568533572074e+75, [711, 711, 711, 711, 711, 711, 711, 711, 711, 711, 711, 711, 711, 711, 711, 711, 711, 711, 711, 714, 716, 718, 719, 720, 721, 722], 720, 3042)
(4.393568544134475e+75, [711, 711, 711, 711, 711, 711, 711, 711, 711, 711, 711, 711, 711, 711, 711, 711, 711, 711, 711, 711, 713, 716, 718, 719, 720, 721, 722], 720, 3042)
(4.39356855547932e+75, [711, 711, 711, 711, 711, 711, 711, 711, 711, 711, 711, 711, 711, 711, 711, 711, 711, 711, 711, 711, 712, 713, 715, 718, 719, 720, 721, 722], 720, 3042)
(4.393568555805779e+75, [711, 711, 711, 711, 711, 711, 711, 711, 711, 711, 711, 711, 711, 711, 711, 711, 711, 711, 711, 711, 711, 712, 716, 718, 719, 720, 721, 722], 720, 3042)
end round with 18 suffixes


======== round 21 ========
todo suffixes: [[715, 716, 717, 719, 720, 721, 722], [714, 716, 717, 719, 720, 721, 722], [713, 716, 717, 719, 720, 721, 722], [715, 717, 719, 720, 721, 722], [714, 717, 719, 720, 721, 722], [716, 719, 720, 721, 722], [715, 719, 720, 721, 722], [718, 720, 721, 722], [717, 720, 721, 722], [716, 720, 721, 722], [719, 721, 722], [718, 721, 722], [717, 721, 722], [720, 722], [719, 722], [721], [720], [718]]
cur_suffix:  [715, 716, 717, 719, 720, 721, 722]
fisrt choice: (4.393568543636843e+75, 711, 20)
baseline:  (4.39356942816903e+75, [719, 719, 719, 719, 719, 719, 719, 719, 719, 719, 719, 719, 719, 719, 719, 719, 719, 719, 719, 719, 719], 720, 3042)
best 5 choices:
(4.3935685082646945e+75, [710, 710, 710, 710, 710, 710, 710, 710, 710, 710, 710, 710, 710, 710, 710, 710, 710, 710, 710, 710, 710, 715, 716, 718, 719, 720, 721, 722], 720, 3042)
(4.393568533572074e+75, [711, 711, 711, 711, 711, 711, 711, 711, 711, 711, 711, 711, 711, 711, 711, 711, 711, 711, 711, 714, 716, 718, 719, 720, 721, 722], 720, 3042)
(4.393568543636843e+75, [711, 711, 711, 711, 711, 711, 711, 711, 711, 711, 711, 711, 711, 711, 711, 711, 711, 711, 711, 711, 715, 716, 717, 719, 720, 721, 722], 720, 3042)
(4.393568544134475e+75, [711, 711, 711, 711, 711, 711, 711, 711, 711, 711, 711, 711, 711, 711, 711, 711, 711, 711, 711, 711, 713, 716, 718, 719, 720, 721, 722], 720, 3042)
(4.39356855547932e+75, [711, 711, 711, 711, 711, 711, 711, 711, 711, 711, 711, 711, 711, 711, 711, 711, 711, 711, 711, 711, 712, 713, 715, 718, 719, 720, 721, 722], 720, 3042)
end round with 17 suffixes


======== round 22 ========
todo suffixes: [[714, 716, 717, 719, 720, 721, 722], [713, 716, 717, 719, 720, 721, 722], [715, 717, 719, 720, 721, 722], [714, 717, 719, 720, 721, 722], [716, 719, 720, 721, 722], [715, 719, 720, 721, 722], [718, 720, 721, 722], [717, 720, 721, 722], [716, 720, 721, 722], [719, 721, 722], [718, 721, 722], [717, 721, 722], [720, 722], [719, 722], [721], [720], [718]]
cur_suffix:  [714, 716, 717, 719, 720, 721, 722]
fisrt choice: (4.3935685528307815e+75, 711, 21)
baseline:  (4.39356942816903e+75, [719, 719, 719, 719, 719, 719, 719, 719, 719, 719, 719, 719, 719, 719, 719, 719, 719, 719, 719, 719, 719], 720, 3042)
best 5 choices:
(4.3935685082646945e+75, [710, 710, 710, 710, 710, 710, 710, 710, 710, 710, 710, 710, 710, 710, 710, 710, 710, 710, 710, 710, 710, 715, 716, 718, 719, 720, 721, 722], 720, 3042)
(4.393568533572074e+75, [711, 711, 711, 711, 711, 711, 711, 711, 711, 711, 711, 711, 711, 711, 711, 711, 711, 711, 711, 714, 716, 718, 719, 720, 721, 722], 720, 3042)
(4.393568543636843e+75, [711, 711, 711, 711, 711, 711, 711, 711, 711, 711, 711, 711, 711, 711, 711, 711, 711, 711, 711, 711, 715, 716, 717, 719, 720, 721, 722], 720, 3042)
(4.393568544134475e+75, [711, 711, 711, 711, 711, 711, 711, 711, 711, 711, 711, 711, 711, 711, 711, 711, 711, 711, 711, 711, 713, 716, 718, 719, 720, 721, 722], 720, 3042)
(4.3935685528307815e+75, [711, 711, 711, 711, 711, 711, 711, 711, 711, 711, 711, 711, 711, 711, 711, 711, 711, 711, 711, 711, 711, 714, 716, 717, 719, 720, 721, 722], 720, 3042)
end round with 16 suffixes


======== round 23 ========
todo suffixes: [[713, 716, 717, 719, 720, 721, 722], [715, 717, 719, 720, 721, 722], [714, 717, 719, 720, 721, 722], [716, 719, 720, 721, 722], [715, 719, 720, 721, 722], [718, 720, 721, 722], [717, 720, 721, 722], [716, 720, 721, 722], [719, 721, 722], [718, 721, 722], [717, 721, 722], [720, 722], [719, 722], [721], [720], [718]]
cur_suffix:  [713, 716, 717, 719, 720, 721, 722]
fisrt choice: (4.3935685871185055e+75, 712, 19)
baseline:  (4.39356942816903e+75, [719, 719, 719, 719, 719, 719, 719, 719, 719, 719, 719, 719, 719, 719, 719, 719, 719, 719, 719, 719, 719], 720, 3042)
best 5 choices:
(4.3935685082646945e+75, [710, 710, 710, 710, 710, 710, 710, 710, 710, 710, 710, 710, 710, 710, 710, 710, 710, 710, 710, 710, 710, 715, 716, 718, 719, 720, 721, 722], 720, 3042)
(4.393568533572074e+75, [711, 711, 711, 711, 711, 711, 711, 711, 711, 711, 711, 711, 711, 711, 711, 711, 711, 711, 711, 714, 716, 718, 719, 720, 721, 722], 720, 3042)
(4.393568543636843e+75, [711, 711, 711, 711, 711, 711, 711, 711, 711, 711, 711, 711, 711, 711, 711, 711, 711, 711, 711, 711, 715, 716, 717, 719, 720, 721, 722], 720, 3042)
(4.393568544134475e+75, [711, 711, 711, 711, 711, 711, 711, 711, 711, 711, 711, 711, 711, 711, 711, 711, 711, 711, 711, 711, 713, 716, 718, 719, 720, 721, 722], 720, 3042)
(4.3935685528307815e+75, [711, 711, 711, 711, 711, 711, 711, 711, 711, 711, 711, 711, 711, 711, 711, 711, 711, 711, 711, 711, 711, 714, 716, 717, 719, 720, 721, 722], 720, 3042)
end round with 16 suffixes


======== round 24 ========
todo suffixes: [[712, 713, 716, 717, 719, 720, 721, 722], [715, 717, 719, 720, 721, 722], [714, 717, 719, 720, 721, 722], [716, 719, 720, 721, 722], [715, 719, 720, 721, 722], [718, 720, 721, 722], [717, 720, 721, 722], [716, 720, 721, 722], [719, 721, 722], [718, 721, 722], [717, 721, 722], [720, 722], [719, 722], [721], [720], [718]]
cur_suffix:  [712, 713, 716, 717, 719, 720, 721, 722]
fisrt choice: (4.393568550823293e+75, 711, 20)
baseline:  (4.39356942816903e+75, [719, 719, 719, 719, 719, 719, 719, 719, 719, 719, 719, 719, 719, 719, 719, 719, 719, 719, 719, 719, 719], 720, 3042)
best 5 choices:
(4.3935685082646945e+75, [710, 710, 710, 710, 710, 710, 710, 710, 710, 710, 710, 710, 710, 710, 710, 710, 710, 710, 710, 710, 710, 715, 716, 718, 719, 720, 721, 722], 720, 3042)
(4.393568533572074e+75, [711, 711, 711, 711, 711, 711, 711, 711, 711, 711, 711, 711, 711, 711, 711, 711, 711, 711, 711, 714, 716, 718, 719, 720, 721, 722], 720, 3042)
(4.393568543636843e+75, [711, 711, 711, 711, 711, 711, 711, 711, 711, 711, 711, 711, 711, 711, 711, 711, 711, 711, 711, 711, 715, 716, 717, 719, 720, 721, 722], 720, 3042)
(4.393568544134475e+75, [711, 711, 711, 711, 711, 711, 711, 711, 711, 711, 711, 711, 711, 711, 711, 711, 711, 711, 711, 711, 713, 716, 718, 719, 720, 721, 722], 720, 3042)
(4.393568550823293e+75, [711, 711, 711, 711, 711, 711, 711, 711, 711, 711, 711, 711, 711, 711, 711, 711, 711, 711, 711, 711, 712, 713, 716, 717, 719, 720, 721, 722], 720, 3042)
end round with 15 suffixes


======== round 25 ========
todo suffixes: [[715, 717, 719, 720, 721, 722], [714, 717, 719, 720, 721, 722], [716, 719, 720, 721, 722], [715, 719, 720, 721, 722], [718, 720, 721, 722], [717, 720, 721, 722], [716, 720, 721, 722], [719, 721, 722], [718, 721, 722], [717, 721, 722], [720, 722], [719, 722], [721], [720], [718]]
cur_suffix:  [715, 717, 719, 720, 721, 722]
fisrt choice: (4.39356864325371e+75, 713, 19)
baseline:  (4.39356942816903e+75, [719, 719, 719, 719, 719, 719, 719, 719, 719, 719, 719, 719, 719, 719, 719, 719, 719, 719, 719, 719, 719], 720, 3042)
best 5 choices:
(4.3935685082646945e+75, [710, 710, 710, 710, 710, 710, 710, 710, 710, 710, 710, 710, 710, 710, 710, 710, 710, 710, 710, 710, 710, 715, 716, 718, 719, 720, 721, 722], 720, 3042)
(4.393568533572074e+75, [711, 711, 711, 711, 711, 711, 711, 711, 711, 711, 711, 711, 711, 711, 711, 711, 711, 711, 711, 714, 716, 718, 719, 720, 721, 722], 720, 3042)
(4.393568543636843e+75, [711, 711, 711, 711, 711, 711, 711, 711, 711, 711, 711, 711, 711, 711, 711, 711, 711, 711, 711, 711, 715, 716, 717, 719, 720, 721, 722], 720, 3042)
(4.393568544134475e+75, [711, 711, 711, 711, 711, 711, 711, 711, 711, 711, 711, 711, 711, 711, 711, 711, 711, 711, 711, 711, 713, 716, 718, 719, 720, 721, 722], 720, 3042)
(4.393568550823293e+75, [711, 711, 711, 711, 711, 711, 711, 711, 711, 711, 711, 711, 711, 711, 711, 711, 711, 711, 711, 711, 712, 713, 716, 717, 719, 720, 721, 722], 720, 3042)
end round with 16 suffixes


======== round 26 ========
todo suffixes: [[714, 715, 717, 719, 720, 721, 722], [713, 715, 717, 719, 720, 721, 722], [714, 717, 719, 720, 721, 722], [716, 719, 720, 721, 722], [715, 719, 720, 721, 722], [718, 720, 721, 722], [717, 720, 721, 722], [716, 720, 721, 722], [719, 721, 722], [718, 721, 722], [717, 721, 722], [720, 722], [719, 722], [721], [720], [718]]
cur_suffix:  [714, 715, 717, 719, 720, 721, 722]
fisrt choice: (4.393568584061263e+75, 712, 19)
baseline:  (4.39356942816903e+75, [719, 719, 719, 719, 719, 719, 719, 719, 719, 719, 719, 719, 719, 719, 719, 719, 719, 719, 719, 719, 719], 720, 3042)
best 5 choices:
(4.3935685082646945e+75, [710, 710, 710, 710, 710, 710, 710, 710, 710, 710, 710, 710, 710, 710, 710, 710, 710, 710, 710, 710, 710, 715, 716, 718, 719, 720, 721, 722], 720, 3042)
(4.393568533572074e+75, [711, 711, 711, 711, 711, 711, 711, 711, 711, 711, 711, 711, 711, 711, 711, 711, 711, 711, 711, 714, 716, 718, 719, 720, 721, 722], 720, 3042)
(4.393568543636843e+75, [711, 711, 711, 711, 711, 711, 711, 711, 711, 711, 711, 711, 711, 711, 711, 711, 711, 711, 711, 711, 715, 716, 717, 719, 720, 721, 722], 720, 3042)
(4.393568544134475e+75, [711, 711, 711, 711, 711, 711, 711, 711, 711, 711, 711, 711, 711, 711, 711, 711, 711, 711, 711, 711, 713, 716, 718, 719, 720, 721, 722], 720, 3042)
(4.393568550823293e+75, [711, 711, 711, 711, 711, 711, 711, 711, 711, 711, 711, 711, 711, 711, 711, 711, 711, 711, 711, 711, 712, 713, 716, 717, 719, 720, 721, 722], 720, 3042)
end round with 17 suffixes


======== round 27 ========
todo suffixes: [[713, 714, 715, 717, 719, 720, 721, 722], [712, 714, 715, 717, 719, 720, 721, 722], [713, 715, 717, 719, 720, 721, 722], [714, 717, 719, 720, 721, 722], [716, 719, 720, 721, 722], [715, 719, 720, 721, 722], [718, 720, 721, 722], [717, 720, 721, 722], [716, 720, 721, 722], [719, 721, 722], [718, 721, 722], [717, 721, 722], [720, 722], [719, 722], [721], [720], [718]]
cur_suffix:  [713, 714, 715, 717, 719, 720, 721, 722]
fisrt choice: (4.393568552504322e+75, 711, 20)
baseline:  (4.39356942816903e+75, [719, 719, 719, 719, 719, 719, 719, 719, 719, 719, 719, 719, 719, 719, 719, 719, 719, 719, 719, 719, 719], 720, 3042)
best 5 choices:
(4.3935685082646945e+75, [710, 710, 710, 710, 710, 710, 710, 710, 710, 710, 710, 710, 710, 710, 710, 710, 710, 710, 710, 710, 710, 715, 716, 718, 719, 720, 721, 722], 720, 3042)
(4.393568533572074e+75, [711, 711, 711, 711, 711, 711, 711, 711, 711, 711, 711, 711, 711, 711, 711, 711, 711, 711, 711, 714, 716, 718, 719, 720, 721, 722], 720, 3042)
(4.393568543636843e+75, [711, 711, 711, 711, 711, 711, 711, 711, 711, 711, 711, 711, 711, 711, 711, 711, 711, 711, 711, 711, 715, 716, 717, 719, 720, 721, 722], 720, 3042)
(4.393568544134475e+75, [711, 711, 711, 711, 711, 711, 711, 711, 711, 711, 711, 711, 711, 711, 711, 711, 711, 711, 711, 711, 713, 716, 718, 719, 720, 721, 722], 720, 3042)
(4.393568550823293e+75, [711, 711, 711, 711, 711, 711, 711, 711, 711, 711, 711, 711, 711, 711, 711, 711, 711, 711, 711, 711, 712, 713, 716, 717, 719, 720, 721, 722], 720, 3042)
end round with 16 suffixes


======== round 28 ========
todo suffixes: [[712, 714, 715, 717, 719, 720, 721, 722], [713, 715, 717, 719, 720, 721, 722], [714, 717, 719, 720, 721, 722], [716, 719, 720, 721, 722], [715, 719, 720, 721, 722], [718, 720, 721, 722], [717, 720, 721, 722], [716, 720, 721, 722], [719, 721, 722], [718, 721, 722], [717, 721, 722], [720, 722], [719, 722], [721], [720], [718]]
cur_suffix:  [712, 714, 715, 717, 719, 720, 721, 722]
fisrt choice: (4.393568564175627e+75, 711, 21)
baseline:  (4.39356942816903e+75, [719, 719, 719, 719, 719, 719, 719, 719, 719, 719, 719, 719, 719, 719, 719, 719, 719, 719, 719, 719, 719], 720, 3042)
best 5 choices:
(4.3935685082646945e+75, [710, 710, 710, 710, 710, 710, 710, 710, 710, 710, 710, 710, 710, 710, 710, 710, 710, 710, 710, 710, 710, 715, 716, 718, 719, 720, 721, 722], 720, 3042)
(4.393568533572074e+75, [711, 711, 711, 711, 711, 711, 711, 711, 711, 711, 711, 711, 711, 711, 711, 711, 711, 711, 711, 714, 716, 718, 719, 720, 721, 722], 720, 3042)
(4.393568543636843e+75, [711, 711, 711, 711, 711, 711, 711, 711, 711, 711, 711, 711, 711, 711, 711, 711, 711, 711, 711, 711, 715, 716, 717, 719, 720, 721, 722], 720, 3042)
(4.393568544134475e+75, [711, 711, 711, 711, 711, 711, 711, 711, 711, 711, 711, 711, 711, 711, 711, 711, 711, 711, 711, 711, 713, 716, 718, 719, 720, 721, 722], 720, 3042)
(4.393568550823293e+75, [711, 711, 711, 711, 711, 711, 711, 711, 711, 711, 711, 711, 711, 711, 711, 711, 711, 711, 711, 711, 712, 713, 716, 717, 719, 720, 721, 722], 720, 3042)
end round with 15 suffixes


======== round 29 ========
todo suffixes: [[713, 715, 717, 719, 720, 721, 722], [714, 717, 719, 720, 721, 722], [716, 719, 720, 721, 722], [715, 719, 720, 721, 722], [718, 720, 721, 722], [717, 720, 721, 722], [716, 720, 721, 722], [719, 721, 722], [718, 721, 722], [717, 721, 722], [720, 722], [719, 722], [721], [720], [718]]
cur_suffix:  [713, 715, 717, 719, 720, 721, 722]
fisrt choice: (4.393568598463351e+75, 712, 20)
baseline:  (4.39356942816903e+75, [719, 719, 719, 719, 719, 719, 719, 719, 719, 719, 719, 719, 719, 719, 719, 719, 719, 719, 719, 719, 719], 720, 3042)
best 5 choices:
(4.3935685082646945e+75, [710, 710, 710, 710, 710, 710, 710, 710, 710, 710, 710, 710, 710, 710, 710, 710, 710, 710, 710, 710, 710, 715, 716, 718, 719, 720, 721, 722], 720, 3042)
(4.393568533572074e+75, [711, 711, 711, 711, 711, 711, 711, 711, 711, 711, 711, 711, 711, 711, 711, 711, 711, 711, 711, 714, 716, 718, 719, 720, 721, 722], 720, 3042)
(4.393568543636843e+75, [711, 711, 711, 711, 711, 711, 711, 711, 711, 711, 711, 711, 711, 711, 711, 711, 711, 711, 711, 711, 715, 716, 717, 719, 720, 721, 722], 720, 3042)
(4.393568544134475e+75, [711, 711, 711, 711, 711, 711, 711, 711, 711, 711, 711, 711, 711, 711, 711, 711, 711, 711, 711, 711, 713, 716, 718, 719, 720, 721, 722], 720, 3042)
(4.393568550823293e+75, [711, 711, 711, 711, 711, 711, 711, 711, 711, 711, 711, 711, 711, 711, 711, 711, 711, 711, 711, 711, 712, 713, 716, 717, 719, 720, 721, 722], 720, 3042)
end round with 15 suffixes


======== round 30 ========
todo suffixes: [[712, 713, 715, 717, 719, 720, 721, 722], [714, 717, 719, 720, 721, 722], [716, 719, 720, 721, 722], [715, 719, 720, 721, 722], [718, 720, 721, 722], [717, 720, 721, 722], [716, 720, 721, 722], [719, 721, 722], [718, 721, 722], [717, 721, 722], [720, 722], [719, 722], [721], [720], [718]]
cur_suffix:  [712, 713, 715, 717, 719, 720, 721, 722]
fisrt choice: (-1, -1, -1)
baseline:  (4.39356942816903e+75, [719, 719, 719, 719, 719, 719, 719, 719, 719, 719, 719, 719, 719, 719, 719, 719, 719, 719, 719, 719, 719], 720, 3042)
the strategy is infeasible, continue


======== round 31 ========
todo suffixes: [[714, 717, 719, 720, 721, 722], [716, 719, 720, 721, 722], [715, 719, 720, 721, 722], [718, 720, 721, 722], [717, 720, 721, 722], [716, 720, 721, 722], [719, 721, 722], [718, 721, 722], [717, 721, 722], [720, 722], [719, 722], [721], [720], [718]]
cur_suffix:  [714, 717, 719, 720, 721, 722]
fisrt choice: (4.393568661025607e+75, 713, 20)
baseline:  (4.39356942816903e+75, [719, 719, 719, 719, 719, 719, 719, 719, 719, 719, 719, 719, 719, 719, 719, 719, 719, 719, 719, 719, 719], 720, 3042)
best 5 choices:
(4.3935685082646945e+75, [710, 710, 710, 710, 710, 710, 710, 710, 710, 710, 710, 710, 710, 710, 710, 710, 710, 710, 710, 710, 710, 715, 716, 718, 719, 720, 721, 722], 720, 3042)
(4.393568533572074e+75, [711, 711, 711, 711, 711, 711, 711, 711, 711, 711, 711, 711, 711, 711, 711, 711, 711, 711, 711, 714, 716, 718, 719, 720, 721, 722], 720, 3042)
(4.393568543636843e+75, [711, 711, 711, 711, 711, 711, 711, 711, 711, 711, 711, 711, 711, 711, 711, 711, 711, 711, 711, 711, 715, 716, 717, 719, 720, 721, 722], 720, 3042)
(4.393568544134475e+75, [711, 711, 711, 711, 711, 711, 711, 711, 711, 711, 711, 711, 711, 711, 711, 711, 711, 711, 711, 711, 713, 716, 718, 719, 720, 721, 722], 720, 3042)
(4.393568550823293e+75, [711, 711, 711, 711, 711, 711, 711, 711, 711, 711, 711, 711, 711, 711, 711, 711, 711, 711, 711, 711, 712, 713, 716, 717, 719, 720, 721, 722], 720, 3042)
end round with 14 suffixes


======== round 32 ========
todo suffixes: [[713, 714, 717, 719, 720, 721, 722], [716, 719, 720, 721, 722], [715, 719, 720, 721, 722], [718, 720, 721, 722], [717, 720, 721, 722], [716, 720, 721, 722], [719, 721, 722], [718, 721, 722], [717, 721, 722], [720, 722], [719, 722], [721], [720], [718]]
cur_suffix:  [713, 714, 717, 719, 720, 721, 722]
fisrt choice: (-1, -1, -1)
baseline:  (4.39356942816903e+75, [719, 719, 719, 719, 719, 719, 719, 719, 719, 719, 719, 719, 719, 719, 719, 719, 719, 719, 719, 719, 719], 720, 3042)
the strategy is infeasible, continue


======== round 33 ========
todo suffixes: [[716, 719, 720, 721, 722], [715, 719, 720, 721, 722], [718, 720, 721, 722], [717, 720, 721, 722], [716, 720, 721, 722], [719, 721, 722], [718, 721, 722], [717, 721, 722], [720, 722], [719, 722], [721], [720], [718]]
cur_suffix:  [716, 719, 720, 721, 722]
fisrt choice: (4.393568705311186e+75, 714, 19)
baseline:  (4.39356942816903e+75, [719, 719, 719, 719, 719, 719, 719, 719, 719, 719, 719, 719, 719, 719, 719, 719, 719, 719, 719, 719, 719], 720, 3042)
best 5 choices:
(4.3935685082646945e+75, [710, 710, 710, 710, 710, 710, 710, 710, 710, 710, 710, 710, 710, 710, 710, 710, 710, 710, 710, 710, 710, 715, 716, 718, 719, 720, 721, 722], 720, 3042)
(4.393568533572074e+75, [711, 711, 711, 711, 711, 711, 711, 711, 711, 711, 711, 711, 711, 711, 711, 711, 711, 711, 711, 714, 716, 718, 719, 720, 721, 722], 720, 3042)
(4.393568543636843e+75, [711, 711, 711, 711, 711, 711, 711, 711, 711, 711, 711, 711, 711, 711, 711, 711, 711, 711, 711, 711, 715, 716, 717, 719, 720, 721, 722], 720, 3042)
(4.393568544134475e+75, [711, 711, 711, 711, 711, 711, 711, 711, 711, 711, 711, 711, 711, 711, 711, 711, 711, 711, 711, 711, 713, 716, 718, 719, 720, 721, 722], 720, 3042)
(4.393568550823293e+75, [711, 711, 711, 711, 711, 711, 711, 711, 711, 711, 711, 711, 711, 711, 711, 711, 711, 711, 711, 711, 712, 713, 716, 717, 719, 720, 721, 722], 720, 3042)
end round with 14 suffixes


======== round 34 ========
todo suffixes: [[715, 716, 719, 720, 721, 722], [714, 716, 719, 720, 721, 722], [715, 719, 720, 721, 722], [718, 720, 721, 722], [717, 720, 721, 722], [716, 720, 721, 722], [719, 721, 722], [718, 721, 722], [717, 721, 722], [720, 722], [719, 722], [721], [720], [718]]
cur_suffix:  [715, 716, 719, 720, 721, 722]
fisrt choice: (4.393568657252739e+75, 713, 20)
baseline:  (4.39356942816903e+75, [719, 719, 719, 719, 719, 719, 719, 719, 719, 719, 719, 719, 719, 719, 719, 719, 719, 719, 719, 719, 719], 720, 3042)
best 5 choices:
(4.3935685082646945e+75, [710, 710, 710, 710, 710, 710, 710, 710, 710, 710, 710, 710, 710, 710, 710, 710, 710, 710, 710, 710, 710, 715, 716, 718, 719, 720, 721, 722], 720, 3042)
(4.393568533572074e+75, [711, 711, 711, 711, 711, 711, 711, 711, 711, 711, 711, 711, 711, 711, 711, 711, 711, 711, 711, 714, 716, 718, 719, 720, 721, 722], 720, 3042)
(4.393568543636843e+75, [711, 711, 711, 711, 711, 711, 711, 711, 711, 711, 711, 711, 711, 711, 711, 711, 711, 711, 711, 711, 715, 716, 717, 719, 720, 721, 722], 720, 3042)
(4.393568544134475e+75, [711, 711, 711, 711, 711, 711, 711, 711, 711, 711, 711, 711, 711, 711, 711, 711, 711, 711, 711, 711, 713, 716, 718, 719, 720, 721, 722], 720, 3042)
(4.393568550823293e+75, [711, 711, 711, 711, 711, 711, 711, 711, 711, 711, 711, 711, 711, 711, 711, 711, 711, 711, 711, 711, 712, 713, 716, 717, 719, 720, 721, 722], 720, 3042)
end round with 15 suffixes


======== round 35 ========
todo suffixes: [[714, 715, 716, 719, 720, 721, 722], [713, 715, 716, 719, 720, 721, 722], [714, 716, 719, 720, 721, 722], [715, 719, 720, 721, 722], [718, 720, 721, 722], [717, 720, 721, 722], [716, 720, 721, 722], [719, 721, 722], [718, 721, 722], [717, 721, 722], [720, 722], [719, 722], [721], [720], [718]]
cur_suffix:  [714, 715, 716, 719, 720, 721, 722]
fisrt choice: (4.39356863811238e+75, 713, 18)
baseline:  (4.39356942816903e+75, [719, 719, 719, 719, 719, 719, 719, 719, 719, 719, 719, 719, 719, 719, 719, 719, 719, 719, 719, 719, 719], 720, 3042)
best 5 choices:
(4.3935685082646945e+75, [710, 710, 710, 710, 710, 710, 710, 710, 710, 710, 710, 710, 710, 710, 710, 710, 710, 710, 710, 710, 710, 715, 716, 718, 719, 720, 721, 722], 720, 3042)
(4.393568533572074e+75, [711, 711, 711, 711, 711, 711, 711, 711, 711, 711, 711, 711, 711, 711, 711, 711, 711, 711, 711, 714, 716, 718, 719, 720, 721, 722], 720, 3042)
(4.393568543636843e+75, [711, 711, 711, 711, 711, 711, 711, 711, 711, 711, 711, 711, 711, 711, 711, 711, 711, 711, 711, 711, 715, 716, 717, 719, 720, 721, 722], 720, 3042)
(4.393568544134475e+75, [711, 711, 711, 711, 711, 711, 711, 711, 711, 711, 711, 711, 711, 711, 711, 711, 711, 711, 711, 711, 713, 716, 718, 719, 720, 721, 722], 720, 3042)
(4.393568550823293e+75, [711, 711, 711, 711, 711, 711, 711, 711, 711, 711, 711, 711, 711, 711, 711, 711, 711, 711, 711, 711, 712, 713, 716, 717, 719, 720, 721, 722], 720, 3042)
end round with 15 suffixes


======== round 36 ========
todo suffixes: [[713, 714, 715, 716, 719, 720, 721, 722], [713, 715, 716, 719, 720, 721, 722], [714, 716, 719, 720, 721, 722], [715, 719, 720, 721, 722], [718, 720, 721, 722], [717, 720, 721, 722], [716, 720, 721, 722], [719, 721, 722], [718, 721, 722], [717, 721, 722], [720, 722], [719, 722], [721], [720], [718]]
cur_suffix:  [713, 714, 715, 716, 719, 720, 721, 722]
fisrt choice: (4.393568598060292e+75, 712, 19)
baseline:  (4.39356942816903e+75, [719, 719, 719, 719, 719, 719, 719, 719, 719, 719, 719, 719, 719, 719, 719, 719, 719, 719, 719, 719, 719], 720, 3042)
best 5 choices:
(4.3935685082646945e+75, [710, 710, 710, 710, 710, 710, 710, 710, 710, 710, 710, 710, 710, 710, 710, 710, 710, 710, 710, 710, 710, 715, 716, 718, 719, 720, 721, 722], 720, 3042)
(4.393568533572074e+75, [711, 711, 711, 711, 711, 711, 711, 711, 711, 711, 711, 711, 711, 711, 711, 711, 711, 711, 711, 714, 716, 718, 719, 720, 721, 722], 720, 3042)
(4.393568543636843e+75, [711, 711, 711, 711, 711, 711, 711, 711, 711, 711, 711, 711, 711, 711, 711, 711, 711, 711, 711, 711, 715, 716, 717, 719, 720, 721, 722], 720, 3042)
(4.393568544134475e+75, [711, 711, 711, 711, 711, 711, 711, 711, 711, 711, 711, 711, 711, 711, 711, 711, 711, 711, 711, 711, 713, 716, 718, 719, 720, 721, 722], 720, 3042)
(4.393568550823293e+75, [711, 711, 711, 711, 711, 711, 711, 711, 711, 711, 711, 711, 711, 711, 711, 711, 711, 711, 711, 711, 712, 713, 716, 717, 719, 720, 721, 722], 720, 3042)
end round with 15 suffixes


======== round 37 ========
todo suffixes: [[712, 713, 714, 715, 716, 719, 720, 721, 722], [713, 715, 716, 719, 720, 721, 722], [714, 716, 719, 720, 721, 722], [715, 719, 720, 721, 722], [718, 720, 721, 722], [717, 720, 721, 722], [716, 720, 721, 722], [719, 721, 722], [718, 721, 722], [717, 721, 722], [720, 722], [719, 722], [721], [720], [718]]
cur_suffix:  [712, 713, 714, 715, 716, 719, 720, 721, 722]
fisrt choice: (4.39356856176508e+75, 711, 20)
baseline:  (4.39356942816903e+75, [719, 719, 719, 719, 719, 719, 719, 719, 719, 719, 719, 719, 719, 719, 719, 719, 719, 719, 719, 719, 719], 720, 3042)
best 5 choices:
(4.3935685082646945e+75, [710, 710, 710, 710, 710, 710, 710, 710, 710, 710, 710, 710, 710, 710, 710, 710, 710, 710, 710, 710, 710, 715, 716, 718, 719, 720, 721, 722], 720, 3042)
(4.393568533572074e+75, [711, 711, 711, 711, 711, 711, 711, 711, 711, 711, 711, 711, 711, 711, 711, 711, 711, 711, 711, 714, 716, 718, 719, 720, 721, 722], 720, 3042)
(4.393568543636843e+75, [711, 711, 711, 711, 711, 711, 711, 711, 711, 711, 711, 711, 711, 711, 711, 711, 711, 711, 711, 711, 715, 716, 717, 719, 720, 721, 722], 720, 3042)
(4.393568544134475e+75, [711, 711, 711, 711, 711, 711, 711, 711, 711, 711, 711, 711, 711, 711, 711, 711, 711, 711, 711, 711, 713, 716, 718, 719, 720, 721, 722], 720, 3042)
(4.393568550823293e+75, [711, 711, 711, 711, 711, 711, 711, 711, 711, 711, 711, 711, 711, 711, 711, 711, 711, 711, 711, 711, 712, 713, 716, 717, 719, 720, 721, 722], 720, 3042)
end round with 14 suffixes


======== round 38 ========
todo suffixes: [[713, 715, 716, 719, 720, 721, 722], [714, 716, 719, 720, 721, 722], [715, 719, 720, 721, 722], [718, 720, 721, 722], [717, 720, 721, 722], [716, 720, 721, 722], [719, 721, 722], [718, 721, 722], [717, 721, 722], [720, 722], [719, 722], [721], [720], [718]]
cur_suffix:  [713, 715, 716, 719, 720, 721, 722]
fisrt choice: (-1, -1, -1)
baseline:  (4.39356942816903e+75, [719, 719, 719, 719, 719, 719, 719, 719, 719, 719, 719, 719, 719, 719, 719, 719, 719, 719, 719, 719, 719], 720, 3042)
the strategy is infeasible, continue


======== round 39 ========
todo suffixes: [[714, 716, 719, 720, 721, 722], [715, 719, 720, 721, 722], [718, 720, 721, 722], [717, 720, 721, 722], [716, 720, 721, 722], [719, 721, 722], [718, 721, 722], [717, 721, 722], [720, 722], [719, 722], [721], [720], [718]]
cur_suffix:  [714, 716, 719, 720, 721, 722]
fisrt choice: (4.3935686750246355e+75, 713, 21)
baseline:  (4.39356942816903e+75, [719, 719, 719, 719, 719, 719, 719, 719, 719, 719, 719, 719, 719, 719, 719, 719, 719, 719, 719, 719, 719], 720, 3042)
best 5 choices:
(4.3935685082646945e+75, [710, 710, 710, 710, 710, 710, 710, 710, 710, 710, 710, 710, 710, 710, 710, 710, 710, 710, 710, 710, 710, 715, 716, 718, 719, 720, 721, 722], 720, 3042)
(4.393568533572074e+75, [711, 711, 711, 711, 711, 711, 711, 711, 711, 711, 711, 711, 711, 711, 711, 711, 711, 711, 711, 714, 716, 718, 719, 720, 721, 722], 720, 3042)
(4.393568543636843e+75, [711, 711, 711, 711, 711, 711, 711, 711, 711, 711, 711, 711, 711, 711, 711, 711, 711, 711, 711, 711, 715, 716, 717, 719, 720, 721, 722], 720, 3042)
(4.393568544134475e+75, [711, 711, 711, 711, 711, 711, 711, 711, 711, 711, 711, 711, 711, 711, 711, 711, 711, 711, 711, 711, 713, 716, 718, 719, 720, 721, 722], 720, 3042)
(4.393568550823293e+75, [711, 711, 711, 711, 711, 711, 711, 711, 711, 711, 711, 711, 711, 711, 711, 711, 711, 711, 711, 711, 712, 713, 716, 717, 719, 720, 721, 722], 720, 3042)
end round with 13 suffixes


======== round 40 ========
todo suffixes: [[713, 714, 716, 719, 720, 721, 722], [715, 719, 720, 721, 722], [718, 720, 721, 722], [717, 720, 721, 722], [716, 720, 721, 722], [719, 721, 722], [718, 721, 722], [717, 721, 722], [720, 722], [719, 722], [721], [720], [718]]
cur_suffix:  [713, 714, 716, 719, 720, 721, 722]
fisrt choice: (-1, -1, -1)
baseline:  (4.39356942816903e+75, [719, 719, 719, 719, 719, 719, 719, 719, 719, 719, 719, 719, 719, 719, 719, 719, 719, 719, 719, 719, 719], 720, 3042)
the strategy is infeasible, continue


======== round 41 ========
todo suffixes: [[715, 719, 720, 721, 722], [718, 720, 721, 722], [717, 720, 721, 722], [716, 720, 721, 722], [719, 721, 722], [718, 721, 722], [717, 721, 722], [720, 722], [719, 722], [721], [720], [718]]
cur_suffix:  [715, 719, 720, 721, 722]
fisrt choice: (4.393568727241477e+75, 714, 20)
baseline:  (4.39356942816903e+75, [719, 719, 719, 719, 719, 719, 719, 719, 719, 719, 719, 719, 719, 719, 719, 719, 719, 719, 719, 719, 719], 720, 3042)
best 5 choices:
(4.3935685082646945e+75, [710, 710, 710, 710, 710, 710, 710, 710, 710, 710, 710, 710, 710, 710, 710, 710, 710, 710, 710, 710, 710, 715, 716, 718, 719, 720, 721, 722], 720, 3042)
(4.393568533572074e+75, [711, 711, 711, 711, 711, 711, 711, 711, 711, 711, 711, 711, 711, 711, 711, 711, 711, 711, 711, 714, 716, 718, 719, 720, 721, 722], 720, 3042)
(4.393568543636843e+75, [711, 711, 711, 711, 711, 711, 711, 711, 711, 711, 711, 711, 711, 711, 711, 711, 711, 711, 711, 711, 715, 716, 717, 719, 720, 721, 722], 720, 3042)
(4.393568544134475e+75, [711, 711, 711, 711, 711, 711, 711, 711, 711, 711, 711, 711, 711, 711, 711, 711, 711, 711, 711, 711, 713, 716, 718, 719, 720, 721, 722], 720, 3042)
(4.393568550823293e+75, [711, 711, 711, 711, 711, 711, 711, 711, 711, 711, 711, 711, 711, 711, 711, 711, 711, 711, 711, 711, 712, 713, 716, 717, 719, 720, 721, 722], 720, 3042)
end round with 12 suffixes


======== round 42 ========
todo suffixes: [[714, 715, 719, 720, 721, 722], [718, 720, 721, 722], [717, 720, 721, 722], [716, 720, 721, 722], [719, 721, 722], [718, 721, 722], [717, 721, 722], [720, 722], [719, 722], [721], [720], [718]]
cur_suffix:  [714, 715, 719, 720, 721, 722]
fisrt choice: (-1, -1, -1)
baseline:  (4.39356942816903e+75, [719, 719, 719, 719, 719, 719, 719, 719, 719, 719, 719, 719, 719, 719, 719, 719, 719, 719, 719, 719, 719], 720, 3042)
the strategy is infeasible, continue


======== round 43 ========
todo suffixes: [[718, 720, 721, 722], [717, 720, 721, 722], [716, 720, 721, 722], [719, 721, 722], [718, 721, 722], [717, 721, 722], [720, 722], [719, 722], [721], [720], [718]]
cur_suffix:  [718, 720, 721, 722]
fisrt choice: (4.39356881676942e+75, 715, 20)
baseline:  (4.39356942816903e+75, [719, 719, 719, 719, 719, 719, 719, 719, 719, 719, 719, 719, 719, 719, 719, 719, 719, 719, 719, 719, 719], 720, 3042)
best 5 choices:
(4.3935685082646945e+75, [710, 710, 710, 710, 710, 710, 710, 710, 710, 710, 710, 710, 710, 710, 710, 710, 710, 710, 710, 710, 710, 715, 716, 718, 719, 720, 721, 722], 720, 3042)
(4.393568533572074e+75, [711, 711, 711, 711, 711, 711, 711, 711, 711, 711, 711, 711, 711, 711, 711, 711, 711, 711, 711, 714, 716, 718, 719, 720, 721, 722], 720, 3042)
(4.393568543636843e+75, [711, 711, 711, 711, 711, 711, 711, 711, 711, 711, 711, 711, 711, 711, 711, 711, 711, 711, 711, 711, 715, 716, 717, 719, 720, 721, 722], 720, 3042)
(4.393568544134475e+75, [711, 711, 711, 711, 711, 711, 711, 711, 711, 711, 711, 711, 711, 711, 711, 711, 711, 711, 711, 711, 713, 716, 718, 719, 720, 721, 722], 720, 3042)
(4.393568550823293e+75, [711, 711, 711, 711, 711, 711, 711, 711, 711, 711, 711, 711, 711, 711, 711, 711, 711, 711, 711, 711, 712, 713, 716, 717, 719, 720, 721, 722], 720, 3042)
end round with 13 suffixes


======== round 44 ========
todo suffixes: [[717, 718, 720, 721, 722], [716, 718, 720, 721, 722], [715, 718, 720, 721, 722], [717, 720, 721, 722], [716, 720, 721, 722], [719, 721, 722], [718, 721, 722], [717, 721, 722], [720, 722], [719, 722], [721], [720], [718]]
cur_suffix:  [717, 718, 720, 721, 722]
fisrt choice: (4.393568730399946e+75, 714, 20)
baseline:  (4.39356942816903e+75, [719, 719, 719, 719, 719, 719, 719, 719, 719, 719, 719, 719, 719, 719, 719, 719, 719, 719, 719, 719, 719], 720, 3042)
best 5 choices:
(4.3935685082646945e+75, [710, 710, 710, 710, 710, 710, 710, 710, 710, 710, 710, 710, 710, 710, 710, 710, 710, 710, 710, 710, 710, 715, 716, 718, 719, 720, 721, 722], 720, 3042)
(4.393568533572074e+75, [711, 711, 711, 711, 711, 711, 711, 711, 711, 711, 711, 711, 711, 711, 711, 711, 711, 711, 711, 714, 716, 718, 719, 720, 721, 722], 720, 3042)
(4.393568543636843e+75, [711, 711, 711, 711, 711, 711, 711, 711, 711, 711, 711, 711, 711, 711, 711, 711, 711, 711, 711, 711, 715, 716, 717, 719, 720, 721, 722], 720, 3042)
(4.393568544134475e+75, [711, 711, 711, 711, 711, 711, 711, 711, 711, 711, 711, 711, 711, 711, 711, 711, 711, 711, 711, 711, 713, 716, 718, 719, 720, 721, 722], 720, 3042)
(4.393568550823293e+75, [711, 711, 711, 711, 711, 711, 711, 711, 711, 711, 711, 711, 711, 711, 711, 711, 711, 711, 711, 711, 712, 713, 716, 717, 719, 720, 721, 722], 720, 3042)
end round with 15 suffixes


======== round 45 ========
todo suffixes: [[716, 717, 718, 720, 721, 722], [715, 717, 718, 720, 721, 722], [714, 717, 718, 720, 721, 722], [716, 718, 720, 721, 722], [715, 718, 720, 721, 722], [717, 720, 721, 722], [716, 720, 721, 722], [719, 721, 722], [718, 721, 722], [717, 721, 722], [720, 722], [719, 722], [721], [720], [718]]
cur_suffix:  [716, 717, 718, 720, 721, 722]
fisrt choice: (4.393568635423674e+75, 713, 19)
baseline:  (4.39356942816903e+75, [719, 719, 719, 719, 719, 719, 719, 719, 719, 719, 719, 719, 719, 719, 719, 719, 719, 719, 719, 719, 719], 720, 3042)
best 5 choices:
(4.3935685082646945e+75, [710, 710, 710, 710, 710, 710, 710, 710, 710, 710, 710, 710, 710, 710, 710, 710, 710, 710, 710, 710, 710, 715, 716, 718, 719, 720, 721, 722], 720, 3042)
(4.393568533572074e+75, [711, 711, 711, 711, 711, 711, 711, 711, 711, 711, 711, 711, 711, 711, 711, 711, 711, 711, 711, 714, 716, 718, 719, 720, 721, 722], 720, 3042)
(4.393568543636843e+75, [711, 711, 711, 711, 711, 711, 711, 711, 711, 711, 711, 711, 711, 711, 711, 711, 711, 711, 711, 711, 715, 716, 717, 719, 720, 721, 722], 720, 3042)
(4.393568544134475e+75, [711, 711, 711, 711, 711, 711, 711, 711, 711, 711, 711, 711, 711, 711, 711, 711, 711, 711, 711, 711, 713, 716, 718, 719, 720, 721, 722], 720, 3042)
(4.393568550823293e+75, [711, 711, 711, 711, 711, 711, 711, 711, 711, 711, 711, 711, 711, 711, 711, 711, 711, 711, 711, 711, 712, 713, 716, 717, 719, 720, 721, 722], 720, 3042)
end round with 17 suffixes


======== round 46 ========
todo suffixes: [[715, 716, 717, 718, 720, 721, 722], [714, 716, 717, 718, 720, 721, 722], [713, 716, 717, 718, 720, 721, 722], [715, 717, 718, 720, 721, 722], [714, 717, 718, 720, 721, 722], [716, 718, 720, 721, 722], [715, 718, 720, 721, 722], [717, 720, 721, 722], [716, 720, 721, 722], [719, 721, 722], [718, 721, 722], [717, 721, 722], [720, 722], [719, 722], [721], [720], [718]]
cur_suffix:  [715, 716, 717, 718, 720, 721, 722]
fisrt choice: (4.393568583446864e+75, 712, 19)
baseline:  (4.39356942816903e+75, [719, 719, 719, 719, 719, 719, 719, 719, 719, 719, 719, 719, 719, 719, 719, 719, 719, 719, 719, 719, 719], 720, 3042)
best 5 choices:
(4.3935685082646945e+75, [710, 710, 710, 710, 710, 710, 710, 710, 710, 710, 710, 710, 710, 710, 710, 710, 710, 710, 710, 710, 710, 715, 716, 718, 719, 720, 721, 722], 720, 3042)
(4.393568533572074e+75, [711, 711, 711, 711, 711, 711, 711, 711, 711, 711, 711, 711, 711, 711, 711, 711, 711, 711, 711, 714, 716, 718, 719, 720, 721, 722], 720, 3042)
(4.393568543636843e+75, [711, 711, 711, 711, 711, 711, 711, 711, 711, 711, 711, 711, 711, 711, 711, 711, 711, 711, 711, 711, 715, 716, 717, 719, 720, 721, 722], 720, 3042)
(4.393568544134475e+75, [711, 711, 711, 711, 711, 711, 711, 711, 711, 711, 711, 711, 711, 711, 711, 711, 711, 711, 711, 711, 713, 716, 718, 719, 720, 721, 722], 720, 3042)
(4.393568550823293e+75, [711, 711, 711, 711, 711, 711, 711, 711, 711, 711, 711, 711, 711, 711, 711, 711, 711, 711, 711, 711, 712, 713, 716, 717, 719, 720, 721, 722], 720, 3042)
end round with 19 suffixes


======== round 47 ========
todo suffixes: [[714, 715, 716, 717, 718, 720, 721, 722], [713, 715, 716, 717, 718, 720, 721, 722], [712, 715, 716, 717, 718, 720, 721, 722], [714, 716, 717, 718, 720, 721, 722], [713, 716, 717, 718, 720, 721, 722], [715, 717, 718, 720, 721, 722], [714, 717, 718, 720, 721, 722], [716, 718, 720, 721, 722], [715, 718, 720, 721, 722], [717, 720, 721, 722], [716, 720, 721, 722], [719, 721, 722], [718, 721, 722], [717, 721, 722], [720, 722], [719, 722], [721], [720], [718]]
cur_suffix:  [714, 715, 716, 717, 718, 720, 721, 722]
fisrt choice: (4.393568508804506e+75, 710, 21)
baseline:  (4.39356942816903e+75, [719, 719, 719, 719, 719, 719, 719, 719, 719, 719, 719, 719, 719, 719, 719, 719, 719, 719, 719, 719, 719], 720, 3042)
best 5 choices:
(4.3935685082646945e+75, [710, 710, 710, 710, 710, 710, 710, 710, 710, 710, 710, 710, 710, 710, 710, 710, 710, 710, 710, 710, 710, 715, 716, 718, 719, 720, 721, 722], 720, 3042)
(4.393568508804506e+75, [710, 710, 710, 710, 710, 710, 710, 710, 710, 710, 710, 710, 710, 710, 710, 710, 710, 710, 710, 710, 710, 714, 715, 716, 717, 718, 720, 721, 722], 720, 3042)
(4.393568533572074e+75, [711, 711, 711, 711, 711, 711, 711, 711, 711, 711, 711, 711, 711, 711, 711, 711, 711, 711, 711, 714, 716, 718, 719, 720, 721, 722], 720, 3042)
(4.393568543636843e+75, [711, 711, 711, 711, 711, 711, 711, 711, 711, 711, 711, 711, 711, 711, 711, 711, 711, 711, 711, 711, 715, 716, 717, 719, 720, 721, 722], 720, 3042)
(4.393568544134475e+75, [711, 711, 711, 711, 711, 711, 711, 711, 711, 711, 711, 711, 711, 711, 711, 711, 711, 711, 711, 711, 713, 716, 718, 719, 720, 721, 722], 720, 3042)
end round with 18 suffixes


======== round 48 ========
todo suffixes: [[713, 715, 716, 717, 718, 720, 721, 722], [712, 715, 716, 717, 718, 720, 721, 722], [714, 716, 717, 718, 720, 721, 722], [713, 716, 717, 718, 720, 721, 722], [715, 717, 718, 720, 721, 722], [714, 717, 718, 720, 721, 722], [716, 718, 720, 721, 722], [715, 718, 720, 721, 722], [717, 720, 721, 722], [716, 720, 721, 722], [719, 721, 722], [718, 721, 722], [717, 721, 722], [720, 722], [719, 722], [721], [720], [718]]
cur_suffix:  [713, 715, 716, 717, 718, 720, 721, 722]
fisrt choice: (4.393568535480348e+75, 711, 19)
baseline:  (4.39356942816903e+75, [719, 719, 719, 719, 719, 719, 719, 719, 719, 719, 719, 719, 719, 719, 719, 719, 719, 719, 719, 719, 719], 720, 3042)
best 5 choices:
(4.3935685082646945e+75, [710, 710, 710, 710, 710, 710, 710, 710, 710, 710, 710, 710, 710, 710, 710, 710, 710, 710, 710, 710, 710, 715, 716, 718, 719, 720, 721, 722], 720, 3042)
(4.393568508804506e+75, [710, 710, 710, 710, 710, 710, 710, 710, 710, 710, 710, 710, 710, 710, 710, 710, 710, 710, 710, 710, 710, 714, 715, 716, 717, 718, 720, 721, 722], 720, 3042)
(4.393568533572074e+75, [711, 711, 711, 711, 711, 711, 711, 711, 711, 711, 711, 711, 711, 711, 711, 711, 711, 711, 711, 714, 716, 718, 719, 720, 721, 722], 720, 3042)
(4.393568535480348e+75, [711, 711, 711, 711, 711, 711, 711, 711, 711, 711, 711, 711, 711, 711, 711, 711, 711, 711, 711, 713, 715, 716, 717, 718, 720, 721, 722], 720, 3042)
(4.393568543636843e+75, [711, 711, 711, 711, 711, 711, 711, 711, 711, 711, 711, 711, 711, 711, 711, 711, 711, 711, 711, 711, 715, 716, 717, 719, 720, 721, 722], 720, 3042)
end round with 17 suffixes


======== round 49 ========
todo suffixes: [[712, 715, 716, 717, 718, 720, 721, 722], [714, 716, 717, 718, 720, 721, 722], [713, 716, 717, 718, 720, 721, 722], [715, 717, 718, 720, 721, 722], [714, 717, 718, 720, 721, 722], [716, 718, 720, 721, 722], [715, 718, 720, 721, 722], [717, 720, 721, 722], [716, 720, 721, 722], [719, 721, 722], [718, 721, 722], [717, 721, 722], [720, 722], [719, 722], [721], [720], [718]]
cur_suffix:  [712, 715, 716, 717, 718, 720, 721, 722]
fisrt choice: (4.393568547151652e+75, 711, 20)
baseline:  (4.39356942816903e+75, [719, 719, 719, 719, 719, 719, 719, 719, 719, 719, 719, 719, 719, 719, 719, 719, 719, 719, 719, 719, 719], 720, 3042)
best 5 choices:
(4.3935685082646945e+75, [710, 710, 710, 710, 710, 710, 710, 710, 710, 710, 710, 710, 710, 710, 710, 710, 710, 710, 710, 710, 710, 715, 716, 718, 719, 720, 721, 722], 720, 3042)
(4.393568508804506e+75, [710, 710, 710, 710, 710, 710, 710, 710, 710, 710, 710, 710, 710, 710, 710, 710, 710, 710, 710, 710, 710, 714, 715, 716, 717, 718, 720, 721, 722], 720, 3042)
(4.393568533572074e+75, [711, 711, 711, 711, 711, 711, 711, 711, 711, 711, 711, 711, 711, 711, 711, 711, 711, 711, 711, 714, 716, 718, 719, 720, 721, 722], 720, 3042)
(4.393568535480348e+75, [711, 711, 711, 711, 711, 711, 711, 711, 711, 711, 711, 711, 711, 711, 711, 711, 711, 711, 711, 713, 715, 716, 717, 718, 720, 721, 722], 720, 3042)
(4.393568543636843e+75, [711, 711, 711, 711, 711, 711, 711, 711, 711, 711, 711, 711, 711, 711, 711, 711, 711, 711, 711, 711, 715, 716, 717, 719, 720, 721, 722], 720, 3042)
end round with 16 suffixes


======== round 50 ========
todo suffixes: [[714, 716, 717, 718, 720, 721, 722], [713, 716, 717, 718, 720, 721, 722], [715, 717, 718, 720, 721, 722], [714, 717, 718, 720, 721, 722], [716, 718, 720, 721, 722], [715, 718, 720, 721, 722], [717, 720, 721, 722], [716, 720, 721, 722], [719, 721, 722], [718, 721, 722], [717, 721, 722], [720, 722], [719, 722], [721], [720], [718]]
cur_suffix:  [714, 716, 717, 718, 720, 721, 722]
fisrt choice: (4.3935685964804895e+75, 712, 20)
baseline:  (4.39356942816903e+75, [719, 719, 719, 719, 719, 719, 719, 719, 719, 719, 719, 719, 719, 719, 719, 719, 719, 719, 719, 719, 719], 720, 3042)
best 5 choices:
(4.3935685082646945e+75, [710, 710, 710, 710, 710, 710, 710, 710, 710, 710, 710, 710, 710, 710, 710, 710, 710, 710, 710, 710, 710, 715, 716, 718, 719, 720, 721, 722], 720, 3042)
(4.393568508804506e+75, [710, 710, 710, 710, 710, 710, 710, 710, 710, 710, 710, 710, 710, 710, 710, 710, 710, 710, 710, 710, 710, 714, 715, 716, 717, 718, 720, 721, 722], 720, 3042)
(4.393568533572074e+75, [711, 711, 711, 711, 711, 711, 711, 711, 711, 711, 711, 711, 711, 711, 711, 711, 711, 711, 711, 714, 716, 718, 719, 720, 721, 722], 720, 3042)
(4.393568535480348e+75, [711, 711, 711, 711, 711, 711, 711, 711, 711, 711, 711, 711, 711, 711, 711, 711, 711, 711, 711, 713, 715, 716, 717, 718, 720, 721, 722], 720, 3042)
(4.393568543636843e+75, [711, 711, 711, 711, 711, 711, 711, 711, 711, 711, 711, 711, 711, 711, 711, 711, 711, 711, 711, 711, 715, 716, 717, 719, 720, 721, 722], 720, 3042)
end round with 17 suffixes


======== round 51 ========
todo suffixes: [[713, 714, 716, 717, 718, 720, 721, 722], [712, 714, 716, 717, 718, 720, 721, 722], [713, 716, 717, 718, 720, 721, 722], [715, 717, 718, 720, 721, 722], [714, 717, 718, 720, 721, 722], [716, 718, 720, 721, 722], [715, 718, 720, 721, 722], [717, 720, 721, 722], [716, 720, 721, 722], [719, 721, 722], [718, 721, 722], [717, 721, 722], [720, 722], [719, 722], [721], [720], [718]]
cur_suffix:  [713, 714, 716, 717, 718, 720, 721, 722]
fisrt choice: (4.393568544674286e+75, 711, 20)
baseline:  (4.39356942816903e+75, [719, 719, 719, 719, 719, 719, 719, 719, 719, 719, 719, 719, 719, 719, 719, 719, 719, 719, 719, 719, 719], 720, 3042)
best 5 choices:
(4.3935685082646945e+75, [710, 710, 710, 710, 710, 710, 710, 710, 710, 710, 710, 710, 710, 710, 710, 710, 710, 710, 710, 710, 710, 715, 716, 718, 719, 720, 721, 722], 720, 3042)
(4.393568508804506e+75, [710, 710, 710, 710, 710, 710, 710, 710, 710, 710, 710, 710, 710, 710, 710, 710, 710, 710, 710, 710, 710, 714, 715, 716, 717, 718, 720, 721, 722], 720, 3042)
(4.393568533572074e+75, [711, 711, 711, 711, 711, 711, 711, 711, 711, 711, 711, 711, 711, 711, 711, 711, 711, 711, 711, 714, 716, 718, 719, 720, 721, 722], 720, 3042)
(4.393568535480348e+75, [711, 711, 711, 711, 711, 711, 711, 711, 711, 711, 711, 711, 711, 711, 711, 711, 711, 711, 711, 713, 715, 716, 717, 718, 720, 721, 722], 720, 3042)
(4.393568543636843e+75, [711, 711, 711, 711, 711, 711, 711, 711, 711, 711, 711, 711, 711, 711, 711, 711, 711, 711, 711, 711, 715, 716, 717, 719, 720, 721, 722], 720, 3042)
end round with 16 suffixes


======== round 52 ========
todo suffixes: [[712, 714, 716, 717, 718, 720, 721, 722], [713, 716, 717, 718, 720, 721, 722], [715, 717, 718, 720, 721, 722], [714, 717, 718, 720, 721, 722], [716, 718, 720, 721, 722], [715, 718, 720, 721, 722], [717, 720, 721, 722], [716, 720, 721, 722], [719, 721, 722], [718, 721, 722], [717, 721, 722], [720, 722], [719, 722], [721], [720], [718]]
cur_suffix:  [712, 714, 716, 717, 718, 720, 721, 722]
fisrt choice: (-1, -1, -1)
baseline:  (4.39356942816903e+75, [719, 719, 719, 719, 719, 719, 719, 719, 719, 719, 719, 719, 719, 719, 719, 719, 719, 719, 719, 719, 719], 720, 3042)
the strategy is infeasible, continue


======== round 53 ========
todo suffixes: [[713, 716, 717, 718, 720, 721, 722], [715, 717, 718, 720, 721, 722], [714, 717, 718, 720, 721, 722], [716, 718, 720, 721, 722], [715, 718, 720, 721, 722], [717, 720, 721, 722], [716, 720, 721, 722], [719, 721, 722], [718, 721, 722], [717, 721, 722], [720, 722], [719, 722], [721], [720], [718]]
cur_suffix:  [713, 716, 717, 718, 720, 721, 722]
fisrt choice: (-1, -1, -1)
baseline:  (4.39356942816903e+75, [719, 719, 719, 719, 719, 719, 719, 719, 719, 719, 719, 719, 719, 719, 719, 719, 719, 719, 719, 719, 719], 720, 3042)
the strategy is infeasible, continue


======== round 54 ========
todo suffixes: [[715, 717, 718, 720, 721, 722], [714, 717, 718, 720, 721, 722], [716, 718, 720, 721, 722], [715, 718, 720, 721, 722], [717, 720, 721, 722], [716, 720, 721, 722], [719, 721, 722], [718, 721, 722], [717, 721, 722], [720, 722], [719, 722], [721], [720], [718]]
cur_suffix:  [715, 717, 718, 720, 721, 722]
fisrt choice: (4.39356865150679e+75, 713, 20)
baseline:  (4.39356942816903e+75, [719, 719, 719, 719, 719, 719, 719, 719, 719, 719, 719, 719, 719, 719, 719, 719, 719, 719, 719, 719, 719], 720, 3042)
best 5 choices:
(4.3935685082646945e+75, [710, 710, 710, 710, 710, 710, 710, 710, 710, 710, 710, 710, 710, 710, 710, 710, 710, 710, 710, 710, 710, 715, 716, 718, 719, 720, 721, 722], 720, 3042)
(4.393568508804506e+75, [710, 710, 710, 710, 710, 710, 710, 710, 710, 710, 710, 710, 710, 710, 710, 710, 710, 710, 710, 710, 710, 714, 715, 716, 717, 718, 720, 721, 722], 720, 3042)
(4.393568533572074e+75, [711, 711, 711, 711, 711, 711, 711, 711, 711, 711, 711, 711, 711, 711, 711, 711, 711, 711, 711, 714, 716, 718, 719, 720, 721, 722], 720, 3042)
(4.393568535480348e+75, [711, 711, 711, 711, 711, 711, 711, 711, 711, 711, 711, 711, 711, 711, 711, 711, 711, 711, 711, 713, 715, 716, 717, 718, 720, 721, 722], 720, 3042)
(4.393568543636843e+75, [711, 711, 711, 711, 711, 711, 711, 711, 711, 711, 711, 711, 711, 711, 711, 711, 711, 711, 711, 711, 715, 716, 717, 719, 720, 721, 722], 720, 3042)
end round with 15 suffixes


======== round 55 ========
todo suffixes: [[714, 715, 717, 718, 720, 721, 722], [713, 715, 717, 718, 720, 721, 722], [714, 717, 718, 720, 721, 722], [716, 718, 720, 721, 722], [715, 718, 720, 721, 722], [717, 720, 721, 722], [716, 720, 721, 722], [719, 721, 722], [718, 721, 722], [717, 721, 722], [720, 722], [719, 722], [721], [720], [718]]
cur_suffix:  [714, 715, 717, 718, 720, 721, 722]
fisrt choice: (4.393568657353965e+75, 713, 19)
baseline:  (4.39356942816903e+75, [719, 719, 719, 719, 719, 719, 719, 719, 719, 719, 719, 719, 719, 719, 719, 719, 719, 719, 719, 719, 719], 720, 3042)
best 5 choices:
(4.3935685082646945e+75, [710, 710, 710, 710, 710, 710, 710, 710, 710, 710, 710, 710, 710, 710, 710, 710, 710, 710, 710, 710, 710, 715, 716, 718, 719, 720, 721, 722], 720, 3042)
(4.393568508804506e+75, [710, 710, 710, 710, 710, 710, 710, 710, 710, 710, 710, 710, 710, 710, 710, 710, 710, 710, 710, 710, 710, 714, 715, 716, 717, 718, 720, 721, 722], 720, 3042)
(4.393568533572074e+75, [711, 711, 711, 711, 711, 711, 711, 711, 711, 711, 711, 711, 711, 711, 711, 711, 711, 711, 711, 714, 716, 718, 719, 720, 721, 722], 720, 3042)
(4.393568535480348e+75, [711, 711, 711, 711, 711, 711, 711, 711, 711, 711, 711, 711, 711, 711, 711, 711, 711, 711, 711, 713, 715, 716, 717, 718, 720, 721, 722], 720, 3042)
(4.393568543636843e+75, [711, 711, 711, 711, 711, 711, 711, 711, 711, 711, 711, 711, 711, 711, 711, 711, 711, 711, 711, 711, 715, 716, 717, 719, 720, 721, 722], 720, 3042)
end round with 15 suffixes


======== round 56 ========
todo suffixes: [[713, 714, 715, 717, 718, 720, 721, 722], [713, 715, 717, 718, 720, 721, 722], [714, 717, 718, 720, 721, 722], [716, 718, 720, 721, 722], [715, 718, 720, 721, 722], [717, 720, 721, 722], [716, 720, 721, 722], [719, 721, 722], [718, 721, 722], [717, 721, 722], [720, 722], [719, 722], [721], [720], [718]]
cur_suffix:  [713, 714, 715, 717, 718, 720, 721, 722]
fisrt choice: (4.3935685923143436e+75, 712, 19)
baseline:  (4.39356942816903e+75, [719, 719, 719, 719, 719, 719, 719, 719, 719, 719, 719, 719, 719, 719, 719, 719, 719, 719, 719, 719, 719], 720, 3042)
best 5 choices:
(4.3935685082646945e+75, [710, 710, 710, 710, 710, 710, 710, 710, 710, 710, 710, 710, 710, 710, 710, 710, 710, 710, 710, 710, 710, 715, 716, 718, 719, 720, 721, 722], 720, 3042)
(4.393568508804506e+75, [710, 710, 710, 710, 710, 710, 710, 710, 710, 710, 710, 710, 710, 710, 710, 710, 710, 710, 710, 710, 710, 714, 715, 716, 717, 718, 720, 721, 722], 720, 3042)
(4.393568533572074e+75, [711, 711, 711, 711, 711, 711, 711, 711, 711, 711, 711, 711, 711, 711, 711, 711, 711, 711, 711, 714, 716, 718, 719, 720, 721, 722], 720, 3042)
(4.393568535480348e+75, [711, 711, 711, 711, 711, 711, 711, 711, 711, 711, 711, 711, 711, 711, 711, 711, 711, 711, 711, 713, 715, 716, 717, 718, 720, 721, 722], 720, 3042)
(4.393568543636843e+75, [711, 711, 711, 711, 711, 711, 711, 711, 711, 711, 711, 711, 711, 711, 711, 711, 711, 711, 711, 711, 715, 716, 717, 719, 720, 721, 722], 720, 3042)
end round with 15 suffixes


======== round 57 ========
todo suffixes: [[712, 713, 714, 715, 717, 718, 720, 721, 722], [713, 715, 717, 718, 720, 721, 722], [714, 717, 718, 720, 721, 722], [716, 718, 720, 721, 722], [715, 718, 720, 721, 722], [717, 720, 721, 722], [716, 720, 721, 722], [719, 721, 722], [718, 721, 722], [717, 721, 722], [720, 722], [719, 722], [721], [720], [718]]
cur_suffix:  [712, 713, 714, 715, 717, 718, 720, 721, 722]
fisrt choice: (4.393568572428707e+75, 711, 21)
baseline:  (4.39356942816903e+75, [719, 719, 719, 719, 719, 719, 719, 719, 719, 719, 719, 719, 719, 719, 719, 719, 719, 719, 719, 719, 719], 720, 3042)
best 5 choices:
(4.3935685082646945e+75, [710, 710, 710, 710, 710, 710, 710, 710, 710, 710, 710, 710, 710, 710, 710, 710, 710, 710, 710, 710, 710, 715, 716, 718, 719, 720, 721, 722], 720, 3042)
(4.393568508804506e+75, [710, 710, 710, 710, 710, 710, 710, 710, 710, 710, 710, 710, 710, 710, 710, 710, 710, 710, 710, 710, 710, 714, 715, 716, 717, 718, 720, 721, 722], 720, 3042)
(4.393568533572074e+75, [711, 711, 711, 711, 711, 711, 711, 711, 711, 711, 711, 711, 711, 711, 711, 711, 711, 711, 711, 714, 716, 718, 719, 720, 721, 722], 720, 3042)
(4.393568535480348e+75, [711, 711, 711, 711, 711, 711, 711, 711, 711, 711, 711, 711, 711, 711, 711, 711, 711, 711, 711, 713, 715, 716, 717, 718, 720, 721, 722], 720, 3042)
(4.393568543636843e+75, [711, 711, 711, 711, 711, 711, 711, 711, 711, 711, 711, 711, 711, 711, 711, 711, 711, 711, 711, 711, 715, 716, 717, 719, 720, 721, 722], 720, 3042)
end round with 14 suffixes


======== round 58 ========
todo suffixes: [[713, 715, 717, 718, 720, 721, 722], [714, 717, 718, 720, 721, 722], [716, 718, 720, 721, 722], [715, 718, 720, 721, 722], [717, 720, 721, 722], [716, 720, 721, 722], [719, 721, 722], [718, 721, 722], [717, 721, 722], [720, 722], [719, 722], [721], [720], [718]]
cur_suffix:  [713, 715, 717, 718, 720, 721, 722]
fisrt choice: (-1, -1, -1)
baseline:  (4.39356942816903e+75, [719, 719, 719, 719, 719, 719, 719, 719, 719, 719, 719, 719, 719, 719, 719, 719, 719, 719, 719, 719, 719], 720, 3042)
the strategy is infeasible, continue


======== round 59 ========
todo suffixes: [[714, 717, 718, 720, 721, 722], [716, 718, 720, 721, 722], [715, 718, 720, 721, 722], [717, 720, 721, 722], [716, 720, 721, 722], [719, 721, 722], [718, 721, 722], [717, 721, 722], [720, 722], [719, 722], [721], [720], [718]]
cur_suffix:  [714, 717, 718, 720, 721, 722]
fisrt choice: (4.393568669278687e+75, 713, 21)
baseline:  (4.39356942816903e+75, [719, 719, 719, 719, 719, 719, 719, 719, 719, 719, 719, 719, 719, 719, 719, 719, 719, 719, 719, 719, 719], 720, 3042)
best 5 choices:
(4.3935685082646945e+75, [710, 710, 710, 710, 710, 710, 710, 710, 710, 710, 710, 710, 710, 710, 710, 710, 710, 710, 710, 710, 710, 715, 716, 718, 719, 720, 721, 722], 720, 3042)
(4.393568508804506e+75, [710, 710, 710, 710, 710, 710, 710, 710, 710, 710, 710, 710, 710, 710, 710, 710, 710, 710, 710, 710, 710, 714, 715, 716, 717, 718, 720, 721, 722], 720, 3042)
(4.393568533572074e+75, [711, 711, 711, 711, 711, 711, 711, 711, 711, 711, 711, 711, 711, 711, 711, 711, 711, 711, 711, 714, 716, 718, 719, 720, 721, 722], 720, 3042)
(4.393568535480348e+75, [711, 711, 711, 711, 711, 711, 711, 711, 711, 711, 711, 711, 711, 711, 711, 711, 711, 711, 711, 713, 715, 716, 717, 718, 720, 721, 722], 720, 3042)
(4.393568543636843e+75, [711, 711, 711, 711, 711, 711, 711, 711, 711, 711, 711, 711, 711, 711, 711, 711, 711, 711, 711, 711, 715, 716, 717, 719, 720, 721, 722], 720, 3042)
end round with 13 suffixes


======== round 60 ========
todo suffixes: [[713, 714, 717, 718, 720, 721, 722], [716, 718, 720, 721, 722], [715, 718, 720, 721, 722], [717, 720, 721, 722], [716, 720, 721, 722], [719, 721, 722], [718, 721, 722], [717, 721, 722], [720, 722], [719, 722], [721], [720], [718]]
cur_suffix:  [713, 714, 717, 718, 720, 721, 722]
fisrt choice: (-1, -1, -1)
baseline:  (4.39356942816903e+75, [719, 719, 719, 719, 719, 719, 719, 719, 719, 719, 719, 719, 719, 719, 719, 719, 719, 719, 719, 719, 719], 720, 3042)
the strategy is infeasible, continue


======== round 61 ========
todo suffixes: [[716, 718, 720, 721, 722], [715, 718, 720, 721, 722], [717, 720, 721, 722], [716, 720, 721, 722], [719, 721, 722], [718, 721, 722], [717, 721, 722], [720, 722], [719, 722], [721], [720], [718]]
cur_suffix:  [716, 718, 720, 721, 722]
fisrt choice: (4.393568719411441e+75, 714, 20)
baseline:  (4.39356942816903e+75, [719, 719, 719, 719, 719, 719, 719, 719, 719, 719, 719, 719, 719, 719, 719, 719, 719, 719, 719, 719, 719], 720, 3042)
best 5 choices:
(4.3935685082646945e+75, [710, 710, 710, 710, 710, 710, 710, 710, 710, 710, 710, 710, 710, 710, 710, 710, 710, 710, 710, 710, 710, 715, 716, 718, 719, 720, 721, 722], 720, 3042)
(4.393568508804506e+75, [710, 710, 710, 710, 710, 710, 710, 710, 710, 710, 710, 710, 710, 710, 710, 710, 710, 710, 710, 710, 710, 714, 715, 716, 717, 718, 720, 721, 722], 720, 3042)
(4.393568533572074e+75, [711, 711, 711, 711, 711, 711, 711, 711, 711, 711, 711, 711, 711, 711, 711, 711, 711, 711, 711, 714, 716, 718, 719, 720, 721, 722], 720, 3042)
(4.393568535480348e+75, [711, 711, 711, 711, 711, 711, 711, 711, 711, 711, 711, 711, 711, 711, 711, 711, 711, 711, 711, 713, 715, 716, 717, 718, 720, 721, 722], 720, 3042)
(4.393568543636843e+75, [711, 711, 711, 711, 711, 711, 711, 711, 711, 711, 711, 711, 711, 711, 711, 711, 711, 711, 711, 711, 715, 716, 717, 719, 720, 721, 722], 720, 3042)
end round with 13 suffixes


======== round 62 ========
todo suffixes: [[715, 716, 718, 720, 721, 722], [714, 716, 718, 720, 721, 722], [715, 718, 720, 721, 722], [717, 720, 721, 722], [716, 720, 721, 722], [719, 721, 722], [718, 721, 722], [717, 721, 722], [720, 722], [719, 722], [721], [720], [718]]
cur_suffix:  [715, 716, 718, 720, 721, 722]
fisrt choice: (4.393568726627078e+75, 714, 19)
baseline:  (4.39356942816903e+75, [719, 719, 719, 719, 719, 719, 719, 719, 719, 719, 719, 719, 719, 719, 719, 719, 719, 719, 719, 719, 719], 720, 3042)
best 5 choices:
(4.3935685082646945e+75, [710, 710, 710, 710, 710, 710, 710, 710, 710, 710, 710, 710, 710, 710, 710, 710, 710, 710, 710, 710, 710, 715, 716, 718, 719, 720, 721, 722], 720, 3042)
(4.393568508804506e+75, [710, 710, 710, 710, 710, 710, 710, 710, 710, 710, 710, 710, 710, 710, 710, 710, 710, 710, 710, 710, 710, 714, 715, 716, 717, 718, 720, 721, 722], 720, 3042)
(4.393568533572074e+75, [711, 711, 711, 711, 711, 711, 711, 711, 711, 711, 711, 711, 711, 711, 711, 711, 711, 711, 711, 714, 716, 718, 719, 720, 721, 722], 720, 3042)
(4.393568535480348e+75, [711, 711, 711, 711, 711, 711, 711, 711, 711, 711, 711, 711, 711, 711, 711, 711, 711, 711, 711, 713, 715, 716, 717, 718, 720, 721, 722], 720, 3042)
(4.393568543636843e+75, [711, 711, 711, 711, 711, 711, 711, 711, 711, 711, 711, 711, 711, 711, 711, 711, 711, 711, 711, 711, 715, 716, 717, 719, 720, 721, 722], 720, 3042)
end round with 13 suffixes


======== round 63 ========
todo suffixes: [[714, 715, 716, 718, 720, 721, 722], [714, 716, 718, 720, 721, 722], [715, 718, 720, 721, 722], [717, 720, 721, 722], [716, 720, 721, 722], [719, 721, 722], [718, 721, 722], [717, 721, 722], [720, 722], [719, 722], [721], [720], [718]]
cur_suffix:  [714, 715, 716, 718, 720, 721, 722]
fisrt choice: (4.393568671352994e+75, 713, 20)
baseline:  (4.39356942816903e+75, [719, 719, 719, 719, 719, 719, 719, 719, 719, 719, 719, 719, 719, 719, 719, 719, 719, 719, 719, 719, 719], 720, 3042)
best 5 choices:
(4.3935685082646945e+75, [710, 710, 710, 710, 710, 710, 710, 710, 710, 710, 710, 710, 710, 710, 710, 710, 710, 710, 710, 710, 710, 715, 716, 718, 719, 720, 721, 722], 720, 3042)
(4.393568508804506e+75, [710, 710, 710, 710, 710, 710, 710, 710, 710, 710, 710, 710, 710, 710, 710, 710, 710, 710, 710, 710, 710, 714, 715, 716, 717, 718, 720, 721, 722], 720, 3042)
(4.393568533572074e+75, [711, 711, 711, 711, 711, 711, 711, 711, 711, 711, 711, 711, 711, 711, 711, 711, 711, 711, 711, 714, 716, 718, 719, 720, 721, 722], 720, 3042)
(4.393568535480348e+75, [711, 711, 711, 711, 711, 711, 711, 711, 711, 711, 711, 711, 711, 711, 711, 711, 711, 711, 711, 713, 715, 716, 717, 718, 720, 721, 722], 720, 3042)
(4.393568543636843e+75, [711, 711, 711, 711, 711, 711, 711, 711, 711, 711, 711, 711, 711, 711, 711, 711, 711, 711, 711, 711, 715, 716, 717, 719, 720, 721, 722], 720, 3042)
end round with 13 suffixes


======== round 64 ========
todo suffixes: [[713, 714, 715, 716, 718, 720, 721, 722], [714, 716, 718, 720, 721, 722], [715, 718, 720, 721, 722], [717, 720, 721, 722], [716, 720, 721, 722], [719, 721, 722], [718, 721, 722], [717, 721, 722], [720, 722], [719, 722], [721], [720], [718]]
cur_suffix:  [713, 714, 715, 716, 718, 720, 721, 722]
fisrt choice: (-1, -1, -1)
baseline:  (4.39356942816903e+75, [719, 719, 719, 719, 719, 719, 719, 719, 719, 719, 719, 719, 719, 719, 719, 719, 719, 719, 719, 719, 719], 720, 3042)
the strategy is infeasible, continue


======== round 65 ========
todo suffixes: [[714, 716, 718, 720, 721, 722], [715, 718, 720, 721, 722], [717, 720, 721, 722], [716, 720, 721, 722], [719, 721, 722], [718, 721, 722], [717, 721, 722], [720, 722], [719, 722], [721], [720], [718]]
cur_suffix:  [714, 716, 718, 720, 721, 722]
fisrt choice: (-1, -1, -1)
baseline:  (4.39356942816903e+75, [719, 719, 719, 719, 719, 719, 719, 719, 719, 719, 719, 719, 719, 719, 719, 719, 719, 719, 719, 719, 719], 720, 3042)
the strategy is infeasible, continue


======== round 66 ========
todo suffixes: [[715, 718, 720, 721, 722], [717, 720, 721, 722], [716, 720, 721, 722], [719, 721, 722], [718, 721, 722], [717, 721, 722], [720, 722], [719, 722], [721], [720], [718]]
cur_suffix:  [715, 718, 720, 721, 722]
fisrt choice: (-1, -1, -1)
baseline:  (4.39356942816903e+75, [719, 719, 719, 719, 719, 719, 719, 719, 719, 719, 719, 719, 719, 719, 719, 719, 719, 719, 719, 719, 719], 720, 3042)
the strategy is infeasible, continue


======== round 67 ========
todo suffixes: [[717, 720, 721, 722], [716, 720, 721, 722], [719, 721, 722], [718, 721, 722], [717, 721, 722], [720, 722], [719, 722], [721], [720], [718]]
cur_suffix:  [717, 720, 721, 722]
fisrt choice: (4.393568841259322e+75, 715, 21)
baseline:  (4.39356942816903e+75, [719, 719, 719, 719, 719, 719, 719, 719, 719, 719, 719, 719, 719, 719, 719, 719, 719, 719, 719, 719, 719], 720, 3042)
best 5 choices:
(4.3935685082646945e+75, [710, 710, 710, 710, 710, 710, 710, 710, 710, 710, 710, 710, 710, 710, 710, 710, 710, 710, 710, 710, 710, 715, 716, 718, 719, 720, 721, 722], 720, 3042)
(4.393568508804506e+75, [710, 710, 710, 710, 710, 710, 710, 710, 710, 710, 710, 710, 710, 710, 710, 710, 710, 710, 710, 710, 710, 714, 715, 716, 717, 718, 720, 721, 722], 720, 3042)
(4.393568533572074e+75, [711, 711, 711, 711, 711, 711, 711, 711, 711, 711, 711, 711, 711, 711, 711, 711, 711, 711, 711, 714, 716, 718, 719, 720, 721, 722], 720, 3042)
(4.393568535480348e+75, [711, 711, 711, 711, 711, 711, 711, 711, 711, 711, 711, 711, 711, 711, 711, 711, 711, 711, 711, 713, 715, 716, 717, 718, 720, 721, 722], 720, 3042)
(4.393568543636843e+75, [711, 711, 711, 711, 711, 711, 711, 711, 711, 711, 711, 711, 711, 711, 711, 711, 711, 711, 711, 711, 715, 716, 717, 719, 720, 721, 722], 720, 3042)
end round with 11 suffixes


======== round 68 ========
todo suffixes: [[716, 717, 720, 721, 722], [715, 717, 720, 721, 722], [716, 720, 721, 722], [719, 721, 722], [718, 721, 722], [717, 721, 722], [720, 722], [719, 722], [721], [720], [718]]
cur_suffix:  [716, 717, 720, 721, 722]
fisrt choice: (4.393568812113393e+75, 715, 19)
baseline:  (4.39356942816903e+75, [719, 719, 719, 719, 719, 719, 719, 719, 719, 719, 719, 719, 719, 719, 719, 719, 719, 719, 719, 719, 719], 720, 3042)
best 5 choices:
(4.3935685082646945e+75, [710, 710, 710, 710, 710, 710, 710, 710, 710, 710, 710, 710, 710, 710, 710, 710, 710, 710, 710, 710, 710, 715, 716, 718, 719, 720, 721, 722], 720, 3042)
(4.393568508804506e+75, [710, 710, 710, 710, 710, 710, 710, 710, 710, 710, 710, 710, 710, 710, 710, 710, 710, 710, 710, 710, 710, 714, 715, 716, 717, 718, 720, 721, 722], 720, 3042)
(4.393568533572074e+75, [711, 711, 711, 711, 711, 711, 711, 711, 711, 711, 711, 711, 711, 711, 711, 711, 711, 711, 711, 714, 716, 718, 719, 720, 721, 722], 720, 3042)
(4.393568535480348e+75, [711, 711, 711, 711, 711, 711, 711, 711, 711, 711, 711, 711, 711, 711, 711, 711, 711, 711, 711, 713, 715, 716, 717, 718, 720, 721, 722], 720, 3042)
(4.393568543636843e+75, [711, 711, 711, 711, 711, 711, 711, 711, 711, 711, 711, 711, 711, 711, 711, 711, 711, 711, 711, 711, 715, 716, 717, 719, 720, 721, 722], 720, 3042)
end round with 11 suffixes


======== round 69 ========
todo suffixes: [[715, 716, 717, 720, 721, 722], [715, 717, 720, 721, 722], [716, 720, 721, 722], [719, 721, 722], [718, 721, 722], [717, 721, 722], [720, 722], [719, 722], [721], [720], [718]]
cur_suffix:  [715, 716, 717, 720, 721, 722]
fisrt choice: (4.393568743901343e+75, 714, 20)
baseline:  (4.39356942816903e+75, [719, 719, 719, 719, 719, 719, 719, 719, 719, 719, 719, 719, 719, 719, 719, 719, 719, 719, 719, 719, 719], 720, 3042)
best 5 choices:
(4.3935685082646945e+75, [710, 710, 710, 710, 710, 710, 710, 710, 710, 710, 710, 710, 710, 710, 710, 710, 710, 710, 710, 710, 710, 715, 716, 718, 719, 720, 721, 722], 720, 3042)
(4.393568508804506e+75, [710, 710, 710, 710, 710, 710, 710, 710, 710, 710, 710, 710, 710, 710, 710, 710, 710, 710, 710, 710, 710, 714, 715, 716, 717, 718, 720, 721, 722], 720, 3042)
(4.393568533572074e+75, [711, 711, 711, 711, 711, 711, 711, 711, 711, 711, 711, 711, 711, 711, 711, 711, 711, 711, 711, 714, 716, 718, 719, 720, 721, 722], 720, 3042)
(4.393568535480348e+75, [711, 711, 711, 711, 711, 711, 711, 711, 711, 711, 711, 711, 711, 711, 711, 711, 711, 711, 711, 713, 715, 716, 717, 718, 720, 721, 722], 720, 3042)
(4.393568543636843e+75, [711, 711, 711, 711, 711, 711, 711, 711, 711, 711, 711, 711, 711, 711, 711, 711, 711, 711, 711, 711, 715, 716, 717, 719, 720, 721, 722], 720, 3042)
end round with 11 suffixes


======== round 70 ========
todo suffixes: [[714, 715, 716, 717, 720, 721, 722], [715, 717, 720, 721, 722], [716, 720, 721, 722], [719, 721, 722], [718, 721, 722], [717, 721, 722], [720, 722], [719, 722], [721], [720], [718]]
cur_suffix:  [714, 715, 716, 717, 720, 721, 722]
fisrt choice: (-1, -1, -1)
baseline:  (4.39356942816903e+75, [719, 719, 719, 719, 719, 719, 719, 719, 719, 719, 719, 719, 719, 719, 719, 719, 719, 719, 719, 719, 719], 720, 3042)
the strategy is infeasible, continue


======== round 71 ========
todo suffixes: [[715, 717, 720, 721, 722], [716, 720, 721, 722], [719, 721, 722], [718, 721, 722], [717, 721, 722], [720, 722], [719, 722], [721], [720], [718]]
cur_suffix:  [715, 717, 720, 721, 722]
fisrt choice: (-1, -1, -1)
baseline:  (4.39356942816903e+75, [719, 719, 719, 719, 719, 719, 719, 719, 719, 719, 719, 719, 719, 719, 719, 719, 719, 719, 719, 719, 719], 720, 3042)
the strategy is infeasible, continue


======== round 72 ========
todo suffixes: [[716, 720, 721, 722], [719, 721, 722], [718, 721, 722], [717, 721, 722], [720, 722], [719, 722], [721], [720], [718]]
cur_suffix:  [716, 720, 721, 722]
fisrt choice: (-1, -1, -1)
baseline:  (4.39356942816903e+75, [719, 719, 719, 719, 719, 719, 719, 719, 719, 719, 719, 719, 719, 719, 719, 719, 719, 719, 719, 719, 719], 720, 3042)
the strategy is infeasible, continue


======== round 73 ========
todo suffixes: [[719, 721, 722], [718, 721, 722], [717, 721, 722], [720, 722], [719, 722], [721], [720], [718]]
cur_suffix:  [719, 721, 722]
fisrt choice: (4.393568902702565e+75, 716, 20)
baseline:  (4.39356942816903e+75, [719, 719, 719, 719, 719, 719, 719, 719, 719, 719, 719, 719, 719, 719, 719, 719, 719, 719, 719, 719, 719], 720, 3042)
best 5 choices:
(4.3935685082646945e+75, [710, 710, 710, 710, 710, 710, 710, 710, 710, 710, 710, 710, 710, 710, 710, 710, 710, 710, 710, 710, 710, 715, 716, 718, 719, 720, 721, 722], 720, 3042)
(4.393568508804506e+75, [710, 710, 710, 710, 710, 710, 710, 710, 710, 710, 710, 710, 710, 710, 710, 710, 710, 710, 710, 710, 710, 714, 715, 716, 717, 718, 720, 721, 722], 720, 3042)
(4.393568533572074e+75, [711, 711, 711, 711, 711, 711, 711, 711, 711, 711, 711, 711, 711, 711, 711, 711, 711, 711, 711, 714, 716, 718, 719, 720, 721, 722], 720, 3042)
(4.393568535480348e+75, [711, 711, 711, 711, 711, 711, 711, 711, 711, 711, 711, 711, 711, 711, 711, 711, 711, 711, 711, 713, 715, 716, 717, 718, 720, 721, 722], 720, 3042)
(4.393568543636843e+75, [711, 711, 711, 711, 711, 711, 711, 711, 711, 711, 711, 711, 711, 711, 711, 711, 711, 711, 711, 711, 715, 716, 717, 719, 720, 721, 722], 720, 3042)
end round with 10 suffixes


======== round 74 ========
todo suffixes: [[718, 719, 721, 722], [717, 719, 721, 722], [716, 719, 721, 722], [718, 721, 722], [717, 721, 722], [720, 722], [719, 722], [721], [720], [718]]
cur_suffix:  [718, 719, 721, 722]
fisrt choice: (4.393568834168277e+75, 715, 21)
baseline:  (4.39356942816903e+75, [719, 719, 719, 719, 719, 719, 719, 719, 719, 719, 719, 719, 719, 719, 719, 719, 719, 719, 719, 719, 719], 720, 3042)
best 5 choices:
(4.3935685082646945e+75, [710, 710, 710, 710, 710, 710, 710, 710, 710, 710, 710, 710, 710, 710, 710, 710, 710, 710, 710, 710, 710, 715, 716, 718, 719, 720, 721, 722], 720, 3042)
(4.393568508804506e+75, [710, 710, 710, 710, 710, 710, 710, 710, 710, 710, 710, 710, 710, 710, 710, 710, 710, 710, 710, 710, 710, 714, 715, 716, 717, 718, 720, 721, 722], 720, 3042)
(4.393568533572074e+75, [711, 711, 711, 711, 711, 711, 711, 711, 711, 711, 711, 711, 711, 711, 711, 711, 711, 711, 711, 714, 716, 718, 719, 720, 721, 722], 720, 3042)
(4.393568535480348e+75, [711, 711, 711, 711, 711, 711, 711, 711, 711, 711, 711, 711, 711, 711, 711, 711, 711, 711, 711, 713, 715, 716, 717, 718, 720, 721, 722], 720, 3042)
(4.393568543636843e+75, [711, 711, 711, 711, 711, 711, 711, 711, 711, 711, 711, 711, 711, 711, 711, 711, 711, 711, 711, 711, 715, 716, 717, 719, 720, 721, 722], 720, 3042)
end round with 12 suffixes


======== round 75 ========
todo suffixes: [[717, 718, 719, 721, 722], [716, 718, 719, 721, 722], [715, 718, 719, 721, 722], [717, 719, 721, 722], [716, 719, 721, 722], [718, 721, 722], [717, 721, 722], [720, 722], [719, 722], [721], [720], [718]]
cur_suffix:  [717, 718, 719, 721, 722]
fisrt choice: (4.3935687779605076e+75, 715, 18)
baseline:  (4.39356942816903e+75, [719, 719, 719, 719, 719, 719, 719, 719, 719, 719, 719, 719, 719, 719, 719, 719, 719, 719, 719, 719, 719], 720, 3042)
best 5 choices:
(4.3935685082646945e+75, [710, 710, 710, 710, 710, 710, 710, 710, 710, 710, 710, 710, 710, 710, 710, 710, 710, 710, 710, 710, 710, 715, 716, 718, 719, 720, 721, 722], 720, 3042)
(4.393568508804506e+75, [710, 710, 710, 710, 710, 710, 710, 710, 710, 710, 710, 710, 710, 710, 710, 710, 710, 710, 710, 710, 710, 714, 715, 716, 717, 718, 720, 721, 722], 720, 3042)
(4.393568533572074e+75, [711, 711, 711, 711, 711, 711, 711, 711, 711, 711, 711, 711, 711, 711, 711, 711, 711, 711, 711, 714, 716, 718, 719, 720, 721, 722], 720, 3042)
(4.393568535480348e+75, [711, 711, 711, 711, 711, 711, 711, 711, 711, 711, 711, 711, 711, 711, 711, 711, 711, 711, 711, 713, 715, 716, 717, 718, 720, 721, 722], 720, 3042)
(4.393568543636843e+75, [711, 711, 711, 711, 711, 711, 711, 711, 711, 711, 711, 711, 711, 711, 711, 711, 711, 711, 711, 711, 715, 716, 717, 719, 720, 721, 722], 720, 3042)
end round with 13 suffixes


======== round 76 ========
todo suffixes: [[716, 717, 718, 719, 721, 722], [715, 717, 718, 719, 721, 722], [716, 718, 719, 721, 722], [715, 718, 719, 721, 722], [717, 719, 721, 722], [716, 719, 721, 722], [718, 721, 722], [717, 721, 722], [720, 722], [719, 722], [721], [720], [718]]
cur_suffix:  [716, 717, 718, 719, 721, 722]
fisrt choice: (4.393568664747253e+75, 713, 21)
baseline:  (4.39356942816903e+75, [719, 719, 719, 719, 719, 719, 719, 719, 719, 719, 719, 719, 719, 719, 719, 719, 719, 719, 719, 719, 719], 720, 3042)
best 5 choices:
(4.3935685082646945e+75, [710, 710, 710, 710, 710, 710, 710, 710, 710, 710, 710, 710, 710, 710, 710, 710, 710, 710, 710, 710, 710, 715, 716, 718, 719, 720, 721, 722], 720, 3042)
(4.393568508804506e+75, [710, 710, 710, 710, 710, 710, 710, 710, 710, 710, 710, 710, 710, 710, 710, 710, 710, 710, 710, 710, 710, 714, 715, 716, 717, 718, 720, 721, 722], 720, 3042)
(4.393568533572074e+75, [711, 711, 711, 711, 711, 711, 711, 711, 711, 711, 711, 711, 711, 711, 711, 711, 711, 711, 711, 714, 716, 718, 719, 720, 721, 722], 720, 3042)
(4.393568535480348e+75, [711, 711, 711, 711, 711, 711, 711, 711, 711, 711, 711, 711, 711, 711, 711, 711, 711, 711, 711, 713, 715, 716, 717, 718, 720, 721, 722], 720, 3042)
(4.393568543636843e+75, [711, 711, 711, 711, 711, 711, 711, 711, 711, 711, 711, 711, 711, 711, 711, 711, 711, 711, 711, 711, 715, 716, 717, 719, 720, 721, 722], 720, 3042)
end round with 15 suffixes


======== round 77 ========
todo suffixes: [[715, 716, 717, 718, 719, 721, 722], [714, 716, 717, 718, 719, 721, 722], [713, 716, 717, 718, 719, 721, 722], [715, 717, 718, 719, 721, 722], [716, 718, 719, 721, 722], [715, 718, 719, 721, 722], [717, 719, 721, 722], [716, 719, 721, 722], [718, 721, 722], [717, 721, 722], [720, 722], [719, 722], [721], [720], [718]]
cur_suffix:  [715, 716, 717, 718, 719, 721, 722]
fisrt choice: (4.393568627834997e+75, 713, 18)
baseline:  (4.39356942816903e+75, [719, 719, 719, 719, 719, 719, 719, 719, 719, 719, 719, 719, 719, 719, 719, 719, 719, 719, 719, 719, 719], 720, 3042)
best 5 choices:
(4.3935685082646945e+75, [710, 710, 710, 710, 710, 710, 710, 710, 710, 710, 710, 710, 710, 710, 710, 710, 710, 710, 710, 710, 710, 715, 716, 718, 719, 720, 721, 722], 720, 3042)
(4.393568508804506e+75, [710, 710, 710, 710, 710, 710, 710, 710, 710, 710, 710, 710, 710, 710, 710, 710, 710, 710, 710, 710, 710, 714, 715, 716, 717, 718, 720, 721, 722], 720, 3042)
(4.393568533572074e+75, [711, 711, 711, 711, 711, 711, 711, 711, 711, 711, 711, 711, 711, 711, 711, 711, 711, 711, 711, 714, 716, 718, 719, 720, 721, 722], 720, 3042)
(4.393568535480348e+75, [711, 711, 711, 711, 711, 711, 711, 711, 711, 711, 711, 711, 711, 711, 711, 711, 711, 711, 711, 713, 715, 716, 717, 718, 720, 721, 722], 720, 3042)
(4.393568543636843e+75, [711, 711, 711, 711, 711, 711, 711, 711, 711, 711, 711, 711, 711, 711, 711, 711, 711, 711, 711, 711, 715, 716, 717, 719, 720, 721, 722], 720, 3042)
end round with 16 suffixes


======== round 78 ========
todo suffixes: [[714, 715, 716, 717, 718, 719, 721, 722], [713, 715, 716, 717, 718, 719, 721, 722], [714, 716, 717, 718, 719, 721, 722], [713, 716, 717, 718, 719, 721, 722], [715, 717, 718, 719, 721, 722], [716, 718, 719, 721, 722], [715, 718, 719, 721, 722], [717, 719, 721, 722], [716, 719, 721, 722], [718, 721, 722], [717, 721, 722], [720, 722], [719, 722], [721], [720], [718]]
cur_suffix:  [714, 715, 716, 717, 718, 719, 721, 722]
fisrt choice: (4.393568553495185e+75, 711, 21)
baseline:  (4.39356942816903e+75, [719, 719, 719, 719, 719, 719, 719, 719, 719, 719, 719, 719, 719, 719, 719, 719, 719, 719, 719, 719, 719], 720, 3042)
best 5 choices:
(4.3935685082646945e+75, [710, 710, 710, 710, 710, 710, 710, 710, 710, 710, 710, 710, 710, 710, 710, 710, 710, 710, 710, 710, 710, 715, 716, 718, 719, 720, 721, 722], 720, 3042)
(4.393568508804506e+75, [710, 710, 710, 710, 710, 710, 710, 710, 710, 710, 710, 710, 710, 710, 710, 710, 710, 710, 710, 710, 710, 714, 715, 716, 717, 718, 720, 721, 722], 720, 3042)
(4.393568533572074e+75, [711, 711, 711, 711, 711, 711, 711, 711, 711, 711, 711, 711, 711, 711, 711, 711, 711, 711, 711, 714, 716, 718, 719, 720, 721, 722], 720, 3042)
(4.393568535480348e+75, [711, 711, 711, 711, 711, 711, 711, 711, 711, 711, 711, 711, 711, 711, 711, 711, 711, 711, 711, 713, 715, 716, 717, 718, 720, 721, 722], 720, 3042)
(4.393568543636843e+75, [711, 711, 711, 711, 711, 711, 711, 711, 711, 711, 711, 711, 711, 711, 711, 711, 711, 711, 711, 711, 715, 716, 717, 719, 720, 721, 722], 720, 3042)
end round with 15 suffixes


======== round 79 ========
todo suffixes: [[713, 715, 716, 717, 718, 719, 721, 722], [714, 716, 717, 718, 719, 721, 722], [713, 716, 717, 718, 719, 721, 722], [715, 717, 718, 719, 721, 722], [716, 718, 719, 721, 722], [715, 718, 719, 721, 722], [717, 719, 721, 722], [716, 719, 721, 722], [718, 721, 722], [717, 721, 722], [720, 722], [719, 722], [721], [720], [718]]
cur_suffix:  [713, 715, 716, 717, 718, 719, 721, 722]
fisrt choice: (4.393568587782909e+75, 712, 19)
baseline:  (4.39356942816903e+75, [719, 719, 719, 719, 719, 719, 719, 719, 719, 719, 719, 719, 719, 719, 719, 719, 719, 719, 719, 719, 719], 720, 3042)
best 5 choices:
(4.3935685082646945e+75, [710, 710, 710, 710, 710, 710, 710, 710, 710, 710, 710, 710, 710, 710, 710, 710, 710, 710, 710, 710, 710, 715, 716, 718, 719, 720, 721, 722], 720, 3042)
(4.393568508804506e+75, [710, 710, 710, 710, 710, 710, 710, 710, 710, 710, 710, 710, 710, 710, 710, 710, 710, 710, 710, 710, 710, 714, 715, 716, 717, 718, 720, 721, 722], 720, 3042)
(4.393568533572074e+75, [711, 711, 711, 711, 711, 711, 711, 711, 711, 711, 711, 711, 711, 711, 711, 711, 711, 711, 711, 714, 716, 718, 719, 720, 721, 722], 720, 3042)
(4.393568535480348e+75, [711, 711, 711, 711, 711, 711, 711, 711, 711, 711, 711, 711, 711, 711, 711, 711, 711, 711, 711, 713, 715, 716, 717, 718, 720, 721, 722], 720, 3042)
(4.393568543636843e+75, [711, 711, 711, 711, 711, 711, 711, 711, 711, 711, 711, 711, 711, 711, 711, 711, 711, 711, 711, 711, 715, 716, 717, 719, 720, 721, 722], 720, 3042)
end round with 15 suffixes


======== round 80 ========
todo suffixes: [[712, 713, 715, 716, 717, 718, 719, 721, 722], [714, 716, 717, 718, 719, 721, 722], [713, 716, 717, 718, 719, 721, 722], [715, 717, 718, 719, 721, 722], [716, 718, 719, 721, 722], [715, 718, 719, 721, 722], [717, 719, 721, 722], [716, 719, 721, 722], [718, 721, 722], [717, 721, 722], [720, 722], [719, 722], [721], [720], [718]]
cur_suffix:  [712, 713, 715, 716, 717, 718, 719, 721, 722]
fisrt choice: (4.393568567897273e+75, 711, 21)
baseline:  (4.39356942816903e+75, [719, 719, 719, 719, 719, 719, 719, 719, 719, 719, 719, 719, 719, 719, 719, 719, 719, 719, 719, 719, 719], 720, 3042)
best 5 choices:
(4.3935685082646945e+75, [710, 710, 710, 710, 710, 710, 710, 710, 710, 710, 710, 710, 710, 710, 710, 710, 710, 710, 710, 710, 710, 715, 716, 718, 719, 720, 721, 722], 720, 3042)
(4.393568508804506e+75, [710, 710, 710, 710, 710, 710, 710, 710, 710, 710, 710, 710, 710, 710, 710, 710, 710, 710, 710, 710, 710, 714, 715, 716, 717, 718, 720, 721, 722], 720, 3042)
(4.393568533572074e+75, [711, 711, 711, 711, 711, 711, 711, 711, 711, 711, 711, 711, 711, 711, 711, 711, 711, 711, 711, 714, 716, 718, 719, 720, 721, 722], 720, 3042)
(4.393568535480348e+75, [711, 711, 711, 711, 711, 711, 711, 711, 711, 711, 711, 711, 711, 711, 711, 711, 711, 711, 711, 713, 715, 716, 717, 718, 720, 721, 722], 720, 3042)
(4.393568543636843e+75, [711, 711, 711, 711, 711, 711, 711, 711, 711, 711, 711, 711, 711, 711, 711, 711, 711, 711, 711, 711, 715, 716, 717, 719, 720, 721, 722], 720, 3042)
end round with 14 suffixes


======== round 81 ========
todo suffixes: [[714, 716, 717, 718, 719, 721, 722], [713, 716, 717, 718, 719, 721, 722], [715, 717, 718, 719, 721, 722], [716, 718, 719, 721, 722], [715, 718, 719, 721, 722], [717, 719, 721, 722], [716, 719, 721, 722], [718, 721, 722], [717, 721, 722], [720, 722], [719, 722], [721], [720], [718]]
cur_suffix:  [714, 716, 717, 718, 719, 721, 722]
fisrt choice: (4.393568645606894e+75, 713, 19)
baseline:  (4.39356942816903e+75, [719, 719, 719, 719, 719, 719, 719, 719, 719, 719, 719, 719, 719, 719, 719, 719, 719, 719, 719, 719, 719], 720, 3042)
best 5 choices:
(4.3935685082646945e+75, [710, 710, 710, 710, 710, 710, 710, 710, 710, 710, 710, 710, 710, 710, 710, 710, 710, 710, 710, 710, 710, 715, 716, 718, 719, 720, 721, 722], 720, 3042)
(4.393568508804506e+75, [710, 710, 710, 710, 710, 710, 710, 710, 710, 710, 710, 710, 710, 710, 710, 710, 710, 710, 710, 710, 710, 714, 715, 716, 717, 718, 720, 721, 722], 720, 3042)
(4.393568533572074e+75, [711, 711, 711, 711, 711, 711, 711, 711, 711, 711, 711, 711, 711, 711, 711, 711, 711, 711, 711, 714, 716, 718, 719, 720, 721, 722], 720, 3042)
(4.393568535480348e+75, [711, 711, 711, 711, 711, 711, 711, 711, 711, 711, 711, 711, 711, 711, 711, 711, 711, 711, 711, 713, 715, 716, 717, 718, 720, 721, 722], 720, 3042)
(4.393568543636843e+75, [711, 711, 711, 711, 711, 711, 711, 711, 711, 711, 711, 711, 711, 711, 711, 711, 711, 711, 711, 711, 715, 716, 717, 719, 720, 721, 722], 720, 3042)
end round with 14 suffixes


======== round 82 ========
todo suffixes: [[713, 714, 716, 717, 718, 719, 721, 722], [713, 716, 717, 718, 719, 721, 722], [715, 717, 718, 719, 721, 722], [716, 718, 719, 721, 722], [715, 718, 719, 721, 722], [717, 719, 721, 722], [716, 719, 721, 722], [718, 721, 722], [717, 721, 722], [720, 722], [719, 722], [721], [720], [718]]
cur_suffix:  [713, 714, 716, 717, 718, 719, 721, 722]
fisrt choice: (4.393568600816535e+75, 712, 20)
baseline:  (4.39356942816903e+75, [719, 719, 719, 719, 719, 719, 719, 719, 719, 719, 719, 719, 719, 719, 719, 719, 719, 719, 719, 719, 719], 720, 3042)
best 5 choices:
(4.3935685082646945e+75, [710, 710, 710, 710, 710, 710, 710, 710, 710, 710, 710, 710, 710, 710, 710, 710, 710, 710, 710, 710, 710, 715, 716, 718, 719, 720, 721, 722], 720, 3042)
(4.393568508804506e+75, [710, 710, 710, 710, 710, 710, 710, 710, 710, 710, 710, 710, 710, 710, 710, 710, 710, 710, 710, 710, 710, 714, 715, 716, 717, 718, 720, 721, 722], 720, 3042)
(4.393568533572074e+75, [711, 711, 711, 711, 711, 711, 711, 711, 711, 711, 711, 711, 711, 711, 711, 711, 711, 711, 711, 714, 716, 718, 719, 720, 721, 722], 720, 3042)
(4.393568535480348e+75, [711, 711, 711, 711, 711, 711, 711, 711, 711, 711, 711, 711, 711, 711, 711, 711, 711, 711, 711, 713, 715, 716, 717, 718, 720, 721, 722], 720, 3042)
(4.393568543636843e+75, [711, 711, 711, 711, 711, 711, 711, 711, 711, 711, 711, 711, 711, 711, 711, 711, 711, 711, 711, 711, 715, 716, 717, 719, 720, 721, 722], 720, 3042)
end round with 14 suffixes


======== round 83 ========
todo suffixes: [[712, 713, 714, 716, 717, 718, 719, 721, 722], [713, 716, 717, 718, 719, 721, 722], [715, 717, 718, 719, 721, 722], [716, 718, 719, 721, 722], [715, 718, 719, 721, 722], [717, 719, 721, 722], [716, 719, 721, 722], [718, 721, 722], [717, 721, 722], [720, 722], [719, 722], [721], [720], [718]]
cur_suffix:  [712, 713, 714, 716, 717, 718, 719, 721, 722]
fisrt choice: (-1, -1, -1)
baseline:  (4.39356942816903e+75, [719, 719, 719, 719, 719, 719, 719, 719, 719, 719, 719, 719, 719, 719, 719, 719, 719, 719, 719, 719, 719], 720, 3042)
the strategy is infeasible, continue


======== round 84 ========
todo suffixes: [[713, 716, 717, 718, 719, 721, 722], [715, 717, 718, 719, 721, 722], [716, 718, 719, 721, 722], [715, 718, 719, 721, 722], [717, 719, 721, 722], [716, 719, 721, 722], [718, 721, 722], [717, 721, 722], [720, 722], [719, 722], [721], [720], [718]]
cur_suffix:  [713, 716, 717, 718, 719, 721, 722]
fisrt choice: (-1, -1, -1)
baseline:  (4.39356942816903e+75, [719, 719, 719, 719, 719, 719, 719, 719, 719, 719, 719, 719, 719, 719, 719, 719, 719, 719, 719, 719, 719], 720, 3042)
the strategy is infeasible, continue


======== round 85 ========
todo suffixes: [[715, 717, 718, 719, 721, 722], [716, 718, 719, 721, 722], [715, 718, 719, 721, 722], [717, 719, 721, 722], [716, 719, 721, 722], [718, 721, 722], [717, 721, 722], [720, 722], [719, 722], [721], [720], [718]]
cur_suffix:  [715, 717, 718, 719, 721, 722]
fisrt choice: (4.3935687169640946e+75, 714, 19)
baseline:  (4.39356942816903e+75, [719, 719, 719, 719, 719, 719, 719, 719, 719, 719, 719, 719, 719, 719, 719, 719, 719, 719, 719, 719, 719], 720, 3042)
best 5 choices:
(4.3935685082646945e+75, [710, 710, 710, 710, 710, 710, 710, 710, 710, 710, 710, 710, 710, 710, 710, 710, 710, 710, 710, 710, 710, 715, 716, 718, 719, 720, 721, 722], 720, 3042)
(4.393568508804506e+75, [710, 710, 710, 710, 710, 710, 710, 710, 710, 710, 710, 710, 710, 710, 710, 710, 710, 710, 710, 710, 710, 714, 715, 716, 717, 718, 720, 721, 722], 720, 3042)
(4.393568533572074e+75, [711, 711, 711, 711, 711, 711, 711, 711, 711, 711, 711, 711, 711, 711, 711, 711, 711, 711, 711, 714, 716, 718, 719, 720, 721, 722], 720, 3042)
(4.393568535480348e+75, [711, 711, 711, 711, 711, 711, 711, 711, 711, 711, 711, 711, 711, 711, 711, 711, 711, 711, 711, 713, 715, 716, 717, 718, 720, 721, 722], 720, 3042)
(4.393568543636843e+75, [711, 711, 711, 711, 711, 711, 711, 711, 711, 711, 711, 711, 711, 711, 711, 711, 711, 711, 711, 711, 715, 716, 717, 719, 720, 721, 722], 720, 3042)
end round with 12 suffixes


======== round 86 ========
todo suffixes: [[714, 715, 717, 718, 719, 721, 722], [716, 718, 719, 721, 722], [715, 718, 719, 721, 722], [717, 719, 721, 722], [716, 719, 721, 722], [718, 721, 722], [717, 721, 722], [720, 722], [719, 722], [721], [720], [718]]
cur_suffix:  [714, 715, 717, 718, 719, 721, 722]
fisrt choice: (4.3935686616900105e+75, 713, 20)
baseline:  (4.39356942816903e+75, [719, 719, 719, 719, 719, 719, 719, 719, 719, 719, 719, 719, 719, 719, 719, 719, 719, 719, 719, 719, 719], 720, 3042)
best 5 choices:
(4.3935685082646945e+75, [710, 710, 710, 710, 710, 710, 710, 710, 710, 710, 710, 710, 710, 710, 710, 710, 710, 710, 710, 710, 710, 715, 716, 718, 719, 720, 721, 722], 720, 3042)
(4.393568508804506e+75, [710, 710, 710, 710, 710, 710, 710, 710, 710, 710, 710, 710, 710, 710, 710, 710, 710, 710, 710, 710, 710, 714, 715, 716, 717, 718, 720, 721, 722], 720, 3042)
(4.393568533572074e+75, [711, 711, 711, 711, 711, 711, 711, 711, 711, 711, 711, 711, 711, 711, 711, 711, 711, 711, 711, 714, 716, 718, 719, 720, 721, 722], 720, 3042)
(4.393568535480348e+75, [711, 711, 711, 711, 711, 711, 711, 711, 711, 711, 711, 711, 711, 711, 711, 711, 711, 711, 711, 713, 715, 716, 717, 718, 720, 721, 722], 720, 3042)
(4.393568543636843e+75, [711, 711, 711, 711, 711, 711, 711, 711, 711, 711, 711, 711, 711, 711, 711, 711, 711, 711, 711, 711, 715, 716, 717, 719, 720, 721, 722], 720, 3042)
end round with 12 suffixes


======== round 87 ========
todo suffixes: [[713, 714, 715, 717, 718, 719, 721, 722], [716, 718, 719, 721, 722], [715, 718, 719, 721, 722], [717, 719, 721, 722], [716, 719, 721, 722], [718, 721, 722], [717, 721, 722], [720, 722], [719, 722], [721], [720], [718]]
cur_suffix:  [713, 714, 715, 717, 718, 719, 721, 722]
fisrt choice: (-1, -1, -1)
baseline:  (4.39356942816903e+75, [719, 719, 719, 719, 719, 719, 719, 719, 719, 719, 719, 719, 719, 719, 719, 719, 719, 719, 719, 719, 719], 720, 3042)
the strategy is infeasible, continue


======== round 88 ========
todo suffixes: [[716, 718, 719, 721, 722], [715, 718, 719, 721, 722], [717, 719, 721, 722], [716, 719, 721, 722], [718, 721, 722], [717, 721, 722], [720, 722], [719, 722], [721], [720], [718]]
cur_suffix:  [716, 718, 719, 721, 722]
fisrt choice: (4.393568805022349e+75, 715, 19)
baseline:  (4.39356942816903e+75, [719, 719, 719, 719, 719, 719, 719, 719, 719, 719, 719, 719, 719, 719, 719, 719, 719, 719, 719, 719, 719], 720, 3042)
best 5 choices:
(4.3935685082646945e+75, [710, 710, 710, 710, 710, 710, 710, 710, 710, 710, 710, 710, 710, 710, 710, 710, 710, 710, 710, 710, 710, 715, 716, 718, 719, 720, 721, 722], 720, 3042)
(4.393568508804506e+75, [710, 710, 710, 710, 710, 710, 710, 710, 710, 710, 710, 710, 710, 710, 710, 710, 710, 710, 710, 710, 710, 714, 715, 716, 717, 718, 720, 721, 722], 720, 3042)
(4.393568533572074e+75, [711, 711, 711, 711, 711, 711, 711, 711, 711, 711, 711, 711, 711, 711, 711, 711, 711, 711, 711, 714, 716, 718, 719, 720, 721, 722], 720, 3042)
(4.393568535480348e+75, [711, 711, 711, 711, 711, 711, 711, 711, 711, 711, 711, 711, 711, 711, 711, 711, 711, 711, 711, 713, 715, 716, 717, 718, 720, 721, 722], 720, 3042)
(4.393568543636843e+75, [711, 711, 711, 711, 711, 711, 711, 711, 711, 711, 711, 711, 711, 711, 711, 711, 711, 711, 711, 711, 715, 716, 717, 719, 720, 721, 722], 720, 3042)
end round with 11 suffixes


======== round 89 ========
todo suffixes: [[715, 716, 718, 719, 721, 722], [715, 718, 719, 721, 722], [717, 719, 721, 722], [716, 719, 721, 722], [718, 721, 722], [717, 721, 722], [720, 722], [719, 722], [721], [720], [718]]
cur_suffix:  [715, 716, 718, 719, 721, 722]
fisrt choice: (4.3935687368102985e+75, 714, 20)
baseline:  (4.39356942816903e+75, [719, 719, 719, 719, 719, 719, 719, 719, 719, 719, 719, 719, 719, 719, 719, 719, 719, 719, 719, 719, 719], 720, 3042)
best 5 choices:
(4.3935685082646945e+75, [710, 710, 710, 710, 710, 710, 710, 710, 710, 710, 710, 710, 710, 710, 710, 710, 710, 710, 710, 710, 710, 715, 716, 718, 719, 720, 721, 722], 720, 3042)
(4.393568508804506e+75, [710, 710, 710, 710, 710, 710, 710, 710, 710, 710, 710, 710, 710, 710, 710, 710, 710, 710, 710, 710, 710, 714, 715, 716, 717, 718, 720, 721, 722], 720, 3042)
(4.393568533572074e+75, [711, 711, 711, 711, 711, 711, 711, 711, 711, 711, 711, 711, 711, 711, 711, 711, 711, 711, 711, 714, 716, 718, 719, 720, 721, 722], 720, 3042)
(4.393568535480348e+75, [711, 711, 711, 711, 711, 711, 711, 711, 711, 711, 711, 711, 711, 711, 711, 711, 711, 711, 711, 713, 715, 716, 717, 718, 720, 721, 722], 720, 3042)
(4.393568543636843e+75, [711, 711, 711, 711, 711, 711, 711, 711, 711, 711, 711, 711, 711, 711, 711, 711, 711, 711, 711, 711, 715, 716, 717, 719, 720, 721, 722], 720, 3042)
end round with 11 suffixes


======== round 90 ========
todo suffixes: [[714, 715, 716, 718, 719, 721, 722], [715, 718, 719, 721, 722], [717, 719, 721, 722], [716, 719, 721, 722], [718, 721, 722], [717, 721, 722], [720, 722], [719, 722], [721], [720], [718]]
cur_suffix:  [714, 715, 716, 718, 719, 721, 722]
fisrt choice: (-1, -1, -1)
baseline:  (4.39356942816903e+75, [719, 719, 719, 719, 719, 719, 719, 719, 719, 719, 719, 719, 719, 719, 719, 719, 719, 719, 719, 719, 719], 720, 3042)
the strategy is infeasible, continue


======== round 91 ========
todo suffixes: [[715, 718, 719, 721, 722], [717, 719, 721, 722], [716, 719, 721, 722], [718, 721, 722], [717, 721, 722], [720, 722], [719, 722], [721], [720], [718]]
cur_suffix:  [715, 718, 719, 721, 722]
fisrt choice: (-1, -1, -1)
baseline:  (4.39356942816903e+75, [719, 719, 719, 719, 719, 719, 719, 719, 719, 719, 719, 719, 719, 719, 719, 719, 719, 719, 719, 719, 719], 720, 3042)
the strategy is infeasible, continue


======== round 92 ========
todo suffixes: [[717, 719, 721, 722], [716, 719, 721, 722], [718, 721, 722], [717, 721, 722], [720, 722], [719, 722], [721], [720], [718]]
cur_suffix:  [717, 719, 721, 722]
fisrt choice: (4.39356891369107e+75, 716, 19)
baseline:  (4.39356942816903e+75, [719, 719, 719, 719, 719, 719, 719, 719, 719, 719, 719, 719, 719, 719, 719, 719, 719, 719, 719, 719, 719], 720, 3042)
best 5 choices:
(4.3935685082646945e+75, [710, 710, 710, 710, 710, 710, 710, 710, 710, 710, 710, 710, 710, 710, 710, 710, 710, 710, 710, 710, 710, 715, 716, 718, 719, 720, 721, 722], 720, 3042)
(4.393568508804506e+75, [710, 710, 710, 710, 710, 710, 710, 710, 710, 710, 710, 710, 710, 710, 710, 710, 710, 710, 710, 710, 710, 714, 715, 716, 717, 718, 720, 721, 722], 720, 3042)
(4.393568533572074e+75, [711, 711, 711, 711, 711, 711, 711, 711, 711, 711, 711, 711, 711, 711, 711, 711, 711, 711, 711, 714, 716, 718, 719, 720, 721, 722], 720, 3042)
(4.393568535480348e+75, [711, 711, 711, 711, 711, 711, 711, 711, 711, 711, 711, 711, 711, 711, 711, 711, 711, 711, 711, 713, 715, 716, 717, 718, 720, 721, 722], 720, 3042)
(4.393568543636843e+75, [711, 711, 711, 711, 711, 711, 711, 711, 711, 711, 711, 711, 711, 711, 711, 711, 711, 711, 711, 711, 715, 716, 717, 719, 720, 721, 722], 720, 3042)
end round with 9 suffixes


======== round 93 ========
todo suffixes: [[716, 717, 719, 721, 722], [716, 719, 721, 722], [718, 721, 722], [717, 721, 722], [720, 722], [719, 722], [721], [720], [718]]
cur_suffix:  [716, 717, 719, 721, 722]
fisrt choice: (4.393568829512251e+75, 715, 20)
baseline:  (4.39356942816903e+75, [719, 719, 719, 719, 719, 719, 719, 719, 719, 719, 719, 719, 719, 719, 719, 719, 719, 719, 719, 719, 719], 720, 3042)
best 5 choices:
(4.3935685082646945e+75, [710, 710, 710, 710, 710, 710, 710, 710, 710, 710, 710, 710, 710, 710, 710, 710, 710, 710, 710, 710, 710, 715, 716, 718, 719, 720, 721, 722], 720, 3042)
(4.393568508804506e+75, [710, 710, 710, 710, 710, 710, 710, 710, 710, 710, 710, 710, 710, 710, 710, 710, 710, 710, 710, 710, 710, 714, 715, 716, 717, 718, 720, 721, 722], 720, 3042)
(4.393568533572074e+75, [711, 711, 711, 711, 711, 711, 711, 711, 711, 711, 711, 711, 711, 711, 711, 711, 711, 711, 711, 714, 716, 718, 719, 720, 721, 722], 720, 3042)
(4.393568535480348e+75, [711, 711, 711, 711, 711, 711, 711, 711, 711, 711, 711, 711, 711, 711, 711, 711, 711, 711, 711, 713, 715, 716, 717, 718, 720, 721, 722], 720, 3042)
(4.393568543636843e+75, [711, 711, 711, 711, 711, 711, 711, 711, 711, 711, 711, 711, 711, 711, 711, 711, 711, 711, 711, 711, 715, 716, 717, 719, 720, 721, 722], 720, 3042)
end round with 9 suffixes


======== round 94 ========
todo suffixes: [[715, 716, 717, 719, 721, 722], [716, 719, 721, 722], [718, 721, 722], [717, 721, 722], [720, 722], [719, 722], [721], [720], [718]]
cur_suffix:  [715, 716, 717, 719, 721, 722]
fisrt choice: (-1, -1, -1)
baseline:  (4.39356942816903e+75, [719, 719, 719, 719, 719, 719, 719, 719, 719, 719, 719, 719, 719, 719, 719, 719, 719, 719, 719, 719, 719], 720, 3042)
the strategy is infeasible, continue


======== round 95 ========
todo suffixes: [[716, 719, 721, 722], [718, 721, 722], [717, 721, 722], [720, 722], [719, 722], [721], [720], [718]]
cur_suffix:  [716, 719, 721, 722]
fisrt choice: (-1, -1, -1)
baseline:  (4.39356942816903e+75, [719, 719, 719, 719, 719, 719, 719, 719, 719, 719, 719, 719, 719, 719, 719, 719, 719, 719, 719, 719, 719], 720, 3042)
the strategy is infeasible, continue


======== round 96 ========
todo suffixes: [[718, 721, 722], [717, 721, 722], [720, 722], [719, 722], [721], [720], [718]]
cur_suffix:  [718, 721, 722]
fisrt choice: (4.393569047794945e+75, 717, 19)
baseline:  (4.39356942816903e+75, [719, 719, 719, 719, 719, 719, 719, 719, 719, 719, 719, 719, 719, 719, 719, 719, 719, 719, 719, 719, 719], 720, 3042)
best 5 choices:
(4.3935685082646945e+75, [710, 710, 710, 710, 710, 710, 710, 710, 710, 710, 710, 710, 710, 710, 710, 710, 710, 710, 710, 710, 710, 715, 716, 718, 719, 720, 721, 722], 720, 3042)
(4.393568508804506e+75, [710, 710, 710, 710, 710, 710, 710, 710, 710, 710, 710, 710, 710, 710, 710, 710, 710, 710, 710, 710, 710, 714, 715, 716, 717, 718, 720, 721, 722], 720, 3042)
(4.393568533572074e+75, [711, 711, 711, 711, 711, 711, 711, 711, 711, 711, 711, 711, 711, 711, 711, 711, 711, 711, 711, 714, 716, 718, 719, 720, 721, 722], 720, 3042)
(4.393568535480348e+75, [711, 711, 711, 711, 711, 711, 711, 711, 711, 711, 711, 711, 711, 711, 711, 711, 711, 711, 711, 713, 715, 716, 717, 718, 720, 721, 722], 720, 3042)
(4.393568543636843e+75, [711, 711, 711, 711, 711, 711, 711, 711, 711, 711, 711, 711, 711, 711, 711, 711, 711, 711, 711, 711, 715, 716, 717, 719, 720, 721, 722], 720, 3042)
end round with 7 suffixes


======== round 97 ========
todo suffixes: [[717, 718, 721, 722], [717, 721, 722], [720, 722], [719, 722], [721], [720], [718]]
cur_suffix:  [717, 718, 721, 722]
fisrt choice: (4.393568896956617e+75, 716, 19)
baseline:  (4.39356942816903e+75, [719, 719, 719, 719, 719, 719, 719, 719, 719, 719, 719, 719, 719, 719, 719, 719, 719, 719, 719, 719, 719], 720, 3042)
best 5 choices:
(4.3935685082646945e+75, [710, 710, 710, 710, 710, 710, 710, 710, 710, 710, 710, 710, 710, 710, 710, 710, 710, 710, 710, 710, 710, 715, 716, 718, 719, 720, 721, 722], 720, 3042)
(4.393568508804506e+75, [710, 710, 710, 710, 710, 710, 710, 710, 710, 710, 710, 710, 710, 710, 710, 710, 710, 710, 710, 710, 710, 714, 715, 716, 717, 718, 720, 721, 722], 720, 3042)
(4.393568533572074e+75, [711, 711, 711, 711, 711, 711, 711, 711, 711, 711, 711, 711, 711, 711, 711, 711, 711, 711, 711, 714, 716, 718, 719, 720, 721, 722], 720, 3042)
(4.393568535480348e+75, [711, 711, 711, 711, 711, 711, 711, 711, 711, 711, 711, 711, 711, 711, 711, 711, 711, 711, 711, 713, 715, 716, 717, 718, 720, 721, 722], 720, 3042)
(4.393568543636843e+75, [711, 711, 711, 711, 711, 711, 711, 711, 711, 711, 711, 711, 711, 711, 711, 711, 711, 711, 711, 711, 715, 716, 717, 719, 720, 721, 722], 720, 3042)
end round with 7 suffixes


======== round 98 ========
todo suffixes: [[716, 717, 718, 721, 722], [717, 721, 722], [720, 722], [719, 722], [721], [720], [718]]
cur_suffix:  [716, 717, 718, 721, 722]
fisrt choice: (4.393568850828143e+75, 715, 21)
baseline:  (4.39356942816903e+75, [719, 719, 719, 719, 719, 719, 719, 719, 719, 719, 719, 719, 719, 719, 719, 719, 719, 719, 719, 719, 719], 720, 3042)
best 5 choices:
(4.3935685082646945e+75, [710, 710, 710, 710, 710, 710, 710, 710, 710, 710, 710, 710, 710, 710, 710, 710, 710, 710, 710, 710, 710, 715, 716, 718, 719, 720, 721, 722], 720, 3042)
(4.393568508804506e+75, [710, 710, 710, 710, 710, 710, 710, 710, 710, 710, 710, 710, 710, 710, 710, 710, 710, 710, 710, 710, 710, 714, 715, 716, 717, 718, 720, 721, 722], 720, 3042)
(4.393568533572074e+75, [711, 711, 711, 711, 711, 711, 711, 711, 711, 711, 711, 711, 711, 711, 711, 711, 711, 711, 711, 714, 716, 718, 719, 720, 721, 722], 720, 3042)
(4.393568535480348e+75, [711, 711, 711, 711, 711, 711, 711, 711, 711, 711, 711, 711, 711, 711, 711, 711, 711, 711, 711, 713, 715, 716, 717, 718, 720, 721, 722], 720, 3042)
(4.393568543636843e+75, [711, 711, 711, 711, 711, 711, 711, 711, 711, 711, 711, 711, 711, 711, 711, 711, 711, 711, 711, 711, 715, 716, 717, 719, 720, 721, 722], 720, 3042)
end round with 7 suffixes


======== round 99 ========
todo suffixes: [[715, 716, 717, 718, 721, 722], [717, 721, 722], [720, 722], [719, 722], [721], [720], [718]]
cur_suffix:  [715, 716, 717, 718, 721, 722]
fisrt choice: (-1, -1, -1)
baseline:  (4.39356942816903e+75, [719, 719, 719, 719, 719, 719, 719, 719, 719, 719, 719, 719, 719, 719, 719, 719, 719, 719, 719, 719, 719], 720, 3042)
the strategy is infeasible, continue


======== round 100 ========
todo suffixes: [[717, 721, 722], [720, 722], [719, 722], [721], [720], [718]]
cur_suffix:  [717, 721, 722]
fisrt choice: (-1, -1, -1)
baseline:  (4.39356942816903e+75, [719, 719, 719, 719, 719, 719, 719, 719, 719, 719, 719, 719, 719, 719, 719, 719, 719, 719, 719, 719, 719], 720, 3042)
the strategy is infeasible, continue


======== round 101 ========
todo suffixes: [[720, 722], [719, 722], [721], [720], [718]]
cur_suffix:  [720, 722]
fisrt choice: (4.393569066692252e+75, 717, 21)
baseline:  (4.39356942816903e+75, [719, 719, 719, 719, 719, 719, 719, 719, 719, 719, 719, 719, 719, 719, 719, 719, 719, 719, 719, 719, 719], 720, 3042)
best 5 choices:
(4.3935685082646945e+75, [710, 710, 710, 710, 710, 710, 710, 710, 710, 710, 710, 710, 710, 710, 710, 710, 710, 710, 710, 710, 710, 715, 716, 718, 719, 720, 721, 722], 720, 3042)
(4.393568508804506e+75, [710, 710, 710, 710, 710, 710, 710, 710, 710, 710, 710, 710, 710, 710, 710, 710, 710, 710, 710, 710, 710, 714, 715, 716, 717, 718, 720, 721, 722], 720, 3042)
(4.393568533572074e+75, [711, 711, 711, 711, 711, 711, 711, 711, 711, 711, 711, 711, 711, 711, 711, 711, 711, 711, 711, 714, 716, 718, 719, 720, 721, 722], 720, 3042)
(4.393568535480348e+75, [711, 711, 711, 711, 711, 711, 711, 711, 711, 711, 711, 711, 711, 711, 711, 711, 711, 711, 711, 713, 715, 716, 717, 718, 720, 721, 722], 720, 3042)
(4.393568543636843e+75, [711, 711, 711, 711, 711, 711, 711, 711, 711, 711, 711, 711, 711, 711, 711, 711, 711, 711, 711, 711, 715, 716, 717, 719, 720, 721, 722], 720, 3042)
end round with 7 suffixes


======== round 102 ========
todo suffixes: [[719, 720, 722], [718, 720, 722], [717, 720, 722], [719, 722], [721], [720], [718]]
cur_suffix:  [719, 720, 722]
fisrt choice: (4.393569039043881e+75, 717, 19)
baseline:  (4.39356942816903e+75, [719, 719, 719, 719, 719, 719, 719, 719, 719, 719, 719, 719, 719, 719, 719, 719, 719, 719, 719, 719, 719], 720, 3042)
best 5 choices:
(4.3935685082646945e+75, [710, 710, 710, 710, 710, 710, 710, 710, 710, 710, 710, 710, 710, 710, 710, 710, 710, 710, 710, 710, 710, 715, 716, 718, 719, 720, 721, 722], 720, 3042)
(4.393568508804506e+75, [710, 710, 710, 710, 710, 710, 710, 710, 710, 710, 710, 710, 710, 710, 710, 710, 710, 710, 710, 710, 710, 714, 715, 716, 717, 718, 720, 721, 722], 720, 3042)
(4.393568533572074e+75, [711, 711, 711, 711, 711, 711, 711, 711, 711, 711, 711, 711, 711, 711, 711, 711, 711, 711, 711, 714, 716, 718, 719, 720, 721, 722], 720, 3042)
(4.393568535480348e+75, [711, 711, 711, 711, 711, 711, 711, 711, 711, 711, 711, 711, 711, 711, 711, 711, 711, 711, 711, 713, 715, 716, 717, 718, 720, 721, 722], 720, 3042)
(4.393568543636843e+75, [711, 711, 711, 711, 711, 711, 711, 711, 711, 711, 711, 711, 711, 711, 711, 711, 711, 711, 711, 711, 715, 716, 717, 719, 720, 721, 722], 720, 3042)
end round with 8 suffixes


======== round 103 ========
todo suffixes: [[718, 719, 720, 722], [717, 719, 720, 722], [718, 720, 722], [717, 720, 722], [719, 722], [721], [720], [718]]
cur_suffix:  [718, 719, 720, 722]
fisrt choice: (4.393568901765997e+75, 716, 19)
baseline:  (4.39356942816903e+75, [719, 719, 719, 719, 719, 719, 719, 719, 719, 719, 719, 719, 719, 719, 719, 719, 719, 719, 719, 719, 719], 720, 3042)
best 5 choices:
(4.3935685082646945e+75, [710, 710, 710, 710, 710, 710, 710, 710, 710, 710, 710, 710, 710, 710, 710, 710, 710, 710, 710, 710, 710, 715, 716, 718, 719, 720, 721, 722], 720, 3042)
(4.393568508804506e+75, [710, 710, 710, 710, 710, 710, 710, 710, 710, 710, 710, 710, 710, 710, 710, 710, 710, 710, 710, 710, 710, 714, 715, 716, 717, 718, 720, 721, 722], 720, 3042)
(4.393568533572074e+75, [711, 711, 711, 711, 711, 711, 711, 711, 711, 711, 711, 711, 711, 711, 711, 711, 711, 711, 711, 714, 716, 718, 719, 720, 721, 722], 720, 3042)
(4.393568535480348e+75, [711, 711, 711, 711, 711, 711, 711, 711, 711, 711, 711, 711, 711, 711, 711, 711, 711, 711, 711, 713, 715, 716, 717, 718, 720, 721, 722], 720, 3042)
(4.393568543636843e+75, [711, 711, 711, 711, 711, 711, 711, 711, 711, 711, 711, 711, 711, 711, 711, 711, 711, 711, 711, 711, 715, 716, 717, 719, 720, 721, 722], 720, 3042)
end round with 9 suffixes


======== round 104 ========
todo suffixes: [[717, 718, 719, 720, 722], [716, 718, 719, 720, 722], [717, 719, 720, 722], [718, 720, 722], [717, 720, 722], [719, 722], [721], [720], [718]]
cur_suffix:  [717, 718, 719, 720, 722]
fisrt choice: (4.393568790525336e+75, 715, 19)
baseline:  (4.39356942816903e+75, [719, 719, 719, 719, 719, 719, 719, 719, 719, 719, 719, 719, 719, 719, 719, 719, 719, 719, 719, 719, 719], 720, 3042)
best 5 choices:
(4.3935685082646945e+75, [710, 710, 710, 710, 710, 710, 710, 710, 710, 710, 710, 710, 710, 710, 710, 710, 710, 710, 710, 710, 710, 715, 716, 718, 719, 720, 721, 722], 720, 3042)
(4.393568508804506e+75, [710, 710, 710, 710, 710, 710, 710, 710, 710, 710, 710, 710, 710, 710, 710, 710, 710, 710, 710, 710, 710, 714, 715, 716, 717, 718, 720, 721, 722], 720, 3042)
(4.393568533572074e+75, [711, 711, 711, 711, 711, 711, 711, 711, 711, 711, 711, 711, 711, 711, 711, 711, 711, 711, 711, 714, 716, 718, 719, 720, 721, 722], 720, 3042)
(4.393568535480348e+75, [711, 711, 711, 711, 711, 711, 711, 711, 711, 711, 711, 711, 711, 711, 711, 711, 711, 711, 711, 713, 715, 716, 717, 718, 720, 721, 722], 720, 3042)
(4.393568543636843e+75, [711, 711, 711, 711, 711, 711, 711, 711, 711, 711, 711, 711, 711, 711, 711, 711, 711, 711, 711, 711, 715, 716, 717, 719, 720, 721, 722], 720, 3042)
end round with 10 suffixes


======== round 105 ========
todo suffixes: [[716, 717, 718, 719, 720, 722], [715, 717, 718, 719, 720, 722], [716, 718, 719, 720, 722], [717, 719, 720, 722], [718, 720, 722], [717, 720, 722], [719, 722], [721], [720], [718]]
cur_suffix:  [716, 717, 718, 719, 720, 722]
fisrt choice: (4.393568731217703e+75, 714, 20)
baseline:  (4.39356942816903e+75, [719, 719, 719, 719, 719, 719, 719, 719, 719, 719, 719, 719, 719, 719, 719, 719, 719, 719, 719, 719, 719], 720, 3042)
best 5 choices:
(4.3935685082646945e+75, [710, 710, 710, 710, 710, 710, 710, 710, 710, 710, 710, 710, 710, 710, 710, 710, 710, 710, 710, 710, 710, 715, 716, 718, 719, 720, 721, 722], 720, 3042)
(4.393568508804506e+75, [710, 710, 710, 710, 710, 710, 710, 710, 710, 710, 710, 710, 710, 710, 710, 710, 710, 710, 710, 710, 710, 714, 715, 716, 717, 718, 720, 721, 722], 720, 3042)
(4.393568533572074e+75, [711, 711, 711, 711, 711, 711, 711, 711, 711, 711, 711, 711, 711, 711, 711, 711, 711, 711, 711, 714, 716, 718, 719, 720, 721, 722], 720, 3042)
(4.393568535480348e+75, [711, 711, 711, 711, 711, 711, 711, 711, 711, 711, 711, 711, 711, 711, 711, 711, 711, 711, 711, 713, 715, 716, 717, 718, 720, 721, 722], 720, 3042)
(4.393568543636843e+75, [711, 711, 711, 711, 711, 711, 711, 711, 711, 711, 711, 711, 711, 711, 711, 711, 711, 711, 711, 711, 715, 716, 717, 719, 720, 721, 722], 720, 3042)
end round with 11 suffixes


======== round 106 ========
todo suffixes: [[715, 716, 717, 718, 719, 720, 722], [714, 716, 717, 718, 719, 720, 722], [715, 717, 718, 719, 720, 722], [716, 718, 719, 720, 722], [717, 719, 720, 722], [718, 720, 722], [717, 720, 722], [719, 722], [721], [720], [718]]
cur_suffix:  [715, 716, 717, 718, 719, 720, 722]
fisrt choice: (4.393568677312081e+75, 713, 21)
baseline:  (4.39356942816903e+75, [719, 719, 719, 719, 719, 719, 719, 719, 719, 719, 719, 719, 719, 719, 719, 719, 719, 719, 719, 719, 719], 720, 3042)
best 5 choices:
(4.3935685082646945e+75, [710, 710, 710, 710, 710, 710, 710, 710, 710, 710, 710, 710, 710, 710, 710, 710, 710, 710, 710, 710, 710, 715, 716, 718, 719, 720, 721, 722], 720, 3042)
(4.393568508804506e+75, [710, 710, 710, 710, 710, 710, 710, 710, 710, 710, 710, 710, 710, 710, 710, 710, 710, 710, 710, 710, 710, 714, 715, 716, 717, 718, 720, 721, 722], 720, 3042)
(4.393568533572074e+75, [711, 711, 711, 711, 711, 711, 711, 711, 711, 711, 711, 711, 711, 711, 711, 711, 711, 711, 711, 714, 716, 718, 719, 720, 721, 722], 720, 3042)
(4.393568535480348e+75, [711, 711, 711, 711, 711, 711, 711, 711, 711, 711, 711, 711, 711, 711, 711, 711, 711, 711, 711, 713, 715, 716, 717, 718, 720, 721, 722], 720, 3042)
(4.393568543636843e+75, [711, 711, 711, 711, 711, 711, 711, 711, 711, 711, 711, 711, 711, 711, 711, 711, 711, 711, 711, 711, 715, 716, 717, 719, 720, 721, 722], 720, 3042)
end round with 12 suffixes


======== round 107 ========
todo suffixes: [[714, 715, 716, 717, 718, 719, 720, 722], [713, 715, 716, 717, 718, 719, 720, 722], [714, 716, 717, 718, 719, 720, 722], [715, 717, 718, 719, 720, 722], [716, 718, 719, 720, 722], [717, 719, 720, 722], [718, 720, 722], [717, 720, 722], [719, 722], [721], [720], [718]]
cur_suffix:  [714, 715, 716, 717, 718, 719, 720, 722]
fisrt choice: (4.3935686581717225e+75, 713, 19)
baseline:  (4.39356942816903e+75, [719, 719, 719, 719, 719, 719, 719, 719, 719, 719, 719, 719, 719, 719, 719, 719, 719, 719, 719, 719, 719], 720, 3042)
best 5 choices:
(4.3935685082646945e+75, [710, 710, 710, 710, 710, 710, 710, 710, 710, 710, 710, 710, 710, 710, 710, 710, 710, 710, 710, 710, 710, 715, 716, 718, 719, 720, 721, 722], 720, 3042)
(4.393568508804506e+75, [710, 710, 710, 710, 710, 710, 710, 710, 710, 710, 710, 710, 710, 710, 710, 710, 710, 710, 710, 710, 710, 714, 715, 716, 717, 718, 720, 721, 722], 720, 3042)
(4.393568533572074e+75, [711, 711, 711, 711, 711, 711, 711, 711, 711, 711, 711, 711, 711, 711, 711, 711, 711, 711, 711, 714, 716, 718, 719, 720, 721, 722], 720, 3042)
(4.393568535480348e+75, [711, 711, 711, 711, 711, 711, 711, 711, 711, 711, 711, 711, 711, 711, 711, 711, 711, 711, 711, 713, 715, 716, 717, 718, 720, 721, 722], 720, 3042)
(4.393568543636843e+75, [711, 711, 711, 711, 711, 711, 711, 711, 711, 711, 711, 711, 711, 711, 711, 711, 711, 711, 711, 711, 715, 716, 717, 719, 720, 721, 722], 720, 3042)
end round with 12 suffixes


======== round 108 ========
todo suffixes: [[713, 714, 715, 716, 717, 718, 719, 720, 722], [713, 715, 716, 717, 718, 719, 720, 722], [714, 716, 717, 718, 719, 720, 722], [715, 717, 718, 719, 720, 722], [716, 718, 719, 720, 722], [717, 719, 720, 722], [718, 720, 722], [717, 720, 722], [719, 722], [721], [720], [718]]
cur_suffix:  [713, 714, 715, 716, 717, 718, 719, 720, 722]
fisrt choice: (4.393568613381363e+75, 712, 20)
baseline:  (4.39356942816903e+75, [719, 719, 719, 719, 719, 719, 719, 719, 719, 719, 719, 719, 719, 719, 719, 719, 719, 719, 719, 719, 719], 720, 3042)
best 5 choices:
(4.3935685082646945e+75, [710, 710, 710, 710, 710, 710, 710, 710, 710, 710, 710, 710, 710, 710, 710, 710, 710, 710, 710, 710, 710, 715, 716, 718, 719, 720, 721, 722], 720, 3042)
(4.393568508804506e+75, [710, 710, 710, 710, 710, 710, 710, 710, 710, 710, 710, 710, 710, 710, 710, 710, 710, 710, 710, 710, 710, 714, 715, 716, 717, 718, 720, 721, 722], 720, 3042)
(4.393568533572074e+75, [711, 711, 711, 711, 711, 711, 711, 711, 711, 711, 711, 711, 711, 711, 711, 711, 711, 711, 711, 714, 716, 718, 719, 720, 721, 722], 720, 3042)
(4.393568535480348e+75, [711, 711, 711, 711, 711, 711, 711, 711, 711, 711, 711, 711, 711, 711, 711, 711, 711, 711, 711, 713, 715, 716, 717, 718, 720, 721, 722], 720, 3042)
(4.393568543636843e+75, [711, 711, 711, 711, 711, 711, 711, 711, 711, 711, 711, 711, 711, 711, 711, 711, 711, 711, 711, 711, 715, 716, 717, 719, 720, 721, 722], 720, 3042)
end round with 12 suffixes


======== round 109 ========
todo suffixes: [[712, 713, 714, 715, 716, 717, 718, 719, 720, 722], [713, 715, 716, 717, 718, 719, 720, 722], [714, 716, 717, 718, 719, 720, 722], [715, 717, 718, 719, 720, 722], [716, 718, 719, 720, 722], [717, 719, 720, 722], [718, 720, 722], [717, 720, 722], [719, 722], [721], [720], [718]]
cur_suffix:  [712, 713, 714, 715, 716, 717, 718, 719, 720, 722]
fisrt choice: (-1, -1, -1)
baseline:  (4.39356942816903e+75, [719, 719, 719, 719, 719, 719, 719, 719, 719, 719, 719, 719, 719, 719, 719, 719, 719, 719, 719, 719, 719], 720, 3042)
the strategy is infeasible, continue


======== round 110 ========
todo suffixes: [[713, 715, 716, 717, 718, 719, 720, 722], [714, 716, 717, 718, 719, 720, 722], [715, 717, 718, 719, 720, 722], [716, 718, 719, 720, 722], [717, 719, 720, 722], [718, 720, 722], [717, 720, 722], [719, 722], [721], [720], [718]]
cur_suffix:  [713, 715, 716, 717, 718, 719, 720, 722]
fisrt choice: (-1, -1, -1)
baseline:  (4.39356942816903e+75, [719, 719, 719, 719, 719, 719, 719, 719, 719, 719, 719, 719, 719, 719, 719, 719, 719, 719, 719, 719, 719], 720, 3042)
the strategy is infeasible, continue


======== round 111 ========
todo suffixes: [[714, 716, 717, 718, 719, 720, 722], [715, 717, 718, 719, 720, 722], [716, 718, 719, 720, 722], [717, 719, 720, 722], [718, 720, 722], [717, 720, 722], [719, 722], [721], [720], [718]]
cur_suffix:  [714, 716, 717, 718, 719, 720, 722]
fisrt choice: (-1, -1, -1)
baseline:  (4.39356942816903e+75, [719, 719, 719, 719, 719, 719, 719, 719, 719, 719, 719, 719, 719, 719, 719, 719, 719, 719, 719, 719, 719], 720, 3042)
the strategy is infeasible, continue


======== round 112 ========
todo suffixes: [[715, 717, 718, 719, 720, 722], [716, 718, 719, 720, 722], [717, 719, 720, 722], [718, 720, 722], [717, 720, 722], [719, 722], [721], [720], [718]]
cur_suffix:  [715, 717, 718, 719, 720, 722]
fisrt choice: (-1, -1, -1)
baseline:  (4.39356942816903e+75, [719, 719, 719, 719, 719, 719, 719, 719, 719, 719, 719, 719, 719, 719, 719, 719, 719, 719, 719, 719, 719], 720, 3042)
the strategy is infeasible, continue


======== round 113 ========
todo suffixes: [[716, 718, 719, 720, 722], [717, 719, 720, 722], [718, 720, 722], [717, 720, 722], [719, 722], [721], [720], [718]]
cur_suffix:  [716, 718, 719, 720, 722]
fisrt choice: (4.393568817587177e+75, 715, 20)
baseline:  (4.39356942816903e+75, [719, 719, 719, 719, 719, 719, 719, 719, 719, 719, 719, 719, 719, 719, 719, 719, 719, 719, 719, 719, 719], 720, 3042)
best 5 choices:
(4.3935685082646945e+75, [710, 710, 710, 710, 710, 710, 710, 710, 710, 710, 710, 710, 710, 710, 710, 710, 710, 710, 710, 710, 710, 715, 716, 718, 719, 720, 721, 722], 720, 3042)
(4.393568508804506e+75, [710, 710, 710, 710, 710, 710, 710, 710, 710, 710, 710, 710, 710, 710, 710, 710, 710, 710, 710, 710, 710, 714, 715, 716, 717, 718, 720, 721, 722], 720, 3042)
(4.393568533572074e+75, [711, 711, 711, 711, 711, 711, 711, 711, 711, 711, 711, 711, 711, 711, 711, 711, 711, 711, 711, 714, 716, 718, 719, 720, 721, 722], 720, 3042)
(4.393568535480348e+75, [711, 711, 711, 711, 711, 711, 711, 711, 711, 711, 711, 711, 711, 711, 711, 711, 711, 711, 711, 713, 715, 716, 717, 718, 720, 721, 722], 720, 3042)
(4.393568543636843e+75, [711, 711, 711, 711, 711, 711, 711, 711, 711, 711, 711, 711, 711, 711, 711, 711, 711, 711, 711, 711, 715, 716, 717, 719, 720, 721, 722], 720, 3042)
end round with 8 suffixes


======== round 114 ========
todo suffixes: [[715, 716, 718, 719, 720, 722], [717, 719, 720, 722], [718, 720, 722], [717, 720, 722], [719, 722], [721], [720], [718]]
cur_suffix:  [715, 716, 718, 719, 720, 722]
fisrt choice: (-1, -1, -1)
baseline:  (4.39356942816903e+75, [719, 719, 719, 719, 719, 719, 719, 719, 719, 719, 719, 719, 719, 719, 719, 719, 719, 719, 719, 719, 719], 720, 3042)
the strategy is infeasible, continue


======== round 115 ========
todo suffixes: [[717, 719, 720, 722], [718, 720, 722], [717, 720, 722], [719, 722], [721], [720], [718]]
cur_suffix:  [717, 719, 720, 722]
fisrt choice: (4.393568935160316e+75, 716, 20)
baseline:  (4.39356942816903e+75, [719, 719, 719, 719, 719, 719, 719, 719, 719, 719, 719, 719, 719, 719, 719, 719, 719, 719, 719, 719, 719], 720, 3042)
best 5 choices:
(4.3935685082646945e+75, [710, 710, 710, 710, 710, 710, 710, 710, 710, 710, 710, 710, 710, 710, 710, 710, 710, 710, 710, 710, 710, 715, 716, 718, 719, 720, 721, 722], 720, 3042)
(4.393568508804506e+75, [710, 710, 710, 710, 710, 710, 710, 710, 710, 710, 710, 710, 710, 710, 710, 710, 710, 710, 710, 710, 710, 714, 715, 716, 717, 718, 720, 721, 722], 720, 3042)
(4.393568533572074e+75, [711, 711, 711, 711, 711, 711, 711, 711, 711, 711, 711, 711, 711, 711, 711, 711, 711, 711, 711, 714, 716, 718, 719, 720, 721, 722], 720, 3042)
(4.393568535480348e+75, [711, 711, 711, 711, 711, 711, 711, 711, 711, 711, 711, 711, 711, 711, 711, 711, 711, 711, 711, 713, 715, 716, 717, 718, 720, 721, 722], 720, 3042)
(4.393568543636843e+75, [711, 711, 711, 711, 711, 711, 711, 711, 711, 711, 711, 711, 711, 711, 711, 711, 711, 711, 711, 711, 715, 716, 717, 719, 720, 721, 722], 720, 3042)
end round with 7 suffixes


======== round 116 ========
todo suffixes: [[716, 717, 719, 720, 722], [718, 720, 722], [717, 720, 722], [719, 722], [721], [720], [718]]
cur_suffix:  [716, 717, 719, 720, 722]
fisrt choice: (-1, -1, -1)
baseline:  (4.39356942816903e+75, [719, 719, 719, 719, 719, 719, 719, 719, 719, 719, 719, 719, 719, 719, 719, 719, 719, 719, 719, 719, 719], 720, 3042)
the strategy is infeasible, continue


======== round 117 ========
todo suffixes: [[718, 720, 722], [717, 720, 722], [719, 722], [721], [720], [718]]
cur_suffix:  [718, 720, 722]
fisrt choice: (4.393569022309427e+75, 717, 19)
baseline:  (4.39356942816903e+75, [719, 719, 719, 719, 719, 719, 719, 719, 719, 719, 719, 719, 719, 719, 719, 719, 719, 719, 719, 719, 719], 720, 3042)
best 5 choices:
(4.3935685082646945e+75, [710, 710, 710, 710, 710, 710, 710, 710, 710, 710, 710, 710, 710, 710, 710, 710, 710, 710, 710, 710, 710, 715, 716, 718, 719, 720, 721, 722], 720, 3042)
(4.393568508804506e+75, [710, 710, 710, 710, 710, 710, 710, 710, 710, 710, 710, 710, 710, 710, 710, 710, 710, 710, 710, 710, 710, 714, 715, 716, 717, 718, 720, 721, 722], 720, 3042)
(4.393568533572074e+75, [711, 711, 711, 711, 711, 711, 711, 711, 711, 711, 711, 711, 711, 711, 711, 711, 711, 711, 711, 714, 716, 718, 719, 720, 721, 722], 720, 3042)
(4.393568535480348e+75, [711, 711, 711, 711, 711, 711, 711, 711, 711, 711, 711, 711, 711, 711, 711, 711, 711, 711, 711, 713, 715, 716, 717, 718, 720, 721, 722], 720, 3042)
(4.393568543636843e+75, [711, 711, 711, 711, 711, 711, 711, 711, 711, 711, 711, 711, 711, 711, 711, 711, 711, 711, 711, 711, 715, 716, 717, 719, 720, 721, 722], 720, 3042)
end round with 6 suffixes


======== round 118 ========
todo suffixes: [[717, 718, 720, 722], [717, 720, 722], [719, 722], [721], [720], [718]]
cur_suffix:  [717, 718, 720, 722]
fisrt choice: (-1, -1, -1)
baseline:  (4.39356942816903e+75, [719, 719, 719, 719, 719, 719, 719, 719, 719, 719, 719, 719, 719, 719, 719, 719, 719, 719, 719, 719, 719], 720, 3042)
the strategy is infeasible, continue


======== round 119 ========
todo suffixes: [[717, 720, 722], [719, 722], [721], [720], [718]]
cur_suffix:  [717, 720, 722]
fisrt choice: (-1, -1, -1)
baseline:  (4.39356942816903e+75, [719, 719, 719, 719, 719, 719, 719, 719, 719, 719, 719, 719, 719, 719, 719, 719, 719, 719, 719, 719, 719], 720, 3042)
the strategy is infeasible, continue


======== round 120 ========
todo suffixes: [[719, 722], [721], [720], [718]]
cur_suffix:  [719, 722]
fisrt choice: (4.3935691878026615e+75, 718, 19)
baseline:  (4.39356942816903e+75, [719, 719, 719, 719, 719, 719, 719, 719, 719, 719, 719, 719, 719, 719, 719, 719, 719, 719, 719, 719, 719], 720, 3042)
best 5 choices:
(4.3935685082646945e+75, [710, 710, 710, 710, 710, 710, 710, 710, 710, 710, 710, 710, 710, 710, 710, 710, 710, 710, 710, 710, 710, 715, 716, 718, 719, 720, 721, 722], 720, 3042)
(4.393568508804506e+75, [710, 710, 710, 710, 710, 710, 710, 710, 710, 710, 710, 710, 710, 710, 710, 710, 710, 710, 710, 710, 710, 714, 715, 716, 717, 718, 720, 721, 722], 720, 3042)
(4.393568533572074e+75, [711, 711, 711, 711, 711, 711, 711, 711, 711, 711, 711, 711, 711, 711, 711, 711, 711, 711, 711, 714, 716, 718, 719, 720, 721, 722], 720, 3042)
(4.393568535480348e+75, [711, 711, 711, 711, 711, 711, 711, 711, 711, 711, 711, 711, 711, 711, 711, 711, 711, 711, 711, 713, 715, 716, 717, 718, 720, 721, 722], 720, 3042)
(4.393568543636843e+75, [711, 711, 711, 711, 711, 711, 711, 711, 711, 711, 711, 711, 711, 711, 711, 711, 711, 711, 711, 711, 715, 716, 717, 719, 720, 721, 722], 720, 3042)
end round with 4 suffixes


======== round 121 ========
todo suffixes: [[718, 719, 722], [721], [720], [718]]
cur_suffix:  [718, 719, 722]
fisrt choice: (4.393569059601207e+75, 717, 20)
baseline:  (4.39356942816903e+75, [719, 719, 719, 719, 719, 719, 719, 719, 719, 719, 719, 719, 719, 719, 719, 719, 719, 719, 719, 719, 719], 720, 3042)
best 5 choices:
(4.3935685082646945e+75, [710, 710, 710, 710, 710, 710, 710, 710, 710, 710, 710, 710, 710, 710, 710, 710, 710, 710, 710, 710, 710, 715, 716, 718, 719, 720, 721, 722], 720, 3042)
(4.393568508804506e+75, [710, 710, 710, 710, 710, 710, 710, 710, 710, 710, 710, 710, 710, 710, 710, 710, 710, 710, 710, 710, 710, 714, 715, 716, 717, 718, 720, 721, 722], 720, 3042)
(4.393568533572074e+75, [711, 711, 711, 711, 711, 711, 711, 711, 711, 711, 711, 711, 711, 711, 711, 711, 711, 711, 711, 714, 716, 718, 719, 720, 721, 722], 720, 3042)
(4.393568535480348e+75, [711, 711, 711, 711, 711, 711, 711, 711, 711, 711, 711, 711, 711, 711, 711, 711, 711, 711, 711, 713, 715, 716, 717, 718, 720, 721, 722], 720, 3042)
(4.393568543636843e+75, [711, 711, 711, 711, 711, 711, 711, 711, 711, 711, 711, 711, 711, 711, 711, 711, 711, 711, 711, 711, 715, 716, 717, 719, 720, 721, 722], 720, 3042)
end round with 4 suffixes


======== round 122 ========
todo suffixes: [[717, 718, 719, 722], [721], [720], [718]]
cur_suffix:  [717, 718, 719, 722]
fisrt choice: (-1, -1, -1)
baseline:  (4.39356942816903e+75, [719, 719, 719, 719, 719, 719, 719, 719, 719, 719, 719, 719, 719, 719, 719, 719, 719, 719, 719, 719, 719], 720, 3042)
the strategy is infeasible, continue


======== round 123 ========
todo suffixes: [[721], [720], [718]]
cur_suffix:  [721]
fisrt choice: (4.3935693860678705e+75, 719, 19)
baseline:  (4.39356942816903e+75, [719, 719, 719, 719, 719, 719, 719, 719, 719, 719, 719, 719, 719, 719, 719, 719, 719, 719, 719, 719, 719], 720, 3042)
best 5 choices:
(4.3935685082646945e+75, [710, 710, 710, 710, 710, 710, 710, 710, 710, 710, 710, 710, 710, 710, 710, 710, 710, 710, 710, 710, 710, 715, 716, 718, 719, 720, 721, 722], 720, 3042)
(4.393568508804506e+75, [710, 710, 710, 710, 710, 710, 710, 710, 710, 710, 710, 710, 710, 710, 710, 710, 710, 710, 710, 710, 710, 714, 715, 716, 717, 718, 720, 721, 722], 720, 3042)
(4.393568533572074e+75, [711, 711, 711, 711, 711, 711, 711, 711, 711, 711, 711, 711, 711, 711, 711, 711, 711, 711, 711, 714, 716, 718, 719, 720, 721, 722], 720, 3042)
(4.393568535480348e+75, [711, 711, 711, 711, 711, 711, 711, 711, 711, 711, 711, 711, 711, 711, 711, 711, 711, 711, 711, 713, 715, 716, 717, 718, 720, 721, 722], 720, 3042)
(4.393568543636843e+75, [711, 711, 711, 711, 711, 711, 711, 711, 711, 711, 711, 711, 711, 711, 711, 711, 711, 711, 711, 711, 715, 716, 717, 719, 720, 721, 722], 720, 3042)
end round with 4 suffixes


======== round 124 ========
todo suffixes: [[720, 721], [719, 721], [720], [718]]
cur_suffix:  [720, 721]
fisrt choice: (4.393569177002908e+75, 718, 19)
baseline:  (4.39356942816903e+75, [719, 719, 719, 719, 719, 719, 719, 719, 719, 719, 719, 719, 719, 719, 719, 719, 719, 719, 719, 719, 719], 720, 3042)
best 5 choices:
(4.3935685082646945e+75, [710, 710, 710, 710, 710, 710, 710, 710, 710, 710, 710, 710, 710, 710, 710, 710, 710, 710, 710, 710, 710, 715, 716, 718, 719, 720, 721, 722], 720, 3042)
(4.393568508804506e+75, [710, 710, 710, 710, 710, 710, 710, 710, 710, 710, 710, 710, 710, 710, 710, 710, 710, 710, 710, 710, 710, 714, 715, 716, 717, 718, 720, 721, 722], 720, 3042)
(4.393568533572074e+75, [711, 711, 711, 711, 711, 711, 711, 711, 711, 711, 711, 711, 711, 711, 711, 711, 711, 711, 711, 714, 716, 718, 719, 720, 721, 722], 720, 3042)
(4.393568535480348e+75, [711, 711, 711, 711, 711, 711, 711, 711, 711, 711, 711, 711, 711, 711, 711, 711, 711, 711, 711, 713, 715, 716, 717, 718, 720, 721, 722], 720, 3042)
(4.393568543636843e+75, [711, 711, 711, 711, 711, 711, 711, 711, 711, 711, 711, 711, 711, 711, 711, 711, 711, 711, 711, 711, 715, 716, 717, 719, 720, 721, 722], 720, 3042)
end round with 5 suffixes


======== round 125 ========
todo suffixes: [[719, 720, 721], [718, 720, 721], [719, 721], [720], [718]]
cur_suffix:  [719, 720, 721]
fisrt choice: (4.393569065535907e+75, 717, 20)
baseline:  (4.39356942816903e+75, [719, 719, 719, 719, 719, 719, 719, 719, 719, 719, 719, 719, 719, 719, 719, 719, 719, 719, 719, 719, 719], 720, 3042)
best 5 choices:
(4.3935685082646945e+75, [710, 710, 710, 710, 710, 710, 710, 710, 710, 710, 710, 710, 710, 710, 710, 710, 710, 710, 710, 710, 710, 715, 716, 718, 719, 720, 721, 722], 720, 3042)
(4.393568508804506e+75, [710, 710, 710, 710, 710, 710, 710, 710, 710, 710, 710, 710, 710, 710, 710, 710, 710, 710, 710, 710, 710, 714, 715, 716, 717, 718, 720, 721, 722], 720, 3042)
(4.393568533572074e+75, [711, 711, 711, 711, 711, 711, 711, 711, 711, 711, 711, 711, 711, 711, 711, 711, 711, 711, 711, 714, 716, 718, 719, 720, 721, 722], 720, 3042)
(4.393568535480348e+75, [711, 711, 711, 711, 711, 711, 711, 711, 711, 711, 711, 711, 711, 711, 711, 711, 711, 711, 711, 713, 715, 716, 717, 718, 720, 721, 722], 720, 3042)
(4.393568543636843e+75, [711, 711, 711, 711, 711, 711, 711, 711, 711, 711, 711, 711, 711, 711, 711, 711, 711, 711, 711, 711, 715, 716, 717, 719, 720, 721, 722], 720, 3042)
end round with 6 suffixes


======== round 126 ========
todo suffixes: [[718, 719, 720, 721], [717, 719, 720, 721], [718, 720, 721], [719, 721], [720], [718]]
cur_suffix:  [718, 719, 720, 721]
fisrt choice: (4.393569021153083e+75, 717, 18)
baseline:  (4.39356942816903e+75, [719, 719, 719, 719, 719, 719, 719, 719, 719, 719, 719, 719, 719, 719, 719, 719, 719, 719, 719, 719, 719], 720, 3042)
best 5 choices:
(4.3935685082646945e+75, [710, 710, 710, 710, 710, 710, 710, 710, 710, 710, 710, 710, 710, 710, 710, 710, 710, 710, 710, 710, 710, 715, 716, 718, 719, 720, 721, 722], 720, 3042)
(4.393568508804506e+75, [710, 710, 710, 710, 710, 710, 710, 710, 710, 710, 710, 710, 710, 710, 710, 710, 710, 710, 710, 710, 710, 714, 715, 716, 717, 718, 720, 721, 722], 720, 3042)
(4.393568533572074e+75, [711, 711, 711, 711, 711, 711, 711, 711, 711, 711, 711, 711, 711, 711, 711, 711, 711, 711, 711, 714, 716, 718, 719, 720, 721, 722], 720, 3042)
(4.393568535480348e+75, [711, 711, 711, 711, 711, 711, 711, 711, 711, 711, 711, 711, 711, 711, 711, 711, 711, 711, 711, 713, 715, 716, 717, 718, 720, 721, 722], 720, 3042)
(4.393568543636843e+75, [711, 711, 711, 711, 711, 711, 711, 711, 711, 711, 711, 711, 711, 711, 711, 711, 711, 711, 711, 711, 715, 716, 717, 719, 720, 721, 722], 720, 3042)
end round with 6 suffixes


======== round 127 ========
todo suffixes: [[717, 718, 719, 720, 721], [717, 719, 720, 721], [718, 720, 721], [719, 721], [720], [718]]
cur_suffix:  [717, 718, 719, 720, 721]
fisrt choice: (4.393568928258023e+75, 716, 19)
baseline:  (4.39356942816903e+75, [719, 719, 719, 719, 719, 719, 719, 719, 719, 719, 719, 719, 719, 719, 719, 719, 719, 719, 719, 719, 719], 720, 3042)
best 5 choices:
(4.3935685082646945e+75, [710, 710, 710, 710, 710, 710, 710, 710, 710, 710, 710, 710, 710, 710, 710, 710, 710, 710, 710, 710, 710, 715, 716, 718, 719, 720, 721, 722], 720, 3042)
(4.393568508804506e+75, [710, 710, 710, 710, 710, 710, 710, 710, 710, 710, 710, 710, 710, 710, 710, 710, 710, 710, 710, 710, 710, 714, 715, 716, 717, 718, 720, 721, 722], 720, 3042)
(4.393568533572074e+75, [711, 711, 711, 711, 711, 711, 711, 711, 711, 711, 711, 711, 711, 711, 711, 711, 711, 711, 711, 714, 716, 718, 719, 720, 721, 722], 720, 3042)
(4.393568535480348e+75, [711, 711, 711, 711, 711, 711, 711, 711, 711, 711, 711, 711, 711, 711, 711, 711, 711, 711, 711, 713, 715, 716, 717, 718, 720, 721, 722], 720, 3042)
(4.393568543636843e+75, [711, 711, 711, 711, 711, 711, 711, 711, 711, 711, 711, 711, 711, 711, 711, 711, 711, 711, 711, 711, 715, 716, 717, 719, 720, 721, 722], 720, 3042)
end round with 6 suffixes


======== round 128 ========
todo suffixes: [[716, 717, 718, 719, 720, 721], [717, 719, 720, 721], [718, 720, 721], [719, 721], [720], [718]]
cur_suffix:  [716, 717, 718, 719, 720, 721]
fisrt choice: (4.3935688440792035e+75, 715, 20)
baseline:  (4.39356942816903e+75, [719, 719, 719, 719, 719, 719, 719, 719, 719, 719, 719, 719, 719, 719, 719, 719, 719, 719, 719, 719, 719], 720, 3042)
best 5 choices:
(4.3935685082646945e+75, [710, 710, 710, 710, 710, 710, 710, 710, 710, 710, 710, 710, 710, 710, 710, 710, 710, 710, 710, 710, 710, 715, 716, 718, 719, 720, 721, 722], 720, 3042)
(4.393568508804506e+75, [710, 710, 710, 710, 710, 710, 710, 710, 710, 710, 710, 710, 710, 710, 710, 710, 710, 710, 710, 710, 710, 714, 715, 716, 717, 718, 720, 721, 722], 720, 3042)
(4.393568533572074e+75, [711, 711, 711, 711, 711, 711, 711, 711, 711, 711, 711, 711, 711, 711, 711, 711, 711, 711, 711, 714, 716, 718, 719, 720, 721, 722], 720, 3042)
(4.393568535480348e+75, [711, 711, 711, 711, 711, 711, 711, 711, 711, 711, 711, 711, 711, 711, 711, 711, 711, 711, 711, 713, 715, 716, 717, 718, 720, 721, 722], 720, 3042)
(4.393568543636843e+75, [711, 711, 711, 711, 711, 711, 711, 711, 711, 711, 711, 711, 711, 711, 711, 711, 711, 711, 711, 711, 715, 716, 717, 719, 720, 721, 722], 720, 3042)
end round with 6 suffixes


======== round 129 ========
todo suffixes: [[715, 716, 717, 718, 719, 720, 721], [717, 719, 720, 721], [718, 720, 721], [719, 721], [720], [718]]
cur_suffix:  [715, 716, 717, 718, 719, 720, 721]
fisrt choice: (-1, -1, -1)
baseline:  (4.39356942816903e+75, [719, 719, 719, 719, 719, 719, 719, 719, 719, 719, 719, 719, 719, 719, 719, 719, 719, 719, 719, 719, 719], 720, 3042)
the strategy is infeasible, continue


======== round 130 ========
todo suffixes: [[717, 719, 720, 721], [718, 720, 721], [719, 721], [720], [718]]
cur_suffix:  [717, 719, 720, 721]
fisrt choice: (-1, -1, -1)
baseline:  (4.39356942816903e+75, [719, 719, 719, 719, 719, 719, 719, 719, 719, 719, 719, 719, 719, 719, 719, 719, 719, 719, 719, 719, 719], 720, 3042)
the strategy is infeasible, continue


======== round 131 ========
todo suffixes: [[718, 720, 721], [719, 721], [720], [718]]
cur_suffix:  [718, 720, 721]
fisrt choice: (4.393569106744722e+75, 717, 21)
baseline:  (4.39356942816903e+75, [719, 719, 719, 719, 719, 719, 719, 719, 719, 719, 719, 719, 719, 719, 719, 719, 719, 719, 719, 719, 719], 720, 3042)
best 5 choices:
(4.3935685082646945e+75, [710, 710, 710, 710, 710, 710, 710, 710, 710, 710, 710, 710, 710, 710, 710, 710, 710, 710, 710, 710, 710, 715, 716, 718, 719, 720, 721, 722], 720, 3042)
(4.393568508804506e+75, [710, 710, 710, 710, 710, 710, 710, 710, 710, 710, 710, 710, 710, 710, 710, 710, 710, 710, 710, 710, 710, 714, 715, 716, 717, 718, 720, 721, 722], 720, 3042)
(4.393568533572074e+75, [711, 711, 711, 711, 711, 711, 711, 711, 711, 711, 711, 711, 711, 711, 711, 711, 711, 711, 711, 714, 716, 718, 719, 720, 721, 722], 720, 3042)
(4.393568535480348e+75, [711, 711, 711, 711, 711, 711, 711, 711, 711, 711, 711, 711, 711, 711, 711, 711, 711, 711, 711, 713, 715, 716, 717, 718, 720, 721, 722], 720, 3042)
(4.393568543636843e+75, [711, 711, 711, 711, 711, 711, 711, 711, 711, 711, 711, 711, 711, 711, 711, 711, 711, 711, 711, 711, 715, 716, 717, 719, 720, 721, 722], 720, 3042)
end round with 4 suffixes


======== round 132 ========
todo suffixes: [[717, 718, 720, 721], [719, 721], [720], [718]]
cur_suffix:  [717, 718, 720, 721]
fisrt choice: (-1, -1, -1)
baseline:  (4.39356942816903e+75, [719, 719, 719, 719, 719, 719, 719, 719, 719, 719, 719, 719, 719, 719, 719, 719, 719, 719, 719, 719, 719], 720, 3042)
the strategy is infeasible, continue


======== round 133 ========
todo suffixes: [[719, 721], [720], [718]]
cur_suffix:  [719, 721]
fisrt choice: (4.393569227855132e+75, 718, 20)
baseline:  (4.39356942816903e+75, [719, 719, 719, 719, 719, 719, 719, 719, 719, 719, 719, 719, 719, 719, 719, 719, 719, 719, 719, 719, 719], 720, 3042)
best 5 choices:
(4.3935685082646945e+75, [710, 710, 710, 710, 710, 710, 710, 710, 710, 710, 710, 710, 710, 710, 710, 710, 710, 710, 710, 710, 710, 715, 716, 718, 719, 720, 721, 722], 720, 3042)
(4.393568508804506e+75, [710, 710, 710, 710, 710, 710, 710, 710, 710, 710, 710, 710, 710, 710, 710, 710, 710, 710, 710, 710, 710, 714, 715, 716, 717, 718, 720, 721, 722], 720, 3042)
(4.393568533572074e+75, [711, 711, 711, 711, 711, 711, 711, 711, 711, 711, 711, 711, 711, 711, 711, 711, 711, 711, 711, 714, 716, 718, 719, 720, 721, 722], 720, 3042)
(4.393568535480348e+75, [711, 711, 711, 711, 711, 711, 711, 711, 711, 711, 711, 711, 711, 711, 711, 711, 711, 711, 711, 713, 715, 716, 717, 718, 720, 721, 722], 720, 3042)
(4.393568543636843e+75, [711, 711, 711, 711, 711, 711, 711, 711, 711, 711, 711, 711, 711, 711, 711, 711, 711, 711, 711, 711, 715, 716, 717, 719, 720, 721, 722], 720, 3042)
end round with 3 suffixes


======== round 134 ========
todo suffixes: [[718, 719, 721], [720], [718]]
cur_suffix:  [718, 719, 721]
fisrt choice: (-1, -1, -1)
baseline:  (4.39356942816903e+75, [719, 719, 719, 719, 719, 719, 719, 719, 719, 719, 719, 719, 719, 719, 719, 719, 719, 719, 719, 719, 719], 720, 3042)
the strategy is infeasible, continue


======== round 135 ========
todo suffixes: [[720], [718]]
cur_suffix:  [720]
fisrt choice: (4.393569448820519e+75, 719, 20)
baseline:  (4.39356942816903e+75, [719, 719, 719, 719, 719, 719, 719, 719, 719, 719, 719, 719, 719, 719, 719, 719, 719, 719, 719, 719, 719], 720, 3042)
best 5 choices:
(4.3935685082646945e+75, [710, 710, 710, 710, 710, 710, 710, 710, 710, 710, 710, 710, 710, 710, 710, 710, 710, 710, 710, 710, 710, 715, 716, 718, 719, 720, 721, 722], 720, 3042)
(4.393568508804506e+75, [710, 710, 710, 710, 710, 710, 710, 710, 710, 710, 710, 710, 710, 710, 710, 710, 710, 710, 710, 710, 710, 714, 715, 716, 717, 718, 720, 721, 722], 720, 3042)
(4.393568533572074e+75, [711, 711, 711, 711, 711, 711, 711, 711, 711, 711, 711, 711, 711, 711, 711, 711, 711, 711, 711, 714, 716, 718, 719, 720, 721, 722], 720, 3042)
(4.393568535480348e+75, [711, 711, 711, 711, 711, 711, 711, 711, 711, 711, 711, 711, 711, 711, 711, 711, 711, 711, 711, 713, 715, 716, 717, 718, 720, 721, 722], 720, 3042)
(4.393568543636843e+75, [711, 711, 711, 711, 711, 711, 711, 711, 711, 711, 711, 711, 711, 711, 711, 711, 711, 711, 711, 711, 715, 716, 717, 719, 720, 721, 722], 720, 3042)
end round with 2 suffixes


======== round 136 ========
todo suffixes: [[719, 720], [718]]
cur_suffix:  [719, 720]
fisrt choice: (-1, -1, -1)
baseline:  (4.39356942816903e+75, [719, 719, 719, 719, 719, 719, 719, 719, 719, 719, 719, 719, 719, 719, 719, 719, 719, 719, 719, 719, 719], 720, 3042)
the strategy is infeasible, continue


======== round 137 ========
todo suffixes: [[718]]
cur_suffix:  [718]
fisrt choice: (-1, -1, -1)
baseline:  (4.39356942816903e+75, [719, 719, 719, 719, 719, 719, 719, 719, 719, 719, 719, 719, 719, 719, 719, 719, 719, 719, 719, 719, 719], 720, 3042)
the strategy is infeasible, continue


-------our strategy.-------
(4.3935685082646945e+75, [710, 710, 710, 710, 710, 710, 710, 710, 710, 710, 710, 710, 710, 710, 710, 710, 710, 710, 710, 710, 710, 715, 716, 718, 719, 720, 721, 722], 720, 3042)
251.28000030639663
-------BKZ+SVP.-----------
17  *  722
251.28000092567748
------bkz reduced.------
idx_start: 902
idx_start: 567
idx_start: 386
idx_start: 280
idx_start: 216
idx_start: 174
idx_start: 143
idx_start: 120
idx_start: 104
idx_start: 91
idx_start: 82
idx_start: 75
idx_start: 69
idx_start: 65
idx_start: 62
idx_start: 60
idx_start: 59
idx_start: 57
idx_start: 56
idx_start: 56
20  *  722
230.961240395578
------BKZ-only.----------
bz = 721, num = 19, cost = 5595990506818979834202314057447718535063545726024685346533570576082513428480
19  *  721
251.62900063163224
