gap: gap
test shrink dim 2304

test last_sieve in range: 448 ~ 458
bz: 64
iter:  31
bz: 128
iter:  21
bz: 192
iter:  16
bz: 256
iter:  15
bz: 320
iter:  20
bz: 384
iter:  26
bz: 448
iter:  22
bz: 65
iter:  32
bz: 129
iter:  21
bz: 193
iter:  16
bz: 257
iter:  15
bz: 321
iter:  20
bz: 385
iter:  26
bz: 449
iter:  21
bz: 66
iter:  33
bz: 130
iter:  21
bz: 194
iter:  16
bz: 258
iter:  15
bz: 322
iter:  20
bz: 386
iter:  26
bz: 450
iter:  21
bz: 67
iter:  31
bz: 131
iter:  20
bz: 195
iter:  15
bz: 259
iter:  15
bz: 323
iter:  20
bz: 387
iter:  26
bz: 451
iter:  20
bz: 68
iter:  32
bz: 132
iter:  20
bz: 196
iter:  16
bz: 260
iter:  14
bz: 324
iter:  20
bz: 388
iter:  26
bz: 452
bz: 388
iter:  26
bz: 404
iter:  24
bz: 420
iter:  24
bz: 436
iter:  25
bz: 452
bz: 436
iter:  25
bz: 440
iter:  26
bz: 444
iter:  26
bz: 448
iter:  22
bz: 452
bz: 448
iter:  22
bz: 449
iter:  21
bz: 450
iter:  21
bz: 451
iter:  20
bz: 452
19
[(3.074359572610869e+47, [452, 452, 452, 452, 452, 452, 452, 452, 452, 452, 452, 452, 452, 452, 452, 452, 452, 452, 452])]
[452, 452, 452, 452, 452, 452, 452, 452, 452, 452, 452, 452, 452, 452, 452, 452, 452, 452, 452]
last sieve = 452, bz = 452, num = 19, cost = 307435957261086903574267204406260894920513421312, sieve cost = 306817237964044117899500499663417202540839698432
bz: 69
iter:  32
bz: 133
iter:  20
bz: 197
iter:  16
bz: 261
iter:  15
bz: 325
iter:  20
bz: 389
iter:  26
bz: 453
bz: 389
iter:  26
bz: 405
iter:  24
bz: 421
iter:  27
bz: 437
iter:  25
bz: 453
bz: 437
iter:  25
bz: 441
iter:  26
bz: 445
iter:  24
bz: 449
iter:  21
bz: 453
bz: 449
iter:  21
bz: 450
iter:  21
bz: 451
iter:  20
bz: 452
19
18
[(3.914049243337327e+47, [452, 452, 452, 452, 452, 452, 452, 452, 452, 452, 452, 452, 452, 452, 452, 452, 452, 452, 452]), (3.915080869564088e+47, [453, 453, 453, 453, 453, 453, 453, 453, 453, 453, 453, 453, 453, 453, 453, 453, 453, 453])]
[452, 452, 452, 452, 452, 452, 452, 452, 452, 452, 452, 452, 452, 452, 452, 452, 452, 452, 452]
last sieve = 453, bz = 452, num = 19, cost = 391404924333732709223257455769699284857720406016, sieve cost = 390786205036690694280055689790331702473595551744
bz: 70
iter:  30
bz: 134
iter:  20
bz: 198
iter:  16
bz: 262
iter:  15
bz: 326
iter:  21
bz: 390
iter:  26
bz: 454
bz: 390
iter:  26
bz: 406
iter:  27
bz: 422
iter:  26
bz: 438
iter:  24
bz: 454
bz: 438
iter:  24
bz: 442
iter:  29
bz: 446
iter:  23
bz: 450
iter:  21
bz: 454
bz: 450
iter:  21
bz: 451
iter:  20
bz: 452
19
18
17
[(4.983543063206041e+47, [452, 452, 452, 452, 452, 452, 452, 452, 452, 452, 452, 452, 452, 452, 452, 452, 452, 452, 452]), (4.9845746894328024e+47, [453, 453, 453, 453, 453, 453, 453, 453, 453, 453, 453, 453, 453, 453, 453, 453, 453, 453]), (4.985752407623416e+47, [454, 454, 454, 454, 454, 454, 454, 454, 454, 454, 454, 454, 454, 454, 454, 454, 454])]
[452, 452, 452, 452, 452, 452, 452, 452, 452, 452, 452, 452, 452, 452, 452, 452, 452, 452, 452]
last sieve = 454, bz = 452, num = 19, cost = 498354306320604136194800612695137653853922525184, sieve cost = 497735587023562121251598846715770071469797670912
bz: 71
iter:  31
bz: 135
iter:  20
bz: 199
iter:  16
bz: 263
iter:  15
bz: 327
iter:  21
bz: 391
iter:  26
bz: 455
bz: 391
iter:  26
bz: 407
iter:  27
bz: 423
iter:  26
bz: 439
iter:  24
bz: 455
bz: 439
iter:  24
bz: 443
iter:  27
bz: 447
iter:  23
bz: 451
iter:  20
bz: 455
bz: 451
iter:  20
bz: 452
19
18
17
17
[(6.345733251573611e+47, [452, 452, 452, 452, 452, 452, 452, 452, 452, 452, 452, 452, 452, 452, 452, 452, 452, 452, 452]), (6.346764877800372e+47, [453, 453, 453, 453, 453, 453, 453, 453, 453, 453, 453, 453, 453, 453, 453, 453, 453, 453]), (6.3479425959909855e+47, [454, 454, 454, 454, 454, 454, 454, 454, 454, 454, 454, 454, 454, 454, 454, 454, 454]), (6.349887043549767e+47, [455, 455, 455, 455, 455, 455, 455, 455, 455, 455, 455, 455, 455, 455, 455, 455, 455])]
[452, 452, 452, 452, 452, 452, 452, 452, 452, 452, 452, 452, 452, 452, 452, 452, 452, 452, 452]
last sieve = 455, bz = 452, num = 19, cost = 634573325157361124063877578265899979234460303360, sieve cost = 633954605860319109120675812286532396850335449088
bz: 72
iter:  31
bz: 136
iter:  20
bz: 200
iter:  16
bz: 264
iter:  15
bz: 328
iter:  21
bz: 392
iter:  26
bz: 456
bz: 392
iter:  26
bz: 408
iter:  27
bz: 424
iter:  26
bz: 440
iter:  26
bz: 456
bz: 440
iter:  26
bz: 444
iter:  26
bz: 448
iter:  22
bz: 452
bz: 448
iter:  22
bz: 449
iter:  21
bz: 450
iter:  21
bz: 451
iter:  20
bz: 452
19
18
17
17
16
[(8.080724211608134e+47, [452, 452, 452, 452, 452, 452, 452, 452, 452, 452, 452, 452, 452, 452, 452, 452, 452, 452, 452]), (8.081755837834895e+47, [453, 453, 453, 453, 453, 453, 453, 453, 453, 453, 453, 453, 453, 453, 453, 453, 453, 453]), (8.082933556025494e+47, [454, 454, 454, 454, 454, 454, 454, 454, 454, 454, 454, 454, 454, 454, 454, 454, 454]), (8.08487800358429e+47, [455, 455, 455, 455, 455, 455, 455, 455, 455, 455, 455, 455, 455, 455, 455, 455, 455]), (8.086523691973563e+47, [456, 456, 456, 456, 456, 456, 456, 456, 456, 456, 456, 456, 456, 456, 456, 456])]
[452, 452, 452, 452, 452, 452, 452, 452, 452, 452, 452, 452, 452, 452, 452, 452, 452, 452, 452]
last sieve = 456, bz = 452, num = 19, cost = 808072421160813397509947507335294944393352445952, sieve cost = 807453701863771382566745741355927362009227591680
bz: 73
iter:  29
bz: 137
iter:  20
bz: 201
iter:  15
bz: 265
iter:  14
bz: 329
iter:  21
bz: 393
iter:  26
bz: 457
bz: 393
iter:  26
bz: 409
iter:  26
bz: 425
iter:  26
bz: 441
iter:  26
bz: 457
bz: 441
iter:  26
bz: 445
iter:  24
bz: 449
iter:  21
bz: 453
bz: 449
iter:  21
bz: 450
iter:  21
bz: 451
iter:  20
bz: 452
19
18
17
17
16
15
[(1.0290543117299391e+48, [452, 452, 452, 452, 452, 452, 452, 452, 452, 452, 452, 452, 452, 452, 452, 452, 452, 452, 452]), (1.0291574743526152e+48, [453, 453, 453, 453, 453, 453, 453, 453, 453, 453, 453, 453, 453, 453, 453, 453, 453, 453]), (1.0292752461716751e+48, [454, 454, 454, 454, 454, 454, 454, 454, 454, 454, 454, 454, 454, 454, 454, 454, 454]), (1.0294696909275547e+48, [455, 455, 455, 455, 455, 455, 455, 455, 455, 455, 455, 455, 455, 455, 455, 455, 455]), (1.029634259766482e+48, [456, 456, 456, 456, 456, 456, 456, 456, 456, 456, 456, 456, 456, 456, 456, 456]), (1.029819603811417e+48, [457, 457, 457, 457, 457, 457, 457, 457, 457, 457, 457, 457, 457, 457, 457])]
[452, 452, 452, 452, 452, 452, 452, 452, 452, 452, 452, 452, 452, 452, 452, 452, 452, 452, 452]
last sieve = 457, bz = 452, num = 19, cost = 1029054311729939098322843660217846603121399169024, sieve cost = 1028435592432897083379641894238479020737274314752
bz: 74
iter:  30
bz: 138
iter:  20
bz: 202
iter:  16
bz: 266
iter:  16
bz: 330
iter:  22
bz: 394
iter:  26
bz: 458
bz: 394
iter:  26
bz: 410
iter:  26
bz: 426
iter:  25
bz: 442
iter:  29
bz: 458
bz: 442
iter:  29
bz: 446
iter:  23
bz: 450
iter:  21
bz: 454
bz: 450
iter:  21
bz: 451
iter:  20
bz: 452
19
18
17
16
16
15
15
[(1.3105139682028776e+48, [452, 452, 452, 452, 452, 452, 452, 452, 452, 452, 452, 452, 452, 452, 452, 452, 452, 452, 452]), (1.3106171308255537e+48, [453, 453, 453, 453, 453, 453, 453, 453, 453, 453, 453, 453, 453, 453, 453, 453, 453, 453]), (1.3107349026446136e+48, [454, 454, 454, 454, 454, 454, 454, 454, 454, 454, 454, 454, 454, 454, 454, 454, 454]), (1.310868518077278e+48, [455, 455, 455, 455, 455, 455, 455, 455, 455, 455, 455, 455, 455, 455, 455, 455]), (1.3110939162394205e+48, [456, 456, 456, 456, 456, 456, 456, 456, 456, 456, 456, 456, 456, 456, 456, 456]), (1.3112792602843554e+48, [457, 457, 457, 457, 457, 457, 457, 457, 457, 457, 457, 457, 457, 457, 457]), (1.3115998131530248e+48, [458, 458, 458, 458, 458, 458, 458, 458, 458, 458, 458, 458, 458, 458, 458])]
[452, 452, 452, 452, 452, 452, 452, 452, 452, 452, 452, 452, 452, 452, 452, 452, 452, 452, 452]
last sieve = 458, bz = 452, num = 19, cost = 1310513968202877557825220643732920699434431414272, sieve cost = 1309895248905835542882018877753553117050306560000
best (3.074359572610869e+47, [452, 452, 452, 452, 452, 452, 452, 452, 452, 452, 452, 452, 452, 452, 452, 452, 452, 452, 452], 452) 

find rough best d at 2304, with result (3.074359572610869e+47, [452, 452, 452, 452, 452, 452, 452, 452, 452, 452, 452, 452, 452, 452, 452, 452, 452, 452, 452], 452)
find final best d at 2304, with result (factored cost) (3.074359572610869e+47, [452, 452, 452, 452, 452, 452, 452, 452, 452, 452, 452, 452, 452, 452, 452, 452, 452, 452, 452], 452)
let's start with (factored cost)  3.074359572610869e+47 [452, 452, 452, 452, 452, 452, 452, 452, 452, 452, 452, 452, 452, 452, 452, 452, 452, 452, 452] 452
======== round 0 ========
todo suffixes: [[452], [455], [454], [453], [451]]
cur_suffix:  [452]
bz: 447.
iter:  23
bz: 448.
fisrt choice: (3.071612526429382e+47, 448, 22)
baseline:  (3.074359572610869e+47, [452, 452, 452, 452, 452, 452, 452, 452, 452, 452, 452, 452, 452, 452, 452, 452, 452, 452, 452], 452, 2304)
best 5 choices:
(3.074359572610869e+47, [452, 452, 452, 452, 452, 452, 452, 452, 452, 452, 452, 452, 452, 452, 452, 452, 452, 452, 452], 452, 2304)
end round with 8 suffixes


======== round 1 ========
todo suffixes: [[451, 452], [450, 452], [449, 452], [448, 452], [455], [454], [453], [451]]
cur_suffix:  [451, 452]
bz: 446.
iter:  23
bz: 447.
fisrt choice: (3.071291479941381e+47, 447, 22)
baseline:  (3.074359572610869e+47, [452, 452, 452, 452, 452, 452, 452, 452, 452, 452, 452, 452, 452, 452, 452, 452, 452, 452, 452], 452, 2304)
best 5 choices:
(3.074359572610869e+47, [452, 452, 452, 452, 452, 452, 452, 452, 452, 452, 452, 452, 452, 452, 452, 452, 452, 452, 452], 452, 2304)
end round with 11 suffixes


======== round 2 ========
todo suffixes: [[450, 451, 452], [449, 451, 452], [448, 451, 452], [447, 451, 452], [450, 452], [449, 452], [448, 452], [455], [454], [453], [451]]
cur_suffix:  [450, 451, 452]
bz: 445.
fisrt choice: (3.0707963871341923e+47, 445, 24)
baseline:  (3.074359572610869e+47, [452, 452, 452, 452, 452, 452, 452, 452, 452, 452, 452, 452, 452, 452, 452, 452, 452, 452, 452], 452, 2304)
best 5 choices:
(3.074359572610869e+47, [452, 452, 452, 452, 452, 452, 452, 452, 452, 452, 452, 452, 452, 452, 452, 452, 452, 452, 452], 452, 2304)
end round with 14 suffixes


======== round 3 ========
todo suffixes: [[448, 450, 451, 452], [447, 450, 451, 452], [446, 450, 451, 452], [445, 450, 451, 452], [449, 451, 452], [448, 451, 452], [447, 451, 452], [450, 452], [449, 452], [448, 452], [455], [454], [453], [451]]
cur_suffix:  [448, 450, 451, 452]
bz: 443.
iter:  27
bz: 444.
fisrt choice: (3.0705960169157174e+47, 444, 24)
baseline:  (3.074359572610869e+47, [452, 452, 452, 452, 452, 452, 452, 452, 452, 452, 452, 452, 452, 452, 452, 452, 452, 452, 452], 452, 2304)
best 5 choices:
(3.074359572610869e+47, [452, 452, 452, 452, 452, 452, 452, 452, 452, 452, 452, 452, 452, 452, 452, 452, 452, 452, 452], 452, 2304)
end round with 17 suffixes


======== round 4 ========
todo suffixes: [[447, 448, 450, 451, 452], [446, 448, 450, 451, 452], [445, 448, 450, 451, 452], [444, 448, 450, 451, 452], [447, 450, 451, 452], [446, 450, 451, 452], [445, 450, 451, 452], [449, 451, 452], [448, 451, 452], [447, 451, 452], [450, 452], [449, 452], [448, 452], [455], [454], [453], [451]]
cur_suffix:  [447, 448, 450, 451, 452]
bz: 442.
fisrt choice: (3.070410807821614e+47, 442, 29)
baseline:  (3.074359572610869e+47, [452, 452, 452, 452, 452, 452, 452, 452, 452, 452, 452, 452, 452, 452, 452, 452, 452, 452, 452], 452, 2304)
best 5 choices:
(3.074359572610869e+47, [452, 452, 452, 452, 452, 452, 452, 452, 452, 452, 452, 452, 452, 452, 452, 452, 452, 452, 452], 452, 2304)
end round with 20 suffixes


======== round 5 ========
todo suffixes: [[445, 447, 448, 450, 451, 452], [444, 447, 448, 450, 451, 452], [443, 447, 448, 450, 451, 452], [442, 447, 448, 450, 451, 452], [446, 448, 450, 451, 452], [445, 448, 450, 451, 452], [444, 448, 450, 451, 452], [447, 450, 451, 452], [446, 450, 451, 452], [445, 450, 451, 452], [449, 451, 452], [448, 451, 452], [447, 451, 452], [450, 452], [449, 452], [448, 452], [455], [454], [453], [451]]
cur_suffix:  [445, 447, 448, 450, 451, 452]
bz: 440.
iter:  26
bz: 441.
iter:  26
bz: 442.
fisrt choice: (3.070324245762432e+47, 442, 25)
baseline:  (3.074359572610869e+47, [452, 452, 452, 452, 452, 452, 452, 452, 452, 452, 452, 452, 452, 452, 452, 452, 452, 452, 452], 452, 2304)
best 5 choices:
(3.074359572610869e+47, [452, 452, 452, 452, 452, 452, 452, 452, 452, 452, 452, 452, 452, 452, 452, 452, 452, 452, 452], 452, 2304)
end round with 22 suffixes


======== round 6 ========
todo suffixes: [[444, 445, 447, 448, 450, 451, 452], [443, 445, 447, 448, 450, 451, 452], [442, 445, 447, 448, 450, 451, 452], [444, 447, 448, 450, 451, 452], [443, 447, 448, 450, 451, 452], [442, 447, 448, 450, 451, 452], [446, 448, 450, 451, 452], [445, 448, 450, 451, 452], [444, 448, 450, 451, 452], [447, 450, 451, 452], [446, 450, 451, 452], [445, 450, 451, 452], [449, 451, 452], [448, 451, 452], [447, 451, 452], [450, 452], [449, 452], [448, 452], [455], [454], [453], [451]]
cur_suffix:  [444, 445, 447, 448, 450, 451, 452]
bz: 439.
iter:  24
bz: 440.
iter:  26
bz: 441.
iter:  26
bz: 442.
fisrt choice: (3.070304618157276e+47, 442, 23)
baseline:  (3.074359572610869e+47, [452, 452, 452, 452, 452, 452, 452, 452, 452, 452, 452, 452, 452, 452, 452, 452, 452, 452, 452], 452, 2304)
best 5 choices:
(3.074359572610869e+47, [452, 452, 452, 452, 452, 452, 452, 452, 452, 452, 452, 452, 452, 452, 452, 452, 452, 452, 452], 452, 2304)
end round with 23 suffixes


======== round 7 ========
todo suffixes: [[443, 444, 445, 447, 448, 450, 451, 452], [442, 444, 445, 447, 448, 450, 451, 452], [443, 445, 447, 448, 450, 451, 452], [442, 445, 447, 448, 450, 451, 452], [444, 447, 448, 450, 451, 452], [443, 447, 448, 450, 451, 452], [442, 447, 448, 450, 451, 452], [446, 448, 450, 451, 452], [445, 448, 450, 451, 452], [444, 448, 450, 451, 452], [447, 450, 451, 452], [446, 450, 451, 452], [445, 450, 451, 452], [449, 451, 452], [448, 451, 452], [447, 451, 452], [450, 452], [449, 452], [448, 452], [455], [454], [453], [451]]
cur_suffix:  [443, 444, 445, 447, 448, 450, 451, 452]
bz: 438.
iter:  24
bz: 439.
iter:  24
bz: 440.
iter:  26
bz: 441.
fisrt choice: (3.070212112932435e+47, 441, 24)
baseline:  (3.074359572610869e+47, [452, 452, 452, 452, 452, 452, 452, 452, 452, 452, 452, 452, 452, 452, 452, 452, 452, 452, 452], 452, 2304)
best 5 choices:
(3.070212112932435e+47, [441, 441, 441, 441, 441, 441, 441, 441, 441, 441, 441, 441, 441, 441, 441, 441, 441, 441, 441, 441, 441, 441, 441, 441, 443, 444, 445, 447, 448, 450, 451, 452], 452, 2304)
(3.074359572610869e+47, [452, 452, 452, 452, 452, 452, 452, 452, 452, 452, 452, 452, 452, 452, 452, 452, 452, 452, 452], 452, 2304)
end round with 22 suffixes


======== round 8 ========
todo suffixes: [[442, 444, 445, 447, 448, 450, 451, 452], [443, 445, 447, 448, 450, 451, 452], [442, 445, 447, 448, 450, 451, 452], [444, 447, 448, 450, 451, 452], [443, 447, 448, 450, 451, 452], [442, 447, 448, 450, 451, 452], [446, 448, 450, 451, 452], [445, 448, 450, 451, 452], [444, 448, 450, 451, 452], [447, 450, 451, 452], [446, 450, 451, 452], [445, 450, 451, 452], [449, 451, 452], [448, 451, 452], [447, 451, 452], [450, 452], [449, 452], [448, 452], [455], [454], [453], [451]]
cur_suffix:  [442, 444, 445, 447, 448, 450, 451, 452]
bz: 437.
iter:  25
bz: 438.
iter:  24
bz: 439.
iter:  24
bz: 440.
iter:  26
bz: 441.
fisrt choice: (3.07023568120857e+47, 441, 25)
baseline:  (3.074359572610869e+47, [452, 452, 452, 452, 452, 452, 452, 452, 452, 452, 452, 452, 452, 452, 452, 452, 452, 452, 452], 452, 2304)
best 5 choices:
(3.070212112932435e+47, [441, 441, 441, 441, 441, 441, 441, 441, 441, 441, 441, 441, 441, 441, 441, 441, 441, 441, 441, 441, 441, 441, 441, 441, 443, 444, 445, 447, 448, 450, 451, 452], 452, 2304)
(3.07023568120857e+47, [441, 441, 441, 441, 441, 441, 441, 441, 441, 441, 441, 441, 441, 441, 441, 441, 441, 441, 441, 441, 441, 441, 441, 441, 441, 442, 444, 445, 447, 448, 450, 451, 452], 452, 2304)
(3.074359572610869e+47, [452, 452, 452, 452, 452, 452, 452, 452, 452, 452, 452, 452, 452, 452, 452, 452, 452, 452, 452], 452, 2304)
end round with 21 suffixes


======== round 9 ========
todo suffixes: [[443, 445, 447, 448, 450, 451, 452], [442, 445, 447, 448, 450, 451, 452], [444, 447, 448, 450, 451, 452], [443, 447, 448, 450, 451, 452], [442, 447, 448, 450, 451, 452], [446, 448, 450, 451, 452], [445, 448, 450, 451, 452], [444, 448, 450, 451, 452], [447, 450, 451, 452], [446, 450, 451, 452], [445, 450, 451, 452], [449, 451, 452], [448, 451, 452], [447, 451, 452], [450, 452], [449, 452], [448, 452], [455], [454], [453], [451]]
cur_suffix:  [443, 445, 447, 448, 450, 451, 452]
bz: 438.
iter:  24
bz: 439.
iter:  24
bz: 440.
iter:  26
bz: 441.
iter:  26
bz: 442.
fisrt choice: (3.070333640043004e+47, 442, 24)
baseline:  (3.074359572610869e+47, [452, 452, 452, 452, 452, 452, 452, 452, 452, 452, 452, 452, 452, 452, 452, 452, 452, 452, 452], 452, 2304)
best 5 choices:
(3.070212112932435e+47, [441, 441, 441, 441, 441, 441, 441, 441, 441, 441, 441, 441, 441, 441, 441, 441, 441, 441, 441, 441, 441, 441, 441, 441, 443, 444, 445, 447, 448, 450, 451, 452], 452, 2304)
(3.07023568120857e+47, [441, 441, 441, 441, 441, 441, 441, 441, 441, 441, 441, 441, 441, 441, 441, 441, 441, 441, 441, 441, 441, 441, 441, 441, 441, 442, 444, 445, 447, 448, 450, 451, 452], 452, 2304)
(3.074359572610869e+47, [452, 452, 452, 452, 452, 452, 452, 452, 452, 452, 452, 452, 452, 452, 452, 452, 452, 452, 452], 452, 2304)
end round with 21 suffixes


======== round 10 ========
todo suffixes: [[442, 443, 445, 447, 448, 450, 451, 452], [442, 445, 447, 448, 450, 451, 452], [444, 447, 448, 450, 451, 452], [443, 447, 448, 450, 451, 452], [442, 447, 448, 450, 451, 452], [446, 448, 450, 451, 452], [445, 448, 450, 451, 452], [444, 448, 450, 451, 452], [447, 450, 451, 452], [446, 450, 451, 452], [445, 450, 451, 452], [449, 451, 452], [448, 451, 452], [447, 451, 452], [450, 452], [449, 452], [448, 452], [455], [454], [453], [451]]
cur_suffix:  [442, 443, 445, 447, 448, 450, 451, 452]
bz: 437.
iter:  25
bz: 438.
iter:  24
bz: 439.
iter:  24
bz: 440.
iter:  26
bz: 441.
fisrt choice: (3.070257074702533e+47, 441, 26)
baseline:  (3.074359572610869e+47, [452, 452, 452, 452, 452, 452, 452, 452, 452, 452, 452, 452, 452, 452, 452, 452, 452, 452, 452], 452, 2304)
best 5 choices:
(3.070212112932435e+47, [441, 441, 441, 441, 441, 441, 441, 441, 441, 441, 441, 441, 441, 441, 441, 441, 441, 441, 441, 441, 441, 441, 441, 441, 443, 444, 445, 447, 448, 450, 451, 452], 452, 2304)
(3.07023568120857e+47, [441, 441, 441, 441, 441, 441, 441, 441, 441, 441, 441, 441, 441, 441, 441, 441, 441, 441, 441, 441, 441, 441, 441, 441, 441, 442, 444, 445, 447, 448, 450, 451, 452], 452, 2304)
(3.070257074702533e+47, [441, 441, 441, 441, 441, 441, 441, 441, 441, 441, 441, 441, 441, 441, 441, 441, 441, 441, 441, 441, 441, 441, 441, 441, 441, 441, 442, 443, 445, 447, 448, 450, 451, 452], 452, 2304)
(3.074359572610869e+47, [452, 452, 452, 452, 452, 452, 452, 452, 452, 452, 452, 452, 452, 452, 452, 452, 452, 452, 452], 452, 2304)
end round with 20 suffixes


======== round 11 ========
todo suffixes: [[442, 445, 447, 448, 450, 451, 452], [444, 447, 448, 450, 451, 452], [443, 447, 448, 450, 451, 452], [442, 447, 448, 450, 451, 452], [446, 448, 450, 451, 452], [445, 448, 450, 451, 452], [444, 448, 450, 451, 452], [447, 450, 451, 452], [446, 450, 451, 452], [445, 450, 451, 452], [449, 451, 452], [448, 451, 452], [447, 451, 452], [450, 452], [449, 452], [448, 452], [455], [454], [453], [451]]
cur_suffix:  [442, 445, 447, 448, 450, 451, 452]
bz: 437.
iter:  25
bz: 438.
iter:  24
bz: 439.
iter:  24
bz: 440.
iter:  26
bz: 441.
iter:  26
fisrt choice: (-1, -1, -1)
baseline:  (3.074359572610869e+47, [452, 452, 452, 452, 452, 452, 452, 452, 452, 452, 452, 452, 452, 452, 452, 452, 452, 452, 452], 452, 2304)
the strategy is infeasible, continue


======== round 12 ========
todo suffixes: [[444, 447, 448, 450, 451, 452], [443, 447, 448, 450, 451, 452], [442, 447, 448, 450, 451, 452], [446, 448, 450, 451, 452], [445, 448, 450, 451, 452], [444, 448, 450, 451, 452], [447, 450, 451, 452], [446, 450, 451, 452], [445, 450, 451, 452], [449, 451, 452], [448, 451, 452], [447, 451, 452], [450, 452], [449, 452], [448, 452], [455], [454], [453], [451]]
cur_suffix:  [444, 447, 448, 450, 451, 452]
bz: 439.
iter:  24
bz: 440.
iter:  26
bz: 441.
iter:  26
bz: 442.
fisrt choice: (3.0703505892679865e+47, 442, 26)
baseline:  (3.074359572610869e+47, [452, 452, 452, 452, 452, 452, 452, 452, 452, 452, 452, 452, 452, 452, 452, 452, 452, 452, 452], 452, 2304)
best 5 choices:
(3.070212112932435e+47, [441, 441, 441, 441, 441, 441, 441, 441, 441, 441, 441, 441, 441, 441, 441, 441, 441, 441, 441, 441, 441, 441, 441, 441, 443, 444, 445, 447, 448, 450, 451, 452], 452, 2304)
(3.07023568120857e+47, [441, 441, 441, 441, 441, 441, 441, 441, 441, 441, 441, 441, 441, 441, 441, 441, 441, 441, 441, 441, 441, 441, 441, 441, 441, 442, 444, 445, 447, 448, 450, 451, 452], 452, 2304)
(3.070257074702533e+47, [441, 441, 441, 441, 441, 441, 441, 441, 441, 441, 441, 441, 441, 441, 441, 441, 441, 441, 441, 441, 441, 441, 441, 441, 441, 441, 442, 443, 445, 447, 448, 450, 451, 452], 452, 2304)
(3.074359572610869e+47, [452, 452, 452, 452, 452, 452, 452, 452, 452, 452, 452, 452, 452, 452, 452, 452, 452, 452, 452], 452, 2304)
end round with 20 suffixes


======== round 13 ========
todo suffixes: [[443, 444, 447, 448, 450, 451, 452], [442, 444, 447, 448, 450, 451, 452], [443, 447, 448, 450, 451, 452], [442, 447, 448, 450, 451, 452], [446, 448, 450, 451, 452], [445, 448, 450, 451, 452], [444, 448, 450, 451, 452], [447, 450, 451, 452], [446, 450, 451, 452], [445, 450, 451, 452], [449, 451, 452], [448, 451, 452], [447, 451, 452], [450, 452], [449, 452], [448, 452], [455], [454], [453], [451]]
cur_suffix:  [443, 444, 447, 448, 450, 451, 452]
bz: 438.
iter:  24
bz: 439.
iter:  24
bz: 440.
iter:  26
bz: 441.
iter:  26
bz: 442.
fisrt choice: (3.0703599835485584e+47, 442, 25)
baseline:  (3.074359572610869e+47, [452, 452, 452, 452, 452, 452, 452, 452, 452, 452, 452, 452, 452, 452, 452, 452, 452, 452, 452], 452, 2304)
best 5 choices:
(3.070212112932435e+47, [441, 441, 441, 441, 441, 441, 441, 441, 441, 441, 441, 441, 441, 441, 441, 441, 441, 441, 441, 441, 441, 441, 441, 441, 443, 444, 445, 447, 448, 450, 451, 452], 452, 2304)
(3.07023568120857e+47, [441, 441, 441, 441, 441, 441, 441, 441, 441, 441, 441, 441, 441, 441, 441, 441, 441, 441, 441, 441, 441, 441, 441, 441, 441, 442, 444, 445, 447, 448, 450, 451, 452], 452, 2304)
(3.070257074702533e+47, [441, 441, 441, 441, 441, 441, 441, 441, 441, 441, 441, 441, 441, 441, 441, 441, 441, 441, 441, 441, 441, 441, 441, 441, 441, 441, 442, 443, 445, 447, 448, 450, 451, 452], 452, 2304)
(3.074359572610869e+47, [452, 452, 452, 452, 452, 452, 452, 452, 452, 452, 452, 452, 452, 452, 452, 452, 452, 452, 452], 452, 2304)
end round with 20 suffixes


======== round 14 ========
todo suffixes: [[442, 443, 444, 447, 448, 450, 451, 452], [442, 444, 447, 448, 450, 451, 452], [443, 447, 448, 450, 451, 452], [442, 447, 448, 450, 451, 452], [446, 448, 450, 451, 452], [445, 448, 450, 451, 452], [444, 448, 450, 451, 452], [447, 450, 451, 452], [446, 450, 451, 452], [445, 450, 451, 452], [449, 451, 452], [448, 451, 452], [447, 451, 452], [450, 452], [449, 452], [448, 452], [455], [454], [453], [451]]
cur_suffix:  [442, 443, 444, 447, 448, 450, 451, 452]
bz: 437.
iter:  25
bz: 438.
iter:  24
bz: 439.
iter:  24
bz: 440.
iter:  26
bz: 441.
iter:  26
fisrt choice: (-1, -1, -1)
baseline:  (3.074359572610869e+47, [452, 452, 452, 452, 452, 452, 452, 452, 452, 452, 452, 452, 452, 452, 452, 452, 452, 452, 452], 452, 2304)
the strategy is infeasible, continue


======== round 15 ========
todo suffixes: [[442, 444, 447, 448, 450, 451, 452], [443, 447, 448, 450, 451, 452], [442, 447, 448, 450, 451, 452], [446, 448, 450, 451, 452], [445, 448, 450, 451, 452], [444, 448, 450, 451, 452], [447, 450, 451, 452], [446, 450, 451, 452], [445, 450, 451, 452], [449, 451, 452], [448, 451, 452], [447, 451, 452], [450, 452], [449, 452], [448, 452], [455], [454], [453], [451]]
cur_suffix:  [442, 444, 447, 448, 450, 451, 452]
bz: 437.
iter:  25
bz: 438.
iter:  24
bz: 439.
iter:  24
bz: 440.
iter:  26
bz: 441.
iter:  26
fisrt choice: (-1, -1, -1)
baseline:  (3.074359572610869e+47, [452, 452, 452, 452, 452, 452, 452, 452, 452, 452, 452, 452, 452, 452, 452, 452, 452, 452, 452], 452, 2304)
the strategy is infeasible, continue


======== round 16 ========
todo suffixes: [[443, 447, 448, 450, 451, 452], [442, 447, 448, 450, 451, 452], [446, 448, 450, 451, 452], [445, 448, 450, 451, 452], [444, 448, 450, 451, 452], [447, 450, 451, 452], [446, 450, 451, 452], [445, 450, 451, 452], [449, 451, 452], [448, 451, 452], [447, 451, 452], [450, 452], [449, 452], [448, 452], [455], [454], [453], [451]]
cur_suffix:  [443, 447, 448, 450, 451, 452]
bz: 438.
iter:  24
bz: 439.
iter:  24
bz: 440.
iter:  26
bz: 441.
iter:  26
bz: 442.
fisrt choice: (3.0703796111537147e+47, 442, 27)
baseline:  (3.074359572610869e+47, [452, 452, 452, 452, 452, 452, 452, 452, 452, 452, 452, 452, 452, 452, 452, 452, 452, 452, 452], 452, 2304)
best 5 choices:
(3.070212112932435e+47, [441, 441, 441, 441, 441, 441, 441, 441, 441, 441, 441, 441, 441, 441, 441, 441, 441, 441, 441, 441, 441, 441, 441, 441, 443, 444, 445, 447, 448, 450, 451, 452], 452, 2304)
(3.07023568120857e+47, [441, 441, 441, 441, 441, 441, 441, 441, 441, 441, 441, 441, 441, 441, 441, 441, 441, 441, 441, 441, 441, 441, 441, 441, 441, 442, 444, 445, 447, 448, 450, 451, 452], 452, 2304)
(3.070257074702533e+47, [441, 441, 441, 441, 441, 441, 441, 441, 441, 441, 441, 441, 441, 441, 441, 441, 441, 441, 441, 441, 441, 441, 441, 441, 441, 441, 442, 443, 445, 447, 448, 450, 451, 452], 452, 2304)
(3.074359572610869e+47, [452, 452, 452, 452, 452, 452, 452, 452, 452, 452, 452, 452, 452, 452, 452, 452, 452, 452, 452], 452, 2304)
end round with 18 suffixes


======== round 17 ========
todo suffixes: [[442, 443, 447, 448, 450, 451, 452], [442, 447, 448, 450, 451, 452], [446, 448, 450, 451, 452], [445, 448, 450, 451, 452], [444, 448, 450, 451, 452], [447, 450, 451, 452], [446, 450, 451, 452], [445, 450, 451, 452], [449, 451, 452], [448, 451, 452], [447, 451, 452], [450, 452], [449, 452], [448, 452], [455], [454], [453], [451]]
cur_suffix:  [442, 443, 447, 448, 450, 451, 452]
bz: 437.
iter:  25
bz: 438.
iter:  24
bz: 439.
iter:  24
bz: 440.
iter:  26
bz: 441.
iter:  26
fisrt choice: (-1, -1, -1)
baseline:  (3.074359572610869e+47, [452, 452, 452, 452, 452, 452, 452, 452, 452, 452, 452, 452, 452, 452, 452, 452, 452, 452, 452], 452, 2304)
the strategy is infeasible, continue


======== round 18 ========
todo suffixes: [[442, 447, 448, 450, 451, 452], [446, 448, 450, 451, 452], [445, 448, 450, 451, 452], [444, 448, 450, 451, 452], [447, 450, 451, 452], [446, 450, 451, 452], [445, 450, 451, 452], [449, 451, 452], [448, 451, 452], [447, 451, 452], [450, 452], [449, 452], [448, 452], [455], [454], [453], [451]]
cur_suffix:  [442, 447, 448, 450, 451, 452]
bz: 437.
iter:  25
bz: 438.
iter:  24
bz: 439.
iter:  24
bz: 440.
iter:  26
bz: 441.
iter:  26
fisrt choice: (-1, -1, -1)
baseline:  (3.074359572610869e+47, [452, 452, 452, 452, 452, 452, 452, 452, 452, 452, 452, 452, 452, 452, 452, 452, 452, 452, 452], 452, 2304)
the strategy is infeasible, continue


======== round 19 ========
todo suffixes: [[446, 448, 450, 451, 452], [445, 448, 450, 451, 452], [444, 448, 450, 451, 452], [447, 450, 451, 452], [446, 450, 451, 452], [445, 450, 451, 452], [449, 451, 452], [448, 451, 452], [447, 451, 452], [450, 452], [449, 452], [448, 452], [455], [454], [453], [451]]
cur_suffix:  [446, 448, 450, 451, 452]
bz: 441.
iter:  26
bz: 442.
iter:  29
bz: 443.
fisrt choice: (3.070461692439784e+47, 443, 25)
baseline:  (3.074359572610869e+47, [452, 452, 452, 452, 452, 452, 452, 452, 452, 452, 452, 452, 452, 452, 452, 452, 452, 452, 452], 452, 2304)
best 5 choices:
(3.070212112932435e+47, [441, 441, 441, 441, 441, 441, 441, 441, 441, 441, 441, 441, 441, 441, 441, 441, 441, 441, 441, 441, 441, 441, 441, 441, 443, 444, 445, 447, 448, 450, 451, 452], 452, 2304)
(3.07023568120857e+47, [441, 441, 441, 441, 441, 441, 441, 441, 441, 441, 441, 441, 441, 441, 441, 441, 441, 441, 441, 441, 441, 441, 441, 441, 441, 442, 444, 445, 447, 448, 450, 451, 452], 452, 2304)
(3.070257074702533e+47, [441, 441, 441, 441, 441, 441, 441, 441, 441, 441, 441, 441, 441, 441, 441, 441, 441, 441, 441, 441, 441, 441, 441, 441, 441, 441, 442, 443, 445, 447, 448, 450, 451, 452], 452, 2304)
(3.074359572610869e+47, [452, 452, 452, 452, 452, 452, 452, 452, 452, 452, 452, 452, 452, 452, 452, 452, 452, 452, 452], 452, 2304)
end round with 18 suffixes


======== round 20 ========
todo suffixes: [[445, 446, 448, 450, 451, 452], [444, 446, 448, 450, 451, 452], [443, 446, 448, 450, 451, 452], [445, 448, 450, 451, 452], [444, 448, 450, 451, 452], [447, 450, 451, 452], [446, 450, 451, 452], [445, 450, 451, 452], [449, 451, 452], [448, 451, 452], [447, 451, 452], [450, 452], [449, 452], [448, 452], [455], [454], [453], [451]]
cur_suffix:  [445, 446, 448, 450, 451, 452]
bz: 440.
iter:  26
bz: 441.
iter:  26
bz: 442.
fisrt choice: (3.0703432281086615e+47, 442, 26)
baseline:  (3.074359572610869e+47, [452, 452, 452, 452, 452, 452, 452, 452, 452, 452, 452, 452, 452, 452, 452, 452, 452, 452, 452], 452, 2304)
best 5 choices:
(3.070212112932435e+47, [441, 441, 441, 441, 441, 441, 441, 441, 441, 441, 441, 441, 441, 441, 441, 441, 441, 441, 441, 441, 441, 441, 441, 441, 443, 444, 445, 447, 448, 450, 451, 452], 452, 2304)
(3.07023568120857e+47, [441, 441, 441, 441, 441, 441, 441, 441, 441, 441, 441, 441, 441, 441, 441, 441, 441, 441, 441, 441, 441, 441, 441, 441, 441, 442, 444, 445, 447, 448, 450, 451, 452], 452, 2304)
(3.070257074702533e+47, [441, 441, 441, 441, 441, 441, 441, 441, 441, 441, 441, 441, 441, 441, 441, 441, 441, 441, 441, 441, 441, 441, 441, 441, 441, 441, 442, 443, 445, 447, 448, 450, 451, 452], 452, 2304)
(3.074359572610869e+47, [452, 452, 452, 452, 452, 452, 452, 452, 452, 452, 452, 452, 452, 452, 452, 452, 452, 452, 452], 452, 2304)
end round with 20 suffixes


======== round 21 ========
todo suffixes: [[444, 445, 446, 448, 450, 451, 452], [443, 445, 446, 448, 450, 451, 452], [442, 445, 446, 448, 450, 451, 452], [444, 446, 448, 450, 451, 452], [443, 446, 448, 450, 451, 452], [445, 448, 450, 451, 452], [444, 448, 450, 451, 452], [447, 450, 451, 452], [446, 450, 451, 452], [445, 450, 451, 452], [449, 451, 452], [448, 451, 452], [447, 451, 452], [450, 452], [449, 452], [448, 452], [455], [454], [453], [451]]
cur_suffix:  [444, 445, 446, 448, 450, 451, 452]
bz: 439.
iter:  24
bz: 440.
iter:  26
bz: 441.
iter:  26
bz: 442.
fisrt choice: (3.0703236005035052e+47, 442, 24)
baseline:  (3.074359572610869e+47, [452, 452, 452, 452, 452, 452, 452, 452, 452, 452, 452, 452, 452, 452, 452, 452, 452, 452, 452], 452, 2304)
best 5 choices:
(3.070212112932435e+47, [441, 441, 441, 441, 441, 441, 441, 441, 441, 441, 441, 441, 441, 441, 441, 441, 441, 441, 441, 441, 441, 441, 441, 441, 443, 444, 445, 447, 448, 450, 451, 452], 452, 2304)
(3.07023568120857e+47, [441, 441, 441, 441, 441, 441, 441, 441, 441, 441, 441, 441, 441, 441, 441, 441, 441, 441, 441, 441, 441, 441, 441, 441, 441, 442, 444, 445, 447, 448, 450, 451, 452], 452, 2304)
(3.070257074702533e+47, [441, 441, 441, 441, 441, 441, 441, 441, 441, 441, 441, 441, 441, 441, 441, 441, 441, 441, 441, 441, 441, 441, 441, 441, 441, 441, 442, 443, 445, 447, 448, 450, 451, 452], 452, 2304)
(3.074359572610869e+47, [452, 452, 452, 452, 452, 452, 452, 452, 452, 452, 452, 452, 452, 452, 452, 452, 452, 452, 452], 452, 2304)
end round with 21 suffixes


======== round 22 ========
todo suffixes: [[443, 444, 445, 446, 448, 450, 451, 452], [442, 444, 445, 446, 448, 450, 451, 452], [443, 445, 446, 448, 450, 451, 452], [442, 445, 446, 448, 450, 451, 452], [444, 446, 448, 450, 451, 452], [443, 446, 448, 450, 451, 452], [445, 448, 450, 451, 452], [444, 448, 450, 451, 452], [447, 450, 451, 452], [446, 450, 451, 452], [445, 450, 451, 452], [449, 451, 452], [448, 451, 452], [447, 451, 452], [450, 452], [449, 452], [448, 452], [455], [454], [453], [451]]
cur_suffix:  [443, 444, 445, 446, 448, 450, 451, 452]
bz: 438.
iter:  24
bz: 439.
iter:  24
bz: 440.
iter:  26
bz: 441.
fisrt choice: (3.0702234668869e+47, 441, 25)
baseline:  (3.074359572610869e+47, [452, 452, 452, 452, 452, 452, 452, 452, 452, 452, 452, 452, 452, 452, 452, 452, 452, 452, 452], 452, 2304)
best 5 choices:
(3.070212112932435e+47, [441, 441, 441, 441, 441, 441, 441, 441, 441, 441, 441, 441, 441, 441, 441, 441, 441, 441, 441, 441, 441, 441, 441, 441, 443, 444, 445, 447, 448, 450, 451, 452], 452, 2304)
(3.0702234668869e+47, [441, 441, 441, 441, 441, 441, 441, 441, 441, 441, 441, 441, 441, 441, 441, 441, 441, 441, 441, 441, 441, 441, 441, 441, 441, 443, 444, 445, 446, 448, 450, 451, 452], 452, 2304)
(3.07023568120857e+47, [441, 441, 441, 441, 441, 441, 441, 441, 441, 441, 441, 441, 441, 441, 441, 441, 441, 441, 441, 441, 441, 441, 441, 441, 441, 442, 444, 445, 447, 448, 450, 451, 452], 452, 2304)
(3.070257074702533e+47, [441, 441, 441, 441, 441, 441, 441, 441, 441, 441, 441, 441, 441, 441, 441, 441, 441, 441, 441, 441, 441, 441, 441, 441, 441, 441, 442, 443, 445, 447, 448, 450, 451, 452], 452, 2304)
(3.074359572610869e+47, [452, 452, 452, 452, 452, 452, 452, 452, 452, 452, 452, 452, 452, 452, 452, 452, 452, 452, 452], 452, 2304)
end round with 20 suffixes


======== round 23 ========
todo suffixes: [[442, 444, 445, 446, 448, 450, 451, 452], [443, 445, 446, 448, 450, 451, 452], [442, 445, 446, 448, 450, 451, 452], [444, 446, 448, 450, 451, 452], [443, 446, 448, 450, 451, 452], [445, 448, 450, 451, 452], [444, 448, 450, 451, 452], [447, 450, 451, 452], [446, 450, 451, 452], [445, 450, 451, 452], [449, 451, 452], [448, 451, 452], [447, 451, 452], [450, 452], [449, 452], [448, 452], [455], [454], [453], [451]]
cur_suffix:  [442, 444, 445, 446, 448, 450, 451, 452]
bz: 437.
iter:  25
bz: 438.
iter:  24
bz: 439.
iter:  24
bz: 440.
iter:  26
bz: 441.
fisrt choice: (3.0702470351630345e+47, 441, 26)
baseline:  (3.074359572610869e+47, [452, 452, 452, 452, 452, 452, 452, 452, 452, 452, 452, 452, 452, 452, 452, 452, 452, 452, 452], 452, 2304)
best 5 choices:
(3.070212112932435e+47, [441, 441, 441, 441, 441, 441, 441, 441, 441, 441, 441, 441, 441, 441, 441, 441, 441, 441, 441, 441, 441, 441, 441, 441, 443, 444, 445, 447, 448, 450, 451, 452], 452, 2304)
(3.0702234668869e+47, [441, 441, 441, 441, 441, 441, 441, 441, 441, 441, 441, 441, 441, 441, 441, 441, 441, 441, 441, 441, 441, 441, 441, 441, 441, 443, 444, 445, 446, 448, 450, 451, 452], 452, 2304)
(3.07023568120857e+47, [441, 441, 441, 441, 441, 441, 441, 441, 441, 441, 441, 441, 441, 441, 441, 441, 441, 441, 441, 441, 441, 441, 441, 441, 441, 442, 444, 445, 447, 448, 450, 451, 452], 452, 2304)
(3.0702470351630345e+47, [441, 441, 441, 441, 441, 441, 441, 441, 441, 441, 441, 441, 441, 441, 441, 441, 441, 441, 441, 441, 441, 441, 441, 441, 441, 441, 442, 444, 445, 446, 448, 450, 451, 452], 452, 2304)
(3.070257074702533e+47, [441, 441, 441, 441, 441, 441, 441, 441, 441, 441, 441, 441, 441, 441, 441, 441, 441, 441, 441, 441, 441, 441, 441, 441, 441, 441, 442, 443, 445, 447, 448, 450, 451, 452], 452, 2304)
end round with 19 suffixes


======== round 24 ========
todo suffixes: [[443, 445, 446, 448, 450, 451, 452], [442, 445, 446, 448, 450, 451, 452], [444, 446, 448, 450, 451, 452], [443, 446, 448, 450, 451, 452], [445, 448, 450, 451, 452], [444, 448, 450, 451, 452], [447, 450, 451, 452], [446, 450, 451, 452], [445, 450, 451, 452], [449, 451, 452], [448, 451, 452], [447, 451, 452], [450, 452], [449, 452], [448, 452], [455], [454], [453], [451]]
cur_suffix:  [443, 445, 446, 448, 450, 451, 452]
bz: 438.
iter:  24
bz: 439.
iter:  24
bz: 440.
iter:  26
bz: 441.
iter:  26
bz: 442.
fisrt choice: (3.0703526223892334e+47, 442, 25)
baseline:  (3.074359572610869e+47, [452, 452, 452, 452, 452, 452, 452, 452, 452, 452, 452, 452, 452, 452, 452, 452, 452, 452, 452], 452, 2304)
best 5 choices:
(3.070212112932435e+47, [441, 441, 441, 441, 441, 441, 441, 441, 441, 441, 441, 441, 441, 441, 441, 441, 441, 441, 441, 441, 441, 441, 441, 441, 443, 444, 445, 447, 448, 450, 451, 452], 452, 2304)
(3.0702234668869e+47, [441, 441, 441, 441, 441, 441, 441, 441, 441, 441, 441, 441, 441, 441, 441, 441, 441, 441, 441, 441, 441, 441, 441, 441, 441, 443, 444, 445, 446, 448, 450, 451, 452], 452, 2304)
(3.07023568120857e+47, [441, 441, 441, 441, 441, 441, 441, 441, 441, 441, 441, 441, 441, 441, 441, 441, 441, 441, 441, 441, 441, 441, 441, 441, 441, 442, 444, 445, 447, 448, 450, 451, 452], 452, 2304)
(3.0702470351630345e+47, [441, 441, 441, 441, 441, 441, 441, 441, 441, 441, 441, 441, 441, 441, 441, 441, 441, 441, 441, 441, 441, 441, 441, 441, 441, 441, 442, 444, 445, 446, 448, 450, 451, 452], 452, 2304)
(3.070257074702533e+47, [441, 441, 441, 441, 441, 441, 441, 441, 441, 441, 441, 441, 441, 441, 441, 441, 441, 441, 441, 441, 441, 441, 441, 441, 441, 441, 442, 443, 445, 447, 448, 450, 451, 452], 452, 2304)
end round with 19 suffixes


======== round 25 ========
todo suffixes: [[442, 443, 445, 446, 448, 450, 451, 452], [442, 445, 446, 448, 450, 451, 452], [444, 446, 448, 450, 451, 452], [443, 446, 448, 450, 451, 452], [445, 448, 450, 451, 452], [444, 448, 450, 451, 452], [447, 450, 451, 452], [446, 450, 451, 452], [445, 450, 451, 452], [449, 451, 452], [448, 451, 452], [447, 451, 452], [450, 452], [449, 452], [448, 452], [455], [454], [453], [451]]
cur_suffix:  [442, 443, 445, 446, 448, 450, 451, 452]
bz: 437.
iter:  25
bz: 438.
iter:  24
bz: 439.
iter:  24
bz: 440.
iter:  26
bz: 441.
iter:  26
fisrt choice: (-1, -1, -1)
baseline:  (3.074359572610869e+47, [452, 452, 452, 452, 452, 452, 452, 452, 452, 452, 452, 452, 452, 452, 452, 452, 452, 452, 452], 452, 2304)
the strategy is infeasible, continue


======== round 26 ========
todo suffixes: [[442, 445, 446, 448, 450, 451, 452], [444, 446, 448, 450, 451, 452], [443, 446, 448, 450, 451, 452], [445, 448, 450, 451, 452], [444, 448, 450, 451, 452], [447, 450, 451, 452], [446, 450, 451, 452], [445, 450, 451, 452], [449, 451, 452], [448, 451, 452], [447, 451, 452], [450, 452], [449, 452], [448, 452], [455], [454], [453], [451]]
cur_suffix:  [442, 445, 446, 448, 450, 451, 452]
bz: 437.
iter:  25
bz: 438.
iter:  24
bz: 439.
iter:  24
bz: 440.
iter:  26
bz: 441.
iter:  26
fisrt choice: (-1, -1, -1)
baseline:  (3.074359572610869e+47, [452, 452, 452, 452, 452, 452, 452, 452, 452, 452, 452, 452, 452, 452, 452, 452, 452, 452, 452], 452, 2304)
the strategy is infeasible, continue


======== round 27 ========
todo suffixes: [[444, 446, 448, 450, 451, 452], [443, 446, 448, 450, 451, 452], [445, 448, 450, 451, 452], [444, 448, 450, 451, 452], [447, 450, 451, 452], [446, 450, 451, 452], [445, 450, 451, 452], [449, 451, 452], [448, 451, 452], [447, 451, 452], [450, 452], [449, 452], [448, 452], [455], [454], [453], [451]]
cur_suffix:  [444, 446, 448, 450, 451, 452]
bz: 439.
iter:  24
bz: 440.
iter:  26
bz: 441.
iter:  26
bz: 442.
fisrt choice: (3.070369571614216e+47, 442, 27)
baseline:  (3.074359572610869e+47, [452, 452, 452, 452, 452, 452, 452, 452, 452, 452, 452, 452, 452, 452, 452, 452, 452, 452, 452], 452, 2304)
best 5 choices:
(3.070212112932435e+47, [441, 441, 441, 441, 441, 441, 441, 441, 441, 441, 441, 441, 441, 441, 441, 441, 441, 441, 441, 441, 441, 441, 441, 441, 443, 444, 445, 447, 448, 450, 451, 452], 452, 2304)
(3.0702234668869e+47, [441, 441, 441, 441, 441, 441, 441, 441, 441, 441, 441, 441, 441, 441, 441, 441, 441, 441, 441, 441, 441, 441, 441, 441, 441, 443, 444, 445, 446, 448, 450, 451, 452], 452, 2304)
(3.07023568120857e+47, [441, 441, 441, 441, 441, 441, 441, 441, 441, 441, 441, 441, 441, 441, 441, 441, 441, 441, 441, 441, 441, 441, 441, 441, 441, 442, 444, 445, 447, 448, 450, 451, 452], 452, 2304)
(3.0702470351630345e+47, [441, 441, 441, 441, 441, 441, 441, 441, 441, 441, 441, 441, 441, 441, 441, 441, 441, 441, 441, 441, 441, 441, 441, 441, 441, 441, 442, 444, 445, 446, 448, 450, 451, 452], 452, 2304)
(3.070257074702533e+47, [441, 441, 441, 441, 441, 441, 441, 441, 441, 441, 441, 441, 441, 441, 441, 441, 441, 441, 441, 441, 441, 441, 441, 441, 441, 441, 442, 443, 445, 447, 448, 450, 451, 452], 452, 2304)
end round with 18 suffixes


======== round 28 ========
todo suffixes: [[443, 444, 446, 448, 450, 451, 452], [442, 444, 446, 448, 450, 451, 452], [443, 446, 448, 450, 451, 452], [445, 448, 450, 451, 452], [444, 448, 450, 451, 452], [447, 450, 451, 452], [446, 450, 451, 452], [445, 450, 451, 452], [449, 451, 452], [448, 451, 452], [447, 451, 452], [450, 452], [449, 452], [448, 452], [455], [454], [453], [451]]
cur_suffix:  [443, 444, 446, 448, 450, 451, 452]
bz: 438.
iter:  24
bz: 439.
iter:  24
bz: 440.
iter:  26
bz: 441.
iter:  26
bz: 442.
fisrt choice: (3.0703383749463165e+47, 442, 25)
baseline:  (3.074359572610869e+47, [452, 452, 452, 452, 452, 452, 452, 452, 452, 452, 452, 452, 452, 452, 452, 452, 452, 452, 452], 452, 2304)
best 5 choices:
(3.070212112932435e+47, [441, 441, 441, 441, 441, 441, 441, 441, 441, 441, 441, 441, 441, 441, 441, 441, 441, 441, 441, 441, 441, 441, 441, 441, 443, 444, 445, 447, 448, 450, 451, 452], 452, 2304)
(3.0702234668869e+47, [441, 441, 441, 441, 441, 441, 441, 441, 441, 441, 441, 441, 441, 441, 441, 441, 441, 441, 441, 441, 441, 441, 441, 441, 441, 443, 444, 445, 446, 448, 450, 451, 452], 452, 2304)
(3.07023568120857e+47, [441, 441, 441, 441, 441, 441, 441, 441, 441, 441, 441, 441, 441, 441, 441, 441, 441, 441, 441, 441, 441, 441, 441, 441, 441, 442, 444, 445, 447, 448, 450, 451, 452], 452, 2304)
(3.0702470351630345e+47, [441, 441, 441, 441, 441, 441, 441, 441, 441, 441, 441, 441, 441, 441, 441, 441, 441, 441, 441, 441, 441, 441, 441, 441, 441, 441, 442, 444, 445, 446, 448, 450, 451, 452], 452, 2304)
(3.070257074702533e+47, [441, 441, 441, 441, 441, 441, 441, 441, 441, 441, 441, 441, 441, 441, 441, 441, 441, 441, 441, 441, 441, 441, 441, 441, 441, 441, 442, 443, 445, 447, 448, 450, 451, 452], 452, 2304)
end round with 18 suffixes


======== round 29 ========
todo suffixes: [[442, 443, 444, 446, 448, 450, 451, 452], [442, 444, 446, 448, 450, 451, 452], [443, 446, 448, 450, 451, 452], [445, 448, 450, 451, 452], [444, 448, 450, 451, 452], [447, 450, 451, 452], [446, 450, 451, 452], [445, 450, 451, 452], [449, 451, 452], [448, 451, 452], [447, 451, 452], [450, 452], [449, 452], [448, 452], [455], [454], [453], [451]]
cur_suffix:  [442, 443, 444, 446, 448, 450, 451, 452]
bz: 437.
iter:  25
bz: 438.
iter:  24
bz: 439.
iter:  24
bz: 440.
iter:  26
bz: 441.
iter:  26
fisrt choice: (-1, -1, -1)
baseline:  (3.074359572610869e+47, [452, 452, 452, 452, 452, 452, 452, 452, 452, 452, 452, 452, 452, 452, 452, 452, 452, 452, 452], 452, 2304)
the strategy is infeasible, continue


======== round 30 ========
todo suffixes: [[442, 444, 446, 448, 450, 451, 452], [443, 446, 448, 450, 451, 452], [445, 448, 450, 451, 452], [444, 448, 450, 451, 452], [447, 450, 451, 452], [446, 450, 451, 452], [445, 450, 451, 452], [449, 451, 452], [448, 451, 452], [447, 451, 452], [450, 452], [449, 452], [448, 452], [455], [454], [453], [451]]
cur_suffix:  [442, 444, 446, 448, 450, 451, 452]
bz: 437.
iter:  25
bz: 438.
iter:  24
bz: 439.
iter:  24
bz: 440.
iter:  26
bz: 441.
iter:  26
fisrt choice: (-1, -1, -1)
baseline:  (3.074359572610869e+47, [452, 452, 452, 452, 452, 452, 452, 452, 452, 452, 452, 452, 452, 452, 452, 452, 452, 452, 452], 452, 2304)
the strategy is infeasible, continue


======== round 31 ========
todo suffixes: [[443, 446, 448, 450, 451, 452], [445, 448, 450, 451, 452], [444, 448, 450, 451, 452], [447, 450, 451, 452], [446, 450, 451, 452], [445, 450, 451, 452], [449, 451, 452], [448, 451, 452], [447, 451, 452], [450, 452], [449, 452], [448, 452], [455], [454], [453], [451]]
cur_suffix:  [443, 446, 448, 450, 451, 452]
bz: 438.
iter:  24
bz: 439.
iter:  24
bz: 440.
iter:  26
bz: 441.
iter:  26
bz: 442.
fisrt choice: (3.070398593499944e+47, 442, 28)
baseline:  (3.074359572610869e+47, [452, 452, 452, 452, 452, 452, 452, 452, 452, 452, 452, 452, 452, 452, 452, 452, 452, 452, 452], 452, 2304)
best 5 choices:
(3.070212112932435e+47, [441, 441, 441, 441, 441, 441, 441, 441, 441, 441, 441, 441, 441, 441, 441, 441, 441, 441, 441, 441, 441, 441, 441, 441, 443, 444, 445, 447, 448, 450, 451, 452], 452, 2304)
(3.0702234668869e+47, [441, 441, 441, 441, 441, 441, 441, 441, 441, 441, 441, 441, 441, 441, 441, 441, 441, 441, 441, 441, 441, 441, 441, 441, 441, 443, 444, 445, 446, 448, 450, 451, 452], 452, 2304)
(3.07023568120857e+47, [441, 441, 441, 441, 441, 441, 441, 441, 441, 441, 441, 441, 441, 441, 441, 441, 441, 441, 441, 441, 441, 441, 441, 441, 441, 442, 444, 445, 447, 448, 450, 451, 452], 452, 2304)
(3.0702470351630345e+47, [441, 441, 441, 441, 441, 441, 441, 441, 441, 441, 441, 441, 441, 441, 441, 441, 441, 441, 441, 441, 441, 441, 441, 441, 441, 441, 442, 444, 445, 446, 448, 450, 451, 452], 452, 2304)
(3.070257074702533e+47, [441, 441, 441, 441, 441, 441, 441, 441, 441, 441, 441, 441, 441, 441, 441, 441, 441, 441, 441, 441, 441, 441, 441, 441, 441, 441, 442, 443, 445, 447, 448, 450, 451, 452], 452, 2304)
end round with 16 suffixes


======== round 32 ========
todo suffixes: [[442, 443, 446, 448, 450, 451, 452], [445, 448, 450, 451, 452], [444, 448, 450, 451, 452], [447, 450, 451, 452], [446, 450, 451, 452], [445, 450, 451, 452], [449, 451, 452], [448, 451, 452], [447, 451, 452], [450, 452], [449, 452], [448, 452], [455], [454], [453], [451]]
cur_suffix:  [442, 443, 446, 448, 450, 451, 452]
bz: 437.
iter:  25
bz: 438.
iter:  24
bz: 439.
iter:  24
bz: 440.
iter:  26
bz: 441.
iter:  26
fisrt choice: (-1, -1, -1)
baseline:  (3.074359572610869e+47, [452, 452, 452, 452, 452, 452, 452, 452, 452, 452, 452, 452, 452, 452, 452, 452, 452, 452, 452], 452, 2304)
the strategy is infeasible, continue


======== round 33 ========
todo suffixes: [[445, 448, 450, 451, 452], [444, 448, 450, 451, 452], [447, 450, 451, 452], [446, 450, 451, 452], [445, 450, 451, 452], [449, 451, 452], [448, 451, 452], [447, 451, 452], [450, 452], [449, 452], [448, 452], [455], [454], [453], [451]]
cur_suffix:  [445, 448, 450, 451, 452]
bz: 440.
iter:  26
bz: 441.
iter:  26
bz: 442.
iter:  29
bz: 443.
fisrt choice: (3.0704941316026703e+47, 443, 26)
baseline:  (3.074359572610869e+47, [452, 452, 452, 452, 452, 452, 452, 452, 452, 452, 452, 452, 452, 452, 452, 452, 452, 452, 452], 452, 2304)
best 5 choices:
(3.070212112932435e+47, [441, 441, 441, 441, 441, 441, 441, 441, 441, 441, 441, 441, 441, 441, 441, 441, 441, 441, 441, 441, 441, 441, 441, 441, 443, 444, 445, 447, 448, 450, 451, 452], 452, 2304)
(3.0702234668869e+47, [441, 441, 441, 441, 441, 441, 441, 441, 441, 441, 441, 441, 441, 441, 441, 441, 441, 441, 441, 441, 441, 441, 441, 441, 441, 443, 444, 445, 446, 448, 450, 451, 452], 452, 2304)
(3.07023568120857e+47, [441, 441, 441, 441, 441, 441, 441, 441, 441, 441, 441, 441, 441, 441, 441, 441, 441, 441, 441, 441, 441, 441, 441, 441, 441, 442, 444, 445, 447, 448, 450, 451, 452], 452, 2304)
(3.0702470351630345e+47, [441, 441, 441, 441, 441, 441, 441, 441, 441, 441, 441, 441, 441, 441, 441, 441, 441, 441, 441, 441, 441, 441, 441, 441, 441, 441, 442, 444, 445, 446, 448, 450, 451, 452], 452, 2304)
(3.070257074702533e+47, [441, 441, 441, 441, 441, 441, 441, 441, 441, 441, 441, 441, 441, 441, 441, 441, 441, 441, 441, 441, 441, 441, 441, 441, 441, 441, 442, 443, 445, 447, 448, 450, 451, 452], 452, 2304)
end round with 16 suffixes


======== round 34 ========
todo suffixes: [[444, 445, 448, 450, 451, 452], [443, 445, 448, 450, 451, 452], [444, 448, 450, 451, 452], [447, 450, 451, 452], [446, 450, 451, 452], [445, 450, 451, 452], [449, 451, 452], [448, 451, 452], [447, 451, 452], [450, 452], [449, 452], [448, 452], [455], [454], [453], [451]]
cur_suffix:  [444, 445, 448, 450, 451, 452]
bz: 439.
iter:  24
bz: 440.
iter:  26
bz: 441.
iter:  26
bz: 442.
fisrt choice: (3.0703926164965303e+47, 442, 28)
baseline:  (3.074359572610869e+47, [452, 452, 452, 452, 452, 452, 452, 452, 452, 452, 452, 452, 452, 452, 452, 452, 452, 452, 452], 452, 2304)
best 5 choices:
(3.070212112932435e+47, [441, 441, 441, 441, 441, 441, 441, 441, 441, 441, 441, 441, 441, 441, 441, 441, 441, 441, 441, 441, 441, 441, 441, 441, 443, 444, 445, 447, 448, 450, 451, 452], 452, 2304)
(3.0702234668869e+47, [441, 441, 441, 441, 441, 441, 441, 441, 441, 441, 441, 441, 441, 441, 441, 441, 441, 441, 441, 441, 441, 441, 441, 441, 441, 443, 444, 445, 446, 448, 450, 451, 452], 452, 2304)
(3.07023568120857e+47, [441, 441, 441, 441, 441, 441, 441, 441, 441, 441, 441, 441, 441, 441, 441, 441, 441, 441, 441, 441, 441, 441, 441, 441, 441, 442, 444, 445, 447, 448, 450, 451, 452], 452, 2304)
(3.0702470351630345e+47, [441, 441, 441, 441, 441, 441, 441, 441, 441, 441, 441, 441, 441, 441, 441, 441, 441, 441, 441, 441, 441, 441, 441, 441, 441, 441, 442, 444, 445, 446, 448, 450, 451, 452], 452, 2304)
(3.070257074702533e+47, [441, 441, 441, 441, 441, 441, 441, 441, 441, 441, 441, 441, 441, 441, 441, 441, 441, 441, 441, 441, 441, 441, 441, 441, 441, 441, 442, 443, 445, 447, 448, 450, 451, 452], 452, 2304)
end round with 17 suffixes


======== round 35 ========
todo suffixes: [[443, 444, 445, 448, 450, 451, 452], [442, 444, 445, 448, 450, 451, 452], [443, 445, 448, 450, 451, 452], [444, 448, 450, 451, 452], [447, 450, 451, 452], [446, 450, 451, 452], [445, 450, 451, 452], [449, 451, 452], [448, 451, 452], [447, 451, 452], [450, 452], [449, 452], [448, 452], [455], [454], [453], [451]]
cur_suffix:  [443, 444, 445, 448, 450, 451, 452]
bz: 438.
iter:  24
bz: 439.
iter:  24
bz: 440.
iter:  26
bz: 441.
iter:  26
bz: 442.
fisrt choice: (3.070361419828631e+47, 442, 26)
baseline:  (3.074359572610869e+47, [452, 452, 452, 452, 452, 452, 452, 452, 452, 452, 452, 452, 452, 452, 452, 452, 452, 452, 452], 452, 2304)
best 5 choices:
(3.070212112932435e+47, [441, 441, 441, 441, 441, 441, 441, 441, 441, 441, 441, 441, 441, 441, 441, 441, 441, 441, 441, 441, 441, 441, 441, 441, 443, 444, 445, 447, 448, 450, 451, 452], 452, 2304)
(3.0702234668869e+47, [441, 441, 441, 441, 441, 441, 441, 441, 441, 441, 441, 441, 441, 441, 441, 441, 441, 441, 441, 441, 441, 441, 441, 441, 441, 443, 444, 445, 446, 448, 450, 451, 452], 452, 2304)
(3.07023568120857e+47, [441, 441, 441, 441, 441, 441, 441, 441, 441, 441, 441, 441, 441, 441, 441, 441, 441, 441, 441, 441, 441, 441, 441, 441, 441, 442, 444, 445, 447, 448, 450, 451, 452], 452, 2304)
(3.0702470351630345e+47, [441, 441, 441, 441, 441, 441, 441, 441, 441, 441, 441, 441, 441, 441, 441, 441, 441, 441, 441, 441, 441, 441, 441, 441, 441, 441, 442, 444, 445, 446, 448, 450, 451, 452], 452, 2304)
(3.070257074702533e+47, [441, 441, 441, 441, 441, 441, 441, 441, 441, 441, 441, 441, 441, 441, 441, 441, 441, 441, 441, 441, 441, 441, 441, 441, 441, 441, 442, 443, 445, 447, 448, 450, 451, 452], 452, 2304)
end round with 17 suffixes


======== round 36 ========
todo suffixes: [[442, 443, 444, 445, 448, 450, 451, 452], [442, 444, 445, 448, 450, 451, 452], [443, 445, 448, 450, 451, 452], [444, 448, 450, 451, 452], [447, 450, 451, 452], [446, 450, 451, 452], [445, 450, 451, 452], [449, 451, 452], [448, 451, 452], [447, 451, 452], [450, 452], [449, 452], [448, 452], [455], [454], [453], [451]]
cur_suffix:  [442, 443, 444, 445, 448, 450, 451, 452]
bz: 437.
iter:  25
bz: 438.
iter:  24
bz: 439.
iter:  24
bz: 440.
iter:  26
bz: 441.
iter:  26
fisrt choice: (-1, -1, -1)
baseline:  (3.074359572610869e+47, [452, 452, 452, 452, 452, 452, 452, 452, 452, 452, 452, 452, 452, 452, 452, 452, 452, 452, 452], 452, 2304)
the strategy is infeasible, continue


======== round 37 ========
todo suffixes: [[442, 444, 445, 448, 450, 451, 452], [443, 445, 448, 450, 451, 452], [444, 448, 450, 451, 452], [447, 450, 451, 452], [446, 450, 451, 452], [445, 450, 451, 452], [449, 451, 452], [448, 451, 452], [447, 451, 452], [450, 452], [449, 452], [448, 452], [455], [454], [453], [451]]
cur_suffix:  [442, 444, 445, 448, 450, 451, 452]
bz: 437.
iter:  25
bz: 438.
iter:  24
bz: 439.
iter:  24
bz: 440.
iter:  26
bz: 441.
iter:  26
fisrt choice: (-1, -1, -1)
baseline:  (3.074359572610869e+47, [452, 452, 452, 452, 452, 452, 452, 452, 452, 452, 452, 452, 452, 452, 452, 452, 452, 452, 452], 452, 2304)
the strategy is infeasible, continue


======== round 38 ========
todo suffixes: [[443, 445, 448, 450, 451, 452], [444, 448, 450, 451, 452], [447, 450, 451, 452], [446, 450, 451, 452], [445, 450, 451, 452], [449, 451, 452], [448, 451, 452], [447, 451, 452], [450, 452], [449, 452], [448, 452], [455], [454], [453], [451]]
cur_suffix:  [443, 445, 448, 450, 451, 452]
bz: 438.
iter:  24
bz: 439.
iter:  24
bz: 440.
iter:  26
bz: 441.
iter:  26
bz: 442.
fisrt choice: (3.0704216383822584e+47, 442, 29)
baseline:  (3.074359572610869e+47, [452, 452, 452, 452, 452, 452, 452, 452, 452, 452, 452, 452, 452, 452, 452, 452, 452, 452, 452], 452, 2304)
best 5 choices:
(3.070212112932435e+47, [441, 441, 441, 441, 441, 441, 441, 441, 441, 441, 441, 441, 441, 441, 441, 441, 441, 441, 441, 441, 441, 441, 441, 441, 443, 444, 445, 447, 448, 450, 451, 452], 452, 2304)
(3.0702234668869e+47, [441, 441, 441, 441, 441, 441, 441, 441, 441, 441, 441, 441, 441, 441, 441, 441, 441, 441, 441, 441, 441, 441, 441, 441, 441, 443, 444, 445, 446, 448, 450, 451, 452], 452, 2304)
(3.07023568120857e+47, [441, 441, 441, 441, 441, 441, 441, 441, 441, 441, 441, 441, 441, 441, 441, 441, 441, 441, 441, 441, 441, 441, 441, 441, 441, 442, 444, 445, 447, 448, 450, 451, 452], 452, 2304)
(3.0702470351630345e+47, [441, 441, 441, 441, 441, 441, 441, 441, 441, 441, 441, 441, 441, 441, 441, 441, 441, 441, 441, 441, 441, 441, 441, 441, 441, 441, 442, 444, 445, 446, 448, 450, 451, 452], 452, 2304)
(3.070257074702533e+47, [441, 441, 441, 441, 441, 441, 441, 441, 441, 441, 441, 441, 441, 441, 441, 441, 441, 441, 441, 441, 441, 441, 441, 441, 441, 441, 442, 443, 445, 447, 448, 450, 451, 452], 452, 2304)
end round with 15 suffixes


======== round 39 ========
todo suffixes: [[442, 443, 445, 448, 450, 451, 452], [444, 448, 450, 451, 452], [447, 450, 451, 452], [446, 450, 451, 452], [445, 450, 451, 452], [449, 451, 452], [448, 451, 452], [447, 451, 452], [450, 452], [449, 452], [448, 452], [455], [454], [453], [451]]
cur_suffix:  [442, 443, 445, 448, 450, 451, 452]
bz: 437.
iter:  25
bz: 438.
iter:  24
bz: 439.
iter:  24
bz: 440.
iter:  26
bz: 441.
iter:  26
fisrt choice: (-1, -1, -1)
baseline:  (3.074359572610869e+47, [452, 452, 452, 452, 452, 452, 452, 452, 452, 452, 452, 452, 452, 452, 452, 452, 452, 452, 452], 452, 2304)
the strategy is infeasible, continue


======== round 40 ========
todo suffixes: [[444, 448, 450, 451, 452], [447, 450, 451, 452], [446, 450, 451, 452], [445, 450, 451, 452], [449, 451, 452], [448, 451, 452], [447, 451, 452], [450, 452], [449, 452], [448, 452], [455], [454], [453], [451]]
cur_suffix:  [444, 448, 450, 451, 452]
bz: 439.
iter:  24
bz: 440.
iter:  26
bz: 441.
iter:  26
bz: 442.
iter:  29
bz: 443.
fisrt choice: (3.0704798841597534e+47, 443, 26)
baseline:  (3.074359572610869e+47, [452, 452, 452, 452, 452, 452, 452, 452, 452, 452, 452, 452, 452, 452, 452, 452, 452, 452, 452], 452, 2304)
best 5 choices:
(3.070212112932435e+47, [441, 441, 441, 441, 441, 441, 441, 441, 441, 441, 441, 441, 441, 441, 441, 441, 441, 441, 441, 441, 441, 441, 441, 441, 443, 444, 445, 447, 448, 450, 451, 452], 452, 2304)
(3.0702234668869e+47, [441, 441, 441, 441, 441, 441, 441, 441, 441, 441, 441, 441, 441, 441, 441, 441, 441, 441, 441, 441, 441, 441, 441, 441, 441, 443, 444, 445, 446, 448, 450, 451, 452], 452, 2304)
(3.07023568120857e+47, [441, 441, 441, 441, 441, 441, 441, 441, 441, 441, 441, 441, 441, 441, 441, 441, 441, 441, 441, 441, 441, 441, 441, 441, 441, 442, 444, 445, 447, 448, 450, 451, 452], 452, 2304)
(3.0702470351630345e+47, [441, 441, 441, 441, 441, 441, 441, 441, 441, 441, 441, 441, 441, 441, 441, 441, 441, 441, 441, 441, 441, 441, 441, 441, 441, 441, 442, 444, 445, 446, 448, 450, 451, 452], 452, 2304)
(3.070257074702533e+47, [441, 441, 441, 441, 441, 441, 441, 441, 441, 441, 441, 441, 441, 441, 441, 441, 441, 441, 441, 441, 441, 441, 441, 441, 441, 441, 442, 443, 445, 447, 448, 450, 451, 452], 452, 2304)
end round with 14 suffixes


======== round 41 ========
todo suffixes: [[443, 444, 448, 450, 451, 452], [447, 450, 451, 452], [446, 450, 451, 452], [445, 450, 451, 452], [449, 451, 452], [448, 451, 452], [447, 451, 452], [450, 452], [449, 452], [448, 452], [455], [454], [453], [451]]
cur_suffix:  [443, 444, 448, 450, 451, 452]
bz: 438.
iter:  24
bz: 439.
iter:  24
bz: 440.
iter:  26
bz: 441.
iter:  26
bz: 442.
iter:  29
fisrt choice: (-1, -1, -1)
baseline:  (3.074359572610869e+47, [452, 452, 452, 452, 452, 452, 452, 452, 452, 452, 452, 452, 452, 452, 452, 452, 452, 452, 452], 452, 2304)
the strategy is infeasible, continue


======== round 42 ========
todo suffixes: [[447, 450, 451, 452], [446, 450, 451, 452], [445, 450, 451, 452], [449, 451, 452], [448, 451, 452], [447, 451, 452], [450, 452], [449, 452], [448, 452], [455], [454], [453], [451]]
cur_suffix:  [447, 450, 451, 452]
bz: 442.
iter:  29
bz: 443.
iter:  27
bz: 444.
fisrt choice: (3.0706309591990762e+47, 444, 25)
baseline:  (3.074359572610869e+47, [452, 452, 452, 452, 452, 452, 452, 452, 452, 452, 452, 452, 452, 452, 452, 452, 452, 452, 452], 452, 2304)
best 5 choices:
(3.070212112932435e+47, [441, 441, 441, 441, 441, 441, 441, 441, 441, 441, 441, 441, 441, 441, 441, 441, 441, 441, 441, 441, 441, 441, 441, 441, 443, 444, 445, 447, 448, 450, 451, 452], 452, 2304)
(3.0702234668869e+47, [441, 441, 441, 441, 441, 441, 441, 441, 441, 441, 441, 441, 441, 441, 441, 441, 441, 441, 441, 441, 441, 441, 441, 441, 441, 443, 444, 445, 446, 448, 450, 451, 452], 452, 2304)
(3.07023568120857e+47, [441, 441, 441, 441, 441, 441, 441, 441, 441, 441, 441, 441, 441, 441, 441, 441, 441, 441, 441, 441, 441, 441, 441, 441, 441, 442, 444, 445, 447, 448, 450, 451, 452], 452, 2304)
(3.0702470351630345e+47, [441, 441, 441, 441, 441, 441, 441, 441, 441, 441, 441, 441, 441, 441, 441, 441, 441, 441, 441, 441, 441, 441, 441, 441, 441, 441, 442, 444, 445, 446, 448, 450, 451, 452], 452, 2304)
(3.070257074702533e+47, [441, 441, 441, 441, 441, 441, 441, 441, 441, 441, 441, 441, 441, 441, 441, 441, 441, 441, 441, 441, 441, 441, 441, 441, 441, 441, 442, 443, 445, 447, 448, 450, 451, 452], 452, 2304)
end round with 15 suffixes


======== round 43 ========
todo suffixes: [[446, 447, 450, 451, 452], [445, 447, 450, 451, 452], [444, 447, 450, 451, 452], [446, 450, 451, 452], [445, 450, 451, 452], [449, 451, 452], [448, 451, 452], [447, 451, 452], [450, 452], [449, 452], [448, 452], [455], [454], [453], [451]]
cur_suffix:  [446, 447, 450, 451, 452]
bz: 441.
iter:  26
bz: 442.
iter:  29
bz: 443.
fisrt choice: (3.0704850656603997e+47, 443, 26)
baseline:  (3.074359572610869e+47, [452, 452, 452, 452, 452, 452, 452, 452, 452, 452, 452, 452, 452, 452, 452, 452, 452, 452, 452], 452, 2304)
best 5 choices:
(3.070212112932435e+47, [441, 441, 441, 441, 441, 441, 441, 441, 441, 441, 441, 441, 441, 441, 441, 441, 441, 441, 441, 441, 441, 441, 441, 441, 443, 444, 445, 447, 448, 450, 451, 452], 452, 2304)
(3.0702234668869e+47, [441, 441, 441, 441, 441, 441, 441, 441, 441, 441, 441, 441, 441, 441, 441, 441, 441, 441, 441, 441, 441, 441, 441, 441, 441, 443, 444, 445, 446, 448, 450, 451, 452], 452, 2304)
(3.07023568120857e+47, [441, 441, 441, 441, 441, 441, 441, 441, 441, 441, 441, 441, 441, 441, 441, 441, 441, 441, 441, 441, 441, 441, 441, 441, 441, 442, 444, 445, 447, 448, 450, 451, 452], 452, 2304)
(3.0702470351630345e+47, [441, 441, 441, 441, 441, 441, 441, 441, 441, 441, 441, 441, 441, 441, 441, 441, 441, 441, 441, 441, 441, 441, 441, 441, 441, 441, 442, 444, 445, 446, 448, 450, 451, 452], 452, 2304)
(3.070257074702533e+47, [441, 441, 441, 441, 441, 441, 441, 441, 441, 441, 441, 441, 441, 441, 441, 441, 441, 441, 441, 441, 441, 441, 441, 441, 441, 441, 442, 443, 445, 447, 448, 450, 451, 452], 452, 2304)
end round with 17 suffixes


======== round 44 ========
todo suffixes: [[445, 446, 447, 450, 451, 452], [444, 446, 447, 450, 451, 452], [443, 446, 447, 450, 451, 452], [445, 447, 450, 451, 452], [444, 447, 450, 451, 452], [446, 450, 451, 452], [445, 450, 451, 452], [449, 451, 452], [448, 451, 452], [447, 451, 452], [450, 452], [449, 452], [448, 452], [455], [454], [453], [451]]
cur_suffix:  [445, 446, 447, 450, 451, 452]
bz: 440.
iter:  26
bz: 441.
iter:  26
bz: 442.
fisrt choice: (3.0703572070487053e+47, 442, 27)
baseline:  (3.074359572610869e+47, [452, 452, 452, 452, 452, 452, 452, 452, 452, 452, 452, 452, 452, 452, 452, 452, 452, 452, 452], 452, 2304)
best 5 choices:
(3.070212112932435e+47, [441, 441, 441, 441, 441, 441, 441, 441, 441, 441, 441, 441, 441, 441, 441, 441, 441, 441, 441, 441, 441, 441, 441, 441, 443, 444, 445, 447, 448, 450, 451, 452], 452, 2304)
(3.0702234668869e+47, [441, 441, 441, 441, 441, 441, 441, 441, 441, 441, 441, 441, 441, 441, 441, 441, 441, 441, 441, 441, 441, 441, 441, 441, 441, 443, 444, 445, 446, 448, 450, 451, 452], 452, 2304)
(3.07023568120857e+47, [441, 441, 441, 441, 441, 441, 441, 441, 441, 441, 441, 441, 441, 441, 441, 441, 441, 441, 441, 441, 441, 441, 441, 441, 441, 442, 444, 445, 447, 448, 450, 451, 452], 452, 2304)
(3.0702470351630345e+47, [441, 441, 441, 441, 441, 441, 441, 441, 441, 441, 441, 441, 441, 441, 441, 441, 441, 441, 441, 441, 441, 441, 441, 441, 441, 441, 442, 444, 445, 446, 448, 450, 451, 452], 452, 2304)
(3.070257074702533e+47, [441, 441, 441, 441, 441, 441, 441, 441, 441, 441, 441, 441, 441, 441, 441, 441, 441, 441, 441, 441, 441, 441, 441, 441, 441, 441, 442, 443, 445, 447, 448, 450, 451, 452], 452, 2304)
end round with 19 suffixes


======== round 45 ========
todo suffixes: [[444, 445, 446, 447, 450, 451, 452], [443, 445, 446, 447, 450, 451, 452], [442, 445, 446, 447, 450, 451, 452], [444, 446, 447, 450, 451, 452], [443, 446, 447, 450, 451, 452], [445, 447, 450, 451, 452], [444, 447, 450, 451, 452], [446, 450, 451, 452], [445, 450, 451, 452], [449, 451, 452], [448, 451, 452], [447, 451, 452], [450, 452], [449, 452], [448, 452], [455], [454], [453], [451]]
cur_suffix:  [444, 445, 446, 447, 450, 451, 452]
bz: 439.
iter:  24
bz: 440.
iter:  26
bz: 441.
iter:  26
bz: 442.
fisrt choice: (3.070337579443549e+47, 442, 25)
baseline:  (3.074359572610869e+47, [452, 452, 452, 452, 452, 452, 452, 452, 452, 452, 452, 452, 452, 452, 452, 452, 452, 452, 452], 452, 2304)
best 5 choices:
(3.070212112932435e+47, [441, 441, 441, 441, 441, 441, 441, 441, 441, 441, 441, 441, 441, 441, 441, 441, 441, 441, 441, 441, 441, 441, 441, 441, 443, 444, 445, 447, 448, 450, 451, 452], 452, 2304)
(3.0702234668869e+47, [441, 441, 441, 441, 441, 441, 441, 441, 441, 441, 441, 441, 441, 441, 441, 441, 441, 441, 441, 441, 441, 441, 441, 441, 441, 443, 444, 445, 446, 448, 450, 451, 452], 452, 2304)
(3.07023568120857e+47, [441, 441, 441, 441, 441, 441, 441, 441, 441, 441, 441, 441, 441, 441, 441, 441, 441, 441, 441, 441, 441, 441, 441, 441, 441, 442, 444, 445, 447, 448, 450, 451, 452], 452, 2304)
(3.0702470351630345e+47, [441, 441, 441, 441, 441, 441, 441, 441, 441, 441, 441, 441, 441, 441, 441, 441, 441, 441, 441, 441, 441, 441, 441, 441, 441, 441, 442, 444, 445, 446, 448, 450, 451, 452], 452, 2304)
(3.070257074702533e+47, [441, 441, 441, 441, 441, 441, 441, 441, 441, 441, 441, 441, 441, 441, 441, 441, 441, 441, 441, 441, 441, 441, 441, 441, 441, 441, 442, 443, 445, 447, 448, 450, 451, 452], 452, 2304)
end round with 20 suffixes


======== round 46 ========
todo suffixes: [[443, 444, 445, 446, 447, 450, 451, 452], [442, 444, 445, 446, 447, 450, 451, 452], [443, 445, 446, 447, 450, 451, 452], [442, 445, 446, 447, 450, 451, 452], [444, 446, 447, 450, 451, 452], [443, 446, 447, 450, 451, 452], [445, 447, 450, 451, 452], [444, 447, 450, 451, 452], [446, 450, 451, 452], [445, 450, 451, 452], [449, 451, 452], [448, 451, 452], [447, 451, 452], [450, 452], [449, 452], [448, 452], [455], [454], [453], [451]]
cur_suffix:  [443, 444, 445, 446, 447, 450, 451, 452]
bz: 438.
iter:  24
bz: 439.
iter:  24
bz: 440.
iter:  26
bz: 441.
iter:  26
bz: 442.
fisrt choice: (3.0703063827756496e+47, 442, 23)
baseline:  (3.074359572610869e+47, [452, 452, 452, 452, 452, 452, 452, 452, 452, 452, 452, 452, 452, 452, 452, 452, 452, 452, 452], 452, 2304)
best 5 choices:
(3.070212112932435e+47, [441, 441, 441, 441, 441, 441, 441, 441, 441, 441, 441, 441, 441, 441, 441, 441, 441, 441, 441, 441, 441, 441, 441, 441, 443, 444, 445, 447, 448, 450, 451, 452], 452, 2304)
(3.0702234668869e+47, [441, 441, 441, 441, 441, 441, 441, 441, 441, 441, 441, 441, 441, 441, 441, 441, 441, 441, 441, 441, 441, 441, 441, 441, 441, 443, 444, 445, 446, 448, 450, 451, 452], 452, 2304)
(3.07023568120857e+47, [441, 441, 441, 441, 441, 441, 441, 441, 441, 441, 441, 441, 441, 441, 441, 441, 441, 441, 441, 441, 441, 441, 441, 441, 441, 442, 444, 445, 447, 448, 450, 451, 452], 452, 2304)
(3.0702470351630345e+47, [441, 441, 441, 441, 441, 441, 441, 441, 441, 441, 441, 441, 441, 441, 441, 441, 441, 441, 441, 441, 441, 441, 441, 441, 441, 441, 442, 444, 445, 446, 448, 450, 451, 452], 452, 2304)
(3.070257074702533e+47, [441, 441, 441, 441, 441, 441, 441, 441, 441, 441, 441, 441, 441, 441, 441, 441, 441, 441, 441, 441, 441, 441, 441, 441, 441, 441, 442, 443, 445, 447, 448, 450, 451, 452], 452, 2304)
end round with 20 suffixes


======== round 47 ========
todo suffixes: [[442, 443, 444, 445, 446, 447, 450, 451, 452], [442, 444, 445, 446, 447, 450, 451, 452], [443, 445, 446, 447, 450, 451, 452], [442, 445, 446, 447, 450, 451, 452], [444, 446, 447, 450, 451, 452], [443, 446, 447, 450, 451, 452], [445, 447, 450, 451, 452], [444, 447, 450, 451, 452], [446, 450, 451, 452], [445, 450, 451, 452], [449, 451, 452], [448, 451, 452], [447, 451, 452], [450, 452], [449, 452], [448, 452], [455], [454], [453], [451]]
cur_suffix:  [442, 443, 444, 445, 446, 447, 450, 451, 452]
bz: 437.
iter:  25
bz: 438.
iter:  24
bz: 439.
iter:  24
bz: 440.
iter:  26
bz: 441.
fisrt choice: (3.0702374458269436e+47, 441, 25)
baseline:  (3.074359572610869e+47, [452, 452, 452, 452, 452, 452, 452, 452, 452, 452, 452, 452, 452, 452, 452, 452, 452, 452, 452], 452, 2304)
best 5 choices:
(3.070212112932435e+47, [441, 441, 441, 441, 441, 441, 441, 441, 441, 441, 441, 441, 441, 441, 441, 441, 441, 441, 441, 441, 441, 441, 441, 441, 443, 444, 445, 447, 448, 450, 451, 452], 452, 2304)
(3.0702234668869e+47, [441, 441, 441, 441, 441, 441, 441, 441, 441, 441, 441, 441, 441, 441, 441, 441, 441, 441, 441, 441, 441, 441, 441, 441, 441, 443, 444, 445, 446, 448, 450, 451, 452], 452, 2304)
(3.07023568120857e+47, [441, 441, 441, 441, 441, 441, 441, 441, 441, 441, 441, 441, 441, 441, 441, 441, 441, 441, 441, 441, 441, 441, 441, 441, 441, 442, 444, 445, 447, 448, 450, 451, 452], 452, 2304)
(3.0702374458269436e+47, [441, 441, 441, 441, 441, 441, 441, 441, 441, 441, 441, 441, 441, 441, 441, 441, 441, 441, 441, 441, 441, 441, 441, 441, 441, 442, 443, 444, 445, 446, 447, 450, 451, 452], 452, 2304)
(3.0702470351630345e+47, [441, 441, 441, 441, 441, 441, 441, 441, 441, 441, 441, 441, 441, 441, 441, 441, 441, 441, 441, 441, 441, 441, 441, 441, 441, 441, 442, 444, 445, 446, 448, 450, 451, 452], 452, 2304)
end round with 19 suffixes


======== round 48 ========
todo suffixes: [[442, 444, 445, 446, 447, 450, 451, 452], [443, 445, 446, 447, 450, 451, 452], [442, 445, 446, 447, 450, 451, 452], [444, 446, 447, 450, 451, 452], [443, 446, 447, 450, 451, 452], [445, 447, 450, 451, 452], [444, 447, 450, 451, 452], [446, 450, 451, 452], [445, 450, 451, 452], [449, 451, 452], [448, 451, 452], [447, 451, 452], [450, 452], [449, 452], [448, 452], [455], [454], [453], [451]]
cur_suffix:  [442, 444, 445, 446, 447, 450, 451, 452]
bz: 437.
iter:  25
bz: 438.
iter:  24
bz: 439.
iter:  24
bz: 440.
iter:  26
bz: 441.
iter:  26
fisrt choice: (-1, -1, -1)
baseline:  (3.074359572610869e+47, [452, 452, 452, 452, 452, 452, 452, 452, 452, 452, 452, 452, 452, 452, 452, 452, 452, 452, 452], 452, 2304)
the strategy is infeasible, continue


======== round 49 ========
todo suffixes: [[443, 445, 446, 447, 450, 451, 452], [442, 445, 446, 447, 450, 451, 452], [444, 446, 447, 450, 451, 452], [443, 446, 447, 450, 451, 452], [445, 447, 450, 451, 452], [444, 447, 450, 451, 452], [446, 450, 451, 452], [445, 450, 451, 452], [449, 451, 452], [448, 451, 452], [447, 451, 452], [450, 452], [449, 452], [448, 452], [455], [454], [453], [451]]
cur_suffix:  [443, 445, 446, 447, 450, 451, 452]
bz: 438.
iter:  24
bz: 439.
iter:  24
bz: 440.
iter:  26
bz: 441.
iter:  26
bz: 442.
fisrt choice: (3.070326010380806e+47, 442, 25)
baseline:  (3.074359572610869e+47, [452, 452, 452, 452, 452, 452, 452, 452, 452, 452, 452, 452, 452, 452, 452, 452, 452, 452, 452], 452, 2304)
best 5 choices:
(3.070212112932435e+47, [441, 441, 441, 441, 441, 441, 441, 441, 441, 441, 441, 441, 441, 441, 441, 441, 441, 441, 441, 441, 441, 441, 441, 441, 443, 444, 445, 447, 448, 450, 451, 452], 452, 2304)
(3.0702234668869e+47, [441, 441, 441, 441, 441, 441, 441, 441, 441, 441, 441, 441, 441, 441, 441, 441, 441, 441, 441, 441, 441, 441, 441, 441, 441, 443, 444, 445, 446, 448, 450, 451, 452], 452, 2304)
(3.07023568120857e+47, [441, 441, 441, 441, 441, 441, 441, 441, 441, 441, 441, 441, 441, 441, 441, 441, 441, 441, 441, 441, 441, 441, 441, 441, 441, 442, 444, 445, 447, 448, 450, 451, 452], 452, 2304)
(3.0702374458269436e+47, [441, 441, 441, 441, 441, 441, 441, 441, 441, 441, 441, 441, 441, 441, 441, 441, 441, 441, 441, 441, 441, 441, 441, 441, 441, 442, 443, 444, 445, 446, 447, 450, 451, 452], 452, 2304)
(3.0702470351630345e+47, [441, 441, 441, 441, 441, 441, 441, 441, 441, 441, 441, 441, 441, 441, 441, 441, 441, 441, 441, 441, 441, 441, 441, 441, 441, 441, 442, 444, 445, 446, 448, 450, 451, 452], 452, 2304)
end round with 18 suffixes


======== round 50 ========
todo suffixes: [[442, 443, 445, 446, 447, 450, 451, 452], [442, 445, 446, 447, 450, 451, 452], [444, 446, 447, 450, 451, 452], [443, 446, 447, 450, 451, 452], [445, 447, 450, 451, 452], [444, 447, 450, 451, 452], [446, 450, 451, 452], [445, 450, 451, 452], [449, 451, 452], [448, 451, 452], [447, 451, 452], [450, 452], [449, 452], [448, 452], [455], [454], [453], [451]]
cur_suffix:  [442, 443, 445, 446, 447, 450, 451, 452]
bz: 437.
iter:  25
bz: 438.
iter:  24
bz: 439.
iter:  24
bz: 440.
iter:  26
bz: 441.
iter:  26
fisrt choice: (-1, -1, -1)
baseline:  (3.074359572610869e+47, [452, 452, 452, 452, 452, 452, 452, 452, 452, 452, 452, 452, 452, 452, 452, 452, 452, 452, 452], 452, 2304)
the strategy is infeasible, continue


======== round 51 ========
todo suffixes: [[442, 445, 446, 447, 450, 451, 452], [444, 446, 447, 450, 451, 452], [443, 446, 447, 450, 451, 452], [445, 447, 450, 451, 452], [444, 447, 450, 451, 452], [446, 450, 451, 452], [445, 450, 451, 452], [449, 451, 452], [448, 451, 452], [447, 451, 452], [450, 452], [449, 452], [448, 452], [455], [454], [453], [451]]
cur_suffix:  [442, 445, 446, 447, 450, 451, 452]
bz: 437.
iter:  25
bz: 438.
iter:  24
bz: 439.
iter:  24
bz: 440.
iter:  26
bz: 441.
iter:  26
fisrt choice: (-1, -1, -1)
baseline:  (3.074359572610869e+47, [452, 452, 452, 452, 452, 452, 452, 452, 452, 452, 452, 452, 452, 452, 452, 452, 452, 452, 452], 452, 2304)
the strategy is infeasible, continue


======== round 52 ========
todo suffixes: [[444, 446, 447, 450, 451, 452], [443, 446, 447, 450, 451, 452], [445, 447, 450, 451, 452], [444, 447, 450, 451, 452], [446, 450, 451, 452], [445, 450, 451, 452], [449, 451, 452], [448, 451, 452], [447, 451, 452], [450, 452], [449, 452], [448, 452], [455], [454], [453], [451]]
cur_suffix:  [444, 446, 447, 450, 451, 452]
bz: 439.
iter:  24
bz: 440.
iter:  26
bz: 441.
iter:  26
bz: 442.
fisrt choice: (3.0703835505542597e+47, 442, 28)
baseline:  (3.074359572610869e+47, [452, 452, 452, 452, 452, 452, 452, 452, 452, 452, 452, 452, 452, 452, 452, 452, 452, 452, 452], 452, 2304)
best 5 choices:
(3.070212112932435e+47, [441, 441, 441, 441, 441, 441, 441, 441, 441, 441, 441, 441, 441, 441, 441, 441, 441, 441, 441, 441, 441, 441, 441, 441, 443, 444, 445, 447, 448, 450, 451, 452], 452, 2304)
(3.0702234668869e+47, [441, 441, 441, 441, 441, 441, 441, 441, 441, 441, 441, 441, 441, 441, 441, 441, 441, 441, 441, 441, 441, 441, 441, 441, 441, 443, 444, 445, 446, 448, 450, 451, 452], 452, 2304)
(3.07023568120857e+47, [441, 441, 441, 441, 441, 441, 441, 441, 441, 441, 441, 441, 441, 441, 441, 441, 441, 441, 441, 441, 441, 441, 441, 441, 441, 442, 444, 445, 447, 448, 450, 451, 452], 452, 2304)
(3.0702374458269436e+47, [441, 441, 441, 441, 441, 441, 441, 441, 441, 441, 441, 441, 441, 441, 441, 441, 441, 441, 441, 441, 441, 441, 441, 441, 441, 442, 443, 444, 445, 446, 447, 450, 451, 452], 452, 2304)
(3.0702470351630345e+47, [441, 441, 441, 441, 441, 441, 441, 441, 441, 441, 441, 441, 441, 441, 441, 441, 441, 441, 441, 441, 441, 441, 441, 441, 441, 441, 442, 444, 445, 446, 448, 450, 451, 452], 452, 2304)
end round with 17 suffixes


======== round 53 ========
todo suffixes: [[443, 444, 446, 447, 450, 451, 452], [442, 444, 446, 447, 450, 451, 452], [443, 446, 447, 450, 451, 452], [445, 447, 450, 451, 452], [444, 447, 450, 451, 452], [446, 450, 451, 452], [445, 450, 451, 452], [449, 451, 452], [448, 451, 452], [447, 451, 452], [450, 452], [449, 452], [448, 452], [455], [454], [453], [451]]
cur_suffix:  [443, 444, 446, 447, 450, 451, 452]
bz: 438.
iter:  24
bz: 439.
iter:  24
bz: 440.
iter:  26
bz: 441.
iter:  26
bz: 442.
fisrt choice: (3.0703523538863603e+47, 442, 26)
baseline:  (3.074359572610869e+47, [452, 452, 452, 452, 452, 452, 452, 452, 452, 452, 452, 452, 452, 452, 452, 452, 452, 452, 452], 452, 2304)
best 5 choices:
(3.070212112932435e+47, [441, 441, 441, 441, 441, 441, 441, 441, 441, 441, 441, 441, 441, 441, 441, 441, 441, 441, 441, 441, 441, 441, 441, 441, 443, 444, 445, 447, 448, 450, 451, 452], 452, 2304)
(3.0702234668869e+47, [441, 441, 441, 441, 441, 441, 441, 441, 441, 441, 441, 441, 441, 441, 441, 441, 441, 441, 441, 441, 441, 441, 441, 441, 441, 443, 444, 445, 446, 448, 450, 451, 452], 452, 2304)
(3.07023568120857e+47, [441, 441, 441, 441, 441, 441, 441, 441, 441, 441, 441, 441, 441, 441, 441, 441, 441, 441, 441, 441, 441, 441, 441, 441, 441, 442, 444, 445, 447, 448, 450, 451, 452], 452, 2304)
(3.0702374458269436e+47, [441, 441, 441, 441, 441, 441, 441, 441, 441, 441, 441, 441, 441, 441, 441, 441, 441, 441, 441, 441, 441, 441, 441, 441, 441, 442, 443, 444, 445, 446, 447, 450, 451, 452], 452, 2304)
(3.0702470351630345e+47, [441, 441, 441, 441, 441, 441, 441, 441, 441, 441, 441, 441, 441, 441, 441, 441, 441, 441, 441, 441, 441, 441, 441, 441, 441, 441, 442, 444, 445, 446, 448, 450, 451, 452], 452, 2304)
end round with 17 suffixes


======== round 54 ========
todo suffixes: [[442, 443, 444, 446, 447, 450, 451, 452], [442, 444, 446, 447, 450, 451, 452], [443, 446, 447, 450, 451, 452], [445, 447, 450, 451, 452], [444, 447, 450, 451, 452], [446, 450, 451, 452], [445, 450, 451, 452], [449, 451, 452], [448, 451, 452], [447, 451, 452], [450, 452], [449, 452], [448, 452], [455], [454], [453], [451]]
cur_suffix:  [442, 443, 444, 446, 447, 450, 451, 452]
bz: 437.
iter:  25
bz: 438.
iter:  24
bz: 439.
iter:  24
bz: 440.
iter:  26
bz: 441.
iter:  26
fisrt choice: (-1, -1, -1)
baseline:  (3.074359572610869e+47, [452, 452, 452, 452, 452, 452, 452, 452, 452, 452, 452, 452, 452, 452, 452, 452, 452, 452, 452], 452, 2304)
the strategy is infeasible, continue


======== round 55 ========
todo suffixes: [[442, 444, 446, 447, 450, 451, 452], [443, 446, 447, 450, 451, 452], [445, 447, 450, 451, 452], [444, 447, 450, 451, 452], [446, 450, 451, 452], [445, 450, 451, 452], [449, 451, 452], [448, 451, 452], [447, 451, 452], [450, 452], [449, 452], [448, 452], [455], [454], [453], [451]]
cur_suffix:  [442, 444, 446, 447, 450, 451, 452]
bz: 437.
iter:  25
bz: 438.
iter:  24
bz: 439.
iter:  24
bz: 440.
iter:  26
bz: 441.
iter:  26
fisrt choice: (-1, -1, -1)
baseline:  (3.074359572610869e+47, [452, 452, 452, 452, 452, 452, 452, 452, 452, 452, 452, 452, 452, 452, 452, 452, 452, 452, 452], 452, 2304)
the strategy is infeasible, continue


======== round 56 ========
todo suffixes: [[443, 446, 447, 450, 451, 452], [445, 447, 450, 451, 452], [444, 447, 450, 451, 452], [446, 450, 451, 452], [445, 450, 451, 452], [449, 451, 452], [448, 451, 452], [447, 451, 452], [450, 452], [449, 452], [448, 452], [455], [454], [453], [451]]
cur_suffix:  [443, 446, 447, 450, 451, 452]
bz: 438.
iter:  24
bz: 439.
iter:  24
bz: 440.
iter:  26
bz: 441.
iter:  26
bz: 442.
fisrt choice: (3.070412572439988e+47, 442, 29)
baseline:  (3.074359572610869e+47, [452, 452, 452, 452, 452, 452, 452, 452, 452, 452, 452, 452, 452, 452, 452, 452, 452, 452, 452], 452, 2304)
best 5 choices:
(3.070212112932435e+47, [441, 441, 441, 441, 441, 441, 441, 441, 441, 441, 441, 441, 441, 441, 441, 441, 441, 441, 441, 441, 441, 441, 441, 441, 443, 444, 445, 447, 448, 450, 451, 452], 452, 2304)
(3.0702234668869e+47, [441, 441, 441, 441, 441, 441, 441, 441, 441, 441, 441, 441, 441, 441, 441, 441, 441, 441, 441, 441, 441, 441, 441, 441, 441, 443, 444, 445, 446, 448, 450, 451, 452], 452, 2304)
(3.07023568120857e+47, [441, 441, 441, 441, 441, 441, 441, 441, 441, 441, 441, 441, 441, 441, 441, 441, 441, 441, 441, 441, 441, 441, 441, 441, 441, 442, 444, 445, 447, 448, 450, 451, 452], 452, 2304)
(3.0702374458269436e+47, [441, 441, 441, 441, 441, 441, 441, 441, 441, 441, 441, 441, 441, 441, 441, 441, 441, 441, 441, 441, 441, 441, 441, 441, 441, 442, 443, 444, 445, 446, 447, 450, 451, 452], 452, 2304)
(3.0702470351630345e+47, [441, 441, 441, 441, 441, 441, 441, 441, 441, 441, 441, 441, 441, 441, 441, 441, 441, 441, 441, 441, 441, 441, 441, 441, 441, 441, 442, 444, 445, 446, 448, 450, 451, 452], 452, 2304)
end round with 15 suffixes


======== round 57 ========
todo suffixes: [[442, 443, 446, 447, 450, 451, 452], [445, 447, 450, 451, 452], [444, 447, 450, 451, 452], [446, 450, 451, 452], [445, 450, 451, 452], [449, 451, 452], [448, 451, 452], [447, 451, 452], [450, 452], [449, 452], [448, 452], [455], [454], [453], [451]]
cur_suffix:  [442, 443, 446, 447, 450, 451, 452]
bz: 437.
iter:  25
bz: 438.
iter:  24
bz: 439.
iter:  24
bz: 440.
iter:  26
bz: 441.
iter:  26
fisrt choice: (-1, -1, -1)
baseline:  (3.074359572610869e+47, [452, 452, 452, 452, 452, 452, 452, 452, 452, 452, 452, 452, 452, 452, 452, 452, 452, 452, 452], 452, 2304)
the strategy is infeasible, continue


======== round 58 ========
todo suffixes: [[445, 447, 450, 451, 452], [444, 447, 450, 451, 452], [446, 450, 451, 452], [445, 450, 451, 452], [449, 451, 452], [448, 451, 452], [447, 451, 452], [450, 452], [449, 452], [448, 452], [455], [454], [453], [451]]
cur_suffix:  [445, 447, 450, 451, 452]
bz: 440.
iter:  26
bz: 441.
iter:  26
bz: 442.
iter:  29
bz: 443.
fisrt choice: (3.0704675195942427e+47, 443, 26)
baseline:  (3.074359572610869e+47, [452, 452, 452, 452, 452, 452, 452, 452, 452, 452, 452, 452, 452, 452, 452, 452, 452, 452, 452], 452, 2304)
best 5 choices:
(3.070212112932435e+47, [441, 441, 441, 441, 441, 441, 441, 441, 441, 441, 441, 441, 441, 441, 441, 441, 441, 441, 441, 441, 441, 441, 441, 441, 443, 444, 445, 447, 448, 450, 451, 452], 452, 2304)
(3.0702234668869e+47, [441, 441, 441, 441, 441, 441, 441, 441, 441, 441, 441, 441, 441, 441, 441, 441, 441, 441, 441, 441, 441, 441, 441, 441, 441, 443, 444, 445, 446, 448, 450, 451, 452], 452, 2304)
(3.07023568120857e+47, [441, 441, 441, 441, 441, 441, 441, 441, 441, 441, 441, 441, 441, 441, 441, 441, 441, 441, 441, 441, 441, 441, 441, 441, 441, 442, 444, 445, 447, 448, 450, 451, 452], 452, 2304)
(3.0702374458269436e+47, [441, 441, 441, 441, 441, 441, 441, 441, 441, 441, 441, 441, 441, 441, 441, 441, 441, 441, 441, 441, 441, 441, 441, 441, 441, 442, 443, 444, 445, 446, 447, 450, 451, 452], 452, 2304)
(3.0702470351630345e+47, [441, 441, 441, 441, 441, 441, 441, 441, 441, 441, 441, 441, 441, 441, 441, 441, 441, 441, 441, 441, 441, 441, 441, 441, 441, 441, 442, 444, 445, 446, 448, 450, 451, 452], 452, 2304)
end round with 15 suffixes


======== round 59 ========
todo suffixes: [[444, 445, 447, 450, 451, 452], [443, 445, 447, 450, 451, 452], [444, 447, 450, 451, 452], [446, 450, 451, 452], [445, 450, 451, 452], [449, 451, 452], [448, 451, 452], [447, 451, 452], [450, 452], [449, 452], [448, 452], [455], [454], [453], [451]]
cur_suffix:  [444, 445, 447, 450, 451, 452]
bz: 439.
iter:  24
bz: 440.
iter:  26
bz: 441.
iter:  26
bz: 442.
fisrt choice: (3.070406595436574e+47, 442, 29)
baseline:  (3.074359572610869e+47, [452, 452, 452, 452, 452, 452, 452, 452, 452, 452, 452, 452, 452, 452, 452, 452, 452, 452, 452], 452, 2304)
best 5 choices:
(3.070212112932435e+47, [441, 441, 441, 441, 441, 441, 441, 441, 441, 441, 441, 441, 441, 441, 441, 441, 441, 441, 441, 441, 441, 441, 441, 441, 443, 444, 445, 447, 448, 450, 451, 452], 452, 2304)
(3.0702234668869e+47, [441, 441, 441, 441, 441, 441, 441, 441, 441, 441, 441, 441, 441, 441, 441, 441, 441, 441, 441, 441, 441, 441, 441, 441, 441, 443, 444, 445, 446, 448, 450, 451, 452], 452, 2304)
(3.07023568120857e+47, [441, 441, 441, 441, 441, 441, 441, 441, 441, 441, 441, 441, 441, 441, 441, 441, 441, 441, 441, 441, 441, 441, 441, 441, 441, 442, 444, 445, 447, 448, 450, 451, 452], 452, 2304)
(3.0702374458269436e+47, [441, 441, 441, 441, 441, 441, 441, 441, 441, 441, 441, 441, 441, 441, 441, 441, 441, 441, 441, 441, 441, 441, 441, 441, 441, 442, 443, 444, 445, 446, 447, 450, 451, 452], 452, 2304)
(3.0702470351630345e+47, [441, 441, 441, 441, 441, 441, 441, 441, 441, 441, 441, 441, 441, 441, 441, 441, 441, 441, 441, 441, 441, 441, 441, 441, 441, 441, 442, 444, 445, 446, 448, 450, 451, 452], 452, 2304)
end round with 16 suffixes


======== round 60 ========
todo suffixes: [[443, 444, 445, 447, 450, 451, 452], [442, 444, 445, 447, 450, 451, 452], [443, 445, 447, 450, 451, 452], [444, 447, 450, 451, 452], [446, 450, 451, 452], [445, 450, 451, 452], [449, 451, 452], [448, 451, 452], [447, 451, 452], [450, 452], [449, 452], [448, 452], [455], [454], [453], [451]]
cur_suffix:  [443, 444, 445, 447, 450, 451, 452]
bz: 438.
iter:  24
bz: 439.
iter:  24
bz: 440.
iter:  26
bz: 441.
iter:  26
bz: 442.
fisrt choice: (3.0703753987686746e+47, 442, 27)
baseline:  (3.074359572610869e+47, [452, 452, 452, 452, 452, 452, 452, 452, 452, 452, 452, 452, 452, 452, 452, 452, 452, 452, 452], 452, 2304)
best 5 choices:
(3.070212112932435e+47, [441, 441, 441, 441, 441, 441, 441, 441, 441, 441, 441, 441, 441, 441, 441, 441, 441, 441, 441, 441, 441, 441, 441, 441, 443, 444, 445, 447, 448, 450, 451, 452], 452, 2304)
(3.0702234668869e+47, [441, 441, 441, 441, 441, 441, 441, 441, 441, 441, 441, 441, 441, 441, 441, 441, 441, 441, 441, 441, 441, 441, 441, 441, 441, 443, 444, 445, 446, 448, 450, 451, 452], 452, 2304)
(3.07023568120857e+47, [441, 441, 441, 441, 441, 441, 441, 441, 441, 441, 441, 441, 441, 441, 441, 441, 441, 441, 441, 441, 441, 441, 441, 441, 441, 442, 444, 445, 447, 448, 450, 451, 452], 452, 2304)
(3.0702374458269436e+47, [441, 441, 441, 441, 441, 441, 441, 441, 441, 441, 441, 441, 441, 441, 441, 441, 441, 441, 441, 441, 441, 441, 441, 441, 441, 442, 443, 444, 445, 446, 447, 450, 451, 452], 452, 2304)
(3.0702470351630345e+47, [441, 441, 441, 441, 441, 441, 441, 441, 441, 441, 441, 441, 441, 441, 441, 441, 441, 441, 441, 441, 441, 441, 441, 441, 441, 441, 442, 444, 445, 446, 448, 450, 451, 452], 452, 2304)
end round with 16 suffixes


======== round 61 ========
todo suffixes: [[442, 443, 444, 445, 447, 450, 451, 452], [442, 444, 445, 447, 450, 451, 452], [443, 445, 447, 450, 451, 452], [444, 447, 450, 451, 452], [446, 450, 451, 452], [445, 450, 451, 452], [449, 451, 452], [448, 451, 452], [447, 451, 452], [450, 452], [449, 452], [448, 452], [455], [454], [453], [451]]
cur_suffix:  [442, 443, 444, 445, 447, 450, 451, 452]
bz: 437.
iter:  25
bz: 438.
iter:  24
bz: 439.
iter:  24
bz: 440.
iter:  26
bz: 441.
iter:  26
fisrt choice: (-1, -1, -1)
baseline:  (3.074359572610869e+47, [452, 452, 452, 452, 452, 452, 452, 452, 452, 452, 452, 452, 452, 452, 452, 452, 452, 452, 452], 452, 2304)
the strategy is infeasible, continue


======== round 62 ========
todo suffixes: [[442, 444, 445, 447, 450, 451, 452], [443, 445, 447, 450, 451, 452], [444, 447, 450, 451, 452], [446, 450, 451, 452], [445, 450, 451, 452], [449, 451, 452], [448, 451, 452], [447, 451, 452], [450, 452], [449, 452], [448, 452], [455], [454], [453], [451]]
cur_suffix:  [442, 444, 445, 447, 450, 451, 452]
bz: 437.
iter:  25
bz: 438.
iter:  24
bz: 439.
iter:  24
bz: 440.
iter:  26
bz: 441.
iter:  26
fisrt choice: (-1, -1, -1)
baseline:  (3.074359572610869e+47, [452, 452, 452, 452, 452, 452, 452, 452, 452, 452, 452, 452, 452, 452, 452, 452, 452, 452, 452], 452, 2304)
the strategy is infeasible, continue


======== round 63 ========
todo suffixes: [[443, 445, 447, 450, 451, 452], [444, 447, 450, 451, 452], [446, 450, 451, 452], [445, 450, 451, 452], [449, 451, 452], [448, 451, 452], [447, 451, 452], [450, 452], [449, 452], [448, 452], [455], [454], [453], [451]]
cur_suffix:  [443, 445, 447, 450, 451, 452]
bz: 438.
iter:  24
bz: 439.
iter:  24
bz: 440.
iter:  26
bz: 441.
iter:  26
bz: 442.
iter:  29
fisrt choice: (-1, -1, -1)
baseline:  (3.074359572610869e+47, [452, 452, 452, 452, 452, 452, 452, 452, 452, 452, 452, 452, 452, 452, 452, 452, 452, 452, 452], 452, 2304)
the strategy is infeasible, continue


======== round 64 ========
todo suffixes: [[444, 447, 450, 451, 452], [446, 450, 451, 452], [445, 450, 451, 452], [449, 451, 452], [448, 451, 452], [447, 451, 452], [450, 452], [449, 452], [448, 452], [455], [454], [453], [451]]
cur_suffix:  [444, 447, 450, 451, 452]
bz: 439.
iter:  24
bz: 440.
iter:  26
bz: 441.
iter:  26
bz: 442.
iter:  29
bz: 443.
fisrt choice: (3.070503257380369e+47, 443, 27)
baseline:  (3.074359572610869e+47, [452, 452, 452, 452, 452, 452, 452, 452, 452, 452, 452, 452, 452, 452, 452, 452, 452, 452, 452], 452, 2304)
best 5 choices:
(3.070212112932435e+47, [441, 441, 441, 441, 441, 441, 441, 441, 441, 441, 441, 441, 441, 441, 441, 441, 441, 441, 441, 441, 441, 441, 441, 441, 443, 444, 445, 447, 448, 450, 451, 452], 452, 2304)
(3.0702234668869e+47, [441, 441, 441, 441, 441, 441, 441, 441, 441, 441, 441, 441, 441, 441, 441, 441, 441, 441, 441, 441, 441, 441, 441, 441, 441, 443, 444, 445, 446, 448, 450, 451, 452], 452, 2304)
(3.07023568120857e+47, [441, 441, 441, 441, 441, 441, 441, 441, 441, 441, 441, 441, 441, 441, 441, 441, 441, 441, 441, 441, 441, 441, 441, 441, 441, 442, 444, 445, 447, 448, 450, 451, 452], 452, 2304)
(3.0702374458269436e+47, [441, 441, 441, 441, 441, 441, 441, 441, 441, 441, 441, 441, 441, 441, 441, 441, 441, 441, 441, 441, 441, 441, 441, 441, 441, 442, 443, 444, 445, 446, 447, 450, 451, 452], 452, 2304)
(3.0702470351630345e+47, [441, 441, 441, 441, 441, 441, 441, 441, 441, 441, 441, 441, 441, 441, 441, 441, 441, 441, 441, 441, 441, 441, 441, 441, 441, 441, 442, 444, 445, 446, 448, 450, 451, 452], 452, 2304)
end round with 13 suffixes


======== round 65 ========
todo suffixes: [[443, 444, 447, 450, 451, 452], [446, 450, 451, 452], [445, 450, 451, 452], [449, 451, 452], [448, 451, 452], [447, 451, 452], [450, 452], [449, 452], [448, 452], [455], [454], [453], [451]]
cur_suffix:  [443, 444, 447, 450, 451, 452]
bz: 438.
iter:  24
bz: 439.
iter:  24
bz: 440.
iter:  26
bz: 441.
iter:  26
bz: 442.
iter:  29
fisrt choice: (-1, -1, -1)
baseline:  (3.074359572610869e+47, [452, 452, 452, 452, 452, 452, 452, 452, 452, 452, 452, 452, 452, 452, 452, 452, 452, 452, 452], 452, 2304)
the strategy is infeasible, continue


======== round 66 ========
todo suffixes: [[446, 450, 451, 452], [445, 450, 451, 452], [449, 451, 452], [448, 451, 452], [447, 451, 452], [450, 452], [449, 452], [448, 452], [455], [454], [453], [451]]
cur_suffix:  [446, 450, 451, 452]
bz: 441.
iter:  26
bz: 442.
iter:  29
bz: 443.
iter:  27
bz: 444.
fisrt choice: (3.0706093505968343e+47, 444, 25)
baseline:  (3.074359572610869e+47, [452, 452, 452, 452, 452, 452, 452, 452, 452, 452, 452, 452, 452, 452, 452, 452, 452, 452, 452], 452, 2304)
best 5 choices:
(3.070212112932435e+47, [441, 441, 441, 441, 441, 441, 441, 441, 441, 441, 441, 441, 441, 441, 441, 441, 441, 441, 441, 441, 441, 441, 441, 441, 443, 444, 445, 447, 448, 450, 451, 452], 452, 2304)
(3.0702234668869e+47, [441, 441, 441, 441, 441, 441, 441, 441, 441, 441, 441, 441, 441, 441, 441, 441, 441, 441, 441, 441, 441, 441, 441, 441, 441, 443, 444, 445, 446, 448, 450, 451, 452], 452, 2304)
(3.07023568120857e+47, [441, 441, 441, 441, 441, 441, 441, 441, 441, 441, 441, 441, 441, 441, 441, 441, 441, 441, 441, 441, 441, 441, 441, 441, 441, 442, 444, 445, 447, 448, 450, 451, 452], 452, 2304)
(3.0702374458269436e+47, [441, 441, 441, 441, 441, 441, 441, 441, 441, 441, 441, 441, 441, 441, 441, 441, 441, 441, 441, 441, 441, 441, 441, 441, 441, 442, 443, 444, 445, 446, 447, 450, 451, 452], 452, 2304)
(3.0702470351630345e+47, [441, 441, 441, 441, 441, 441, 441, 441, 441, 441, 441, 441, 441, 441, 441, 441, 441, 441, 441, 441, 441, 441, 441, 441, 441, 441, 442, 444, 445, 446, 448, 450, 451, 452], 452, 2304)
end round with 13 suffixes


======== round 67 ========
todo suffixes: [[445, 446, 450, 451, 452], [444, 446, 450, 451, 452], [445, 450, 451, 452], [449, 451, 452], [448, 451, 452], [447, 451, 452], [450, 452], [449, 452], [448, 452], [455], [454], [453], [451]]
cur_suffix:  [445, 446, 450, 451, 452]
bz: 440.
iter:  26
bz: 441.
iter:  26
bz: 442.
iter:  29
bz: 443.
fisrt choice: (3.070495896221044e+47, 443, 27)
baseline:  (3.074359572610869e+47, [452, 452, 452, 452, 452, 452, 452, 452, 452, 452, 452, 452, 452, 452, 452, 452, 452, 452, 452], 452, 2304)
best 5 choices:
(3.070212112932435e+47, [441, 441, 441, 441, 441, 441, 441, 441, 441, 441, 441, 441, 441, 441, 441, 441, 441, 441, 441, 441, 441, 441, 441, 441, 443, 444, 445, 447, 448, 450, 451, 452], 452, 2304)
(3.0702234668869e+47, [441, 441, 441, 441, 441, 441, 441, 441, 441, 441, 441, 441, 441, 441, 441, 441, 441, 441, 441, 441, 441, 441, 441, 441, 441, 443, 444, 445, 446, 448, 450, 451, 452], 452, 2304)
(3.07023568120857e+47, [441, 441, 441, 441, 441, 441, 441, 441, 441, 441, 441, 441, 441, 441, 441, 441, 441, 441, 441, 441, 441, 441, 441, 441, 441, 442, 444, 445, 447, 448, 450, 451, 452], 452, 2304)
(3.0702374458269436e+47, [441, 441, 441, 441, 441, 441, 441, 441, 441, 441, 441, 441, 441, 441, 441, 441, 441, 441, 441, 441, 441, 441, 441, 441, 441, 442, 443, 444, 445, 446, 447, 450, 451, 452], 452, 2304)
(3.0702470351630345e+47, [441, 441, 441, 441, 441, 441, 441, 441, 441, 441, 441, 441, 441, 441, 441, 441, 441, 441, 441, 441, 441, 441, 441, 441, 441, 441, 442, 444, 445, 446, 448, 450, 451, 452], 452, 2304)
end round with 14 suffixes


======== round 68 ========
todo suffixes: [[444, 445, 446, 450, 451, 452], [443, 445, 446, 450, 451, 452], [444, 446, 450, 451, 452], [445, 450, 451, 452], [449, 451, 452], [448, 451, 452], [447, 451, 452], [450, 452], [449, 452], [448, 452], [455], [454], [453], [451]]
cur_suffix:  [444, 445, 446, 450, 451, 452]
bz: 439.
iter:  24
bz: 440.
iter:  26
bz: 441.
iter:  26
bz: 442.
iter:  29
bz: 443.
fisrt choice: (3.0705074652837872e+47, 443, 26)
baseline:  (3.074359572610869e+47, [452, 452, 452, 452, 452, 452, 452, 452, 452, 452, 452, 452, 452, 452, 452, 452, 452, 452, 452], 452, 2304)
best 5 choices:
(3.070212112932435e+47, [441, 441, 441, 441, 441, 441, 441, 441, 441, 441, 441, 441, 441, 441, 441, 441, 441, 441, 441, 441, 441, 441, 441, 441, 443, 444, 445, 447, 448, 450, 451, 452], 452, 2304)
(3.0702234668869e+47, [441, 441, 441, 441, 441, 441, 441, 441, 441, 441, 441, 441, 441, 441, 441, 441, 441, 441, 441, 441, 441, 441, 441, 441, 441, 443, 444, 445, 446, 448, 450, 451, 452], 452, 2304)
(3.07023568120857e+47, [441, 441, 441, 441, 441, 441, 441, 441, 441, 441, 441, 441, 441, 441, 441, 441, 441, 441, 441, 441, 441, 441, 441, 441, 441, 442, 444, 445, 447, 448, 450, 451, 452], 452, 2304)
(3.0702374458269436e+47, [441, 441, 441, 441, 441, 441, 441, 441, 441, 441, 441, 441, 441, 441, 441, 441, 441, 441, 441, 441, 441, 441, 441, 441, 441, 442, 443, 444, 445, 446, 447, 450, 451, 452], 452, 2304)
(3.0702470351630345e+47, [441, 441, 441, 441, 441, 441, 441, 441, 441, 441, 441, 441, 441, 441, 441, 441, 441, 441, 441, 441, 441, 441, 441, 441, 441, 441, 442, 444, 445, 446, 448, 450, 451, 452], 452, 2304)
end round with 14 suffixes


======== round 69 ========
todo suffixes: [[443, 444, 445, 446, 450, 451, 452], [443, 445, 446, 450, 451, 452], [444, 446, 450, 451, 452], [445, 450, 451, 452], [449, 451, 452], [448, 451, 452], [447, 451, 452], [450, 452], [449, 452], [448, 452], [455], [454], [453], [451]]
cur_suffix:  [443, 444, 445, 446, 450, 451, 452]
bz: 438.
iter:  24
bz: 439.
iter:  24
bz: 440.
iter:  26
bz: 441.
iter:  26
bz: 442.
fisrt choice: (3.0704349720633754e+47, 442, 29)
baseline:  (3.074359572610869e+47, [452, 452, 452, 452, 452, 452, 452, 452, 452, 452, 452, 452, 452, 452, 452, 452, 452, 452, 452], 452, 2304)
best 5 choices:
(3.070212112932435e+47, [441, 441, 441, 441, 441, 441, 441, 441, 441, 441, 441, 441, 441, 441, 441, 441, 441, 441, 441, 441, 441, 441, 441, 441, 443, 444, 445, 447, 448, 450, 451, 452], 452, 2304)
(3.0702234668869e+47, [441, 441, 441, 441, 441, 441, 441, 441, 441, 441, 441, 441, 441, 441, 441, 441, 441, 441, 441, 441, 441, 441, 441, 441, 441, 443, 444, 445, 446, 448, 450, 451, 452], 452, 2304)
(3.07023568120857e+47, [441, 441, 441, 441, 441, 441, 441, 441, 441, 441, 441, 441, 441, 441, 441, 441, 441, 441, 441, 441, 441, 441, 441, 441, 441, 442, 444, 445, 447, 448, 450, 451, 452], 452, 2304)
(3.0702374458269436e+47, [441, 441, 441, 441, 441, 441, 441, 441, 441, 441, 441, 441, 441, 441, 441, 441, 441, 441, 441, 441, 441, 441, 441, 441, 441, 442, 443, 444, 445, 446, 447, 450, 451, 452], 452, 2304)
(3.0702470351630345e+47, [441, 441, 441, 441, 441, 441, 441, 441, 441, 441, 441, 441, 441, 441, 441, 441, 441, 441, 441, 441, 441, 441, 441, 441, 441, 441, 442, 444, 445, 446, 448, 450, 451, 452], 452, 2304)
end round with 14 suffixes


======== round 70 ========
todo suffixes: [[442, 443, 444, 445, 446, 450, 451, 452], [443, 445, 446, 450, 451, 452], [444, 446, 450, 451, 452], [445, 450, 451, 452], [449, 451, 452], [448, 451, 452], [447, 451, 452], [450, 452], [449, 452], [448, 452], [455], [454], [453], [451]]
cur_suffix:  [442, 443, 444, 445, 446, 450, 451, 452]
bz: 437.
iter:  25
bz: 438.
iter:  24
bz: 439.
iter:  24
bz: 440.
iter:  26
bz: 441.
iter:  26
fisrt choice: (-1, -1, -1)
baseline:  (3.074359572610869e+47, [452, 452, 452, 452, 452, 452, 452, 452, 452, 452, 452, 452, 452, 452, 452, 452, 452, 452, 452], 452, 2304)
the strategy is infeasible, continue


======== round 71 ========
todo suffixes: [[443, 445, 446, 450, 451, 452], [444, 446, 450, 451, 452], [445, 450, 451, 452], [449, 451, 452], [448, 451, 452], [447, 451, 452], [450, 452], [449, 452], [448, 452], [455], [454], [453], [451]]
cur_suffix:  [443, 445, 446, 450, 451, 452]
bz: 438.
iter:  24
bz: 439.
iter:  24
bz: 440.
iter:  26
bz: 441.
iter:  26
bz: 442.
iter:  29
fisrt choice: (-1, -1, -1)
baseline:  (3.074359572610869e+47, [452, 452, 452, 452, 452, 452, 452, 452, 452, 452, 452, 452, 452, 452, 452, 452, 452, 452, 452], 452, 2304)
the strategy is infeasible, continue


======== round 72 ========
todo suffixes: [[444, 446, 450, 451, 452], [445, 450, 451, 452], [449, 451, 452], [448, 451, 452], [447, 451, 452], [450, 452], [449, 452], [448, 452], [455], [454], [453], [451]]
cur_suffix:  [444, 446, 450, 451, 452]
bz: 439.
iter:  24
bz: 440.
iter:  26
bz: 441.
iter:  26
bz: 442.
iter:  29
bz: 443.
iter:  27
fisrt choice: (-1, -1, -1)
baseline:  (3.074359572610869e+47, [452, 452, 452, 452, 452, 452, 452, 452, 452, 452, 452, 452, 452, 452, 452, 452, 452, 452, 452], 452, 2304)
the strategy is infeasible, continue


======== round 73 ========
todo suffixes: [[445, 450, 451, 452], [449, 451, 452], [448, 451, 452], [447, 451, 452], [450, 452], [449, 452], [448, 452], [455], [454], [453], [451]]
cur_suffix:  [445, 450, 451, 452]
bz: 440.
iter:  26
bz: 441.
iter:  26
bz: 442.
iter:  29
bz: 443.
iter:  27
bz: 444.
fisrt choice: (3.0706533588224637e+47, 444, 26)
baseline:  (3.074359572610869e+47, [452, 452, 452, 452, 452, 452, 452, 452, 452, 452, 452, 452, 452, 452, 452, 452, 452, 452, 452], 452, 2304)
best 5 choices:
(3.070212112932435e+47, [441, 441, 441, 441, 441, 441, 441, 441, 441, 441, 441, 441, 441, 441, 441, 441, 441, 441, 441, 441, 441, 441, 441, 441, 443, 444, 445, 447, 448, 450, 451, 452], 452, 2304)
(3.0702234668869e+47, [441, 441, 441, 441, 441, 441, 441, 441, 441, 441, 441, 441, 441, 441, 441, 441, 441, 441, 441, 441, 441, 441, 441, 441, 441, 443, 444, 445, 446, 448, 450, 451, 452], 452, 2304)
(3.07023568120857e+47, [441, 441, 441, 441, 441, 441, 441, 441, 441, 441, 441, 441, 441, 441, 441, 441, 441, 441, 441, 441, 441, 441, 441, 441, 441, 442, 444, 445, 447, 448, 450, 451, 452], 452, 2304)
(3.0702374458269436e+47, [441, 441, 441, 441, 441, 441, 441, 441, 441, 441, 441, 441, 441, 441, 441, 441, 441, 441, 441, 441, 441, 441, 441, 441, 441, 442, 443, 444, 445, 446, 447, 450, 451, 452], 452, 2304)
(3.0702470351630345e+47, [441, 441, 441, 441, 441, 441, 441, 441, 441, 441, 441, 441, 441, 441, 441, 441, 441, 441, 441, 441, 441, 441, 441, 441, 441, 441, 442, 444, 445, 446, 448, 450, 451, 452], 452, 2304)
end round with 11 suffixes


======== round 74 ========
todo suffixes: [[444, 445, 450, 451, 452], [449, 451, 452], [448, 451, 452], [447, 451, 452], [450, 452], [449, 452], [448, 452], [455], [454], [453], [451]]
cur_suffix:  [444, 445, 450, 451, 452]
bz: 439.
iter:  24
bz: 440.
iter:  26
bz: 441.
iter:  26
bz: 442.
iter:  29
bz: 443.
iter:  27
fisrt choice: (-1, -1, -1)
baseline:  (3.074359572610869e+47, [452, 452, 452, 452, 452, 452, 452, 452, 452, 452, 452, 452, 452, 452, 452, 452, 452, 452, 452], 452, 2304)
the strategy is infeasible, continue


======== round 75 ========
todo suffixes: [[449, 451, 452], [448, 451, 452], [447, 451, 452], [450, 452], [449, 452], [448, 452], [455], [454], [453], [451]]
cur_suffix:  [449, 451, 452]
bz: 444.
iter:  26
bz: 445.
fisrt choice: (3.070756023361474e+47, 445, 24)
baseline:  (3.074359572610869e+47, [452, 452, 452, 452, 452, 452, 452, 452, 452, 452, 452, 452, 452, 452, 452, 452, 452, 452, 452], 452, 2304)
best 5 choices:
(3.070212112932435e+47, [441, 441, 441, 441, 441, 441, 441, 441, 441, 441, 441, 441, 441, 441, 441, 441, 441, 441, 441, 441, 441, 441, 441, 441, 443, 444, 445, 447, 448, 450, 451, 452], 452, 2304)
(3.0702234668869e+47, [441, 441, 441, 441, 441, 441, 441, 441, 441, 441, 441, 441, 441, 441, 441, 441, 441, 441, 441, 441, 441, 441, 441, 441, 441, 443, 444, 445, 446, 448, 450, 451, 452], 452, 2304)
(3.07023568120857e+47, [441, 441, 441, 441, 441, 441, 441, 441, 441, 441, 441, 441, 441, 441, 441, 441, 441, 441, 441, 441, 441, 441, 441, 441, 441, 442, 444, 445, 447, 448, 450, 451, 452], 452, 2304)
(3.0702374458269436e+47, [441, 441, 441, 441, 441, 441, 441, 441, 441, 441, 441, 441, 441, 441, 441, 441, 441, 441, 441, 441, 441, 441, 441, 441, 441, 442, 443, 444, 445, 446, 447, 450, 451, 452], 452, 2304)
(3.0702470351630345e+47, [441, 441, 441, 441, 441, 441, 441, 441, 441, 441, 441, 441, 441, 441, 441, 441, 441, 441, 441, 441, 441, 441, 441, 441, 441, 441, 442, 444, 445, 446, 448, 450, 451, 452], 452, 2304)
end round with 13 suffixes


======== round 76 ========
todo suffixes: [[448, 449, 451, 452], [447, 449, 451, 452], [446, 449, 451, 452], [445, 449, 451, 452], [448, 451, 452], [447, 451, 452], [450, 452], [449, 452], [448, 452], [455], [454], [453], [451]]
cur_suffix:  [448, 449, 451, 452]
bz: 443.
iter:  27
bz: 444.
fisrt choice: (3.0706172074347854e+47, 444, 25)
baseline:  (3.074359572610869e+47, [452, 452, 452, 452, 452, 452, 452, 452, 452, 452, 452, 452, 452, 452, 452, 452, 452, 452, 452], 452, 2304)
best 5 choices:
(3.070212112932435e+47, [441, 441, 441, 441, 441, 441, 441, 441, 441, 441, 441, 441, 441, 441, 441, 441, 441, 441, 441, 441, 441, 441, 441, 441, 443, 444, 445, 447, 448, 450, 451, 452], 452, 2304)
(3.0702234668869e+47, [441, 441, 441, 441, 441, 441, 441, 441, 441, 441, 441, 441, 441, 441, 441, 441, 441, 441, 441, 441, 441, 441, 441, 441, 441, 443, 444, 445, 446, 448, 450, 451, 452], 452, 2304)
(3.07023568120857e+47, [441, 441, 441, 441, 441, 441, 441, 441, 441, 441, 441, 441, 441, 441, 441, 441, 441, 441, 441, 441, 441, 441, 441, 441, 441, 442, 444, 445, 447, 448, 450, 451, 452], 452, 2304)
(3.0702374458269436e+47, [441, 441, 441, 441, 441, 441, 441, 441, 441, 441, 441, 441, 441, 441, 441, 441, 441, 441, 441, 441, 441, 441, 441, 441, 441, 442, 443, 444, 445, 446, 447, 450, 451, 452], 452, 2304)
(3.0702470351630345e+47, [441, 441, 441, 441, 441, 441, 441, 441, 441, 441, 441, 441, 441, 441, 441, 441, 441, 441, 441, 441, 441, 441, 441, 441, 441, 441, 442, 444, 445, 446, 448, 450, 451, 452], 452, 2304)
end round with 16 suffixes


======== round 77 ========
todo suffixes: [[447, 448, 449, 451, 452], [446, 448, 449, 451, 452], [445, 448, 449, 451, 452], [444, 448, 449, 451, 452], [447, 449, 451, 452], [446, 449, 451, 452], [445, 449, 451, 452], [448, 451, 452], [447, 451, 452], [450, 452], [449, 452], [448, 452], [455], [454], [453], [451]]
cur_suffix:  [447, 448, 449, 451, 452]
bz: 442.
iter:  29
bz: 443.
fisrt choice: (3.0704429372693076e+47, 443, 25)
baseline:  (3.074359572610869e+47, [452, 452, 452, 452, 452, 452, 452, 452, 452, 452, 452, 452, 452, 452, 452, 452, 452, 452, 452], 452, 2304)
best 5 choices:
(3.070212112932435e+47, [441, 441, 441, 441, 441, 441, 441, 441, 441, 441, 441, 441, 441, 441, 441, 441, 441, 441, 441, 441, 441, 441, 441, 441, 443, 444, 445, 447, 448, 450, 451, 452], 452, 2304)
(3.0702234668869e+47, [441, 441, 441, 441, 441, 441, 441, 441, 441, 441, 441, 441, 441, 441, 441, 441, 441, 441, 441, 441, 441, 441, 441, 441, 441, 443, 444, 445, 446, 448, 450, 451, 452], 452, 2304)
(3.07023568120857e+47, [441, 441, 441, 441, 441, 441, 441, 441, 441, 441, 441, 441, 441, 441, 441, 441, 441, 441, 441, 441, 441, 441, 441, 441, 441, 442, 444, 445, 447, 448, 450, 451, 452], 452, 2304)
(3.0702374458269436e+47, [441, 441, 441, 441, 441, 441, 441, 441, 441, 441, 441, 441, 441, 441, 441, 441, 441, 441, 441, 441, 441, 441, 441, 441, 441, 442, 443, 444, 445, 446, 447, 450, 451, 452], 452, 2304)
(3.0702470351630345e+47, [441, 441, 441, 441, 441, 441, 441, 441, 441, 441, 441, 441, 441, 441, 441, 441, 441, 441, 441, 441, 441, 441, 441, 441, 441, 441, 442, 444, 445, 446, 448, 450, 451, 452], 452, 2304)
end round with 19 suffixes


======== round 78 ========
todo suffixes: [[446, 447, 448, 449, 451, 452], [445, 447, 448, 449, 451, 452], [444, 447, 448, 449, 451, 452], [443, 447, 448, 449, 451, 452], [446, 448, 449, 451, 452], [445, 448, 449, 451, 452], [444, 448, 449, 451, 452], [447, 449, 451, 452], [446, 449, 451, 452], [445, 449, 451, 452], [448, 451, 452], [447, 451, 452], [450, 452], [449, 452], [448, 452], [455], [454], [453], [451]]
cur_suffix:  [446, 447, 448, 449, 451, 452]
bz: 441.
iter:  26
bz: 442.
fisrt choice: (3.070342019004342e+47, 442, 26)
baseline:  (3.074359572610869e+47, [452, 452, 452, 452, 452, 452, 452, 452, 452, 452, 452, 452, 452, 452, 452, 452, 452, 452, 452], 452, 2304)
best 5 choices:
(3.070212112932435e+47, [441, 441, 441, 441, 441, 441, 441, 441, 441, 441, 441, 441, 441, 441, 441, 441, 441, 441, 441, 441, 441, 441, 441, 441, 443, 444, 445, 447, 448, 450, 451, 452], 452, 2304)
(3.0702234668869e+47, [441, 441, 441, 441, 441, 441, 441, 441, 441, 441, 441, 441, 441, 441, 441, 441, 441, 441, 441, 441, 441, 441, 441, 441, 441, 443, 444, 445, 446, 448, 450, 451, 452], 452, 2304)
(3.07023568120857e+47, [441, 441, 441, 441, 441, 441, 441, 441, 441, 441, 441, 441, 441, 441, 441, 441, 441, 441, 441, 441, 441, 441, 441, 441, 441, 442, 444, 445, 447, 448, 450, 451, 452], 452, 2304)
(3.0702374458269436e+47, [441, 441, 441, 441, 441, 441, 441, 441, 441, 441, 441, 441, 441, 441, 441, 441, 441, 441, 441, 441, 441, 441, 441, 441, 441, 442, 443, 444, 445, 446, 447, 450, 451, 452], 452, 2304)
(3.0702470351630345e+47, [441, 441, 441, 441, 441, 441, 441, 441, 441, 441, 441, 441, 441, 441, 441, 441, 441, 441, 441, 441, 441, 441, 441, 441, 441, 441, 442, 444, 445, 446, 448, 450, 451, 452], 452, 2304)
end round with 22 suffixes


======== round 79 ========
todo suffixes: [[445, 446, 447, 448, 449, 451, 452], [444, 446, 447, 448, 449, 451, 452], [443, 446, 447, 448, 449, 451, 452], [442, 446, 447, 448, 449, 451, 452], [445, 447, 448, 449, 451, 452], [444, 447, 448, 449, 451, 452], [443, 447, 448, 449, 451, 452], [446, 448, 449, 451, 452], [445, 448, 449, 451, 452], [444, 448, 449, 451, 452], [447, 449, 451, 452], [446, 449, 451, 452], [445, 449, 451, 452], [448, 451, 452], [447, 451, 452], [450, 452], [449, 452], [448, 452], [455], [454], [453], [451]]
cur_suffix:  [445, 446, 447, 448, 449, 451, 452]
bz: 440.
iter:  26
bz: 441.
fisrt choice: (3.0702194825531605e+47, 441, 26)
baseline:  (3.074359572610869e+47, [452, 452, 452, 452, 452, 452, 452, 452, 452, 452, 452, 452, 452, 452, 452, 452, 452, 452, 452], 452, 2304)
best 5 choices:
(3.070212112932435e+47, [441, 441, 441, 441, 441, 441, 441, 441, 441, 441, 441, 441, 441, 441, 441, 441, 441, 441, 441, 441, 441, 441, 441, 441, 443, 444, 445, 447, 448, 450, 451, 452], 452, 2304)
(3.0702194825531605e+47, [441, 441, 441, 441, 441, 441, 441, 441, 441, 441, 441, 441, 441, 441, 441, 441, 441, 441, 441, 441, 441, 441, 441, 441, 441, 441, 445, 446, 447, 448, 449, 451, 452], 452, 2304)
(3.0702234668869e+47, [441, 441, 441, 441, 441, 441, 441, 441, 441, 441, 441, 441, 441, 441, 441, 441, 441, 441, 441, 441, 441, 441, 441, 441, 441, 443, 444, 445, 446, 448, 450, 451, 452], 452, 2304)
(3.07023568120857e+47, [441, 441, 441, 441, 441, 441, 441, 441, 441, 441, 441, 441, 441, 441, 441, 441, 441, 441, 441, 441, 441, 441, 441, 441, 441, 442, 444, 445, 447, 448, 450, 451, 452], 452, 2304)
(3.0702374458269436e+47, [441, 441, 441, 441, 441, 441, 441, 441, 441, 441, 441, 441, 441, 441, 441, 441, 441, 441, 441, 441, 441, 441, 441, 441, 441, 442, 443, 444, 445, 446, 447, 450, 451, 452], 452, 2304)
end round with 21 suffixes


======== round 80 ========
todo suffixes: [[444, 446, 447, 448, 449, 451, 452], [443, 446, 447, 448, 449, 451, 452], [442, 446, 447, 448, 449, 451, 452], [445, 447, 448, 449, 451, 452], [444, 447, 448, 449, 451, 452], [443, 447, 448, 449, 451, 452], [446, 448, 449, 451, 452], [445, 448, 449, 451, 452], [444, 448, 449, 451, 452], [447, 449, 451, 452], [446, 449, 451, 452], [445, 449, 451, 452], [448, 451, 452], [447, 451, 452], [450, 452], [449, 452], [448, 452], [455], [454], [453], [451]]
cur_suffix:  [444, 446, 447, 448, 449, 451, 452]
bz: 439.
iter:  24
bz: 440.
iter:  26
bz: 441.
iter:  26
bz: 442.
fisrt choice: (3.0703223913991857e+47, 442, 24)
baseline:  (3.074359572610869e+47, [452, 452, 452, 452, 452, 452, 452, 452, 452, 452, 452, 452, 452, 452, 452, 452, 452, 452, 452], 452, 2304)
best 5 choices:
(3.070212112932435e+47, [441, 441, 441, 441, 441, 441, 441, 441, 441, 441, 441, 441, 441, 441, 441, 441, 441, 441, 441, 441, 441, 441, 441, 441, 443, 444, 445, 447, 448, 450, 451, 452], 452, 2304)
(3.0702194825531605e+47, [441, 441, 441, 441, 441, 441, 441, 441, 441, 441, 441, 441, 441, 441, 441, 441, 441, 441, 441, 441, 441, 441, 441, 441, 441, 441, 445, 446, 447, 448, 449, 451, 452], 452, 2304)
(3.0702234668869e+47, [441, 441, 441, 441, 441, 441, 441, 441, 441, 441, 441, 441, 441, 441, 441, 441, 441, 441, 441, 441, 441, 441, 441, 441, 441, 443, 444, 445, 446, 448, 450, 451, 452], 452, 2304)
(3.07023568120857e+47, [441, 441, 441, 441, 441, 441, 441, 441, 441, 441, 441, 441, 441, 441, 441, 441, 441, 441, 441, 441, 441, 441, 441, 441, 441, 442, 444, 445, 447, 448, 450, 451, 452], 452, 2304)
(3.0702374458269436e+47, [441, 441, 441, 441, 441, 441, 441, 441, 441, 441, 441, 441, 441, 441, 441, 441, 441, 441, 441, 441, 441, 441, 441, 441, 441, 442, 443, 444, 445, 446, 447, 450, 451, 452], 452, 2304)
end round with 22 suffixes


======== round 81 ========
todo suffixes: [[443, 444, 446, 447, 448, 449, 451, 452], [442, 444, 446, 447, 448, 449, 451, 452], [443, 446, 447, 448, 449, 451, 452], [442, 446, 447, 448, 449, 451, 452], [445, 447, 448, 449, 451, 452], [444, 447, 448, 449, 451, 452], [443, 447, 448, 449, 451, 452], [446, 448, 449, 451, 452], [445, 448, 449, 451, 452], [444, 448, 449, 451, 452], [447, 449, 451, 452], [446, 449, 451, 452], [445, 449, 451, 452], [448, 451, 452], [447, 451, 452], [450, 452], [449, 452], [448, 452], [455], [454], [453], [451]]
cur_suffix:  [443, 444, 446, 447, 448, 449, 451, 452]
bz: 438.
iter:  24
bz: 439.
iter:  24
bz: 440.
iter:  26
bz: 441.
fisrt choice: (3.0702222577825803e+47, 441, 25)
baseline:  (3.074359572610869e+47, [452, 452, 452, 452, 452, 452, 452, 452, 452, 452, 452, 452, 452, 452, 452, 452, 452, 452, 452], 452, 2304)
best 5 choices:
(3.070212112932435e+47, [441, 441, 441, 441, 441, 441, 441, 441, 441, 441, 441, 441, 441, 441, 441, 441, 441, 441, 441, 441, 441, 441, 441, 441, 443, 444, 445, 447, 448, 450, 451, 452], 452, 2304)
(3.0702194825531605e+47, [441, 441, 441, 441, 441, 441, 441, 441, 441, 441, 441, 441, 441, 441, 441, 441, 441, 441, 441, 441, 441, 441, 441, 441, 441, 441, 445, 446, 447, 448, 449, 451, 452], 452, 2304)
(3.0702222577825803e+47, [441, 441, 441, 441, 441, 441, 441, 441, 441, 441, 441, 441, 441, 441, 441, 441, 441, 441, 441, 441, 441, 441, 441, 441, 441, 443, 444, 446, 447, 448, 449, 451, 452], 452, 2304)
(3.0702234668869e+47, [441, 441, 441, 441, 441, 441, 441, 441, 441, 441, 441, 441, 441, 441, 441, 441, 441, 441, 441, 441, 441, 441, 441, 441, 441, 443, 444, 445, 446, 448, 450, 451, 452], 452, 2304)
(3.07023568120857e+47, [441, 441, 441, 441, 441, 441, 441, 441, 441, 441, 441, 441, 441, 441, 441, 441, 441, 441, 441, 441, 441, 441, 441, 441, 441, 442, 444, 445, 447, 448, 450, 451, 452], 452, 2304)
end round with 21 suffixes


======== round 82 ========
todo suffixes: [[442, 444, 446, 447, 448, 449, 451, 452], [443, 446, 447, 448, 449, 451, 452], [442, 446, 447, 448, 449, 451, 452], [445, 447, 448, 449, 451, 452], [444, 447, 448, 449, 451, 452], [443, 447, 448, 449, 451, 452], [446, 448, 449, 451, 452], [445, 448, 449, 451, 452], [444, 448, 449, 451, 452], [447, 449, 451, 452], [446, 449, 451, 452], [445, 449, 451, 452], [448, 451, 452], [447, 451, 452], [450, 452], [449, 452], [448, 452], [455], [454], [453], [451]]
cur_suffix:  [442, 444, 446, 447, 448, 449, 451, 452]
bz: 437.
iter:  25
bz: 438.
iter:  24
bz: 439.
iter:  24
bz: 440.
iter:  26
bz: 441.
fisrt choice: (3.0702128635020084e+47, 441, 25)
baseline:  (3.074359572610869e+47, [452, 452, 452, 452, 452, 452, 452, 452, 452, 452, 452, 452, 452, 452, 452, 452, 452, 452, 452], 452, 2304)
best 5 choices:
(3.070212112932435e+47, [441, 441, 441, 441, 441, 441, 441, 441, 441, 441, 441, 441, 441, 441, 441, 441, 441, 441, 441, 441, 441, 441, 441, 441, 443, 444, 445, 447, 448, 450, 451, 452], 452, 2304)
(3.0702128635020084e+47, [441, 441, 441, 441, 441, 441, 441, 441, 441, 441, 441, 441, 441, 441, 441, 441, 441, 441, 441, 441, 441, 441, 441, 441, 441, 442, 444, 446, 447, 448, 449, 451, 452], 452, 2304)
(3.0702194825531605e+47, [441, 441, 441, 441, 441, 441, 441, 441, 441, 441, 441, 441, 441, 441, 441, 441, 441, 441, 441, 441, 441, 441, 441, 441, 441, 441, 445, 446, 447, 448, 449, 451, 452], 452, 2304)
(3.0702222577825803e+47, [441, 441, 441, 441, 441, 441, 441, 441, 441, 441, 441, 441, 441, 441, 441, 441, 441, 441, 441, 441, 441, 441, 441, 441, 441, 443, 444, 446, 447, 448, 449, 451, 452], 452, 2304)
(3.0702234668869e+47, [441, 441, 441, 441, 441, 441, 441, 441, 441, 441, 441, 441, 441, 441, 441, 441, 441, 441, 441, 441, 441, 441, 441, 441, 441, 443, 444, 445, 446, 448, 450, 451, 452], 452, 2304)
end round with 20 suffixes


======== round 83 ========
todo suffixes: [[443, 446, 447, 448, 449, 451, 452], [442, 446, 447, 448, 449, 451, 452], [445, 447, 448, 449, 451, 452], [444, 447, 448, 449, 451, 452], [443, 447, 448, 449, 451, 452], [446, 448, 449, 451, 452], [445, 448, 449, 451, 452], [444, 448, 449, 451, 452], [447, 449, 451, 452], [446, 449, 451, 452], [445, 449, 451, 452], [448, 451, 452], [447, 451, 452], [450, 452], [449, 452], [448, 452], [455], [454], [453], [451]]
cur_suffix:  [443, 446, 447, 448, 449, 451, 452]
bz: 438.
iter:  24
bz: 439.
iter:  24
bz: 440.
iter:  26
bz: 441.
iter:  26
bz: 442.
fisrt choice: (3.0703108223364425e+47, 442, 24)
baseline:  (3.074359572610869e+47, [452, 452, 452, 452, 452, 452, 452, 452, 452, 452, 452, 452, 452, 452, 452, 452, 452, 452, 452], 452, 2304)
best 5 choices:
(3.070212112932435e+47, [441, 441, 441, 441, 441, 441, 441, 441, 441, 441, 441, 441, 441, 441, 441, 441, 441, 441, 441, 441, 441, 441, 441, 441, 443, 444, 445, 447, 448, 450, 451, 452], 452, 2304)
(3.0702128635020084e+47, [441, 441, 441, 441, 441, 441, 441, 441, 441, 441, 441, 441, 441, 441, 441, 441, 441, 441, 441, 441, 441, 441, 441, 441, 441, 442, 444, 446, 447, 448, 449, 451, 452], 452, 2304)
(3.0702194825531605e+47, [441, 441, 441, 441, 441, 441, 441, 441, 441, 441, 441, 441, 441, 441, 441, 441, 441, 441, 441, 441, 441, 441, 441, 441, 441, 441, 445, 446, 447, 448, 449, 451, 452], 452, 2304)
(3.0702222577825803e+47, [441, 441, 441, 441, 441, 441, 441, 441, 441, 441, 441, 441, 441, 441, 441, 441, 441, 441, 441, 441, 441, 441, 441, 441, 441, 443, 444, 446, 447, 448, 449, 451, 452], 452, 2304)
(3.0702234668869e+47, [441, 441, 441, 441, 441, 441, 441, 441, 441, 441, 441, 441, 441, 441, 441, 441, 441, 441, 441, 441, 441, 441, 441, 441, 441, 443, 444, 445, 446, 448, 450, 451, 452], 452, 2304)
end round with 20 suffixes


======== round 84 ========
todo suffixes: [[442, 443, 446, 447, 448, 449, 451, 452], [442, 446, 447, 448, 449, 451, 452], [445, 447, 448, 449, 451, 452], [444, 447, 448, 449, 451, 452], [443, 447, 448, 449, 451, 452], [446, 448, 449, 451, 452], [445, 448, 449, 451, 452], [444, 448, 449, 451, 452], [447, 449, 451, 452], [446, 449, 451, 452], [445, 449, 451, 452], [448, 451, 452], [447, 451, 452], [450, 452], [449, 452], [448, 452], [455], [454], [453], [451]]
cur_suffix:  [442, 443, 446, 447, 448, 449, 451, 452]
bz: 437.
iter:  25
bz: 438.
iter:  24
bz: 439.
iter:  24
bz: 440.
iter:  26
bz: 441.
fisrt choice: (3.0702342569959718e+47, 441, 26)
baseline:  (3.074359572610869e+47, [452, 452, 452, 452, 452, 452, 452, 452, 452, 452, 452, 452, 452, 452, 452, 452, 452, 452, 452], 452, 2304)
best 5 choices:
(3.070212112932435e+47, [441, 441, 441, 441, 441, 441, 441, 441, 441, 441, 441, 441, 441, 441, 441, 441, 441, 441, 441, 441, 441, 441, 441, 441, 443, 444, 445, 447, 448, 450, 451, 452], 452, 2304)
(3.0702128635020084e+47, [441, 441, 441, 441, 441, 441, 441, 441, 441, 441, 441, 441, 441, 441, 441, 441, 441, 441, 441, 441, 441, 441, 441, 441, 441, 442, 444, 446, 447, 448, 449, 451, 452], 452, 2304)
(3.0702194825531605e+47, [441, 441, 441, 441, 441, 441, 441, 441, 441, 441, 441, 441, 441, 441, 441, 441, 441, 441, 441, 441, 441, 441, 441, 441, 441, 441, 445, 446, 447, 448, 449, 451, 452], 452, 2304)
(3.0702222577825803e+47, [441, 441, 441, 441, 441, 441, 441, 441, 441, 441, 441, 441, 441, 441, 441, 441, 441, 441, 441, 441, 441, 441, 441, 441, 441, 443, 444, 446, 447, 448, 449, 451, 452], 452, 2304)
(3.0702234668869e+47, [441, 441, 441, 441, 441, 441, 441, 441, 441, 441, 441, 441, 441, 441, 441, 441, 441, 441, 441, 441, 441, 441, 441, 441, 441, 443, 444, 445, 446, 448, 450, 451, 452], 452, 2304)
end round with 19 suffixes


======== round 85 ========
todo suffixes: [[442, 446, 447, 448, 449, 451, 452], [445, 447, 448, 449, 451, 452], [444, 447, 448, 449, 451, 452], [443, 447, 448, 449, 451, 452], [446, 448, 449, 451, 452], [445, 448, 449, 451, 452], [444, 448, 449, 451, 452], [447, 449, 451, 452], [446, 449, 451, 452], [445, 449, 451, 452], [448, 451, 452], [447, 451, 452], [450, 452], [449, 452], [448, 452], [455], [454], [453], [451]]
cur_suffix:  [442, 446, 447, 448, 449, 451, 452]
bz: 437.
iter:  25
bz: 438.
iter:  24
bz: 439.
iter:  24
bz: 440.
iter:  26
bz: 441.
iter:  26
fisrt choice: (-1, -1, -1)
baseline:  (3.074359572610869e+47, [452, 452, 452, 452, 452, 452, 452, 452, 452, 452, 452, 452, 452, 452, 452, 452, 452, 452, 452], 452, 2304)
the strategy is infeasible, continue


======== round 86 ========
todo suffixes: [[445, 447, 448, 449, 451, 452], [444, 447, 448, 449, 451, 452], [443, 447, 448, 449, 451, 452], [446, 448, 449, 451, 452], [445, 448, 449, 451, 452], [444, 448, 449, 451, 452], [447, 449, 451, 452], [446, 449, 451, 452], [445, 449, 451, 452], [448, 451, 452], [447, 451, 452], [450, 452], [449, 452], [448, 452], [455], [454], [453], [451]]
cur_suffix:  [445, 447, 448, 449, 451, 452]
bz: 440.
iter:  26
bz: 441.
iter:  26
bz: 442.
fisrt choice: (3.070324472938185e+47, 442, 26)
baseline:  (3.074359572610869e+47, [452, 452, 452, 452, 452, 452, 452, 452, 452, 452, 452, 452, 452, 452, 452, 452, 452, 452, 452], 452, 2304)
best 5 choices:
(3.070212112932435e+47, [441, 441, 441, 441, 441, 441, 441, 441, 441, 441, 441, 441, 441, 441, 441, 441, 441, 441, 441, 441, 441, 441, 441, 441, 443, 444, 445, 447, 448, 450, 451, 452], 452, 2304)
(3.0702128635020084e+47, [441, 441, 441, 441, 441, 441, 441, 441, 441, 441, 441, 441, 441, 441, 441, 441, 441, 441, 441, 441, 441, 441, 441, 441, 441, 442, 444, 446, 447, 448, 449, 451, 452], 452, 2304)
(3.0702194825531605e+47, [441, 441, 441, 441, 441, 441, 441, 441, 441, 441, 441, 441, 441, 441, 441, 441, 441, 441, 441, 441, 441, 441, 441, 441, 441, 441, 445, 446, 447, 448, 449, 451, 452], 452, 2304)
(3.0702222577825803e+47, [441, 441, 441, 441, 441, 441, 441, 441, 441, 441, 441, 441, 441, 441, 441, 441, 441, 441, 441, 441, 441, 441, 441, 441, 441, 443, 444, 446, 447, 448, 449, 451, 452], 452, 2304)
(3.0702234668869e+47, [441, 441, 441, 441, 441, 441, 441, 441, 441, 441, 441, 441, 441, 441, 441, 441, 441, 441, 441, 441, 441, 441, 441, 441, 441, 443, 444, 445, 446, 448, 450, 451, 452], 452, 2304)
end round with 20 suffixes


======== round 87 ========
todo suffixes: [[444, 445, 447, 448, 449, 451, 452], [443, 445, 447, 448, 449, 451, 452], [442, 445, 447, 448, 449, 451, 452], [444, 447, 448, 449, 451, 452], [443, 447, 448, 449, 451, 452], [446, 448, 449, 451, 452], [445, 448, 449, 451, 452], [444, 448, 449, 451, 452], [447, 449, 451, 452], [446, 449, 451, 452], [445, 449, 451, 452], [448, 451, 452], [447, 451, 452], [450, 452], [449, 452], [448, 452], [455], [454], [453], [451]]
cur_suffix:  [444, 445, 447, 448, 449, 451, 452]
bz: 439.
iter:  24
bz: 440.
iter:  26
bz: 441.
iter:  26
bz: 442.
fisrt choice: (3.0703048453330287e+47, 442, 24)
baseline:  (3.074359572610869e+47, [452, 452, 452, 452, 452, 452, 452, 452, 452, 452, 452, 452, 452, 452, 452, 452, 452, 452, 452], 452, 2304)
best 5 choices:
(3.070212112932435e+47, [441, 441, 441, 441, 441, 441, 441, 441, 441, 441, 441, 441, 441, 441, 441, 441, 441, 441, 441, 441, 441, 441, 441, 441, 443, 444, 445, 447, 448, 450, 451, 452], 452, 2304)
(3.0702128635020084e+47, [441, 441, 441, 441, 441, 441, 441, 441, 441, 441, 441, 441, 441, 441, 441, 441, 441, 441, 441, 441, 441, 441, 441, 441, 441, 442, 444, 446, 447, 448, 449, 451, 452], 452, 2304)
(3.0702194825531605e+47, [441, 441, 441, 441, 441, 441, 441, 441, 441, 441, 441, 441, 441, 441, 441, 441, 441, 441, 441, 441, 441, 441, 441, 441, 441, 441, 445, 446, 447, 448, 449, 451, 452], 452, 2304)
(3.0702222577825803e+47, [441, 441, 441, 441, 441, 441, 441, 441, 441, 441, 441, 441, 441, 441, 441, 441, 441, 441, 441, 441, 441, 441, 441, 441, 441, 443, 444, 446, 447, 448, 449, 451, 452], 452, 2304)
(3.0702234668869e+47, [441, 441, 441, 441, 441, 441, 441, 441, 441, 441, 441, 441, 441, 441, 441, 441, 441, 441, 441, 441, 441, 441, 441, 441, 441, 443, 444, 445, 446, 448, 450, 451, 452], 452, 2304)
end round with 21 suffixes


======== round 88 ========
todo suffixes: [[443, 444, 445, 447, 448, 449, 451, 452], [442, 444, 445, 447, 448, 449, 451, 452], [443, 445, 447, 448, 449, 451, 452], [442, 445, 447, 448, 449, 451, 452], [444, 447, 448, 449, 451, 452], [443, 447, 448, 449, 451, 452], [446, 448, 449, 451, 452], [445, 448, 449, 451, 452], [444, 448, 449, 451, 452], [447, 449, 451, 452], [446, 449, 451, 452], [445, 449, 451, 452], [448, 451, 452], [447, 451, 452], [450, 452], [449, 452], [448, 452], [455], [454], [453], [451]]
cur_suffix:  [443, 444, 445, 447, 448, 449, 451, 452]
bz: 438.
iter:  24
bz: 439.
iter:  24
bz: 440.
iter:  26
bz: 441.
fisrt choice: (3.07023767427313e+47, 441, 26)
baseline:  (3.074359572610869e+47, [452, 452, 452, 452, 452, 452, 452, 452, 452, 452, 452, 452, 452, 452, 452, 452, 452, 452, 452], 452, 2304)
best 5 choices:
(3.070212112932435e+47, [441, 441, 441, 441, 441, 441, 441, 441, 441, 441, 441, 441, 441, 441, 441, 441, 441, 441, 441, 441, 441, 441, 441, 441, 443, 444, 445, 447, 448, 450, 451, 452], 452, 2304)
(3.0702128635020084e+47, [441, 441, 441, 441, 441, 441, 441, 441, 441, 441, 441, 441, 441, 441, 441, 441, 441, 441, 441, 441, 441, 441, 441, 441, 441, 442, 444, 446, 447, 448, 449, 451, 452], 452, 2304)
(3.0702194825531605e+47, [441, 441, 441, 441, 441, 441, 441, 441, 441, 441, 441, 441, 441, 441, 441, 441, 441, 441, 441, 441, 441, 441, 441, 441, 441, 441, 445, 446, 447, 448, 449, 451, 452], 452, 2304)
(3.0702222577825803e+47, [441, 441, 441, 441, 441, 441, 441, 441, 441, 441, 441, 441, 441, 441, 441, 441, 441, 441, 441, 441, 441, 441, 441, 441, 441, 443, 444, 446, 447, 448, 449, 451, 452], 452, 2304)
(3.0702234668869e+47, [441, 441, 441, 441, 441, 441, 441, 441, 441, 441, 441, 441, 441, 441, 441, 441, 441, 441, 441, 441, 441, 441, 441, 441, 441, 443, 444, 445, 446, 448, 450, 451, 452], 452, 2304)
end round with 20 suffixes


======== round 89 ========
todo suffixes: [[442, 444, 445, 447, 448, 449, 451, 452], [443, 445, 447, 448, 449, 451, 452], [442, 445, 447, 448, 449, 451, 452], [444, 447, 448, 449, 451, 452], [443, 447, 448, 449, 451, 452], [446, 448, 449, 451, 452], [445, 448, 449, 451, 452], [444, 448, 449, 451, 452], [447, 449, 451, 452], [446, 449, 451, 452], [445, 449, 451, 452], [448, 451, 452], [447, 451, 452], [450, 452], [449, 452], [448, 452], [455], [454], [453], [451]]
cur_suffix:  [442, 444, 445, 447, 448, 449, 451, 452]
bz: 437.
iter:  25
bz: 438.
iter:  24
bz: 439.
iter:  24
bz: 440.
iter:  26
bz: 441.
fisrt choice: (3.070228279992558e+47, 441, 26)
baseline:  (3.074359572610869e+47, [452, 452, 452, 452, 452, 452, 452, 452, 452, 452, 452, 452, 452, 452, 452, 452, 452, 452, 452], 452, 2304)
best 5 choices:
(3.070212112932435e+47, [441, 441, 441, 441, 441, 441, 441, 441, 441, 441, 441, 441, 441, 441, 441, 441, 441, 441, 441, 441, 441, 441, 441, 441, 443, 444, 445, 447, 448, 450, 451, 452], 452, 2304)
(3.0702128635020084e+47, [441, 441, 441, 441, 441, 441, 441, 441, 441, 441, 441, 441, 441, 441, 441, 441, 441, 441, 441, 441, 441, 441, 441, 441, 441, 442, 444, 446, 447, 448, 449, 451, 452], 452, 2304)
(3.0702194825531605e+47, [441, 441, 441, 441, 441, 441, 441, 441, 441, 441, 441, 441, 441, 441, 441, 441, 441, 441, 441, 441, 441, 441, 441, 441, 441, 441, 445, 446, 447, 448, 449, 451, 452], 452, 2304)
(3.0702222577825803e+47, [441, 441, 441, 441, 441, 441, 441, 441, 441, 441, 441, 441, 441, 441, 441, 441, 441, 441, 441, 441, 441, 441, 441, 441, 441, 443, 444, 446, 447, 448, 449, 451, 452], 452, 2304)
(3.0702234668869e+47, [441, 441, 441, 441, 441, 441, 441, 441, 441, 441, 441, 441, 441, 441, 441, 441, 441, 441, 441, 441, 441, 441, 441, 441, 441, 443, 444, 445, 446, 448, 450, 451, 452], 452, 2304)
end round with 19 suffixes


======== round 90 ========
todo suffixes: [[443, 445, 447, 448, 449, 451, 452], [442, 445, 447, 448, 449, 451, 452], [444, 447, 448, 449, 451, 452], [443, 447, 448, 449, 451, 452], [446, 448, 449, 451, 452], [445, 448, 449, 451, 452], [444, 448, 449, 451, 452], [447, 449, 451, 452], [446, 449, 451, 452], [445, 449, 451, 452], [448, 451, 452], [447, 451, 452], [450, 452], [449, 452], [448, 452], [455], [454], [453], [451]]
cur_suffix:  [443, 445, 447, 448, 449, 451, 452]
bz: 438.
iter:  24
bz: 439.
iter:  24
bz: 440.
iter:  26
bz: 441.
iter:  26
bz: 442.
fisrt choice: (3.070333867218757e+47, 442, 25)
baseline:  (3.074359572610869e+47, [452, 452, 452, 452, 452, 452, 452, 452, 452, 452, 452, 452, 452, 452, 452, 452, 452, 452, 452], 452, 2304)
best 5 choices:
(3.070212112932435e+47, [441, 441, 441, 441, 441, 441, 441, 441, 441, 441, 441, 441, 441, 441, 441, 441, 441, 441, 441, 441, 441, 441, 441, 441, 443, 444, 445, 447, 448, 450, 451, 452], 452, 2304)
(3.0702128635020084e+47, [441, 441, 441, 441, 441, 441, 441, 441, 441, 441, 441, 441, 441, 441, 441, 441, 441, 441, 441, 441, 441, 441, 441, 441, 441, 442, 444, 446, 447, 448, 449, 451, 452], 452, 2304)
(3.0702194825531605e+47, [441, 441, 441, 441, 441, 441, 441, 441, 441, 441, 441, 441, 441, 441, 441, 441, 441, 441, 441, 441, 441, 441, 441, 441, 441, 441, 445, 446, 447, 448, 449, 451, 452], 452, 2304)
(3.0702222577825803e+47, [441, 441, 441, 441, 441, 441, 441, 441, 441, 441, 441, 441, 441, 441, 441, 441, 441, 441, 441, 441, 441, 441, 441, 441, 441, 443, 444, 446, 447, 448, 449, 451, 452], 452, 2304)
(3.0702234668869e+47, [441, 441, 441, 441, 441, 441, 441, 441, 441, 441, 441, 441, 441, 441, 441, 441, 441, 441, 441, 441, 441, 441, 441, 441, 441, 443, 444, 445, 446, 448, 450, 451, 452], 452, 2304)
end round with 19 suffixes


======== round 91 ========
todo suffixes: [[442, 443, 445, 447, 448, 449, 451, 452], [442, 445, 447, 448, 449, 451, 452], [444, 447, 448, 449, 451, 452], [443, 447, 448, 449, 451, 452], [446, 448, 449, 451, 452], [445, 448, 449, 451, 452], [444, 448, 449, 451, 452], [447, 449, 451, 452], [446, 449, 451, 452], [445, 449, 451, 452], [448, 451, 452], [447, 451, 452], [450, 452], [449, 452], [448, 452], [455], [454], [453], [451]]
cur_suffix:  [442, 443, 445, 447, 448, 449, 451, 452]
bz: 437.
iter:  25
bz: 438.
iter:  24
bz: 439.
iter:  24
bz: 440.
iter:  26
bz: 441.
iter:  26
fisrt choice: (-1, -1, -1)
baseline:  (3.074359572610869e+47, [452, 452, 452, 452, 452, 452, 452, 452, 452, 452, 452, 452, 452, 452, 452, 452, 452, 452, 452], 452, 2304)
the strategy is infeasible, continue


======== round 92 ========
todo suffixes: [[442, 445, 447, 448, 449, 451, 452], [444, 447, 448, 449, 451, 452], [443, 447, 448, 449, 451, 452], [446, 448, 449, 451, 452], [445, 448, 449, 451, 452], [444, 448, 449, 451, 452], [447, 449, 451, 452], [446, 449, 451, 452], [445, 449, 451, 452], [448, 451, 452], [447, 451, 452], [450, 452], [449, 452], [448, 452], [455], [454], [453], [451]]
cur_suffix:  [442, 445, 447, 448, 449, 451, 452]
bz: 437.
iter:  25
bz: 438.
iter:  24
bz: 439.
iter:  24
bz: 440.
iter:  26
bz: 441.
iter:  26
fisrt choice: (-1, -1, -1)
baseline:  (3.074359572610869e+47, [452, 452, 452, 452, 452, 452, 452, 452, 452, 452, 452, 452, 452, 452, 452, 452, 452, 452, 452], 452, 2304)
the strategy is infeasible, continue


======== round 93 ========
todo suffixes: [[444, 447, 448, 449, 451, 452], [443, 447, 448, 449, 451, 452], [446, 448, 449, 451, 452], [445, 448, 449, 451, 452], [444, 448, 449, 451, 452], [447, 449, 451, 452], [446, 449, 451, 452], [445, 449, 451, 452], [448, 451, 452], [447, 451, 452], [450, 452], [449, 452], [448, 452], [455], [454], [453], [451]]
cur_suffix:  [444, 447, 448, 449, 451, 452]
bz: 439.
iter:  24
bz: 440.
iter:  26
bz: 441.
iter:  26
bz: 442.
fisrt choice: (3.0703508164437394e+47, 442, 27)
baseline:  (3.074359572610869e+47, [452, 452, 452, 452, 452, 452, 452, 452, 452, 452, 452, 452, 452, 452, 452, 452, 452, 452, 452], 452, 2304)
best 5 choices:
(3.070212112932435e+47, [441, 441, 441, 441, 441, 441, 441, 441, 441, 441, 441, 441, 441, 441, 441, 441, 441, 441, 441, 441, 441, 441, 441, 441, 443, 444, 445, 447, 448, 450, 451, 452], 452, 2304)
(3.0702128635020084e+47, [441, 441, 441, 441, 441, 441, 441, 441, 441, 441, 441, 441, 441, 441, 441, 441, 441, 441, 441, 441, 441, 441, 441, 441, 441, 442, 444, 446, 447, 448, 449, 451, 452], 452, 2304)
(3.0702194825531605e+47, [441, 441, 441, 441, 441, 441, 441, 441, 441, 441, 441, 441, 441, 441, 441, 441, 441, 441, 441, 441, 441, 441, 441, 441, 441, 441, 445, 446, 447, 448, 449, 451, 452], 452, 2304)
(3.0702222577825803e+47, [441, 441, 441, 441, 441, 441, 441, 441, 441, 441, 441, 441, 441, 441, 441, 441, 441, 441, 441, 441, 441, 441, 441, 441, 441, 443, 444, 446, 447, 448, 449, 451, 452], 452, 2304)
(3.0702234668869e+47, [441, 441, 441, 441, 441, 441, 441, 441, 441, 441, 441, 441, 441, 441, 441, 441, 441, 441, 441, 441, 441, 441, 441, 441, 441, 443, 444, 445, 446, 448, 450, 451, 452], 452, 2304)
end round with 18 suffixes


======== round 94 ========
todo suffixes: [[443, 444, 447, 448, 449, 451, 452], [442, 444, 447, 448, 449, 451, 452], [443, 447, 448, 449, 451, 452], [446, 448, 449, 451, 452], [445, 448, 449, 451, 452], [444, 448, 449, 451, 452], [447, 449, 451, 452], [446, 449, 451, 452], [445, 449, 451, 452], [448, 451, 452], [447, 451, 452], [450, 452], [449, 452], [448, 452], [455], [454], [453], [451]]
cur_suffix:  [443, 444, 447, 448, 449, 451, 452]
bz: 438.
iter:  24
bz: 439.
iter:  24
bz: 440.
iter:  26
bz: 441.
iter:  26
bz: 442.
fisrt choice: (3.0703602107243113e+47, 442, 26)
baseline:  (3.074359572610869e+47, [452, 452, 452, 452, 452, 452, 452, 452, 452, 452, 452, 452, 452, 452, 452, 452, 452, 452, 452], 452, 2304)
best 5 choices:
(3.070212112932435e+47, [441, 441, 441, 441, 441, 441, 441, 441, 441, 441, 441, 441, 441, 441, 441, 441, 441, 441, 441, 441, 441, 441, 441, 441, 443, 444, 445, 447, 448, 450, 451, 452], 452, 2304)
(3.0702128635020084e+47, [441, 441, 441, 441, 441, 441, 441, 441, 441, 441, 441, 441, 441, 441, 441, 441, 441, 441, 441, 441, 441, 441, 441, 441, 441, 442, 444, 446, 447, 448, 449, 451, 452], 452, 2304)
(3.0702194825531605e+47, [441, 441, 441, 441, 441, 441, 441, 441, 441, 441, 441, 441, 441, 441, 441, 441, 441, 441, 441, 441, 441, 441, 441, 441, 441, 441, 445, 446, 447, 448, 449, 451, 452], 452, 2304)
(3.0702222577825803e+47, [441, 441, 441, 441, 441, 441, 441, 441, 441, 441, 441, 441, 441, 441, 441, 441, 441, 441, 441, 441, 441, 441, 441, 441, 441, 443, 444, 446, 447, 448, 449, 451, 452], 452, 2304)
(3.0702234668869e+47, [441, 441, 441, 441, 441, 441, 441, 441, 441, 441, 441, 441, 441, 441, 441, 441, 441, 441, 441, 441, 441, 441, 441, 441, 441, 443, 444, 445, 446, 448, 450, 451, 452], 452, 2304)
end round with 18 suffixes


======== round 95 ========
todo suffixes: [[442, 443, 444, 447, 448, 449, 451, 452], [442, 444, 447, 448, 449, 451, 452], [443, 447, 448, 449, 451, 452], [446, 448, 449, 451, 452], [445, 448, 449, 451, 452], [444, 448, 449, 451, 452], [447, 449, 451, 452], [446, 449, 451, 452], [445, 449, 451, 452], [448, 451, 452], [447, 451, 452], [450, 452], [449, 452], [448, 452], [455], [454], [453], [451]]
cur_suffix:  [442, 443, 444, 447, 448, 449, 451, 452]
bz: 437.
iter:  25
bz: 438.
iter:  24
bz: 439.
iter:  24
bz: 440.
iter:  26
bz: 441.
iter:  26
fisrt choice: (-1, -1, -1)
baseline:  (3.074359572610869e+47, [452, 452, 452, 452, 452, 452, 452, 452, 452, 452, 452, 452, 452, 452, 452, 452, 452, 452, 452], 452, 2304)
the strategy is infeasible, continue


======== round 96 ========
todo suffixes: [[442, 444, 447, 448, 449, 451, 452], [443, 447, 448, 449, 451, 452], [446, 448, 449, 451, 452], [445, 448, 449, 451, 452], [444, 448, 449, 451, 452], [447, 449, 451, 452], [446, 449, 451, 452], [445, 449, 451, 452], [448, 451, 452], [447, 451, 452], [450, 452], [449, 452], [448, 452], [455], [454], [453], [451]]
cur_suffix:  [442, 444, 447, 448, 449, 451, 452]
bz: 437.
iter:  25
bz: 438.
iter:  24
bz: 439.
iter:  24
bz: 440.
iter:  26
bz: 441.
iter:  26
fisrt choice: (-1, -1, -1)
baseline:  (3.074359572610869e+47, [452, 452, 452, 452, 452, 452, 452, 452, 452, 452, 452, 452, 452, 452, 452, 452, 452, 452, 452], 452, 2304)
the strategy is infeasible, continue


======== round 97 ========
todo suffixes: [[443, 447, 448, 449, 451, 452], [446, 448, 449, 451, 452], [445, 448, 449, 451, 452], [444, 448, 449, 451, 452], [447, 449, 451, 452], [446, 449, 451, 452], [445, 449, 451, 452], [448, 451, 452], [447, 451, 452], [450, 452], [449, 452], [448, 452], [455], [454], [453], [451]]
cur_suffix:  [443, 447, 448, 449, 451, 452]
bz: 438.
iter:  24
bz: 439.
iter:  24
bz: 440.
iter:  26
bz: 441.
iter:  26
bz: 442.
fisrt choice: (3.0703798383294676e+47, 442, 28)
baseline:  (3.074359572610869e+47, [452, 452, 452, 452, 452, 452, 452, 452, 452, 452, 452, 452, 452, 452, 452, 452, 452, 452, 452], 452, 2304)
best 5 choices:
(3.070212112932435e+47, [441, 441, 441, 441, 441, 441, 441, 441, 441, 441, 441, 441, 441, 441, 441, 441, 441, 441, 441, 441, 441, 441, 441, 441, 443, 444, 445, 447, 448, 450, 451, 452], 452, 2304)
(3.0702128635020084e+47, [441, 441, 441, 441, 441, 441, 441, 441, 441, 441, 441, 441, 441, 441, 441, 441, 441, 441, 441, 441, 441, 441, 441, 441, 441, 442, 444, 446, 447, 448, 449, 451, 452], 452, 2304)
(3.0702194825531605e+47, [441, 441, 441, 441, 441, 441, 441, 441, 441, 441, 441, 441, 441, 441, 441, 441, 441, 441, 441, 441, 441, 441, 441, 441, 441, 441, 445, 446, 447, 448, 449, 451, 452], 452, 2304)
(3.0702222577825803e+47, [441, 441, 441, 441, 441, 441, 441, 441, 441, 441, 441, 441, 441, 441, 441, 441, 441, 441, 441, 441, 441, 441, 441, 441, 441, 443, 444, 446, 447, 448, 449, 451, 452], 452, 2304)
(3.0702234668869e+47, [441, 441, 441, 441, 441, 441, 441, 441, 441, 441, 441, 441, 441, 441, 441, 441, 441, 441, 441, 441, 441, 441, 441, 441, 441, 443, 444, 445, 446, 448, 450, 451, 452], 452, 2304)
end round with 16 suffixes


======== round 98 ========
todo suffixes: [[442, 443, 447, 448, 449, 451, 452], [446, 448, 449, 451, 452], [445, 448, 449, 451, 452], [444, 448, 449, 451, 452], [447, 449, 451, 452], [446, 449, 451, 452], [445, 449, 451, 452], [448, 451, 452], [447, 451, 452], [450, 452], [449, 452], [448, 452], [455], [454], [453], [451]]
cur_suffix:  [442, 443, 447, 448, 449, 451, 452]
bz: 437.
iter:  25
bz: 438.
iter:  24
bz: 439.
iter:  24
bz: 440.
iter:  26
bz: 441.
iter:  26
fisrt choice: (-1, -1, -1)
baseline:  (3.074359572610869e+47, [452, 452, 452, 452, 452, 452, 452, 452, 452, 452, 452, 452, 452, 452, 452, 452, 452, 452, 452], 452, 2304)
the strategy is infeasible, continue


======== round 99 ========
todo suffixes: [[446, 448, 449, 451, 452], [445, 448, 449, 451, 452], [444, 448, 449, 451, 452], [447, 449, 451, 452], [446, 449, 451, 452], [445, 449, 451, 452], [448, 451, 452], [447, 451, 452], [450, 452], [449, 452], [448, 452], [455], [454], [453], [451]]
cur_suffix:  [446, 448, 449, 451, 452]
bz: 441.
iter:  26
bz: 442.
iter:  29
bz: 443.
fisrt choice: (3.070471313896109e+47, 443, 26)
baseline:  (3.074359572610869e+47, [452, 452, 452, 452, 452, 452, 452, 452, 452, 452, 452, 452, 452, 452, 452, 452, 452, 452, 452], 452, 2304)
best 5 choices:
(3.070212112932435e+47, [441, 441, 441, 441, 441, 441, 441, 441, 441, 441, 441, 441, 441, 441, 441, 441, 441, 441, 441, 441, 441, 441, 441, 441, 443, 444, 445, 447, 448, 450, 451, 452], 452, 2304)
(3.0702128635020084e+47, [441, 441, 441, 441, 441, 441, 441, 441, 441, 441, 441, 441, 441, 441, 441, 441, 441, 441, 441, 441, 441, 441, 441, 441, 441, 442, 444, 446, 447, 448, 449, 451, 452], 452, 2304)
(3.0702194825531605e+47, [441, 441, 441, 441, 441, 441, 441, 441, 441, 441, 441, 441, 441, 441, 441, 441, 441, 441, 441, 441, 441, 441, 441, 441, 441, 441, 445, 446, 447, 448, 449, 451, 452], 452, 2304)
(3.0702222577825803e+47, [441, 441, 441, 441, 441, 441, 441, 441, 441, 441, 441, 441, 441, 441, 441, 441, 441, 441, 441, 441, 441, 441, 441, 441, 441, 443, 444, 446, 447, 448, 449, 451, 452], 452, 2304)
(3.0702234668869e+47, [441, 441, 441, 441, 441, 441, 441, 441, 441, 441, 441, 441, 441, 441, 441, 441, 441, 441, 441, 441, 441, 441, 441, 441, 441, 443, 444, 445, 446, 448, 450, 451, 452], 452, 2304)
end round with 17 suffixes


======== round 100 ========
todo suffixes: [[445, 446, 448, 449, 451, 452], [444, 446, 448, 449, 451, 452], [443, 446, 448, 449, 451, 452], [445, 448, 449, 451, 452], [444, 448, 449, 451, 452], [447, 449, 451, 452], [446, 449, 451, 452], [445, 449, 451, 452], [448, 451, 452], [447, 451, 452], [450, 452], [449, 452], [448, 452], [455], [454], [453], [451]]
cur_suffix:  [445, 446, 448, 449, 451, 452]
bz: 440.
iter:  26
bz: 441.
iter:  26
bz: 442.
fisrt choice: (3.0703434552844144e+47, 442, 27)
baseline:  (3.074359572610869e+47, [452, 452, 452, 452, 452, 452, 452, 452, 452, 452, 452, 452, 452, 452, 452, 452, 452, 452, 452], 452, 2304)
best 5 choices:
(3.070212112932435e+47, [441, 441, 441, 441, 441, 441, 441, 441, 441, 441, 441, 441, 441, 441, 441, 441, 441, 441, 441, 441, 441, 441, 441, 441, 443, 444, 445, 447, 448, 450, 451, 452], 452, 2304)
(3.0702128635020084e+47, [441, 441, 441, 441, 441, 441, 441, 441, 441, 441, 441, 441, 441, 441, 441, 441, 441, 441, 441, 441, 441, 441, 441, 441, 441, 442, 444, 446, 447, 448, 449, 451, 452], 452, 2304)
(3.0702194825531605e+47, [441, 441, 441, 441, 441, 441, 441, 441, 441, 441, 441, 441, 441, 441, 441, 441, 441, 441, 441, 441, 441, 441, 441, 441, 441, 441, 445, 446, 447, 448, 449, 451, 452], 452, 2304)
(3.0702222577825803e+47, [441, 441, 441, 441, 441, 441, 441, 441, 441, 441, 441, 441, 441, 441, 441, 441, 441, 441, 441, 441, 441, 441, 441, 441, 441, 443, 444, 446, 447, 448, 449, 451, 452], 452, 2304)
(3.0702234668869e+47, [441, 441, 441, 441, 441, 441, 441, 441, 441, 441, 441, 441, 441, 441, 441, 441, 441, 441, 441, 441, 441, 441, 441, 441, 441, 443, 444, 445, 446, 448, 450, 451, 452], 452, 2304)
end round with 19 suffixes


======== round 101 ========
todo suffixes: [[444, 445, 446, 448, 449, 451, 452], [443, 445, 446, 448, 449, 451, 452], [442, 445, 446, 448, 449, 451, 452], [444, 446, 448, 449, 451, 452], [443, 446, 448, 449, 451, 452], [445, 448, 449, 451, 452], [444, 448, 449, 451, 452], [447, 449, 451, 452], [446, 449, 451, 452], [445, 449, 451, 452], [448, 451, 452], [447, 451, 452], [450, 452], [449, 452], [448, 452], [455], [454], [453], [451]]
cur_suffix:  [444, 445, 446, 448, 449, 451, 452]
bz: 439.
iter:  24
bz: 440.
iter:  26
bz: 441.
iter:  26
bz: 442.
fisrt choice: (3.070323827679258e+47, 442, 25)
baseline:  (3.074359572610869e+47, [452, 452, 452, 452, 452, 452, 452, 452, 452, 452, 452, 452, 452, 452, 452, 452, 452, 452, 452], 452, 2304)
best 5 choices:
(3.070212112932435e+47, [441, 441, 441, 441, 441, 441, 441, 441, 441, 441, 441, 441, 441, 441, 441, 441, 441, 441, 441, 441, 441, 441, 441, 441, 443, 444, 445, 447, 448, 450, 451, 452], 452, 2304)
(3.0702128635020084e+47, [441, 441, 441, 441, 441, 441, 441, 441, 441, 441, 441, 441, 441, 441, 441, 441, 441, 441, 441, 441, 441, 441, 441, 441, 441, 442, 444, 446, 447, 448, 449, 451, 452], 452, 2304)
(3.0702194825531605e+47, [441, 441, 441, 441, 441, 441, 441, 441, 441, 441, 441, 441, 441, 441, 441, 441, 441, 441, 441, 441, 441, 441, 441, 441, 441, 441, 445, 446, 447, 448, 449, 451, 452], 452, 2304)
(3.0702222577825803e+47, [441, 441, 441, 441, 441, 441, 441, 441, 441, 441, 441, 441, 441, 441, 441, 441, 441, 441, 441, 441, 441, 441, 441, 441, 441, 443, 444, 446, 447, 448, 449, 451, 452], 452, 2304)
(3.0702234668869e+47, [441, 441, 441, 441, 441, 441, 441, 441, 441, 441, 441, 441, 441, 441, 441, 441, 441, 441, 441, 441, 441, 441, 441, 441, 441, 443, 444, 445, 446, 448, 450, 451, 452], 452, 2304)
end round with 20 suffixes


======== round 102 ========
todo suffixes: [[443, 444, 445, 446, 448, 449, 451, 452], [442, 444, 445, 446, 448, 449, 451, 452], [443, 445, 446, 448, 449, 451, 452], [442, 445, 446, 448, 449, 451, 452], [444, 446, 448, 449, 451, 452], [443, 446, 448, 449, 451, 452], [445, 448, 449, 451, 452], [444, 448, 449, 451, 452], [447, 449, 451, 452], [446, 449, 451, 452], [445, 449, 451, 452], [448, 451, 452], [447, 451, 452], [450, 452], [449, 452], [448, 452], [455], [454], [453], [451]]
cur_suffix:  [443, 444, 445, 446, 448, 449, 451, 452]
bz: 438.
iter:  24
bz: 439.
iter:  24
bz: 440.
iter:  26
bz: 441.
iter:  26
bz: 442.
fisrt choice: (3.0702926310113587e+47, 442, 23)
baseline:  (3.074359572610869e+47, [452, 452, 452, 452, 452, 452, 452, 452, 452, 452, 452, 452, 452, 452, 452, 452, 452, 452, 452], 452, 2304)
best 5 choices:
(3.070212112932435e+47, [441, 441, 441, 441, 441, 441, 441, 441, 441, 441, 441, 441, 441, 441, 441, 441, 441, 441, 441, 441, 441, 441, 441, 441, 443, 444, 445, 447, 448, 450, 451, 452], 452, 2304)
(3.0702128635020084e+47, [441, 441, 441, 441, 441, 441, 441, 441, 441, 441, 441, 441, 441, 441, 441, 441, 441, 441, 441, 441, 441, 441, 441, 441, 441, 442, 444, 446, 447, 448, 449, 451, 452], 452, 2304)
(3.0702194825531605e+47, [441, 441, 441, 441, 441, 441, 441, 441, 441, 441, 441, 441, 441, 441, 441, 441, 441, 441, 441, 441, 441, 441, 441, 441, 441, 441, 445, 446, 447, 448, 449, 451, 452], 452, 2304)
(3.0702222577825803e+47, [441, 441, 441, 441, 441, 441, 441, 441, 441, 441, 441, 441, 441, 441, 441, 441, 441, 441, 441, 441, 441, 441, 441, 441, 441, 443, 444, 446, 447, 448, 449, 451, 452], 452, 2304)
(3.0702234668869e+47, [441, 441, 441, 441, 441, 441, 441, 441, 441, 441, 441, 441, 441, 441, 441, 441, 441, 441, 441, 441, 441, 441, 441, 441, 441, 443, 444, 445, 446, 448, 450, 451, 452], 452, 2304)
end round with 20 suffixes


======== round 103 ========
todo suffixes: [[442, 443, 444, 445, 446, 448, 449, 451, 452], [442, 444, 445, 446, 448, 449, 451, 452], [443, 445, 446, 448, 449, 451, 452], [442, 445, 446, 448, 449, 451, 452], [444, 446, 448, 449, 451, 452], [443, 446, 448, 449, 451, 452], [445, 448, 449, 451, 452], [444, 448, 449, 451, 452], [447, 449, 451, 452], [446, 449, 451, 452], [445, 449, 451, 452], [448, 451, 452], [447, 451, 452], [450, 452], [449, 452], [448, 452], [455], [454], [453], [451]]
cur_suffix:  [442, 443, 444, 445, 446, 448, 449, 451, 452]
bz: 437.
iter:  25
bz: 438.
iter:  24
bz: 439.
iter:  24
bz: 440.
iter:  26
bz: 441.
fisrt choice: (3.0702236940626527e+47, 441, 25)
baseline:  (3.074359572610869e+47, [452, 452, 452, 452, 452, 452, 452, 452, 452, 452, 452, 452, 452, 452, 452, 452, 452, 452, 452], 452, 2304)
best 5 choices:
(3.070212112932435e+47, [441, 441, 441, 441, 441, 441, 441, 441, 441, 441, 441, 441, 441, 441, 441, 441, 441, 441, 441, 441, 441, 441, 441, 441, 443, 444, 445, 447, 448, 450, 451, 452], 452, 2304)
(3.0702128635020084e+47, [441, 441, 441, 441, 441, 441, 441, 441, 441, 441, 441, 441, 441, 441, 441, 441, 441, 441, 441, 441, 441, 441, 441, 441, 441, 442, 444, 446, 447, 448, 449, 451, 452], 452, 2304)
(3.0702194825531605e+47, [441, 441, 441, 441, 441, 441, 441, 441, 441, 441, 441, 441, 441, 441, 441, 441, 441, 441, 441, 441, 441, 441, 441, 441, 441, 441, 445, 446, 447, 448, 449, 451, 452], 452, 2304)
(3.0702222577825803e+47, [441, 441, 441, 441, 441, 441, 441, 441, 441, 441, 441, 441, 441, 441, 441, 441, 441, 441, 441, 441, 441, 441, 441, 441, 441, 443, 444, 446, 447, 448, 449, 451, 452], 452, 2304)
(3.0702234668869e+47, [441, 441, 441, 441, 441, 441, 441, 441, 441, 441, 441, 441, 441, 441, 441, 441, 441, 441, 441, 441, 441, 441, 441, 441, 441, 443, 444, 445, 446, 448, 450, 451, 452], 452, 2304)
end round with 19 suffixes


======== round 104 ========
todo suffixes: [[442, 444, 445, 446, 448, 449, 451, 452], [443, 445, 446, 448, 449, 451, 452], [442, 445, 446, 448, 449, 451, 452], [444, 446, 448, 449, 451, 452], [443, 446, 448, 449, 451, 452], [445, 448, 449, 451, 452], [444, 448, 449, 451, 452], [447, 449, 451, 452], [446, 449, 451, 452], [445, 449, 451, 452], [448, 451, 452], [447, 451, 452], [450, 452], [449, 452], [448, 452], [455], [454], [453], [451]]
cur_suffix:  [442, 444, 445, 446, 448, 449, 451, 452]
bz: 437.
iter:  25
bz: 438.
iter:  24
bz: 439.
iter:  24
bz: 440.
iter:  26
bz: 441.
iter:  26
fisrt choice: (-1, -1, -1)
baseline:  (3.074359572610869e+47, [452, 452, 452, 452, 452, 452, 452, 452, 452, 452, 452, 452, 452, 452, 452, 452, 452, 452, 452], 452, 2304)
the strategy is infeasible, continue


======== round 105 ========
todo suffixes: [[443, 445, 446, 448, 449, 451, 452], [442, 445, 446, 448, 449, 451, 452], [444, 446, 448, 449, 451, 452], [443, 446, 448, 449, 451, 452], [445, 448, 449, 451, 452], [444, 448, 449, 451, 452], [447, 449, 451, 452], [446, 449, 451, 452], [445, 449, 451, 452], [448, 451, 452], [447, 451, 452], [450, 452], [449, 452], [448, 452], [455], [454], [453], [451]]
cur_suffix:  [443, 445, 446, 448, 449, 451, 452]
bz: 438.
iter:  24
bz: 439.
iter:  24
bz: 440.
iter:  26
bz: 441.
iter:  26
bz: 442.
fisrt choice: (3.0703528495649863e+47, 442, 26)
baseline:  (3.074359572610869e+47, [452, 452, 452, 452, 452, 452, 452, 452, 452, 452, 452, 452, 452, 452, 452, 452, 452, 452, 452], 452, 2304)
best 5 choices:
(3.070212112932435e+47, [441, 441, 441, 441, 441, 441, 441, 441, 441, 441, 441, 441, 441, 441, 441, 441, 441, 441, 441, 441, 441, 441, 441, 441, 443, 444, 445, 447, 448, 450, 451, 452], 452, 2304)
(3.0702128635020084e+47, [441, 441, 441, 441, 441, 441, 441, 441, 441, 441, 441, 441, 441, 441, 441, 441, 441, 441, 441, 441, 441, 441, 441, 441, 441, 442, 444, 446, 447, 448, 449, 451, 452], 452, 2304)
(3.0702194825531605e+47, [441, 441, 441, 441, 441, 441, 441, 441, 441, 441, 441, 441, 441, 441, 441, 441, 441, 441, 441, 441, 441, 441, 441, 441, 441, 441, 445, 446, 447, 448, 449, 451, 452], 452, 2304)
(3.0702222577825803e+47, [441, 441, 441, 441, 441, 441, 441, 441, 441, 441, 441, 441, 441, 441, 441, 441, 441, 441, 441, 441, 441, 441, 441, 441, 441, 443, 444, 446, 447, 448, 449, 451, 452], 452, 2304)
(3.0702234668869e+47, [441, 441, 441, 441, 441, 441, 441, 441, 441, 441, 441, 441, 441, 441, 441, 441, 441, 441, 441, 441, 441, 441, 441, 441, 441, 443, 444, 445, 446, 448, 450, 451, 452], 452, 2304)
end round with 18 suffixes


======== round 106 ========
todo suffixes: [[442, 443, 445, 446, 448, 449, 451, 452], [442, 445, 446, 448, 449, 451, 452], [444, 446, 448, 449, 451, 452], [443, 446, 448, 449, 451, 452], [445, 448, 449, 451, 452], [444, 448, 449, 451, 452], [447, 449, 451, 452], [446, 449, 451, 452], [445, 449, 451, 452], [448, 451, 452], [447, 451, 452], [450, 452], [449, 452], [448, 452], [455], [454], [453], [451]]
cur_suffix:  [442, 443, 445, 446, 448, 449, 451, 452]
bz: 437.
iter:  25
bz: 438.
iter:  24
bz: 439.
iter:  24
bz: 440.
iter:  26
bz: 441.
iter:  26
fisrt choice: (-1, -1, -1)
baseline:  (3.074359572610869e+47, [452, 452, 452, 452, 452, 452, 452, 452, 452, 452, 452, 452, 452, 452, 452, 452, 452, 452, 452], 452, 2304)
the strategy is infeasible, continue


======== round 107 ========
todo suffixes: [[442, 445, 446, 448, 449, 451, 452], [444, 446, 448, 449, 451, 452], [443, 446, 448, 449, 451, 452], [445, 448, 449, 451, 452], [444, 448, 449, 451, 452], [447, 449, 451, 452], [446, 449, 451, 452], [445, 449, 451, 452], [448, 451, 452], [447, 451, 452], [450, 452], [449, 452], [448, 452], [455], [454], [453], [451]]
cur_suffix:  [442, 445, 446, 448, 449, 451, 452]
bz: 437.
iter:  25
bz: 438.
iter:  24
bz: 439.
iter:  24
bz: 440.
iter:  26
bz: 441.
iter:  26
fisrt choice: (-1, -1, -1)
baseline:  (3.074359572610869e+47, [452, 452, 452, 452, 452, 452, 452, 452, 452, 452, 452, 452, 452, 452, 452, 452, 452, 452, 452], 452, 2304)
the strategy is infeasible, continue


======== round 108 ========
todo suffixes: [[444, 446, 448, 449, 451, 452], [443, 446, 448, 449, 451, 452], [445, 448, 449, 451, 452], [444, 448, 449, 451, 452], [447, 449, 451, 452], [446, 449, 451, 452], [445, 449, 451, 452], [448, 451, 452], [447, 451, 452], [450, 452], [449, 452], [448, 452], [455], [454], [453], [451]]
cur_suffix:  [444, 446, 448, 449, 451, 452]
bz: 439.
iter:  24
bz: 440.
iter:  26
bz: 441.
iter:  26
bz: 442.
fisrt choice: (3.070369798789969e+47, 442, 28)
baseline:  (3.074359572610869e+47, [452, 452, 452, 452, 452, 452, 452, 452, 452, 452, 452, 452, 452, 452, 452, 452, 452, 452, 452], 452, 2304)
best 5 choices:
(3.070212112932435e+47, [441, 441, 441, 441, 441, 441, 441, 441, 441, 441, 441, 441, 441, 441, 441, 441, 441, 441, 441, 441, 441, 441, 441, 441, 443, 444, 445, 447, 448, 450, 451, 452], 452, 2304)
(3.0702128635020084e+47, [441, 441, 441, 441, 441, 441, 441, 441, 441, 441, 441, 441, 441, 441, 441, 441, 441, 441, 441, 441, 441, 441, 441, 441, 441, 442, 444, 446, 447, 448, 449, 451, 452], 452, 2304)
(3.0702194825531605e+47, [441, 441, 441, 441, 441, 441, 441, 441, 441, 441, 441, 441, 441, 441, 441, 441, 441, 441, 441, 441, 441, 441, 441, 441, 441, 441, 445, 446, 447, 448, 449, 451, 452], 452, 2304)
(3.0702222577825803e+47, [441, 441, 441, 441, 441, 441, 441, 441, 441, 441, 441, 441, 441, 441, 441, 441, 441, 441, 441, 441, 441, 441, 441, 441, 441, 443, 444, 446, 447, 448, 449, 451, 452], 452, 2304)
(3.0702234668869e+47, [441, 441, 441, 441, 441, 441, 441, 441, 441, 441, 441, 441, 441, 441, 441, 441, 441, 441, 441, 441, 441, 441, 441, 441, 441, 443, 444, 445, 446, 448, 450, 451, 452], 452, 2304)
end round with 17 suffixes


======== round 109 ========
todo suffixes: [[443, 444, 446, 448, 449, 451, 452], [442, 444, 446, 448, 449, 451, 452], [443, 446, 448, 449, 451, 452], [445, 448, 449, 451, 452], [444, 448, 449, 451, 452], [447, 449, 451, 452], [446, 449, 451, 452], [445, 449, 451, 452], [448, 451, 452], [447, 451, 452], [450, 452], [449, 452], [448, 452], [455], [454], [453], [451]]
cur_suffix:  [443, 444, 446, 448, 449, 451, 452]
bz: 438.
iter:  24
bz: 439.
iter:  24
bz: 440.
iter:  26
bz: 441.
iter:  26
bz: 442.
fisrt choice: (3.0703386021220694e+47, 442, 26)
baseline:  (3.074359572610869e+47, [452, 452, 452, 452, 452, 452, 452, 452, 452, 452, 452, 452, 452, 452, 452, 452, 452, 452, 452], 452, 2304)
best 5 choices:
(3.070212112932435e+47, [441, 441, 441, 441, 441, 441, 441, 441, 441, 441, 441, 441, 441, 441, 441, 441, 441, 441, 441, 441, 441, 441, 441, 441, 443, 444, 445, 447, 448, 450, 451, 452], 452, 2304)
(3.0702128635020084e+47, [441, 441, 441, 441, 441, 441, 441, 441, 441, 441, 441, 441, 441, 441, 441, 441, 441, 441, 441, 441, 441, 441, 441, 441, 441, 442, 444, 446, 447, 448, 449, 451, 452], 452, 2304)
(3.0702194825531605e+47, [441, 441, 441, 441, 441, 441, 441, 441, 441, 441, 441, 441, 441, 441, 441, 441, 441, 441, 441, 441, 441, 441, 441, 441, 441, 441, 445, 446, 447, 448, 449, 451, 452], 452, 2304)
(3.0702222577825803e+47, [441, 441, 441, 441, 441, 441, 441, 441, 441, 441, 441, 441, 441, 441, 441, 441, 441, 441, 441, 441, 441, 441, 441, 441, 441, 443, 444, 446, 447, 448, 449, 451, 452], 452, 2304)
(3.0702234668869e+47, [441, 441, 441, 441, 441, 441, 441, 441, 441, 441, 441, 441, 441, 441, 441, 441, 441, 441, 441, 441, 441, 441, 441, 441, 441, 443, 444, 445, 446, 448, 450, 451, 452], 452, 2304)
end round with 17 suffixes


======== round 110 ========
todo suffixes: [[442, 443, 444, 446, 448, 449, 451, 452], [442, 444, 446, 448, 449, 451, 452], [443, 446, 448, 449, 451, 452], [445, 448, 449, 451, 452], [444, 448, 449, 451, 452], [447, 449, 451, 452], [446, 449, 451, 452], [445, 449, 451, 452], [448, 451, 452], [447, 451, 452], [450, 452], [449, 452], [448, 452], [455], [454], [453], [451]]
cur_suffix:  [442, 443, 444, 446, 448, 449, 451, 452]
bz: 437.
iter:  25
bz: 438.
iter:  24
bz: 439.
iter:  24
bz: 440.
iter:  26
bz: 441.
iter:  26
fisrt choice: (-1, -1, -1)
baseline:  (3.074359572610869e+47, [452, 452, 452, 452, 452, 452, 452, 452, 452, 452, 452, 452, 452, 452, 452, 452, 452, 452, 452], 452, 2304)
the strategy is infeasible, continue


======== round 111 ========
todo suffixes: [[442, 444, 446, 448, 449, 451, 452], [443, 446, 448, 449, 451, 452], [445, 448, 449, 451, 452], [444, 448, 449, 451, 452], [447, 449, 451, 452], [446, 449, 451, 452], [445, 449, 451, 452], [448, 451, 452], [447, 451, 452], [450, 452], [449, 452], [448, 452], [455], [454], [453], [451]]
cur_suffix:  [442, 444, 446, 448, 449, 451, 452]
bz: 437.
iter:  25
bz: 438.
iter:  24
bz: 439.
iter:  24
bz: 440.
iter:  26
bz: 441.
iter:  26
fisrt choice: (-1, -1, -1)
baseline:  (3.074359572610869e+47, [452, 452, 452, 452, 452, 452, 452, 452, 452, 452, 452, 452, 452, 452, 452, 452, 452, 452, 452], 452, 2304)
the strategy is infeasible, continue


======== round 112 ========
todo suffixes: [[443, 446, 448, 449, 451, 452], [445, 448, 449, 451, 452], [444, 448, 449, 451, 452], [447, 449, 451, 452], [446, 449, 451, 452], [445, 449, 451, 452], [448, 451, 452], [447, 451, 452], [450, 452], [449, 452], [448, 452], [455], [454], [453], [451]]
cur_suffix:  [443, 446, 448, 449, 451, 452]
bz: 438.
iter:  24
bz: 439.
iter:  24
bz: 440.
iter:  26
bz: 441.
iter:  26
bz: 442.
fisrt choice: (3.070398820675697e+47, 442, 29)
baseline:  (3.074359572610869e+47, [452, 452, 452, 452, 452, 452, 452, 452, 452, 452, 452, 452, 452, 452, 452, 452, 452, 452, 452], 452, 2304)
best 5 choices:
(3.070212112932435e+47, [441, 441, 441, 441, 441, 441, 441, 441, 441, 441, 441, 441, 441, 441, 441, 441, 441, 441, 441, 441, 441, 441, 441, 441, 443, 444, 445, 447, 448, 450, 451, 452], 452, 2304)
(3.0702128635020084e+47, [441, 441, 441, 441, 441, 441, 441, 441, 441, 441, 441, 441, 441, 441, 441, 441, 441, 441, 441, 441, 441, 441, 441, 441, 441, 442, 444, 446, 447, 448, 449, 451, 452], 452, 2304)
(3.0702194825531605e+47, [441, 441, 441, 441, 441, 441, 441, 441, 441, 441, 441, 441, 441, 441, 441, 441, 441, 441, 441, 441, 441, 441, 441, 441, 441, 441, 445, 446, 447, 448, 449, 451, 452], 452, 2304)
(3.0702222577825803e+47, [441, 441, 441, 441, 441, 441, 441, 441, 441, 441, 441, 441, 441, 441, 441, 441, 441, 441, 441, 441, 441, 441, 441, 441, 441, 443, 444, 446, 447, 448, 449, 451, 452], 452, 2304)
(3.0702234668869e+47, [441, 441, 441, 441, 441, 441, 441, 441, 441, 441, 441, 441, 441, 441, 441, 441, 441, 441, 441, 441, 441, 441, 441, 441, 441, 443, 444, 445, 446, 448, 450, 451, 452], 452, 2304)
end round with 15 suffixes


======== round 113 ========
todo suffixes: [[442, 443, 446, 448, 449, 451, 452], [445, 448, 449, 451, 452], [444, 448, 449, 451, 452], [447, 449, 451, 452], [446, 449, 451, 452], [445, 449, 451, 452], [448, 451, 452], [447, 451, 452], [450, 452], [449, 452], [448, 452], [455], [454], [453], [451]]
cur_suffix:  [442, 443, 446, 448, 449, 451, 452]
bz: 437.
iter:  25
bz: 438.
iter:  24
bz: 439.
iter:  24
bz: 440.
iter:  26
bz: 441.
iter:  26
fisrt choice: (-1, -1, -1)
baseline:  (3.074359572610869e+47, [452, 452, 452, 452, 452, 452, 452, 452, 452, 452, 452, 452, 452, 452, 452, 452, 452, 452, 452], 452, 2304)
the strategy is infeasible, continue


======== round 114 ========
todo suffixes: [[445, 448, 449, 451, 452], [444, 448, 449, 451, 452], [447, 449, 451, 452], [446, 449, 451, 452], [445, 449, 451, 452], [448, 451, 452], [447, 451, 452], [450, 452], [449, 452], [448, 452], [455], [454], [453], [451]]
cur_suffix:  [445, 448, 449, 451, 452]
bz: 440.
iter:  26
bz: 441.
iter:  26
bz: 442.
iter:  29
bz: 443.
fisrt choice: (3.070453767829952e+47, 443, 26)
baseline:  (3.074359572610869e+47, [452, 452, 452, 452, 452, 452, 452, 452, 452, 452, 452, 452, 452, 452, 452, 452, 452, 452, 452], 452, 2304)
best 5 choices:
(3.070212112932435e+47, [441, 441, 441, 441, 441, 441, 441, 441, 441, 441, 441, 441, 441, 441, 441, 441, 441, 441, 441, 441, 441, 441, 441, 441, 443, 444, 445, 447, 448, 450, 451, 452], 452, 2304)
(3.0702128635020084e+47, [441, 441, 441, 441, 441, 441, 441, 441, 441, 441, 441, 441, 441, 441, 441, 441, 441, 441, 441, 441, 441, 441, 441, 441, 441, 442, 444, 446, 447, 448, 449, 451, 452], 452, 2304)
(3.0702194825531605e+47, [441, 441, 441, 441, 441, 441, 441, 441, 441, 441, 441, 441, 441, 441, 441, 441, 441, 441, 441, 441, 441, 441, 441, 441, 441, 441, 445, 446, 447, 448, 449, 451, 452], 452, 2304)
(3.0702222577825803e+47, [441, 441, 441, 441, 441, 441, 441, 441, 441, 441, 441, 441, 441, 441, 441, 441, 441, 441, 441, 441, 441, 441, 441, 441, 441, 443, 444, 446, 447, 448, 449, 451, 452], 452, 2304)
(3.0702234668869e+47, [441, 441, 441, 441, 441, 441, 441, 441, 441, 441, 441, 441, 441, 441, 441, 441, 441, 441, 441, 441, 441, 441, 441, 441, 441, 443, 444, 445, 446, 448, 450, 451, 452], 452, 2304)
end round with 15 suffixes


======== round 115 ========
todo suffixes: [[444, 445, 448, 449, 451, 452], [443, 445, 448, 449, 451, 452], [444, 448, 449, 451, 452], [447, 449, 451, 452], [446, 449, 451, 452], [445, 449, 451, 452], [448, 451, 452], [447, 451, 452], [450, 452], [449, 452], [448, 452], [455], [454], [453], [451]]
cur_suffix:  [444, 445, 448, 449, 451, 452]
bz: 439.
iter:  24
bz: 440.
iter:  26
bz: 441.
iter:  26
bz: 442.
iter:  29
bz: 443.
fisrt choice: (3.070465336892695e+47, 443, 25)
baseline:  (3.074359572610869e+47, [452, 452, 452, 452, 452, 452, 452, 452, 452, 452, 452, 452, 452, 452, 452, 452, 452, 452, 452], 452, 2304)
best 5 choices:
(3.070212112932435e+47, [441, 441, 441, 441, 441, 441, 441, 441, 441, 441, 441, 441, 441, 441, 441, 441, 441, 441, 441, 441, 441, 441, 441, 441, 443, 444, 445, 447, 448, 450, 451, 452], 452, 2304)
(3.0702128635020084e+47, [441, 441, 441, 441, 441, 441, 441, 441, 441, 441, 441, 441, 441, 441, 441, 441, 441, 441, 441, 441, 441, 441, 441, 441, 441, 442, 444, 446, 447, 448, 449, 451, 452], 452, 2304)
(3.0702194825531605e+47, [441, 441, 441, 441, 441, 441, 441, 441, 441, 441, 441, 441, 441, 441, 441, 441, 441, 441, 441, 441, 441, 441, 441, 441, 441, 441, 445, 446, 447, 448, 449, 451, 452], 452, 2304)
(3.0702222577825803e+47, [441, 441, 441, 441, 441, 441, 441, 441, 441, 441, 441, 441, 441, 441, 441, 441, 441, 441, 441, 441, 441, 441, 441, 441, 441, 443, 444, 446, 447, 448, 449, 451, 452], 452, 2304)
(3.0702234668869e+47, [441, 441, 441, 441, 441, 441, 441, 441, 441, 441, 441, 441, 441, 441, 441, 441, 441, 441, 441, 441, 441, 441, 441, 441, 441, 443, 444, 445, 446, 448, 450, 451, 452], 452, 2304)
end round with 15 suffixes


======== round 116 ========
todo suffixes: [[443, 444, 445, 448, 449, 451, 452], [443, 445, 448, 449, 451, 452], [444, 448, 449, 451, 452], [447, 449, 451, 452], [446, 449, 451, 452], [445, 449, 451, 452], [448, 451, 452], [447, 451, 452], [450, 452], [449, 452], [448, 452], [455], [454], [453], [451]]
cur_suffix:  [443, 444, 445, 448, 449, 451, 452]
bz: 438.
iter:  24
bz: 439.
iter:  24
bz: 440.
iter:  26
bz: 441.
iter:  26
bz: 442.
fisrt choice: (3.070402237952855e+47, 442, 28)
baseline:  (3.074359572610869e+47, [452, 452, 452, 452, 452, 452, 452, 452, 452, 452, 452, 452, 452, 452, 452, 452, 452, 452, 452], 452, 2304)
best 5 choices:
(3.070212112932435e+47, [441, 441, 441, 441, 441, 441, 441, 441, 441, 441, 441, 441, 441, 441, 441, 441, 441, 441, 441, 441, 441, 441, 441, 441, 443, 444, 445, 447, 448, 450, 451, 452], 452, 2304)
(3.0702128635020084e+47, [441, 441, 441, 441, 441, 441, 441, 441, 441, 441, 441, 441, 441, 441, 441, 441, 441, 441, 441, 441, 441, 441, 441, 441, 441, 442, 444, 446, 447, 448, 449, 451, 452], 452, 2304)
(3.0702194825531605e+47, [441, 441, 441, 441, 441, 441, 441, 441, 441, 441, 441, 441, 441, 441, 441, 441, 441, 441, 441, 441, 441, 441, 441, 441, 441, 441, 445, 446, 447, 448, 449, 451, 452], 452, 2304)
(3.0702222577825803e+47, [441, 441, 441, 441, 441, 441, 441, 441, 441, 441, 441, 441, 441, 441, 441, 441, 441, 441, 441, 441, 441, 441, 441, 441, 441, 443, 444, 446, 447, 448, 449, 451, 452], 452, 2304)
(3.0702234668869e+47, [441, 441, 441, 441, 441, 441, 441, 441, 441, 441, 441, 441, 441, 441, 441, 441, 441, 441, 441, 441, 441, 441, 441, 441, 441, 443, 444, 445, 446, 448, 450, 451, 452], 452, 2304)
end round with 15 suffixes


======== round 117 ========
todo suffixes: [[442, 443, 444, 445, 448, 449, 451, 452], [443, 445, 448, 449, 451, 452], [444, 448, 449, 451, 452], [447, 449, 451, 452], [446, 449, 451, 452], [445, 449, 451, 452], [448, 451, 452], [447, 451, 452], [450, 452], [449, 452], [448, 452], [455], [454], [453], [451]]
cur_suffix:  [442, 443, 444, 445, 448, 449, 451, 452]
bz: 437.
iter:  25
bz: 438.
iter:  24
bz: 439.
iter:  24
bz: 440.
iter:  26
bz: 441.
iter:  26
fisrt choice: (-1, -1, -1)
baseline:  (3.074359572610869e+47, [452, 452, 452, 452, 452, 452, 452, 452, 452, 452, 452, 452, 452, 452, 452, 452, 452, 452, 452], 452, 2304)
the strategy is infeasible, continue


======== round 118 ========
todo suffixes: [[443, 445, 448, 449, 451, 452], [444, 448, 449, 451, 452], [447, 449, 451, 452], [446, 449, 451, 452], [445, 449, 451, 452], [448, 451, 452], [447, 451, 452], [450, 452], [449, 452], [448, 452], [455], [454], [453], [451]]
cur_suffix:  [443, 445, 448, 449, 451, 452]
bz: 438.
iter:  24
bz: 439.
iter:  24
bz: 440.
iter:  26
bz: 441.
iter:  26
bz: 442.
iter:  29
fisrt choice: (-1, -1, -1)
baseline:  (3.074359572610869e+47, [452, 452, 452, 452, 452, 452, 452, 452, 452, 452, 452, 452, 452, 452, 452, 452, 452, 452, 452], 452, 2304)
the strategy is infeasible, continue


======== round 119 ========
todo suffixes: [[444, 448, 449, 451, 452], [447, 449, 451, 452], [446, 449, 451, 452], [445, 449, 451, 452], [448, 451, 452], [447, 451, 452], [450, 452], [449, 452], [448, 452], [455], [454], [453], [451]]
cur_suffix:  [444, 448, 449, 451, 452]
bz: 439.
iter:  24
bz: 440.
iter:  26
bz: 441.
iter:  26
bz: 442.
iter:  29
bz: 443.
fisrt choice: (3.0704895056160782e+47, 443, 27)
baseline:  (3.074359572610869e+47, [452, 452, 452, 452, 452, 452, 452, 452, 452, 452, 452, 452, 452, 452, 452, 452, 452, 452, 452], 452, 2304)
best 5 choices:
(3.070212112932435e+47, [441, 441, 441, 441, 441, 441, 441, 441, 441, 441, 441, 441, 441, 441, 441, 441, 441, 441, 441, 441, 441, 441, 441, 441, 443, 444, 445, 447, 448, 450, 451, 452], 452, 2304)
(3.0702128635020084e+47, [441, 441, 441, 441, 441, 441, 441, 441, 441, 441, 441, 441, 441, 441, 441, 441, 441, 441, 441, 441, 441, 441, 441, 441, 441, 442, 444, 446, 447, 448, 449, 451, 452], 452, 2304)
(3.0702194825531605e+47, [441, 441, 441, 441, 441, 441, 441, 441, 441, 441, 441, 441, 441, 441, 441, 441, 441, 441, 441, 441, 441, 441, 441, 441, 441, 441, 445, 446, 447, 448, 449, 451, 452], 452, 2304)
(3.0702222577825803e+47, [441, 441, 441, 441, 441, 441, 441, 441, 441, 441, 441, 441, 441, 441, 441, 441, 441, 441, 441, 441, 441, 441, 441, 441, 441, 443, 444, 446, 447, 448, 449, 451, 452], 452, 2304)
(3.0702234668869e+47, [441, 441, 441, 441, 441, 441, 441, 441, 441, 441, 441, 441, 441, 441, 441, 441, 441, 441, 441, 441, 441, 441, 441, 441, 441, 443, 444, 445, 446, 448, 450, 451, 452], 452, 2304)
end round with 13 suffixes


======== round 120 ========
todo suffixes: [[443, 444, 448, 449, 451, 452], [447, 449, 451, 452], [446, 449, 451, 452], [445, 449, 451, 452], [448, 451, 452], [447, 451, 452], [450, 452], [449, 452], [448, 452], [455], [454], [453], [451]]
cur_suffix:  [443, 444, 448, 449, 451, 452]
bz: 438.
iter:  24
bz: 439.
iter:  24
bz: 440.
iter:  26
bz: 441.
iter:  26
bz: 442.
iter:  29
fisrt choice: (-1, -1, -1)
baseline:  (3.074359572610869e+47, [452, 452, 452, 452, 452, 452, 452, 452, 452, 452, 452, 452, 452, 452, 452, 452, 452, 452, 452], 452, 2304)
the strategy is infeasible, continue


======== round 121 ========
todo suffixes: [[447, 449, 451, 452], [446, 449, 451, 452], [445, 449, 451, 452], [448, 451, 452], [447, 451, 452], [450, 452], [449, 452], [448, 452], [455], [454], [453], [451]]
cur_suffix:  [447, 449, 451, 452]
bz: 442.
iter:  29
bz: 443.
iter:  27
bz: 444.
fisrt choice: (3.0705905954263578e+47, 444, 25)
baseline:  (3.074359572610869e+47, [452, 452, 452, 452, 452, 452, 452, 452, 452, 452, 452, 452, 452, 452, 452, 452, 452, 452, 452], 452, 2304)
best 5 choices:
(3.070212112932435e+47, [441, 441, 441, 441, 441, 441, 441, 441, 441, 441, 441, 441, 441, 441, 441, 441, 441, 441, 441, 441, 441, 441, 441, 441, 443, 444, 445, 447, 448, 450, 451, 452], 452, 2304)
(3.0702128635020084e+47, [441, 441, 441, 441, 441, 441, 441, 441, 441, 441, 441, 441, 441, 441, 441, 441, 441, 441, 441, 441, 441, 441, 441, 441, 441, 442, 444, 446, 447, 448, 449, 451, 452], 452, 2304)
(3.0702194825531605e+47, [441, 441, 441, 441, 441, 441, 441, 441, 441, 441, 441, 441, 441, 441, 441, 441, 441, 441, 441, 441, 441, 441, 441, 441, 441, 441, 445, 446, 447, 448, 449, 451, 452], 452, 2304)
(3.0702222577825803e+47, [441, 441, 441, 441, 441, 441, 441, 441, 441, 441, 441, 441, 441, 441, 441, 441, 441, 441, 441, 441, 441, 441, 441, 441, 441, 443, 444, 446, 447, 448, 449, 451, 452], 452, 2304)
(3.0702234668869e+47, [441, 441, 441, 441, 441, 441, 441, 441, 441, 441, 441, 441, 441, 441, 441, 441, 441, 441, 441, 441, 441, 441, 441, 441, 441, 443, 444, 445, 446, 448, 450, 451, 452], 452, 2304)
end round with 14 suffixes


======== round 122 ========
todo suffixes: [[446, 447, 449, 451, 452], [445, 447, 449, 451, 452], [444, 447, 449, 451, 452], [446, 449, 451, 452], [445, 449, 451, 452], [448, 451, 452], [447, 451, 452], [450, 452], [449, 452], [448, 452], [455], [454], [453], [451]]
cur_suffix:  [446, 447, 449, 451, 452]
bz: 441.
iter:  26
bz: 442.
iter:  29
bz: 443.
fisrt choice: (3.0704946871167245e+47, 443, 27)
baseline:  (3.074359572610869e+47, [452, 452, 452, 452, 452, 452, 452, 452, 452, 452, 452, 452, 452, 452, 452, 452, 452, 452, 452], 452, 2304)
best 5 choices:
(3.070212112932435e+47, [441, 441, 441, 441, 441, 441, 441, 441, 441, 441, 441, 441, 441, 441, 441, 441, 441, 441, 441, 441, 441, 441, 441, 441, 443, 444, 445, 447, 448, 450, 451, 452], 452, 2304)
(3.0702128635020084e+47, [441, 441, 441, 441, 441, 441, 441, 441, 441, 441, 441, 441, 441, 441, 441, 441, 441, 441, 441, 441, 441, 441, 441, 441, 441, 442, 444, 446, 447, 448, 449, 451, 452], 452, 2304)
(3.0702194825531605e+47, [441, 441, 441, 441, 441, 441, 441, 441, 441, 441, 441, 441, 441, 441, 441, 441, 441, 441, 441, 441, 441, 441, 441, 441, 441, 441, 445, 446, 447, 448, 449, 451, 452], 452, 2304)
(3.0702222577825803e+47, [441, 441, 441, 441, 441, 441, 441, 441, 441, 441, 441, 441, 441, 441, 441, 441, 441, 441, 441, 441, 441, 441, 441, 441, 441, 443, 444, 446, 447, 448, 449, 451, 452], 452, 2304)
(3.0702234668869e+47, [441, 441, 441, 441, 441, 441, 441, 441, 441, 441, 441, 441, 441, 441, 441, 441, 441, 441, 441, 441, 441, 441, 441, 441, 441, 443, 444, 445, 446, 448, 450, 451, 452], 452, 2304)
end round with 16 suffixes


======== round 123 ========
todo suffixes: [[445, 446, 447, 449, 451, 452], [444, 446, 447, 449, 451, 452], [443, 446, 447, 449, 451, 452], [445, 447, 449, 451, 452], [444, 447, 449, 451, 452], [446, 449, 451, 452], [445, 449, 451, 452], [448, 451, 452], [447, 451, 452], [450, 452], [449, 452], [448, 452], [455], [454], [453], [451]]
cur_suffix:  [445, 446, 447, 449, 451, 452]
bz: 440.
iter:  26
bz: 441.
iter:  26
bz: 442.
fisrt choice: (3.0703980251729295e+47, 442, 29)
baseline:  (3.074359572610869e+47, [452, 452, 452, 452, 452, 452, 452, 452, 452, 452, 452, 452, 452, 452, 452, 452, 452, 452, 452], 452, 2304)
best 5 choices:
(3.070212112932435e+47, [441, 441, 441, 441, 441, 441, 441, 441, 441, 441, 441, 441, 441, 441, 441, 441, 441, 441, 441, 441, 441, 441, 441, 441, 443, 444, 445, 447, 448, 450, 451, 452], 452, 2304)
(3.0702128635020084e+47, [441, 441, 441, 441, 441, 441, 441, 441, 441, 441, 441, 441, 441, 441, 441, 441, 441, 441, 441, 441, 441, 441, 441, 441, 441, 442, 444, 446, 447, 448, 449, 451, 452], 452, 2304)
(3.0702194825531605e+47, [441, 441, 441, 441, 441, 441, 441, 441, 441, 441, 441, 441, 441, 441, 441, 441, 441, 441, 441, 441, 441, 441, 441, 441, 441, 441, 445, 446, 447, 448, 449, 451, 452], 452, 2304)
(3.0702222577825803e+47, [441, 441, 441, 441, 441, 441, 441, 441, 441, 441, 441, 441, 441, 441, 441, 441, 441, 441, 441, 441, 441, 441, 441, 441, 441, 443, 444, 446, 447, 448, 449, 451, 452], 452, 2304)
(3.0702234668869e+47, [441, 441, 441, 441, 441, 441, 441, 441, 441, 441, 441, 441, 441, 441, 441, 441, 441, 441, 441, 441, 441, 441, 441, 441, 441, 443, 444, 445, 446, 448, 450, 451, 452], 452, 2304)
end round with 18 suffixes


======== round 124 ========
todo suffixes: [[444, 445, 446, 447, 449, 451, 452], [443, 445, 446, 447, 449, 451, 452], [442, 445, 446, 447, 449, 451, 452], [444, 446, 447, 449, 451, 452], [443, 446, 447, 449, 451, 452], [445, 447, 449, 451, 452], [444, 447, 449, 451, 452], [446, 449, 451, 452], [445, 449, 451, 452], [448, 451, 452], [447, 451, 452], [450, 452], [449, 452], [448, 452], [455], [454], [453], [451]]
cur_suffix:  [444, 445, 446, 447, 449, 451, 452]
bz: 439.
iter:  24
bz: 440.
iter:  26
bz: 441.
iter:  26
bz: 442.
fisrt choice: (3.070337806619302e+47, 442, 26)
baseline:  (3.074359572610869e+47, [452, 452, 452, 452, 452, 452, 452, 452, 452, 452, 452, 452, 452, 452, 452, 452, 452, 452, 452], 452, 2304)
best 5 choices:
(3.070212112932435e+47, [441, 441, 441, 441, 441, 441, 441, 441, 441, 441, 441, 441, 441, 441, 441, 441, 441, 441, 441, 441, 441, 441, 441, 441, 443, 444, 445, 447, 448, 450, 451, 452], 452, 2304)
(3.0702128635020084e+47, [441, 441, 441, 441, 441, 441, 441, 441, 441, 441, 441, 441, 441, 441, 441, 441, 441, 441, 441, 441, 441, 441, 441, 441, 441, 442, 444, 446, 447, 448, 449, 451, 452], 452, 2304)
(3.0702194825531605e+47, [441, 441, 441, 441, 441, 441, 441, 441, 441, 441, 441, 441, 441, 441, 441, 441, 441, 441, 441, 441, 441, 441, 441, 441, 441, 441, 445, 446, 447, 448, 449, 451, 452], 452, 2304)
(3.0702222577825803e+47, [441, 441, 441, 441, 441, 441, 441, 441, 441, 441, 441, 441, 441, 441, 441, 441, 441, 441, 441, 441, 441, 441, 441, 441, 441, 443, 444, 446, 447, 448, 449, 451, 452], 452, 2304)
(3.0702234668869e+47, [441, 441, 441, 441, 441, 441, 441, 441, 441, 441, 441, 441, 441, 441, 441, 441, 441, 441, 441, 441, 441, 441, 441, 441, 441, 443, 444, 445, 446, 448, 450, 451, 452], 452, 2304)
end round with 19 suffixes


======== round 125 ========
todo suffixes: [[443, 444, 445, 446, 447, 449, 451, 452], [442, 444, 445, 446, 447, 449, 451, 452], [443, 445, 446, 447, 449, 451, 452], [442, 445, 446, 447, 449, 451, 452], [444, 446, 447, 449, 451, 452], [443, 446, 447, 449, 451, 452], [445, 447, 449, 451, 452], [444, 447, 449, 451, 452], [446, 449, 451, 452], [445, 449, 451, 452], [448, 451, 452], [447, 451, 452], [450, 452], [449, 452], [448, 452], [455], [454], [453], [451]]
cur_suffix:  [443, 444, 445, 446, 447, 449, 451, 452]
bz: 438.
iter:  24
bz: 439.
iter:  24
bz: 440.
iter:  26
bz: 441.
iter:  26
bz: 442.
fisrt choice: (3.0703066099514025e+47, 442, 24)
baseline:  (3.074359572610869e+47, [452, 452, 452, 452, 452, 452, 452, 452, 452, 452, 452, 452, 452, 452, 452, 452, 452, 452, 452], 452, 2304)
best 5 choices:
(3.070212112932435e+47, [441, 441, 441, 441, 441, 441, 441, 441, 441, 441, 441, 441, 441, 441, 441, 441, 441, 441, 441, 441, 441, 441, 441, 441, 443, 444, 445, 447, 448, 450, 451, 452], 452, 2304)
(3.0702128635020084e+47, [441, 441, 441, 441, 441, 441, 441, 441, 441, 441, 441, 441, 441, 441, 441, 441, 441, 441, 441, 441, 441, 441, 441, 441, 441, 442, 444, 446, 447, 448, 449, 451, 452], 452, 2304)
(3.0702194825531605e+47, [441, 441, 441, 441, 441, 441, 441, 441, 441, 441, 441, 441, 441, 441, 441, 441, 441, 441, 441, 441, 441, 441, 441, 441, 441, 441, 445, 446, 447, 448, 449, 451, 452], 452, 2304)
(3.0702222577825803e+47, [441, 441, 441, 441, 441, 441, 441, 441, 441, 441, 441, 441, 441, 441, 441, 441, 441, 441, 441, 441, 441, 441, 441, 441, 441, 443, 444, 446, 447, 448, 449, 451, 452], 452, 2304)
(3.0702234668869e+47, [441, 441, 441, 441, 441, 441, 441, 441, 441, 441, 441, 441, 441, 441, 441, 441, 441, 441, 441, 441, 441, 441, 441, 441, 441, 443, 444, 445, 446, 448, 450, 451, 452], 452, 2304)
end round with 19 suffixes


======== round 126 ========
todo suffixes: [[442, 443, 444, 445, 446, 447, 449, 451, 452], [442, 444, 445, 446, 447, 449, 451, 452], [443, 445, 446, 447, 449, 451, 452], [442, 445, 446, 447, 449, 451, 452], [444, 446, 447, 449, 451, 452], [443, 446, 447, 449, 451, 452], [445, 447, 449, 451, 452], [444, 447, 449, 451, 452], [446, 449, 451, 452], [445, 449, 451, 452], [448, 451, 452], [447, 451, 452], [450, 452], [449, 452], [448, 452], [455], [454], [453], [451]]
cur_suffix:  [442, 443, 444, 445, 446, 447, 449, 451, 452]
bz: 437.
iter:  25
bz: 438.
iter:  24
bz: 439.
iter:  24
bz: 440.
iter:  26
bz: 441.
iter:  26
fisrt choice: (-1, -1, -1)
baseline:  (3.074359572610869e+47, [452, 452, 452, 452, 452, 452, 452, 452, 452, 452, 452, 452, 452, 452, 452, 452, 452, 452, 452], 452, 2304)
the strategy is infeasible, continue


======== round 127 ========
todo suffixes: [[442, 444, 445, 446, 447, 449, 451, 452], [443, 445, 446, 447, 449, 451, 452], [442, 445, 446, 447, 449, 451, 452], [444, 446, 447, 449, 451, 452], [443, 446, 447, 449, 451, 452], [445, 447, 449, 451, 452], [444, 447, 449, 451, 452], [446, 449, 451, 452], [445, 449, 451, 452], [448, 451, 452], [447, 451, 452], [450, 452], [449, 452], [448, 452], [455], [454], [453], [451]]
cur_suffix:  [442, 444, 445, 446, 447, 449, 451, 452]
bz: 437.
iter:  25
bz: 438.
iter:  24
bz: 439.
iter:  24
bz: 440.
iter:  26
bz: 441.
iter:  26
fisrt choice: (-1, -1, -1)
baseline:  (3.074359572610869e+47, [452, 452, 452, 452, 452, 452, 452, 452, 452, 452, 452, 452, 452, 452, 452, 452, 452, 452, 452], 452, 2304)
the strategy is infeasible, continue


======== round 128 ========
todo suffixes: [[443, 445, 446, 447, 449, 451, 452], [442, 445, 446, 447, 449, 451, 452], [444, 446, 447, 449, 451, 452], [443, 446, 447, 449, 451, 452], [445, 447, 449, 451, 452], [444, 447, 449, 451, 452], [446, 449, 451, 452], [445, 449, 451, 452], [448, 451, 452], [447, 451, 452], [450, 452], [449, 452], [448, 452], [455], [454], [453], [451]]
cur_suffix:  [443, 445, 446, 447, 449, 451, 452]
bz: 438.
iter:  24
bz: 439.
iter:  24
bz: 440.
iter:  26
bz: 441.
iter:  26
bz: 442.
fisrt choice: (3.07036682850503e+47, 442, 27)
baseline:  (3.074359572610869e+47, [452, 452, 452, 452, 452, 452, 452, 452, 452, 452, 452, 452, 452, 452, 452, 452, 452, 452, 452], 452, 2304)
best 5 choices:
(3.070212112932435e+47, [441, 441, 441, 441, 441, 441, 441, 441, 441, 441, 441, 441, 441, 441, 441, 441, 441, 441, 441, 441, 441, 441, 441, 441, 443, 444, 445, 447, 448, 450, 451, 452], 452, 2304)
(3.0702128635020084e+47, [441, 441, 441, 441, 441, 441, 441, 441, 441, 441, 441, 441, 441, 441, 441, 441, 441, 441, 441, 441, 441, 441, 441, 441, 441, 442, 444, 446, 447, 448, 449, 451, 452], 452, 2304)
(3.0702194825531605e+47, [441, 441, 441, 441, 441, 441, 441, 441, 441, 441, 441, 441, 441, 441, 441, 441, 441, 441, 441, 441, 441, 441, 441, 441, 441, 441, 445, 446, 447, 448, 449, 451, 452], 452, 2304)
(3.0702222577825803e+47, [441, 441, 441, 441, 441, 441, 441, 441, 441, 441, 441, 441, 441, 441, 441, 441, 441, 441, 441, 441, 441, 441, 441, 441, 441, 443, 444, 446, 447, 448, 449, 451, 452], 452, 2304)
(3.0702234668869e+47, [441, 441, 441, 441, 441, 441, 441, 441, 441, 441, 441, 441, 441, 441, 441, 441, 441, 441, 441, 441, 441, 441, 441, 441, 441, 443, 444, 445, 446, 448, 450, 451, 452], 452, 2304)
end round with 17 suffixes


======== round 129 ========
todo suffixes: [[442, 443, 445, 446, 447, 449, 451, 452], [442, 445, 446, 447, 449, 451, 452], [444, 446, 447, 449, 451, 452], [443, 446, 447, 449, 451, 452], [445, 447, 449, 451, 452], [444, 447, 449, 451, 452], [446, 449, 451, 452], [445, 449, 451, 452], [448, 451, 452], [447, 451, 452], [450, 452], [449, 452], [448, 452], [455], [454], [453], [451]]
cur_suffix:  [442, 443, 445, 446, 447, 449, 451, 452]
bz: 437.
iter:  25
bz: 438.
iter:  24
bz: 439.
iter:  24
bz: 440.
iter:  26
bz: 441.
iter:  26
fisrt choice: (-1, -1, -1)
baseline:  (3.074359572610869e+47, [452, 452, 452, 452, 452, 452, 452, 452, 452, 452, 452, 452, 452, 452, 452, 452, 452, 452, 452], 452, 2304)
the strategy is infeasible, continue


======== round 130 ========
todo suffixes: [[442, 445, 446, 447, 449, 451, 452], [444, 446, 447, 449, 451, 452], [443, 446, 447, 449, 451, 452], [445, 447, 449, 451, 452], [444, 447, 449, 451, 452], [446, 449, 451, 452], [445, 449, 451, 452], [448, 451, 452], [447, 451, 452], [450, 452], [449, 452], [448, 452], [455], [454], [453], [451]]
cur_suffix:  [442, 445, 446, 447, 449, 451, 452]
bz: 437.
iter:  25
bz: 438.
iter:  24
bz: 439.
iter:  24
bz: 440.
iter:  26
bz: 441.
iter:  26
fisrt choice: (-1, -1, -1)
baseline:  (3.074359572610869e+47, [452, 452, 452, 452, 452, 452, 452, 452, 452, 452, 452, 452, 452, 452, 452, 452, 452, 452, 452], 452, 2304)
the strategy is infeasible, continue


======== round 131 ========
todo suffixes: [[444, 446, 447, 449, 451, 452], [443, 446, 447, 449, 451, 452], [445, 447, 449, 451, 452], [444, 447, 449, 451, 452], [446, 449, 451, 452], [445, 449, 451, 452], [448, 451, 452], [447, 451, 452], [450, 452], [449, 452], [448, 452], [455], [454], [453], [451]]
cur_suffix:  [444, 446, 447, 449, 451, 452]
bz: 439.
iter:  24
bz: 440.
iter:  26
bz: 441.
iter:  26
bz: 442.
iter:  29
bz: 443.
fisrt choice: (3.0704562709504245e+47, 443, 25)
baseline:  (3.074359572610869e+47, [452, 452, 452, 452, 452, 452, 452, 452, 452, 452, 452, 452, 452, 452, 452, 452, 452, 452, 452], 452, 2304)
best 5 choices:
(3.070212112932435e+47, [441, 441, 441, 441, 441, 441, 441, 441, 441, 441, 441, 441, 441, 441, 441, 441, 441, 441, 441, 441, 441, 441, 441, 441, 443, 444, 445, 447, 448, 450, 451, 452], 452, 2304)
(3.0702128635020084e+47, [441, 441, 441, 441, 441, 441, 441, 441, 441, 441, 441, 441, 441, 441, 441, 441, 441, 441, 441, 441, 441, 441, 441, 441, 441, 442, 444, 446, 447, 448, 449, 451, 452], 452, 2304)
(3.0702194825531605e+47, [441, 441, 441, 441, 441, 441, 441, 441, 441, 441, 441, 441, 441, 441, 441, 441, 441, 441, 441, 441, 441, 441, 441, 441, 441, 441, 445, 446, 447, 448, 449, 451, 452], 452, 2304)
(3.0702222577825803e+47, [441, 441, 441, 441, 441, 441, 441, 441, 441, 441, 441, 441, 441, 441, 441, 441, 441, 441, 441, 441, 441, 441, 441, 441, 441, 443, 444, 446, 447, 448, 449, 451, 452], 452, 2304)
(3.0702234668869e+47, [441, 441, 441, 441, 441, 441, 441, 441, 441, 441, 441, 441, 441, 441, 441, 441, 441, 441, 441, 441, 441, 441, 441, 441, 441, 443, 444, 445, 446, 448, 450, 451, 452], 452, 2304)
end round with 15 suffixes


======== round 132 ========
todo suffixes: [[443, 444, 446, 447, 449, 451, 452], [443, 446, 447, 449, 451, 452], [445, 447, 449, 451, 452], [444, 447, 449, 451, 452], [446, 449, 451, 452], [445, 449, 451, 452], [448, 451, 452], [447, 451, 452], [450, 452], [449, 452], [448, 452], [455], [454], [453], [451]]
cur_suffix:  [443, 444, 446, 447, 449, 451, 452]
bz: 438.
iter:  24
bz: 439.
iter:  24
bz: 440.
iter:  26
bz: 441.
iter:  26
bz: 442.
fisrt choice: (3.0703931720105845e+47, 442, 28)
baseline:  (3.074359572610869e+47, [452, 452, 452, 452, 452, 452, 452, 452, 452, 452, 452, 452, 452, 452, 452, 452, 452, 452, 452], 452, 2304)
best 5 choices:
(3.070212112932435e+47, [441, 441, 441, 441, 441, 441, 441, 441, 441, 441, 441, 441, 441, 441, 441, 441, 441, 441, 441, 441, 441, 441, 441, 441, 443, 444, 445, 447, 448, 450, 451, 452], 452, 2304)
(3.0702128635020084e+47, [441, 441, 441, 441, 441, 441, 441, 441, 441, 441, 441, 441, 441, 441, 441, 441, 441, 441, 441, 441, 441, 441, 441, 441, 441, 442, 444, 446, 447, 448, 449, 451, 452], 452, 2304)
(3.0702194825531605e+47, [441, 441, 441, 441, 441, 441, 441, 441, 441, 441, 441, 441, 441, 441, 441, 441, 441, 441, 441, 441, 441, 441, 441, 441, 441, 441, 445, 446, 447, 448, 449, 451, 452], 452, 2304)
(3.0702222577825803e+47, [441, 441, 441, 441, 441, 441, 441, 441, 441, 441, 441, 441, 441, 441, 441, 441, 441, 441, 441, 441, 441, 441, 441, 441, 441, 443, 444, 446, 447, 448, 449, 451, 452], 452, 2304)
(3.0702234668869e+47, [441, 441, 441, 441, 441, 441, 441, 441, 441, 441, 441, 441, 441, 441, 441, 441, 441, 441, 441, 441, 441, 441, 441, 441, 441, 443, 444, 445, 446, 448, 450, 451, 452], 452, 2304)
end round with 15 suffixes


======== round 133 ========
todo suffixes: [[442, 443, 444, 446, 447, 449, 451, 452], [443, 446, 447, 449, 451, 452], [445, 447, 449, 451, 452], [444, 447, 449, 451, 452], [446, 449, 451, 452], [445, 449, 451, 452], [448, 451, 452], [447, 451, 452], [450, 452], [449, 452], [448, 452], [455], [454], [453], [451]]
cur_suffix:  [442, 443, 444, 446, 447, 449, 451, 452]
bz: 437.
iter:  25
bz: 438.
iter:  24
bz: 439.
iter:  24
bz: 440.
iter:  26
bz: 441.
iter:  26
fisrt choice: (-1, -1, -1)
baseline:  (3.074359572610869e+47, [452, 452, 452, 452, 452, 452, 452, 452, 452, 452, 452, 452, 452, 452, 452, 452, 452, 452, 452], 452, 2304)
the strategy is infeasible, continue


======== round 134 ========
todo suffixes: [[443, 446, 447, 449, 451, 452], [445, 447, 449, 451, 452], [444, 447, 449, 451, 452], [446, 449, 451, 452], [445, 449, 451, 452], [448, 451, 452], [447, 451, 452], [450, 452], [449, 452], [448, 452], [455], [454], [453], [451]]
cur_suffix:  [443, 446, 447, 449, 451, 452]
bz: 438.
iter:  24
bz: 439.
iter:  24
bz: 440.
iter:  26
bz: 441.
iter:  26
bz: 442.
iter:  29
fisrt choice: (-1, -1, -1)
baseline:  (3.074359572610869e+47, [452, 452, 452, 452, 452, 452, 452, 452, 452, 452, 452, 452, 452, 452, 452, 452, 452, 452, 452], 452, 2304)
the strategy is infeasible, continue


======== round 135 ========
todo suffixes: [[445, 447, 449, 451, 452], [444, 447, 449, 451, 452], [446, 449, 451, 452], [445, 449, 451, 452], [448, 451, 452], [447, 451, 452], [450, 452], [449, 452], [448, 452], [455], [454], [453], [451]]
cur_suffix:  [445, 447, 449, 451, 452]
bz: 440.
iter:  26
bz: 441.
iter:  26
bz: 442.
iter:  29
bz: 443.
fisrt choice: (3.0704771410505675e+47, 443, 27)
baseline:  (3.074359572610869e+47, [452, 452, 452, 452, 452, 452, 452, 452, 452, 452, 452, 452, 452, 452, 452, 452, 452, 452, 452], 452, 2304)
best 5 choices:
(3.070212112932435e+47, [441, 441, 441, 441, 441, 441, 441, 441, 441, 441, 441, 441, 441, 441, 441, 441, 441, 441, 441, 441, 441, 441, 441, 441, 443, 444, 445, 447, 448, 450, 451, 452], 452, 2304)
(3.0702128635020084e+47, [441, 441, 441, 441, 441, 441, 441, 441, 441, 441, 441, 441, 441, 441, 441, 441, 441, 441, 441, 441, 441, 441, 441, 441, 441, 442, 444, 446, 447, 448, 449, 451, 452], 452, 2304)
(3.0702194825531605e+47, [441, 441, 441, 441, 441, 441, 441, 441, 441, 441, 441, 441, 441, 441, 441, 441, 441, 441, 441, 441, 441, 441, 441, 441, 441, 441, 445, 446, 447, 448, 449, 451, 452], 452, 2304)
(3.0702222577825803e+47, [441, 441, 441, 441, 441, 441, 441, 441, 441, 441, 441, 441, 441, 441, 441, 441, 441, 441, 441, 441, 441, 441, 441, 441, 441, 443, 444, 446, 447, 448, 449, 451, 452], 452, 2304)
(3.0702234668869e+47, [441, 441, 441, 441, 441, 441, 441, 441, 441, 441, 441, 441, 441, 441, 441, 441, 441, 441, 441, 441, 441, 441, 441, 441, 441, 443, 444, 445, 446, 448, 450, 451, 452], 452, 2304)
end round with 14 suffixes


======== round 136 ========
todo suffixes: [[444, 445, 447, 449, 451, 452], [443, 445, 447, 449, 451, 452], [444, 447, 449, 451, 452], [446, 449, 451, 452], [445, 449, 451, 452], [448, 451, 452], [447, 451, 452], [450, 452], [449, 452], [448, 452], [455], [454], [453], [451]]
cur_suffix:  [444, 445, 447, 449, 451, 452]
bz: 439.
iter:  24
bz: 440.
iter:  26
bz: 441.
iter:  26
bz: 442.
iter:  29
bz: 443.
fisrt choice: (3.0704887101133107e+47, 443, 26)
baseline:  (3.074359572610869e+47, [452, 452, 452, 452, 452, 452, 452, 452, 452, 452, 452, 452, 452, 452, 452, 452, 452, 452, 452], 452, 2304)
best 5 choices:
(3.070212112932435e+47, [441, 441, 441, 441, 441, 441, 441, 441, 441, 441, 441, 441, 441, 441, 441, 441, 441, 441, 441, 441, 441, 441, 441, 441, 443, 444, 445, 447, 448, 450, 451, 452], 452, 2304)
(3.0702128635020084e+47, [441, 441, 441, 441, 441, 441, 441, 441, 441, 441, 441, 441, 441, 441, 441, 441, 441, 441, 441, 441, 441, 441, 441, 441, 441, 442, 444, 446, 447, 448, 449, 451, 452], 452, 2304)
(3.0702194825531605e+47, [441, 441, 441, 441, 441, 441, 441, 441, 441, 441, 441, 441, 441, 441, 441, 441, 441, 441, 441, 441, 441, 441, 441, 441, 441, 441, 445, 446, 447, 448, 449, 451, 452], 452, 2304)
(3.0702222577825803e+47, [441, 441, 441, 441, 441, 441, 441, 441, 441, 441, 441, 441, 441, 441, 441, 441, 441, 441, 441, 441, 441, 441, 441, 441, 441, 443, 444, 446, 447, 448, 449, 451, 452], 452, 2304)
(3.0702234668869e+47, [441, 441, 441, 441, 441, 441, 441, 441, 441, 441, 441, 441, 441, 441, 441, 441, 441, 441, 441, 441, 441, 441, 441, 441, 441, 443, 444, 445, 446, 448, 450, 451, 452], 452, 2304)
end round with 14 suffixes


======== round 137 ========
todo suffixes: [[443, 444, 445, 447, 449, 451, 452], [443, 445, 447, 449, 451, 452], [444, 447, 449, 451, 452], [446, 449, 451, 452], [445, 449, 451, 452], [448, 451, 452], [447, 451, 452], [450, 452], [449, 452], [448, 452], [455], [454], [453], [451]]
cur_suffix:  [443, 444, 445, 447, 449, 451, 452]
bz: 438.
iter:  24
bz: 439.
iter:  24
bz: 440.
iter:  26
bz: 441.
iter:  26
bz: 442.
fisrt choice: (3.070416216892899e+47, 442, 29)
baseline:  (3.074359572610869e+47, [452, 452, 452, 452, 452, 452, 452, 452, 452, 452, 452, 452, 452, 452, 452, 452, 452, 452, 452], 452, 2304)
best 5 choices:
(3.070212112932435e+47, [441, 441, 441, 441, 441, 441, 441, 441, 441, 441, 441, 441, 441, 441, 441, 441, 441, 441, 441, 441, 441, 441, 441, 441, 443, 444, 445, 447, 448, 450, 451, 452], 452, 2304)
(3.0702128635020084e+47, [441, 441, 441, 441, 441, 441, 441, 441, 441, 441, 441, 441, 441, 441, 441, 441, 441, 441, 441, 441, 441, 441, 441, 441, 441, 442, 444, 446, 447, 448, 449, 451, 452], 452, 2304)
(3.0702194825531605e+47, [441, 441, 441, 441, 441, 441, 441, 441, 441, 441, 441, 441, 441, 441, 441, 441, 441, 441, 441, 441, 441, 441, 441, 441, 441, 441, 445, 446, 447, 448, 449, 451, 452], 452, 2304)
(3.0702222577825803e+47, [441, 441, 441, 441, 441, 441, 441, 441, 441, 441, 441, 441, 441, 441, 441, 441, 441, 441, 441, 441, 441, 441, 441, 441, 441, 443, 444, 446, 447, 448, 449, 451, 452], 452, 2304)
(3.0702234668869e+47, [441, 441, 441, 441, 441, 441, 441, 441, 441, 441, 441, 441, 441, 441, 441, 441, 441, 441, 441, 441, 441, 441, 441, 441, 441, 443, 444, 445, 446, 448, 450, 451, 452], 452, 2304)
end round with 14 suffixes


======== round 138 ========
todo suffixes: [[442, 443, 444, 445, 447, 449, 451, 452], [443, 445, 447, 449, 451, 452], [444, 447, 449, 451, 452], [446, 449, 451, 452], [445, 449, 451, 452], [448, 451, 452], [447, 451, 452], [450, 452], [449, 452], [448, 452], [455], [454], [453], [451]]
cur_suffix:  [442, 443, 444, 445, 447, 449, 451, 452]
bz: 437.
iter:  25
bz: 438.
iter:  24
bz: 439.
iter:  24
bz: 440.
iter:  26
bz: 441.
iter:  26
fisrt choice: (-1, -1, -1)
baseline:  (3.074359572610869e+47, [452, 452, 452, 452, 452, 452, 452, 452, 452, 452, 452, 452, 452, 452, 452, 452, 452, 452, 452], 452, 2304)
the strategy is infeasible, continue


======== round 139 ========
todo suffixes: [[443, 445, 447, 449, 451, 452], [444, 447, 449, 451, 452], [446, 449, 451, 452], [445, 449, 451, 452], [448, 451, 452], [447, 451, 452], [450, 452], [449, 452], [448, 452], [455], [454], [453], [451]]
cur_suffix:  [443, 445, 447, 449, 451, 452]
bz: 438.
iter:  24
bz: 439.
iter:  24
bz: 440.
iter:  26
bz: 441.
iter:  26
bz: 442.
iter:  29
fisrt choice: (-1, -1, -1)
baseline:  (3.074359572610869e+47, [452, 452, 452, 452, 452, 452, 452, 452, 452, 452, 452, 452, 452, 452, 452, 452, 452, 452, 452], 452, 2304)
the strategy is infeasible, continue


======== round 140 ========
todo suffixes: [[444, 447, 449, 451, 452], [446, 449, 451, 452], [445, 449, 451, 452], [448, 451, 452], [447, 451, 452], [450, 452], [449, 452], [448, 452], [455], [454], [453], [451]]
cur_suffix:  [444, 447, 449, 451, 452]
bz: 439.
iter:  24
bz: 440.
iter:  26
bz: 441.
iter:  26
bz: 442.
iter:  29
bz: 443.
iter:  27
fisrt choice: (-1, -1, -1)
baseline:  (3.074359572610869e+47, [452, 452, 452, 452, 452, 452, 452, 452, 452, 452, 452, 452, 452, 452, 452, 452, 452, 452, 452], 452, 2304)
the strategy is infeasible, continue


======== round 141 ========
todo suffixes: [[446, 449, 451, 452], [445, 449, 451, 452], [448, 451, 452], [447, 451, 452], [450, 452], [449, 452], [448, 452], [455], [454], [453], [451]]
cur_suffix:  [446, 449, 451, 452]
bz: 441.
iter:  26
bz: 442.
iter:  29
bz: 443.
iter:  27
bz: 444.
fisrt choice: (3.0706305411159023e+47, 444, 26)
baseline:  (3.074359572610869e+47, [452, 452, 452, 452, 452, 452, 452, 452, 452, 452, 452, 452, 452, 452, 452, 452, 452, 452, 452], 452, 2304)
best 5 choices:
(3.070212112932435e+47, [441, 441, 441, 441, 441, 441, 441, 441, 441, 441, 441, 441, 441, 441, 441, 441, 441, 441, 441, 441, 441, 441, 441, 441, 443, 444, 445, 447, 448, 450, 451, 452], 452, 2304)
(3.0702128635020084e+47, [441, 441, 441, 441, 441, 441, 441, 441, 441, 441, 441, 441, 441, 441, 441, 441, 441, 441, 441, 441, 441, 441, 441, 441, 441, 442, 444, 446, 447, 448, 449, 451, 452], 452, 2304)
(3.0702194825531605e+47, [441, 441, 441, 441, 441, 441, 441, 441, 441, 441, 441, 441, 441, 441, 441, 441, 441, 441, 441, 441, 441, 441, 441, 441, 441, 441, 445, 446, 447, 448, 449, 451, 452], 452, 2304)
(3.0702222577825803e+47, [441, 441, 441, 441, 441, 441, 441, 441, 441, 441, 441, 441, 441, 441, 441, 441, 441, 441, 441, 441, 441, 441, 441, 441, 441, 443, 444, 446, 447, 448, 449, 451, 452], 452, 2304)
(3.0702234668869e+47, [441, 441, 441, 441, 441, 441, 441, 441, 441, 441, 441, 441, 441, 441, 441, 441, 441, 441, 441, 441, 441, 441, 441, 441, 441, 443, 444, 445, 446, 448, 450, 451, 452], 452, 2304)
end round with 12 suffixes


======== round 142 ========
todo suffixes: [[445, 446, 449, 451, 452], [444, 446, 449, 451, 452], [445, 449, 451, 452], [448, 451, 452], [447, 451, 452], [450, 452], [449, 452], [448, 452], [455], [454], [453], [451]]
cur_suffix:  [445, 446, 449, 451, 452]
bz: 440.
iter:  26
bz: 441.
iter:  26
bz: 442.
iter:  29
bz: 443.
iter:  27
bz: 444.
fisrt choice: (3.0705832342670327e+47, 444, 24)
baseline:  (3.074359572610869e+47, [452, 452, 452, 452, 452, 452, 452, 452, 452, 452, 452, 452, 452, 452, 452, 452, 452, 452, 452], 452, 2304)
best 5 choices:
(3.070212112932435e+47, [441, 441, 441, 441, 441, 441, 441, 441, 441, 441, 441, 441, 441, 441, 441, 441, 441, 441, 441, 441, 441, 441, 441, 441, 443, 444, 445, 447, 448, 450, 451, 452], 452, 2304)
(3.0702128635020084e+47, [441, 441, 441, 441, 441, 441, 441, 441, 441, 441, 441, 441, 441, 441, 441, 441, 441, 441, 441, 441, 441, 441, 441, 441, 441, 442, 444, 446, 447, 448, 449, 451, 452], 452, 2304)
(3.0702194825531605e+47, [441, 441, 441, 441, 441, 441, 441, 441, 441, 441, 441, 441, 441, 441, 441, 441, 441, 441, 441, 441, 441, 441, 441, 441, 441, 441, 445, 446, 447, 448, 449, 451, 452], 452, 2304)
(3.0702222577825803e+47, [441, 441, 441, 441, 441, 441, 441, 441, 441, 441, 441, 441, 441, 441, 441, 441, 441, 441, 441, 441, 441, 441, 441, 441, 441, 443, 444, 446, 447, 448, 449, 451, 452], 452, 2304)
(3.0702234668869e+47, [441, 441, 441, 441, 441, 441, 441, 441, 441, 441, 441, 441, 441, 441, 441, 441, 441, 441, 441, 441, 441, 441, 441, 441, 441, 443, 444, 445, 446, 448, 450, 451, 452], 452, 2304)
end round with 12 suffixes


======== round 143 ========
todo suffixes: [[444, 445, 446, 449, 451, 452], [444, 446, 449, 451, 452], [445, 449, 451, 452], [448, 451, 452], [447, 451, 452], [450, 452], [449, 452], [448, 452], [455], [454], [453], [451]]
cur_suffix:  [444, 445, 446, 449, 451, 452]
bz: 439.
iter:  24
bz: 440.
iter:  26
bz: 441.
iter:  26
bz: 442.
iter:  29
bz: 443.
fisrt choice: (3.070517086740112e+47, 443, 27)
baseline:  (3.074359572610869e+47, [452, 452, 452, 452, 452, 452, 452, 452, 452, 452, 452, 452, 452, 452, 452, 452, 452, 452, 452], 452, 2304)
best 5 choices:
(3.070212112932435e+47, [441, 441, 441, 441, 441, 441, 441, 441, 441, 441, 441, 441, 441, 441, 441, 441, 441, 441, 441, 441, 441, 441, 441, 441, 443, 444, 445, 447, 448, 450, 451, 452], 452, 2304)
(3.0702128635020084e+47, [441, 441, 441, 441, 441, 441, 441, 441, 441, 441, 441, 441, 441, 441, 441, 441, 441, 441, 441, 441, 441, 441, 441, 441, 441, 442, 444, 446, 447, 448, 449, 451, 452], 452, 2304)
(3.0702194825531605e+47, [441, 441, 441, 441, 441, 441, 441, 441, 441, 441, 441, 441, 441, 441, 441, 441, 441, 441, 441, 441, 441, 441, 441, 441, 441, 441, 445, 446, 447, 448, 449, 451, 452], 452, 2304)
(3.0702222577825803e+47, [441, 441, 441, 441, 441, 441, 441, 441, 441, 441, 441, 441, 441, 441, 441, 441, 441, 441, 441, 441, 441, 441, 441, 441, 441, 443, 444, 446, 447, 448, 449, 451, 452], 452, 2304)
(3.0702234668869e+47, [441, 441, 441, 441, 441, 441, 441, 441, 441, 441, 441, 441, 441, 441, 441, 441, 441, 441, 441, 441, 441, 441, 441, 441, 441, 443, 444, 445, 446, 448, 450, 451, 452], 452, 2304)
end round with 12 suffixes


======== round 144 ========
todo suffixes: [[443, 444, 445, 446, 449, 451, 452], [444, 446, 449, 451, 452], [445, 449, 451, 452], [448, 451, 452], [447, 451, 452], [450, 452], [449, 452], [448, 452], [455], [454], [453], [451]]
cur_suffix:  [443, 444, 445, 446, 449, 451, 452]
bz: 438.
iter:  24
bz: 439.
iter:  24
bz: 440.
iter:  26
bz: 441.
iter:  26
bz: 442.
iter:  29
fisrt choice: (-1, -1, -1)
baseline:  (3.074359572610869e+47, [452, 452, 452, 452, 452, 452, 452, 452, 452, 452, 452, 452, 452, 452, 452, 452, 452, 452, 452], 452, 2304)
the strategy is infeasible, continue


======== round 145 ========
todo suffixes: [[444, 446, 449, 451, 452], [445, 449, 451, 452], [448, 451, 452], [447, 451, 452], [450, 452], [449, 452], [448, 452], [455], [454], [453], [451]]
cur_suffix:  [444, 446, 449, 451, 452]
bz: 439.
iter:  24
bz: 440.
iter:  26
bz: 441.
iter:  26
bz: 442.
iter:  29
bz: 443.
iter:  27
fisrt choice: (-1, -1, -1)
baseline:  (3.074359572610869e+47, [452, 452, 452, 452, 452, 452, 452, 452, 452, 452, 452, 452, 452, 452, 452, 452, 452, 452, 452], 452, 2304)
the strategy is infeasible, continue


======== round 146 ========
todo suffixes: [[445, 449, 451, 452], [448, 451, 452], [447, 451, 452], [450, 452], [449, 452], [448, 452], [455], [454], [453], [451]]
cur_suffix:  [445, 449, 451, 452]
bz: 440.
iter:  26
bz: 441.
iter:  26
bz: 442.
iter:  29
bz: 443.
iter:  27
bz: 444.
fisrt choice: (3.0706129950497453e+47, 444, 26)
baseline:  (3.074359572610869e+47, [452, 452, 452, 452, 452, 452, 452, 452, 452, 452, 452, 452, 452, 452, 452, 452, 452, 452, 452], 452, 2304)
best 5 choices:
(3.070212112932435e+47, [441, 441, 441, 441, 441, 441, 441, 441, 441, 441, 441, 441, 441, 441, 441, 441, 441, 441, 441, 441, 441, 441, 441, 441, 443, 444, 445, 447, 448, 450, 451, 452], 452, 2304)
(3.0702128635020084e+47, [441, 441, 441, 441, 441, 441, 441, 441, 441, 441, 441, 441, 441, 441, 441, 441, 441, 441, 441, 441, 441, 441, 441, 441, 441, 442, 444, 446, 447, 448, 449, 451, 452], 452, 2304)
(3.0702194825531605e+47, [441, 441, 441, 441, 441, 441, 441, 441, 441, 441, 441, 441, 441, 441, 441, 441, 441, 441, 441, 441, 441, 441, 441, 441, 441, 441, 445, 446, 447, 448, 449, 451, 452], 452, 2304)
(3.0702222577825803e+47, [441, 441, 441, 441, 441, 441, 441, 441, 441, 441, 441, 441, 441, 441, 441, 441, 441, 441, 441, 441, 441, 441, 441, 441, 441, 443, 444, 446, 447, 448, 449, 451, 452], 452, 2304)
(3.0702234668869e+47, [441, 441, 441, 441, 441, 441, 441, 441, 441, 441, 441, 441, 441, 441, 441, 441, 441, 441, 441, 441, 441, 441, 441, 441, 441, 443, 444, 445, 446, 448, 450, 451, 452], 452, 2304)
end round with 10 suffixes


======== round 147 ========
todo suffixes: [[444, 445, 449, 451, 452], [448, 451, 452], [447, 451, 452], [450, 452], [449, 452], [448, 452], [455], [454], [453], [451]]
cur_suffix:  [444, 445, 449, 451, 452]
bz: 439.
iter:  24
bz: 440.
iter:  26
bz: 441.
iter:  26
bz: 442.
iter:  29
bz: 443.
iter:  27
fisrt choice: (-1, -1, -1)
baseline:  (3.074359572610869e+47, [452, 452, 452, 452, 452, 452, 452, 452, 452, 452, 452, 452, 452, 452, 452, 452, 452, 452, 452], 452, 2304)
the strategy is infeasible, continue


======== round 148 ========
todo suffixes: [[448, 451, 452], [447, 451, 452], [450, 452], [449, 452], [448, 452], [455], [454], [453], [451]]
cur_suffix:  [448, 451, 452]
bz: 443.
iter:  27
bz: 444.
iter:  26
bz: 445.
iter:  24
bz: 446.
fisrt choice: (3.071051006904449e+47, 446, 23)
baseline:  (3.074359572610869e+47, [452, 452, 452, 452, 452, 452, 452, 452, 452, 452, 452, 452, 452, 452, 452, 452, 452, 452, 452], 452, 2304)
best 5 choices:
(3.070212112932435e+47, [441, 441, 441, 441, 441, 441, 441, 441, 441, 441, 441, 441, 441, 441, 441, 441, 441, 441, 441, 441, 441, 441, 441, 441, 443, 444, 445, 447, 448, 450, 451, 452], 452, 2304)
(3.0702128635020084e+47, [441, 441, 441, 441, 441, 441, 441, 441, 441, 441, 441, 441, 441, 441, 441, 441, 441, 441, 441, 441, 441, 441, 441, 441, 441, 442, 444, 446, 447, 448, 449, 451, 452], 452, 2304)
(3.0702194825531605e+47, [441, 441, 441, 441, 441, 441, 441, 441, 441, 441, 441, 441, 441, 441, 441, 441, 441, 441, 441, 441, 441, 441, 441, 441, 441, 441, 445, 446, 447, 448, 449, 451, 452], 452, 2304)
(3.0702222577825803e+47, [441, 441, 441, 441, 441, 441, 441, 441, 441, 441, 441, 441, 441, 441, 441, 441, 441, 441, 441, 441, 441, 441, 441, 441, 441, 443, 444, 446, 447, 448, 449, 451, 452], 452, 2304)
(3.0702234668869e+47, [441, 441, 441, 441, 441, 441, 441, 441, 441, 441, 441, 441, 441, 441, 441, 441, 441, 441, 441, 441, 441, 441, 441, 441, 441, 443, 444, 445, 446, 448, 450, 451, 452], 452, 2304)
end round with 10 suffixes


======== round 149 ========
todo suffixes: [[447, 448, 451, 452], [446, 448, 451, 452], [447, 451, 452], [450, 452], [449, 452], [448, 452], [455], [454], [453], [451]]
cur_suffix:  [447, 448, 451, 452]
bz: 442.
iter:  29
bz: 443.
iter:  27
bz: 444.
fisrt choice: (3.0706193754742116e+47, 444, 26)
baseline:  (3.074359572610869e+47, [452, 452, 452, 452, 452, 452, 452, 452, 452, 452, 452, 452, 452, 452, 452, 452, 452, 452, 452], 452, 2304)
best 5 choices:
(3.070212112932435e+47, [441, 441, 441, 441, 441, 441, 441, 441, 441, 441, 441, 441, 441, 441, 441, 441, 441, 441, 441, 441, 441, 441, 441, 441, 443, 444, 445, 447, 448, 450, 451, 452], 452, 2304)
(3.0702128635020084e+47, [441, 441, 441, 441, 441, 441, 441, 441, 441, 441, 441, 441, 441, 441, 441, 441, 441, 441, 441, 441, 441, 441, 441, 441, 441, 442, 444, 446, 447, 448, 449, 451, 452], 452, 2304)
(3.0702194825531605e+47, [441, 441, 441, 441, 441, 441, 441, 441, 441, 441, 441, 441, 441, 441, 441, 441, 441, 441, 441, 441, 441, 441, 441, 441, 441, 441, 445, 446, 447, 448, 449, 451, 452], 452, 2304)
(3.0702222577825803e+47, [441, 441, 441, 441, 441, 441, 441, 441, 441, 441, 441, 441, 441, 441, 441, 441, 441, 441, 441, 441, 441, 441, 441, 441, 441, 443, 444, 446, 447, 448, 449, 451, 452], 452, 2304)
(3.0702234668869e+47, [441, 441, 441, 441, 441, 441, 441, 441, 441, 441, 441, 441, 441, 441, 441, 441, 441, 441, 441, 441, 441, 441, 441, 441, 441, 443, 444, 445, 446, 448, 450, 451, 452], 452, 2304)
end round with 12 suffixes


======== round 150 ========
todo suffixes: [[446, 447, 448, 451, 452], [445, 447, 448, 451, 452], [444, 447, 448, 451, 452], [446, 448, 451, 452], [447, 451, 452], [450, 452], [449, 452], [448, 452], [455], [454], [453], [451]]
cur_suffix:  [446, 447, 448, 451, 452]
bz: 441.
iter:  26
bz: 442.
iter:  29
bz: 443.
iter:  27
bz: 444.
fisrt choice: (3.070589614691499e+47, 444, 24)
baseline:  (3.074359572610869e+47, [452, 452, 452, 452, 452, 452, 452, 452, 452, 452, 452, 452, 452, 452, 452, 452, 452, 452, 452], 452, 2304)
best 5 choices:
(3.070212112932435e+47, [441, 441, 441, 441, 441, 441, 441, 441, 441, 441, 441, 441, 441, 441, 441, 441, 441, 441, 441, 441, 441, 441, 441, 441, 443, 444, 445, 447, 448, 450, 451, 452], 452, 2304)
(3.0702128635020084e+47, [441, 441, 441, 441, 441, 441, 441, 441, 441, 441, 441, 441, 441, 441, 441, 441, 441, 441, 441, 441, 441, 441, 441, 441, 441, 442, 444, 446, 447, 448, 449, 451, 452], 452, 2304)
(3.0702194825531605e+47, [441, 441, 441, 441, 441, 441, 441, 441, 441, 441, 441, 441, 441, 441, 441, 441, 441, 441, 441, 441, 441, 441, 441, 441, 441, 441, 445, 446, 447, 448, 449, 451, 452], 452, 2304)
(3.0702222577825803e+47, [441, 441, 441, 441, 441, 441, 441, 441, 441, 441, 441, 441, 441, 441, 441, 441, 441, 441, 441, 441, 441, 441, 441, 441, 441, 443, 444, 446, 447, 448, 449, 451, 452], 452, 2304)
(3.0702234668869e+47, [441, 441, 441, 441, 441, 441, 441, 441, 441, 441, 441, 441, 441, 441, 441, 441, 441, 441, 441, 441, 441, 441, 441, 441, 441, 443, 444, 445, 446, 448, 450, 451, 452], 452, 2304)
end round with 13 suffixes


======== round 151 ========
todo suffixes: [[445, 446, 447, 448, 451, 452], [444, 446, 447, 448, 451, 452], [445, 447, 448, 451, 452], [444, 447, 448, 451, 452], [446, 448, 451, 452], [447, 451, 452], [450, 452], [449, 452], [448, 452], [455], [454], [453], [451]]
cur_suffix:  [445, 446, 447, 448, 451, 452]
bz: 440.
iter:  26
bz: 441.
iter:  26
bz: 442.
iter:  29
bz: 443.
fisrt choice: (3.0704377441494087e+47, 443, 25)
baseline:  (3.074359572610869e+47, [452, 452, 452, 452, 452, 452, 452, 452, 452, 452, 452, 452, 452, 452, 452, 452, 452, 452, 452], 452, 2304)
best 5 choices:
(3.070212112932435e+47, [441, 441, 441, 441, 441, 441, 441, 441, 441, 441, 441, 441, 441, 441, 441, 441, 441, 441, 441, 441, 441, 441, 441, 441, 443, 444, 445, 447, 448, 450, 451, 452], 452, 2304)
(3.0702128635020084e+47, [441, 441, 441, 441, 441, 441, 441, 441, 441, 441, 441, 441, 441, 441, 441, 441, 441, 441, 441, 441, 441, 441, 441, 441, 441, 442, 444, 446, 447, 448, 449, 451, 452], 452, 2304)
(3.0702194825531605e+47, [441, 441, 441, 441, 441, 441, 441, 441, 441, 441, 441, 441, 441, 441, 441, 441, 441, 441, 441, 441, 441, 441, 441, 441, 441, 441, 445, 446, 447, 448, 449, 451, 452], 452, 2304)
(3.0702222577825803e+47, [441, 441, 441, 441, 441, 441, 441, 441, 441, 441, 441, 441, 441, 441, 441, 441, 441, 441, 441, 441, 441, 441, 441, 441, 441, 443, 444, 446, 447, 448, 449, 451, 452], 452, 2304)
(3.0702234668869e+47, [441, 441, 441, 441, 441, 441, 441, 441, 441, 441, 441, 441, 441, 441, 441, 441, 441, 441, 441, 441, 441, 441, 441, 441, 441, 443, 444, 445, 446, 448, 450, 451, 452], 452, 2304)
end round with 14 suffixes


======== round 152 ========
todo suffixes: [[444, 445, 446, 447, 448, 451, 452], [443, 445, 446, 447, 448, 451, 452], [444, 446, 447, 448, 451, 452], [445, 447, 448, 451, 452], [444, 447, 448, 451, 452], [446, 448, 451, 452], [447, 451, 452], [450, 452], [449, 452], [448, 452], [455], [454], [453], [451]]
cur_suffix:  [444, 445, 446, 447, 448, 451, 452]
bz: 439.
iter:  24
bz: 440.
iter:  26
bz: 441.
iter:  26
bz: 442.
fisrt choice: (3.0703456233238406e+47, 442, 27)
baseline:  (3.074359572610869e+47, [452, 452, 452, 452, 452, 452, 452, 452, 452, 452, 452, 452, 452, 452, 452, 452, 452, 452, 452], 452, 2304)
best 5 choices:
(3.070212112932435e+47, [441, 441, 441, 441, 441, 441, 441, 441, 441, 441, 441, 441, 441, 441, 441, 441, 441, 441, 441, 441, 441, 441, 441, 441, 443, 444, 445, 447, 448, 450, 451, 452], 452, 2304)
(3.0702128635020084e+47, [441, 441, 441, 441, 441, 441, 441, 441, 441, 441, 441, 441, 441, 441, 441, 441, 441, 441, 441, 441, 441, 441, 441, 441, 441, 442, 444, 446, 447, 448, 449, 451, 452], 452, 2304)
(3.0702194825531605e+47, [441, 441, 441, 441, 441, 441, 441, 441, 441, 441, 441, 441, 441, 441, 441, 441, 441, 441, 441, 441, 441, 441, 441, 441, 441, 441, 445, 446, 447, 448, 449, 451, 452], 452, 2304)
(3.0702222577825803e+47, [441, 441, 441, 441, 441, 441, 441, 441, 441, 441, 441, 441, 441, 441, 441, 441, 441, 441, 441, 441, 441, 441, 441, 441, 441, 443, 444, 446, 447, 448, 449, 451, 452], 452, 2304)
(3.0702234668869e+47, [441, 441, 441, 441, 441, 441, 441, 441, 441, 441, 441, 441, 441, 441, 441, 441, 441, 441, 441, 441, 441, 441, 441, 441, 441, 443, 444, 445, 446, 448, 450, 451, 452], 452, 2304)
end round with 15 suffixes


======== round 153 ========
todo suffixes: [[443, 444, 445, 446, 447, 448, 451, 452], [442, 444, 445, 446, 447, 448, 451, 452], [443, 445, 446, 447, 448, 451, 452], [444, 446, 447, 448, 451, 452], [445, 447, 448, 451, 452], [444, 447, 448, 451, 452], [446, 448, 451, 452], [447, 451, 452], [450, 452], [449, 452], [448, 452], [455], [454], [453], [451]]
cur_suffix:  [443, 444, 445, 446, 447, 448, 451, 452]
bz: 438.
iter:  24
bz: 439.
iter:  24
bz: 440.
iter:  26
bz: 441.
iter:  26
bz: 442.
fisrt choice: (3.0703550176044125e+47, 442, 26)
baseline:  (3.074359572610869e+47, [452, 452, 452, 452, 452, 452, 452, 452, 452, 452, 452, 452, 452, 452, 452, 452, 452, 452, 452], 452, 2304)
best 5 choices:
(3.070212112932435e+47, [441, 441, 441, 441, 441, 441, 441, 441, 441, 441, 441, 441, 441, 441, 441, 441, 441, 441, 441, 441, 441, 441, 441, 441, 443, 444, 445, 447, 448, 450, 451, 452], 452, 2304)
(3.0702128635020084e+47, [441, 441, 441, 441, 441, 441, 441, 441, 441, 441, 441, 441, 441, 441, 441, 441, 441, 441, 441, 441, 441, 441, 441, 441, 441, 442, 444, 446, 447, 448, 449, 451, 452], 452, 2304)
(3.0702194825531605e+47, [441, 441, 441, 441, 441, 441, 441, 441, 441, 441, 441, 441, 441, 441, 441, 441, 441, 441, 441, 441, 441, 441, 441, 441, 441, 441, 445, 446, 447, 448, 449, 451, 452], 452, 2304)
(3.0702222577825803e+47, [441, 441, 441, 441, 441, 441, 441, 441, 441, 441, 441, 441, 441, 441, 441, 441, 441, 441, 441, 441, 441, 441, 441, 441, 441, 443, 444, 446, 447, 448, 449, 451, 452], 452, 2304)
(3.0702234668869e+47, [441, 441, 441, 441, 441, 441, 441, 441, 441, 441, 441, 441, 441, 441, 441, 441, 441, 441, 441, 441, 441, 441, 441, 441, 441, 443, 444, 445, 446, 448, 450, 451, 452], 452, 2304)
end round with 15 suffixes


======== round 154 ========
todo suffixes: [[442, 443, 444, 445, 446, 447, 448, 451, 452], [442, 444, 445, 446, 447, 448, 451, 452], [443, 445, 446, 447, 448, 451, 452], [444, 446, 447, 448, 451, 452], [445, 447, 448, 451, 452], [444, 447, 448, 451, 452], [446, 448, 451, 452], [447, 451, 452], [450, 452], [449, 452], [448, 452], [455], [454], [453], [451]]
cur_suffix:  [442, 443, 444, 445, 446, 447, 448, 451, 452]
bz: 437.
iter:  25
bz: 438.
iter:  24
bz: 439.
iter:  24
bz: 440.
iter:  26
bz: 441.
iter:  26
fisrt choice: (-1, -1, -1)
baseline:  (3.074359572610869e+47, [452, 452, 452, 452, 452, 452, 452, 452, 452, 452, 452, 452, 452, 452, 452, 452, 452, 452, 452], 452, 2304)
the strategy is infeasible, continue


======== round 155 ========
todo suffixes: [[442, 444, 445, 446, 447, 448, 451, 452], [443, 445, 446, 447, 448, 451, 452], [444, 446, 447, 448, 451, 452], [445, 447, 448, 451, 452], [444, 447, 448, 451, 452], [446, 448, 451, 452], [447, 451, 452], [450, 452], [449, 452], [448, 452], [455], [454], [453], [451]]
cur_suffix:  [442, 444, 445, 446, 447, 448, 451, 452]
bz: 437.
iter:  25
bz: 438.
iter:  24
bz: 439.
iter:  24
bz: 440.
iter:  26
bz: 441.
iter:  26
fisrt choice: (-1, -1, -1)
baseline:  (3.074359572610869e+47, [452, 452, 452, 452, 452, 452, 452, 452, 452, 452, 452, 452, 452, 452, 452, 452, 452, 452, 452], 452, 2304)
the strategy is infeasible, continue


======== round 156 ========
todo suffixes: [[443, 445, 446, 447, 448, 451, 452], [444, 446, 447, 448, 451, 452], [445, 447, 448, 451, 452], [444, 447, 448, 451, 452], [446, 448, 451, 452], [447, 451, 452], [450, 452], [449, 452], [448, 452], [455], [454], [453], [451]]
cur_suffix:  [443, 445, 446, 447, 448, 451, 452]
bz: 438.
iter:  24
bz: 439.
iter:  24
bz: 440.
iter:  26
bz: 441.
iter:  26
bz: 442.
fisrt choice: (3.0703746452095687e+47, 442, 28)
baseline:  (3.074359572610869e+47, [452, 452, 452, 452, 452, 452, 452, 452, 452, 452, 452, 452, 452, 452, 452, 452, 452, 452, 452], 452, 2304)
best 5 choices:
(3.070212112932435e+47, [441, 441, 441, 441, 441, 441, 441, 441, 441, 441, 441, 441, 441, 441, 441, 441, 441, 441, 441, 441, 441, 441, 441, 441, 443, 444, 445, 447, 448, 450, 451, 452], 452, 2304)
(3.0702128635020084e+47, [441, 441, 441, 441, 441, 441, 441, 441, 441, 441, 441, 441, 441, 441, 441, 441, 441, 441, 441, 441, 441, 441, 441, 441, 441, 442, 444, 446, 447, 448, 449, 451, 452], 452, 2304)
(3.0702194825531605e+47, [441, 441, 441, 441, 441, 441, 441, 441, 441, 441, 441, 441, 441, 441, 441, 441, 441, 441, 441, 441, 441, 441, 441, 441, 441, 441, 445, 446, 447, 448, 449, 451, 452], 452, 2304)
(3.0702222577825803e+47, [441, 441, 441, 441, 441, 441, 441, 441, 441, 441, 441, 441, 441, 441, 441, 441, 441, 441, 441, 441, 441, 441, 441, 441, 441, 443, 444, 446, 447, 448, 449, 451, 452], 452, 2304)
(3.0702234668869e+47, [441, 441, 441, 441, 441, 441, 441, 441, 441, 441, 441, 441, 441, 441, 441, 441, 441, 441, 441, 441, 441, 441, 441, 441, 441, 443, 444, 445, 446, 448, 450, 451, 452], 452, 2304)
end round with 13 suffixes


======== round 157 ========
todo suffixes: [[442, 443, 445, 446, 447, 448, 451, 452], [444, 446, 447, 448, 451, 452], [445, 447, 448, 451, 452], [444, 447, 448, 451, 452], [446, 448, 451, 452], [447, 451, 452], [450, 452], [449, 452], [448, 452], [455], [454], [453], [451]]
cur_suffix:  [442, 443, 445, 446, 447, 448, 451, 452]
bz: 437.
iter:  25
bz: 438.
iter:  24
bz: 439.
iter:  24
bz: 440.
iter:  26
bz: 441.
iter:  26
fisrt choice: (-1, -1, -1)
baseline:  (3.074359572610869e+47, [452, 452, 452, 452, 452, 452, 452, 452, 452, 452, 452, 452, 452, 452, 452, 452, 452, 452, 452], 452, 2304)
the strategy is infeasible, continue


======== round 158 ========
todo suffixes: [[444, 446, 447, 448, 451, 452], [445, 447, 448, 451, 452], [444, 447, 448, 451, 452], [446, 448, 451, 452], [447, 451, 452], [450, 452], [449, 452], [448, 452], [455], [454], [453], [451]]
cur_suffix:  [444, 446, 447, 448, 451, 452]
bz: 439.
iter:  24
bz: 440.
iter:  26
bz: 441.
iter:  26
bz: 442.
iter:  29
bz: 443.
fisrt choice: (3.070473481935535e+47, 443, 26)
baseline:  (3.074359572610869e+47, [452, 452, 452, 452, 452, 452, 452, 452, 452, 452, 452, 452, 452, 452, 452, 452, 452, 452, 452], 452, 2304)
best 5 choices:
(3.070212112932435e+47, [441, 441, 441, 441, 441, 441, 441, 441, 441, 441, 441, 441, 441, 441, 441, 441, 441, 441, 441, 441, 441, 441, 441, 441, 443, 444, 445, 447, 448, 450, 451, 452], 452, 2304)
(3.0702128635020084e+47, [441, 441, 441, 441, 441, 441, 441, 441, 441, 441, 441, 441, 441, 441, 441, 441, 441, 441, 441, 441, 441, 441, 441, 441, 441, 442, 444, 446, 447, 448, 449, 451, 452], 452, 2304)
(3.0702194825531605e+47, [441, 441, 441, 441, 441, 441, 441, 441, 441, 441, 441, 441, 441, 441, 441, 441, 441, 441, 441, 441, 441, 441, 441, 441, 441, 441, 445, 446, 447, 448, 449, 451, 452], 452, 2304)
(3.0702222577825803e+47, [441, 441, 441, 441, 441, 441, 441, 441, 441, 441, 441, 441, 441, 441, 441, 441, 441, 441, 441, 441, 441, 441, 441, 441, 441, 443, 444, 446, 447, 448, 449, 451, 452], 452, 2304)
(3.0702234668869e+47, [441, 441, 441, 441, 441, 441, 441, 441, 441, 441, 441, 441, 441, 441, 441, 441, 441, 441, 441, 441, 441, 441, 441, 441, 441, 443, 444, 445, 446, 448, 450, 451, 452], 452, 2304)
end round with 12 suffixes


======== round 159 ========
todo suffixes: [[443, 444, 446, 447, 448, 451, 452], [445, 447, 448, 451, 452], [444, 447, 448, 451, 452], [446, 448, 451, 452], [447, 451, 452], [450, 452], [449, 452], [448, 452], [455], [454], [453], [451]]
cur_suffix:  [443, 444, 446, 447, 448, 451, 452]
bz: 438.
iter:  24
bz: 439.
iter:  24
bz: 440.
iter:  26
bz: 441.
iter:  26
bz: 442.
iter:  29
fisrt choice: (-1, -1, -1)
baseline:  (3.074359572610869e+47, [452, 452, 452, 452, 452, 452, 452, 452, 452, 452, 452, 452, 452, 452, 452, 452, 452, 452, 452], 452, 2304)
the strategy is infeasible, continue


======== round 160 ========
todo suffixes: [[445, 447, 448, 451, 452], [444, 447, 448, 451, 452], [446, 448, 451, 452], [447, 451, 452], [450, 452], [449, 452], [448, 452], [455], [454], [453], [451]]
cur_suffix:  [445, 447, 448, 451, 452]
bz: 440.
iter:  26
bz: 441.
iter:  26
bz: 442.
iter:  29
bz: 443.
iter:  27
bz: 444.
fisrt choice: (3.070572068625342e+47, 444, 24)
baseline:  (3.074359572610869e+47, [452, 452, 452, 452, 452, 452, 452, 452, 452, 452, 452, 452, 452, 452, 452, 452, 452, 452, 452], 452, 2304)
best 5 choices:
(3.070212112932435e+47, [441, 441, 441, 441, 441, 441, 441, 441, 441, 441, 441, 441, 441, 441, 441, 441, 441, 441, 441, 441, 441, 441, 441, 441, 443, 444, 445, 447, 448, 450, 451, 452], 452, 2304)
(3.0702128635020084e+47, [441, 441, 441, 441, 441, 441, 441, 441, 441, 441, 441, 441, 441, 441, 441, 441, 441, 441, 441, 441, 441, 441, 441, 441, 441, 442, 444, 446, 447, 448, 449, 451, 452], 452, 2304)
(3.0702194825531605e+47, [441, 441, 441, 441, 441, 441, 441, 441, 441, 441, 441, 441, 441, 441, 441, 441, 441, 441, 441, 441, 441, 441, 441, 441, 441, 441, 445, 446, 447, 448, 449, 451, 452], 452, 2304)
(3.0702222577825803e+47, [441, 441, 441, 441, 441, 441, 441, 441, 441, 441, 441, 441, 441, 441, 441, 441, 441, 441, 441, 441, 441, 441, 441, 441, 441, 443, 444, 446, 447, 448, 449, 451, 452], 452, 2304)
(3.0702234668869e+47, [441, 441, 441, 441, 441, 441, 441, 441, 441, 441, 441, 441, 441, 441, 441, 441, 441, 441, 441, 441, 441, 441, 441, 441, 441, 443, 444, 445, 446, 448, 450, 451, 452], 452, 2304)
end round with 11 suffixes


======== round 161 ========
todo suffixes: [[444, 445, 447, 448, 451, 452], [444, 447, 448, 451, 452], [446, 448, 451, 452], [447, 451, 452], [450, 452], [449, 452], [448, 452], [455], [454], [453], [451]]
cur_suffix:  [444, 445, 447, 448, 451, 452]
bz: 439.
iter:  24
bz: 440.
iter:  26
bz: 441.
iter:  26
bz: 442.
iter:  29
bz: 443.
fisrt choice: (3.0705059210984213e+47, 443, 27)
baseline:  (3.074359572610869e+47, [452, 452, 452, 452, 452, 452, 452, 452, 452, 452, 452, 452, 452, 452, 452, 452, 452, 452, 452], 452, 2304)
best 5 choices:
(3.070212112932435e+47, [441, 441, 441, 441, 441, 441, 441, 441, 441, 441, 441, 441, 441, 441, 441, 441, 441, 441, 441, 441, 441, 441, 441, 441, 443, 444, 445, 447, 448, 450, 451, 452], 452, 2304)
(3.0702128635020084e+47, [441, 441, 441, 441, 441, 441, 441, 441, 441, 441, 441, 441, 441, 441, 441, 441, 441, 441, 441, 441, 441, 441, 441, 441, 441, 442, 444, 446, 447, 448, 449, 451, 452], 452, 2304)
(3.0702194825531605e+47, [441, 441, 441, 441, 441, 441, 441, 441, 441, 441, 441, 441, 441, 441, 441, 441, 441, 441, 441, 441, 441, 441, 441, 441, 441, 441, 445, 446, 447, 448, 449, 451, 452], 452, 2304)
(3.0702222577825803e+47, [441, 441, 441, 441, 441, 441, 441, 441, 441, 441, 441, 441, 441, 441, 441, 441, 441, 441, 441, 441, 441, 441, 441, 441, 441, 443, 444, 446, 447, 448, 449, 451, 452], 452, 2304)
(3.0702234668869e+47, [441, 441, 441, 441, 441, 441, 441, 441, 441, 441, 441, 441, 441, 441, 441, 441, 441, 441, 441, 441, 441, 441, 441, 441, 441, 443, 444, 445, 446, 448, 450, 451, 452], 452, 2304)
end round with 11 suffixes


======== round 162 ========
todo suffixes: [[443, 444, 445, 447, 448, 451, 452], [444, 447, 448, 451, 452], [446, 448, 451, 452], [447, 451, 452], [450, 452], [449, 452], [448, 452], [455], [454], [453], [451]]
cur_suffix:  [443, 444, 445, 447, 448, 451, 452]
bz: 438.
iter:  24
bz: 439.
iter:  24
bz: 440.
iter:  26
bz: 441.
iter:  26
bz: 442.
iter:  29
fisrt choice: (-1, -1, -1)
baseline:  (3.074359572610869e+47, [452, 452, 452, 452, 452, 452, 452, 452, 452, 452, 452, 452, 452, 452, 452, 452, 452, 452, 452], 452, 2304)
the strategy is infeasible, continue


======== round 163 ========
todo suffixes: [[444, 447, 448, 451, 452], [446, 448, 451, 452], [447, 451, 452], [450, 452], [449, 452], [448, 452], [455], [454], [453], [451]]
cur_suffix:  [444, 447, 448, 451, 452]
bz: 439.
iter:  24
bz: 440.
iter:  26
bz: 441.
iter:  26
bz: 442.
iter:  29
bz: 443.
iter:  27
fisrt choice: (-1, -1, -1)
baseline:  (3.074359572610869e+47, [452, 452, 452, 452, 452, 452, 452, 452, 452, 452, 452, 452, 452, 452, 452, 452, 452, 452, 452], 452, 2304)
the strategy is infeasible, continue


======== round 164 ========
todo suffixes: [[446, 448, 451, 452], [447, 451, 452], [450, 452], [449, 452], [448, 452], [455], [454], [453], [451]]
cur_suffix:  [446, 448, 451, 452]
bz: 441.
iter:  26
bz: 442.
iter:  29
bz: 443.
iter:  27
bz: 444.
iter:  26
bz: 445.
fisrt choice: (3.070740795183698e+47, 445, 23)
baseline:  (3.074359572610869e+47, [452, 452, 452, 452, 452, 452, 452, 452, 452, 452, 452, 452, 452, 452, 452, 452, 452, 452, 452], 452, 2304)
best 5 choices:
(3.070212112932435e+47, [441, 441, 441, 441, 441, 441, 441, 441, 441, 441, 441, 441, 441, 441, 441, 441, 441, 441, 441, 441, 441, 441, 441, 441, 443, 444, 445, 447, 448, 450, 451, 452], 452, 2304)
(3.0702128635020084e+47, [441, 441, 441, 441, 441, 441, 441, 441, 441, 441, 441, 441, 441, 441, 441, 441, 441, 441, 441, 441, 441, 441, 441, 441, 441, 442, 444, 446, 447, 448, 449, 451, 452], 452, 2304)
(3.0702194825531605e+47, [441, 441, 441, 441, 441, 441, 441, 441, 441, 441, 441, 441, 441, 441, 441, 441, 441, 441, 441, 441, 441, 441, 441, 441, 441, 441, 445, 446, 447, 448, 449, 451, 452], 452, 2304)
(3.0702222577825803e+47, [441, 441, 441, 441, 441, 441, 441, 441, 441, 441, 441, 441, 441, 441, 441, 441, 441, 441, 441, 441, 441, 441, 441, 441, 441, 443, 444, 446, 447, 448, 449, 451, 452], 452, 2304)
(3.0702234668869e+47, [441, 441, 441, 441, 441, 441, 441, 441, 441, 441, 441, 441, 441, 441, 441, 441, 441, 441, 441, 441, 441, 441, 441, 441, 441, 443, 444, 445, 446, 448, 450, 451, 452], 452, 2304)
end round with 9 suffixes


======== round 165 ========
todo suffixes: [[445, 446, 448, 451, 452], [447, 451, 452], [450, 452], [449, 452], [448, 452], [455], [454], [453], [451]]
cur_suffix:  [445, 446, 448, 451, 452]
bz: 440.
iter:  26
bz: 441.
iter:  26
bz: 442.
iter:  29
bz: 443.
iter:  27
bz: 444.
fisrt choice: (3.0706120143148865e+47, 444, 25)
baseline:  (3.074359572610869e+47, [452, 452, 452, 452, 452, 452, 452, 452, 452, 452, 452, 452, 452, 452, 452, 452, 452, 452, 452], 452, 2304)
best 5 choices:
(3.070212112932435e+47, [441, 441, 441, 441, 441, 441, 441, 441, 441, 441, 441, 441, 441, 441, 441, 441, 441, 441, 441, 441, 441, 441, 441, 441, 443, 444, 445, 447, 448, 450, 451, 452], 452, 2304)
(3.0702128635020084e+47, [441, 441, 441, 441, 441, 441, 441, 441, 441, 441, 441, 441, 441, 441, 441, 441, 441, 441, 441, 441, 441, 441, 441, 441, 441, 442, 444, 446, 447, 448, 449, 451, 452], 452, 2304)
(3.0702194825531605e+47, [441, 441, 441, 441, 441, 441, 441, 441, 441, 441, 441, 441, 441, 441, 441, 441, 441, 441, 441, 441, 441, 441, 441, 441, 441, 441, 445, 446, 447, 448, 449, 451, 452], 452, 2304)
(3.0702222577825803e+47, [441, 441, 441, 441, 441, 441, 441, 441, 441, 441, 441, 441, 441, 441, 441, 441, 441, 441, 441, 441, 441, 441, 441, 441, 441, 443, 444, 446, 447, 448, 449, 451, 452], 452, 2304)
(3.0702234668869e+47, [441, 441, 441, 441, 441, 441, 441, 441, 441, 441, 441, 441, 441, 441, 441, 441, 441, 441, 441, 441, 441, 441, 441, 441, 441, 443, 444, 445, 446, 448, 450, 451, 452], 452, 2304)
end round with 9 suffixes


======== round 166 ========
todo suffixes: [[444, 445, 446, 448, 451, 452], [447, 451, 452], [450, 452], [449, 452], [448, 452], [455], [454], [453], [451]]
cur_suffix:  [444, 445, 446, 448, 451, 452]
bz: 439.
iter:  24
bz: 440.
iter:  26
bz: 441.
iter:  26
bz: 442.
iter:  29
bz: 443.
iter:  27
fisrt choice: (-1, -1, -1)
baseline:  (3.074359572610869e+47, [452, 452, 452, 452, 452, 452, 452, 452, 452, 452, 452, 452, 452, 452, 452, 452, 452, 452, 452], 452, 2304)
the strategy is infeasible, continue


======== round 167 ========
todo suffixes: [[447, 451, 452], [450, 452], [449, 452], [448, 452], [455], [454], [453], [451]]
cur_suffix:  [447, 451, 452]
bz: 442.
iter:  29
bz: 443.
iter:  27
bz: 444.
iter:  26
bz: 445.
iter:  24
bz: 446.
fisrt choice: (3.0710243948960214e+47, 446, 23)
baseline:  (3.074359572610869e+47, [452, 452, 452, 452, 452, 452, 452, 452, 452, 452, 452, 452, 452, 452, 452, 452, 452, 452, 452], 452, 2304)
best 5 choices:
(3.070212112932435e+47, [441, 441, 441, 441, 441, 441, 441, 441, 441, 441, 441, 441, 441, 441, 441, 441, 441, 441, 441, 441, 441, 441, 441, 441, 443, 444, 445, 447, 448, 450, 451, 452], 452, 2304)
(3.0702128635020084e+47, [441, 441, 441, 441, 441, 441, 441, 441, 441, 441, 441, 441, 441, 441, 441, 441, 441, 441, 441, 441, 441, 441, 441, 441, 441, 442, 444, 446, 447, 448, 449, 451, 452], 452, 2304)
(3.0702194825531605e+47, [441, 441, 441, 441, 441, 441, 441, 441, 441, 441, 441, 441, 441, 441, 441, 441, 441, 441, 441, 441, 441, 441, 441, 441, 441, 441, 445, 446, 447, 448, 449, 451, 452], 452, 2304)
(3.0702222577825803e+47, [441, 441, 441, 441, 441, 441, 441, 441, 441, 441, 441, 441, 441, 441, 441, 441, 441, 441, 441, 441, 441, 441, 441, 441, 441, 443, 444, 446, 447, 448, 449, 451, 452], 452, 2304)
(3.0702234668869e+47, [441, 441, 441, 441, 441, 441, 441, 441, 441, 441, 441, 441, 441, 441, 441, 441, 441, 441, 441, 441, 441, 441, 441, 441, 441, 443, 444, 445, 446, 448, 450, 451, 452], 452, 2304)
end round with 8 suffixes


======== round 168 ========
todo suffixes: [[446, 447, 451, 452], [450, 452], [449, 452], [448, 452], [455], [454], [453], [451]]
cur_suffix:  [446, 447, 451, 452]
bz: 441.
iter:  26
bz: 442.
iter:  29
bz: 443.
iter:  27
bz: 444.
iter:  26
bz: 445.
fisrt choice: (3.070789984909974e+47, 445, 24)
baseline:  (3.074359572610869e+47, [452, 452, 452, 452, 452, 452, 452, 452, 452, 452, 452, 452, 452, 452, 452, 452, 452, 452, 452], 452, 2304)
best 5 choices:
(3.070212112932435e+47, [441, 441, 441, 441, 441, 441, 441, 441, 441, 441, 441, 441, 441, 441, 441, 441, 441, 441, 441, 441, 441, 441, 441, 441, 443, 444, 445, 447, 448, 450, 451, 452], 452, 2304)
(3.0702128635020084e+47, [441, 441, 441, 441, 441, 441, 441, 441, 441, 441, 441, 441, 441, 441, 441, 441, 441, 441, 441, 441, 441, 441, 441, 441, 441, 442, 444, 446, 447, 448, 449, 451, 452], 452, 2304)
(3.0702194825531605e+47, [441, 441, 441, 441, 441, 441, 441, 441, 441, 441, 441, 441, 441, 441, 441, 441, 441, 441, 441, 441, 441, 441, 441, 441, 441, 441, 445, 446, 447, 448, 449, 451, 452], 452, 2304)
(3.0702222577825803e+47, [441, 441, 441, 441, 441, 441, 441, 441, 441, 441, 441, 441, 441, 441, 441, 441, 441, 441, 441, 441, 441, 441, 441, 441, 441, 443, 444, 446, 447, 448, 449, 451, 452], 452, 2304)
(3.0702234668869e+47, [441, 441, 441, 441, 441, 441, 441, 441, 441, 441, 441, 441, 441, 441, 441, 441, 441, 441, 441, 441, 441, 441, 441, 441, 441, 443, 444, 445, 446, 448, 450, 451, 452], 452, 2304)
end round with 8 suffixes


======== round 169 ========
todo suffixes: [[445, 446, 447, 451, 452], [450, 452], [449, 452], [448, 452], [455], [454], [453], [451]]
cur_suffix:  [445, 446, 447, 451, 452]
bz: 440.
iter:  26
bz: 441.
iter:  26
bz: 442.
iter:  29
bz: 443.
iter:  27
bz: 444.
fisrt choice: (3.0706469565982454e+47, 444, 26)
baseline:  (3.074359572610869e+47, [452, 452, 452, 452, 452, 452, 452, 452, 452, 452, 452, 452, 452, 452, 452, 452, 452, 452, 452], 452, 2304)
best 5 choices:
(3.070212112932435e+47, [441, 441, 441, 441, 441, 441, 441, 441, 441, 441, 441, 441, 441, 441, 441, 441, 441, 441, 441, 441, 441, 441, 441, 441, 443, 444, 445, 447, 448, 450, 451, 452], 452, 2304)
(3.0702128635020084e+47, [441, 441, 441, 441, 441, 441, 441, 441, 441, 441, 441, 441, 441, 441, 441, 441, 441, 441, 441, 441, 441, 441, 441, 441, 441, 442, 444, 446, 447, 448, 449, 451, 452], 452, 2304)
(3.0702194825531605e+47, [441, 441, 441, 441, 441, 441, 441, 441, 441, 441, 441, 441, 441, 441, 441, 441, 441, 441, 441, 441, 441, 441, 441, 441, 441, 441, 445, 446, 447, 448, 449, 451, 452], 452, 2304)
(3.0702222577825803e+47, [441, 441, 441, 441, 441, 441, 441, 441, 441, 441, 441, 441, 441, 441, 441, 441, 441, 441, 441, 441, 441, 441, 441, 441, 441, 443, 444, 446, 447, 448, 449, 451, 452], 452, 2304)
(3.0702234668869e+47, [441, 441, 441, 441, 441, 441, 441, 441, 441, 441, 441, 441, 441, 441, 441, 441, 441, 441, 441, 441, 441, 441, 441, 441, 441, 443, 444, 445, 446, 448, 450, 451, 452], 452, 2304)
end round with 8 suffixes


======== round 170 ========
todo suffixes: [[444, 445, 446, 447, 451, 452], [450, 452], [449, 452], [448, 452], [455], [454], [453], [451]]
cur_suffix:  [444, 445, 446, 447, 451, 452]
bz: 439.
iter:  24
bz: 440.
iter:  26
bz: 441.
iter:  26
bz: 442.
iter:  29
bz: 443.
iter:  27
fisrt choice: (-1, -1, -1)
baseline:  (3.074359572610869e+47, [452, 452, 452, 452, 452, 452, 452, 452, 452, 452, 452, 452, 452, 452, 452, 452, 452, 452, 452], 452, 2304)
the strategy is infeasible, continue


======== round 171 ========
todo suffixes: [[450, 452], [449, 452], [448, 452], [455], [454], [453], [451]]
cur_suffix:  [450, 452]
bz: 445.
iter:  24
bz: 446.
iter:  23
bz: 447.
fisrt choice: (3.0712417686721563e+47, 447, 22)
baseline:  (3.074359572610869e+47, [452, 452, 452, 452, 452, 452, 452, 452, 452, 452, 452, 452, 452, 452, 452, 452, 452, 452, 452], 452, 2304)
best 5 choices:
(3.070212112932435e+47, [441, 441, 441, 441, 441, 441, 441, 441, 441, 441, 441, 441, 441, 441, 441, 441, 441, 441, 441, 441, 441, 441, 441, 441, 443, 444, 445, 447, 448, 450, 451, 452], 452, 2304)
(3.0702128635020084e+47, [441, 441, 441, 441, 441, 441, 441, 441, 441, 441, 441, 441, 441, 441, 441, 441, 441, 441, 441, 441, 441, 441, 441, 441, 441, 442, 444, 446, 447, 448, 449, 451, 452], 452, 2304)
(3.0702194825531605e+47, [441, 441, 441, 441, 441, 441, 441, 441, 441, 441, 441, 441, 441, 441, 441, 441, 441, 441, 441, 441, 441, 441, 441, 441, 441, 441, 445, 446, 447, 448, 449, 451, 452], 452, 2304)
(3.0702222577825803e+47, [441, 441, 441, 441, 441, 441, 441, 441, 441, 441, 441, 441, 441, 441, 441, 441, 441, 441, 441, 441, 441, 441, 441, 441, 441, 443, 444, 446, 447, 448, 449, 451, 452], 452, 2304)
(3.0702234668869e+47, [441, 441, 441, 441, 441, 441, 441, 441, 441, 441, 441, 441, 441, 441, 441, 441, 441, 441, 441, 441, 441, 441, 441, 441, 441, 443, 444, 445, 446, 448, 450, 451, 452], 452, 2304)
end round with 9 suffixes


======== round 172 ========
todo suffixes: [[449, 450, 452], [448, 450, 452], [447, 450, 452], [449, 452], [448, 452], [455], [454], [453], [451]]
cur_suffix:  [449, 450, 452]
bz: 444.
iter:  26
bz: 445.
iter:  24
bz: 446.
fisrt choice: (3.071034069879157e+47, 446, 23)
baseline:  (3.074359572610869e+47, [452, 452, 452, 452, 452, 452, 452, 452, 452, 452, 452, 452, 452, 452, 452, 452, 452, 452, 452], 452, 2304)
best 5 choices:
(3.070212112932435e+47, [441, 441, 441, 441, 441, 441, 441, 441, 441, 441, 441, 441, 441, 441, 441, 441, 441, 441, 441, 441, 441, 441, 441, 441, 443, 444, 445, 447, 448, 450, 451, 452], 452, 2304)
(3.0702128635020084e+47, [441, 441, 441, 441, 441, 441, 441, 441, 441, 441, 441, 441, 441, 441, 441, 441, 441, 441, 441, 441, 441, 441, 441, 441, 441, 442, 444, 446, 447, 448, 449, 451, 452], 452, 2304)
(3.0702194825531605e+47, [441, 441, 441, 441, 441, 441, 441, 441, 441, 441, 441, 441, 441, 441, 441, 441, 441, 441, 441, 441, 441, 441, 441, 441, 441, 441, 445, 446, 447, 448, 449, 451, 452], 452, 2304)
(3.0702222577825803e+47, [441, 441, 441, 441, 441, 441, 441, 441, 441, 441, 441, 441, 441, 441, 441, 441, 441, 441, 441, 441, 441, 441, 441, 441, 441, 443, 444, 446, 447, 448, 449, 451, 452], 452, 2304)
(3.0702234668869e+47, [441, 441, 441, 441, 441, 441, 441, 441, 441, 441, 441, 441, 441, 441, 441, 441, 441, 441, 441, 441, 441, 441, 441, 441, 441, 443, 444, 445, 446, 448, 450, 451, 452], 452, 2304)
end round with 11 suffixes


======== round 173 ========
todo suffixes: [[448, 449, 450, 452], [447, 449, 450, 452], [446, 449, 450, 452], [448, 450, 452], [447, 450, 452], [449, 452], [448, 452], [455], [454], [453], [451]]
cur_suffix:  [448, 449, 450, 452]
bz: 443.
iter:  27
bz: 444.
fisrt choice: (3.070629050457347e+47, 444, 26)
baseline:  (3.074359572610869e+47, [452, 452, 452, 452, 452, 452, 452, 452, 452, 452, 452, 452, 452, 452, 452, 452, 452, 452, 452], 452, 2304)
best 5 choices:
(3.070212112932435e+47, [441, 441, 441, 441, 441, 441, 441, 441, 441, 441, 441, 441, 441, 441, 441, 441, 441, 441, 441, 441, 441, 441, 441, 441, 443, 444, 445, 447, 448, 450, 451, 452], 452, 2304)
(3.0702128635020084e+47, [441, 441, 441, 441, 441, 441, 441, 441, 441, 441, 441, 441, 441, 441, 441, 441, 441, 441, 441, 441, 441, 441, 441, 441, 441, 442, 444, 446, 447, 448, 449, 451, 452], 452, 2304)
(3.0702194825531605e+47, [441, 441, 441, 441, 441, 441, 441, 441, 441, 441, 441, 441, 441, 441, 441, 441, 441, 441, 441, 441, 441, 441, 441, 441, 441, 441, 445, 446, 447, 448, 449, 451, 452], 452, 2304)
(3.0702222577825803e+47, [441, 441, 441, 441, 441, 441, 441, 441, 441, 441, 441, 441, 441, 441, 441, 441, 441, 441, 441, 441, 441, 441, 441, 441, 441, 443, 444, 446, 447, 448, 449, 451, 452], 452, 2304)
(3.0702234668869e+47, [441, 441, 441, 441, 441, 441, 441, 441, 441, 441, 441, 441, 441, 441, 441, 441, 441, 441, 441, 441, 441, 441, 441, 441, 441, 443, 444, 445, 446, 448, 450, 451, 452], 452, 2304)
end round with 14 suffixes


======== round 174 ========
todo suffixes: [[447, 448, 449, 450, 452], [446, 448, 449, 450, 452], [445, 448, 449, 450, 452], [444, 448, 449, 450, 452], [447, 449, 450, 452], [446, 449, 450, 452], [448, 450, 452], [447, 450, 452], [449, 452], [448, 452], [455], [454], [453], [451]]
cur_suffix:  [447, 448, 449, 450, 452]
bz: 442.
iter:  29
bz: 443.
fisrt choice: (3.070443211229126e+47, 443, 26)
baseline:  (3.074359572610869e+47, [452, 452, 452, 452, 452, 452, 452, 452, 452, 452, 452, 452, 452, 452, 452, 452, 452, 452, 452], 452, 2304)
best 5 choices:
(3.070212112932435e+47, [441, 441, 441, 441, 441, 441, 441, 441, 441, 441, 441, 441, 441, 441, 441, 441, 441, 441, 441, 441, 441, 441, 441, 441, 443, 444, 445, 447, 448, 450, 451, 452], 452, 2304)
(3.0702128635020084e+47, [441, 441, 441, 441, 441, 441, 441, 441, 441, 441, 441, 441, 441, 441, 441, 441, 441, 441, 441, 441, 441, 441, 441, 441, 441, 442, 444, 446, 447, 448, 449, 451, 452], 452, 2304)
(3.0702194825531605e+47, [441, 441, 441, 441, 441, 441, 441, 441, 441, 441, 441, 441, 441, 441, 441, 441, 441, 441, 441, 441, 441, 441, 441, 441, 441, 441, 445, 446, 447, 448, 449, 451, 452], 452, 2304)
(3.0702222577825803e+47, [441, 441, 441, 441, 441, 441, 441, 441, 441, 441, 441, 441, 441, 441, 441, 441, 441, 441, 441, 441, 441, 441, 441, 441, 441, 443, 444, 446, 447, 448, 449, 451, 452], 452, 2304)
(3.0702234668869e+47, [441, 441, 441, 441, 441, 441, 441, 441, 441, 441, 441, 441, 441, 441, 441, 441, 441, 441, 441, 441, 441, 441, 441, 441, 441, 443, 444, 445, 446, 448, 450, 451, 452], 452, 2304)
end round with 17 suffixes


======== round 175 ========
todo suffixes: [[446, 447, 448, 449, 450, 452], [445, 447, 448, 449, 450, 452], [444, 447, 448, 449, 450, 452], [443, 447, 448, 449, 450, 452], [446, 448, 449, 450, 452], [445, 448, 449, 450, 452], [444, 448, 449, 450, 452], [447, 449, 450, 452], [446, 449, 450, 452], [448, 450, 452], [447, 450, 452], [449, 452], [448, 452], [455], [454], [453], [451]]
cur_suffix:  [446, 447, 448, 449, 450, 452]
bz: 441.
iter:  26
bz: 442.
fisrt choice: (3.0703328986835886e+47, 442, 27)
baseline:  (3.074359572610869e+47, [452, 452, 452, 452, 452, 452, 452, 452, 452, 452, 452, 452, 452, 452, 452, 452, 452, 452, 452], 452, 2304)
best 5 choices:
(3.070212112932435e+47, [441, 441, 441, 441, 441, 441, 441, 441, 441, 441, 441, 441, 441, 441, 441, 441, 441, 441, 441, 441, 441, 441, 441, 441, 443, 444, 445, 447, 448, 450, 451, 452], 452, 2304)
(3.0702128635020084e+47, [441, 441, 441, 441, 441, 441, 441, 441, 441, 441, 441, 441, 441, 441, 441, 441, 441, 441, 441, 441, 441, 441, 441, 441, 441, 442, 444, 446, 447, 448, 449, 451, 452], 452, 2304)
(3.0702194825531605e+47, [441, 441, 441, 441, 441, 441, 441, 441, 441, 441, 441, 441, 441, 441, 441, 441, 441, 441, 441, 441, 441, 441, 441, 441, 441, 441, 445, 446, 447, 448, 449, 451, 452], 452, 2304)
(3.0702222577825803e+47, [441, 441, 441, 441, 441, 441, 441, 441, 441, 441, 441, 441, 441, 441, 441, 441, 441, 441, 441, 441, 441, 441, 441, 441, 441, 443, 444, 446, 447, 448, 449, 451, 452], 452, 2304)
(3.0702234668869e+47, [441, 441, 441, 441, 441, 441, 441, 441, 441, 441, 441, 441, 441, 441, 441, 441, 441, 441, 441, 441, 441, 441, 441, 441, 441, 443, 444, 445, 446, 448, 450, 451, 452], 452, 2304)
end round with 20 suffixes


======== round 176 ========
todo suffixes: [[445, 446, 447, 448, 449, 450, 452], [444, 446, 447, 448, 449, 450, 452], [443, 446, 447, 448, 449, 450, 452], [442, 446, 447, 448, 449, 450, 452], [445, 447, 448, 449, 450, 452], [444, 447, 448, 449, 450, 452], [443, 447, 448, 449, 450, 452], [446, 448, 449, 450, 452], [445, 448, 449, 450, 452], [444, 448, 449, 450, 452], [447, 449, 450, 452], [446, 449, 450, 452], [448, 450, 452], [447, 450, 452], [449, 452], [448, 452], [455], [454], [453], [451]]
cur_suffix:  [445, 446, 447, 448, 449, 450, 452]
bz: 440.
iter:  26
bz: 441.
iter:  26
bz: 442.
fisrt choice: (3.070286927572878e+47, 442, 24)
baseline:  (3.074359572610869e+47, [452, 452, 452, 452, 452, 452, 452, 452, 452, 452, 452, 452, 452, 452, 452, 452, 452, 452, 452], 452, 2304)
best 5 choices:
(3.070212112932435e+47, [441, 441, 441, 441, 441, 441, 441, 441, 441, 441, 441, 441, 441, 441, 441, 441, 441, 441, 441, 441, 441, 441, 441, 441, 443, 444, 445, 447, 448, 450, 451, 452], 452, 2304)
(3.0702128635020084e+47, [441, 441, 441, 441, 441, 441, 441, 441, 441, 441, 441, 441, 441, 441, 441, 441, 441, 441, 441, 441, 441, 441, 441, 441, 441, 442, 444, 446, 447, 448, 449, 451, 452], 452, 2304)
(3.0702194825531605e+47, [441, 441, 441, 441, 441, 441, 441, 441, 441, 441, 441, 441, 441, 441, 441, 441, 441, 441, 441, 441, 441, 441, 441, 441, 441, 441, 445, 446, 447, 448, 449, 451, 452], 452, 2304)
(3.0702222577825803e+47, [441, 441, 441, 441, 441, 441, 441, 441, 441, 441, 441, 441, 441, 441, 441, 441, 441, 441, 441, 441, 441, 441, 441, 441, 441, 443, 444, 446, 447, 448, 449, 451, 452], 452, 2304)
(3.0702234668869e+47, [441, 441, 441, 441, 441, 441, 441, 441, 441, 441, 441, 441, 441, 441, 441, 441, 441, 441, 441, 441, 441, 441, 441, 441, 441, 443, 444, 445, 446, 448, 450, 451, 452], 452, 2304)
end round with 22 suffixes


======== round 177 ========
todo suffixes: [[444, 445, 446, 447, 448, 449, 450, 452], [443, 445, 446, 447, 448, 449, 450, 452], [442, 445, 446, 447, 448, 449, 450, 452], [444, 446, 447, 448, 449, 450, 452], [443, 446, 447, 448, 449, 450, 452], [442, 446, 447, 448, 449, 450, 452], [445, 447, 448, 449, 450, 452], [444, 447, 448, 449, 450, 452], [443, 447, 448, 449, 450, 452], [446, 448, 449, 450, 452], [445, 448, 449, 450, 452], [444, 448, 449, 450, 452], [447, 449, 450, 452], [446, 449, 450, 452], [448, 450, 452], [447, 450, 452], [449, 452], [448, 452], [455], [454], [453], [451]]
cur_suffix:  [444, 445, 446, 447, 448, 449, 450, 452]
bz: 439.
iter:  24
bz: 440.
iter:  26
bz: 441.
fisrt choice: (3.0701983630190156e+47, 441, 25)
baseline:  (3.074359572610869e+47, [452, 452, 452, 452, 452, 452, 452, 452, 452, 452, 452, 452, 452, 452, 452, 452, 452, 452, 452], 452, 2304)
best 5 choices:
(3.0701983630190156e+47, [441, 441, 441, 441, 441, 441, 441, 441, 441, 441, 441, 441, 441, 441, 441, 441, 441, 441, 441, 441, 441, 441, 441, 441, 441, 444, 445, 446, 447, 448, 449, 450, 452], 452, 2304)
(3.070212112932435e+47, [441, 441, 441, 441, 441, 441, 441, 441, 441, 441, 441, 441, 441, 441, 441, 441, 441, 441, 441, 441, 441, 441, 441, 441, 443, 444, 445, 447, 448, 450, 451, 452], 452, 2304)
(3.0702128635020084e+47, [441, 441, 441, 441, 441, 441, 441, 441, 441, 441, 441, 441, 441, 441, 441, 441, 441, 441, 441, 441, 441, 441, 441, 441, 441, 442, 444, 446, 447, 448, 449, 451, 452], 452, 2304)
(3.0702194825531605e+47, [441, 441, 441, 441, 441, 441, 441, 441, 441, 441, 441, 441, 441, 441, 441, 441, 441, 441, 441, 441, 441, 441, 441, 441, 441, 441, 445, 446, 447, 448, 449, 451, 452], 452, 2304)
(3.0702222577825803e+47, [441, 441, 441, 441, 441, 441, 441, 441, 441, 441, 441, 441, 441, 441, 441, 441, 441, 441, 441, 441, 441, 441, 441, 441, 441, 443, 444, 446, 447, 448, 449, 451, 452], 452, 2304)
end round with 21 suffixes


======== round 178 ========
todo suffixes: [[443, 445, 446, 447, 448, 449, 450, 452], [442, 445, 446, 447, 448, 449, 450, 452], [444, 446, 447, 448, 449, 450, 452], [443, 446, 447, 448, 449, 450, 452], [442, 446, 447, 448, 449, 450, 452], [445, 447, 448, 449, 450, 452], [444, 447, 448, 449, 450, 452], [443, 447, 448, 449, 450, 452], [446, 448, 449, 450, 452], [445, 448, 449, 450, 452], [444, 448, 449, 450, 452], [447, 449, 450, 452], [446, 449, 450, 452], [448, 450, 452], [447, 450, 452], [449, 452], [448, 452], [455], [454], [453], [451]]
cur_suffix:  [443, 445, 446, 447, 448, 449, 450, 452]
bz: 438.
iter:  24
bz: 439.
iter:  24
bz: 440.
iter:  26
bz: 441.
fisrt choice: (3.070219756512979e+47, 441, 26)
baseline:  (3.074359572610869e+47, [452, 452, 452, 452, 452, 452, 452, 452, 452, 452, 452, 452, 452, 452, 452, 452, 452, 452, 452], 452, 2304)
best 5 choices:
(3.0701983630190156e+47, [441, 441, 441, 441, 441, 441, 441, 441, 441, 441, 441, 441, 441, 441, 441, 441, 441, 441, 441, 441, 441, 441, 441, 441, 441, 444, 445, 446, 447, 448, 449, 450, 452], 452, 2304)
(3.070212112932435e+47, [441, 441, 441, 441, 441, 441, 441, 441, 441, 441, 441, 441, 441, 441, 441, 441, 441, 441, 441, 441, 441, 441, 441, 441, 443, 444, 445, 447, 448, 450, 451, 452], 452, 2304)
(3.0702128635020084e+47, [441, 441, 441, 441, 441, 441, 441, 441, 441, 441, 441, 441, 441, 441, 441, 441, 441, 441, 441, 441, 441, 441, 441, 441, 441, 442, 444, 446, 447, 448, 449, 451, 452], 452, 2304)
(3.0702194825531605e+47, [441, 441, 441, 441, 441, 441, 441, 441, 441, 441, 441, 441, 441, 441, 441, 441, 441, 441, 441, 441, 441, 441, 441, 441, 441, 441, 445, 446, 447, 448, 449, 451, 452], 452, 2304)
(3.070219756512979e+47, [441, 441, 441, 441, 441, 441, 441, 441, 441, 441, 441, 441, 441, 441, 441, 441, 441, 441, 441, 441, 441, 441, 441, 441, 441, 441, 443, 445, 446, 447, 448, 449, 450, 452], 452, 2304)
end round with 20 suffixes


======== round 179 ========
todo suffixes: [[442, 445, 446, 447, 448, 449, 450, 452], [444, 446, 447, 448, 449, 450, 452], [443, 446, 447, 448, 449, 450, 452], [442, 446, 447, 448, 449, 450, 452], [445, 447, 448, 449, 450, 452], [444, 447, 448, 449, 450, 452], [443, 447, 448, 449, 450, 452], [446, 448, 449, 450, 452], [445, 448, 449, 450, 452], [444, 448, 449, 450, 452], [447, 449, 450, 452], [446, 449, 450, 452], [448, 450, 452], [447, 450, 452], [449, 452], [448, 452], [455], [454], [453], [451]]
cur_suffix:  [442, 445, 446, 447, 448, 449, 450, 452]
bz: 437.
iter:  25
bz: 438.
iter:  24
bz: 439.
iter:  24
bz: 440.
iter:  26
bz: 441.
fisrt choice: (3.070210362232407e+47, 441, 26)
baseline:  (3.074359572610869e+47, [452, 452, 452, 452, 452, 452, 452, 452, 452, 452, 452, 452, 452, 452, 452, 452, 452, 452, 452], 452, 2304)
best 5 choices:
(3.0701983630190156e+47, [441, 441, 441, 441, 441, 441, 441, 441, 441, 441, 441, 441, 441, 441, 441, 441, 441, 441, 441, 441, 441, 441, 441, 441, 441, 444, 445, 446, 447, 448, 449, 450, 452], 452, 2304)
(3.070210362232407e+47, [441, 441, 441, 441, 441, 441, 441, 441, 441, 441, 441, 441, 441, 441, 441, 441, 441, 441, 441, 441, 441, 441, 441, 441, 441, 441, 442, 445, 446, 447, 448, 449, 450, 452], 452, 2304)
(3.070212112932435e+47, [441, 441, 441, 441, 441, 441, 441, 441, 441, 441, 441, 441, 441, 441, 441, 441, 441, 441, 441, 441, 441, 441, 441, 441, 443, 444, 445, 447, 448, 450, 451, 452], 452, 2304)
(3.0702128635020084e+47, [441, 441, 441, 441, 441, 441, 441, 441, 441, 441, 441, 441, 441, 441, 441, 441, 441, 441, 441, 441, 441, 441, 441, 441, 441, 442, 444, 446, 447, 448, 449, 451, 452], 452, 2304)
(3.0702194825531605e+47, [441, 441, 441, 441, 441, 441, 441, 441, 441, 441, 441, 441, 441, 441, 441, 441, 441, 441, 441, 441, 441, 441, 441, 441, 441, 441, 445, 446, 447, 448, 449, 451, 452], 452, 2304)
end round with 19 suffixes


======== round 180 ========
todo suffixes: [[444, 446, 447, 448, 449, 450, 452], [443, 446, 447, 448, 449, 450, 452], [442, 446, 447, 448, 449, 450, 452], [445, 447, 448, 449, 450, 452], [444, 447, 448, 449, 450, 452], [443, 447, 448, 449, 450, 452], [446, 448, 449, 450, 452], [445, 448, 449, 450, 452], [444, 448, 449, 450, 452], [447, 449, 450, 452], [446, 449, 450, 452], [448, 450, 452], [447, 450, 452], [449, 452], [448, 452], [455], [454], [453], [451]]
cur_suffix:  [444, 446, 447, 448, 449, 450, 452]
bz: 439.
iter:  24
bz: 440.
iter:  26
bz: 441.
iter:  26
bz: 442.
fisrt choice: (3.0703132710784323e+47, 442, 25)
baseline:  (3.074359572610869e+47, [452, 452, 452, 452, 452, 452, 452, 452, 452, 452, 452, 452, 452, 452, 452, 452, 452, 452, 452], 452, 2304)
best 5 choices:
(3.0701983630190156e+47, [441, 441, 441, 441, 441, 441, 441, 441, 441, 441, 441, 441, 441, 441, 441, 441, 441, 441, 441, 441, 441, 441, 441, 441, 441, 444, 445, 446, 447, 448, 449, 450, 452], 452, 2304)
(3.070210362232407e+47, [441, 441, 441, 441, 441, 441, 441, 441, 441, 441, 441, 441, 441, 441, 441, 441, 441, 441, 441, 441, 441, 441, 441, 441, 441, 441, 442, 445, 446, 447, 448, 449, 450, 452], 452, 2304)
(3.070212112932435e+47, [441, 441, 441, 441, 441, 441, 441, 441, 441, 441, 441, 441, 441, 441, 441, 441, 441, 441, 441, 441, 441, 441, 441, 441, 443, 444, 445, 447, 448, 450, 451, 452], 452, 2304)
(3.0702128635020084e+47, [441, 441, 441, 441, 441, 441, 441, 441, 441, 441, 441, 441, 441, 441, 441, 441, 441, 441, 441, 441, 441, 441, 441, 441, 441, 442, 444, 446, 447, 448, 449, 451, 452], 452, 2304)
(3.0702194825531605e+47, [441, 441, 441, 441, 441, 441, 441, 441, 441, 441, 441, 441, 441, 441, 441, 441, 441, 441, 441, 441, 441, 441, 441, 441, 441, 441, 445, 446, 447, 448, 449, 451, 452], 452, 2304)
end round with 20 suffixes


======== round 181 ========
todo suffixes: [[443, 444, 446, 447, 448, 449, 450, 452], [442, 444, 446, 447, 448, 449, 450, 452], [443, 446, 447, 448, 449, 450, 452], [442, 446, 447, 448, 449, 450, 452], [445, 447, 448, 449, 450, 452], [444, 447, 448, 449, 450, 452], [443, 447, 448, 449, 450, 452], [446, 448, 449, 450, 452], [445, 448, 449, 450, 452], [444, 448, 449, 450, 452], [447, 449, 450, 452], [446, 449, 450, 452], [448, 450, 452], [447, 450, 452], [449, 452], [448, 452], [455], [454], [453], [451]]
cur_suffix:  [443, 444, 446, 447, 448, 449, 450, 452]
bz: 438.
iter:  24
bz: 439.
iter:  24
bz: 440.
iter:  26
bz: 441.
iter:  26
bz: 442.
fisrt choice: (3.070282074410533e+47, 442, 23)
baseline:  (3.074359572610869e+47, [452, 452, 452, 452, 452, 452, 452, 452, 452, 452, 452, 452, 452, 452, 452, 452, 452, 452, 452], 452, 2304)
best 5 choices:
(3.0701983630190156e+47, [441, 441, 441, 441, 441, 441, 441, 441, 441, 441, 441, 441, 441, 441, 441, 441, 441, 441, 441, 441, 441, 441, 441, 441, 441, 444, 445, 446, 447, 448, 449, 450, 452], 452, 2304)
(3.070210362232407e+47, [441, 441, 441, 441, 441, 441, 441, 441, 441, 441, 441, 441, 441, 441, 441, 441, 441, 441, 441, 441, 441, 441, 441, 441, 441, 441, 442, 445, 446, 447, 448, 449, 450, 452], 452, 2304)
(3.070212112932435e+47, [441, 441, 441, 441, 441, 441, 441, 441, 441, 441, 441, 441, 441, 441, 441, 441, 441, 441, 441, 441, 441, 441, 441, 441, 443, 444, 445, 447, 448, 450, 451, 452], 452, 2304)
(3.0702128635020084e+47, [441, 441, 441, 441, 441, 441, 441, 441, 441, 441, 441, 441, 441, 441, 441, 441, 441, 441, 441, 441, 441, 441, 441, 441, 441, 442, 444, 446, 447, 448, 449, 451, 452], 452, 2304)
(3.0702194825531605e+47, [441, 441, 441, 441, 441, 441, 441, 441, 441, 441, 441, 441, 441, 441, 441, 441, 441, 441, 441, 441, 441, 441, 441, 441, 441, 441, 445, 446, 447, 448, 449, 451, 452], 452, 2304)
end round with 20 suffixes


======== round 182 ========
todo suffixes: [[442, 443, 444, 446, 447, 448, 449, 450, 452], [442, 444, 446, 447, 448, 449, 450, 452], [443, 446, 447, 448, 449, 450, 452], [442, 446, 447, 448, 449, 450, 452], [445, 447, 448, 449, 450, 452], [444, 447, 448, 449, 450, 452], [443, 447, 448, 449, 450, 452], [446, 448, 449, 450, 452], [445, 448, 449, 450, 452], [444, 448, 449, 450, 452], [447, 449, 450, 452], [446, 449, 450, 452], [448, 450, 452], [447, 450, 452], [449, 452], [448, 452], [455], [454], [453], [451]]
cur_suffix:  [442, 443, 444, 446, 447, 448, 449, 450, 452]
bz: 437.
iter:  25
bz: 438.
iter:  24
bz: 439.
iter:  24
bz: 440.
iter:  26
bz: 441.
fisrt choice: (3.070213137461827e+47, 441, 25)
baseline:  (3.074359572610869e+47, [452, 452, 452, 452, 452, 452, 452, 452, 452, 452, 452, 452, 452, 452, 452, 452, 452, 452, 452], 452, 2304)
best 5 choices:
(3.0701983630190156e+47, [441, 441, 441, 441, 441, 441, 441, 441, 441, 441, 441, 441, 441, 441, 441, 441, 441, 441, 441, 441, 441, 441, 441, 441, 441, 444, 445, 446, 447, 448, 449, 450, 452], 452, 2304)
(3.070210362232407e+47, [441, 441, 441, 441, 441, 441, 441, 441, 441, 441, 441, 441, 441, 441, 441, 441, 441, 441, 441, 441, 441, 441, 441, 441, 441, 441, 442, 445, 446, 447, 448, 449, 450, 452], 452, 2304)
(3.070212112932435e+47, [441, 441, 441, 441, 441, 441, 441, 441, 441, 441, 441, 441, 441, 441, 441, 441, 441, 441, 441, 441, 441, 441, 441, 441, 443, 444, 445, 447, 448, 450, 451, 452], 452, 2304)
(3.0702128635020084e+47, [441, 441, 441, 441, 441, 441, 441, 441, 441, 441, 441, 441, 441, 441, 441, 441, 441, 441, 441, 441, 441, 441, 441, 441, 441, 442, 444, 446, 447, 448, 449, 451, 452], 452, 2304)
(3.070213137461827e+47, [441, 441, 441, 441, 441, 441, 441, 441, 441, 441, 441, 441, 441, 441, 441, 441, 441, 441, 441, 441, 441, 441, 441, 441, 441, 442, 443, 444, 446, 447, 448, 449, 450, 452], 452, 2304)
end round with 19 suffixes


======== round 183 ========
todo suffixes: [[442, 444, 446, 447, 448, 449, 450, 452], [443, 446, 447, 448, 449, 450, 452], [442, 446, 447, 448, 449, 450, 452], [445, 447, 448, 449, 450, 452], [444, 447, 448, 449, 450, 452], [443, 447, 448, 449, 450, 452], [446, 448, 449, 450, 452], [445, 448, 449, 450, 452], [444, 448, 449, 450, 452], [447, 449, 450, 452], [446, 449, 450, 452], [448, 450, 452], [447, 450, 452], [449, 452], [448, 452], [455], [454], [453], [451]]
cur_suffix:  [442, 444, 446, 447, 448, 449, 450, 452]
bz: 437.
iter:  25
bz: 438.
iter:  24
bz: 439.
iter:  24
bz: 440.
iter:  26
bz: 441.
iter:  26
fisrt choice: (-1, -1, -1)
baseline:  (3.074359572610869e+47, [452, 452, 452, 452, 452, 452, 452, 452, 452, 452, 452, 452, 452, 452, 452, 452, 452, 452, 452], 452, 2304)
the strategy is infeasible, continue


======== round 184 ========
todo suffixes: [[443, 446, 447, 448, 449, 450, 452], [442, 446, 447, 448, 449, 450, 452], [445, 447, 448, 449, 450, 452], [444, 447, 448, 449, 450, 452], [443, 447, 448, 449, 450, 452], [446, 448, 449, 450, 452], [445, 448, 449, 450, 452], [444, 448, 449, 450, 452], [447, 449, 450, 452], [446, 449, 450, 452], [448, 450, 452], [447, 450, 452], [449, 452], [448, 452], [455], [454], [453], [451]]
cur_suffix:  [443, 446, 447, 448, 449, 450, 452]
bz: 438.
iter:  24
bz: 439.
iter:  24
bz: 440.
iter:  26
bz: 441.
iter:  26
bz: 442.
fisrt choice: (3.070301702015689e+47, 442, 25)
baseline:  (3.074359572610869e+47, [452, 452, 452, 452, 452, 452, 452, 452, 452, 452, 452, 452, 452, 452, 452, 452, 452, 452, 452], 452, 2304)
best 5 choices:
(3.0701983630190156e+47, [441, 441, 441, 441, 441, 441, 441, 441, 441, 441, 441, 441, 441, 441, 441, 441, 441, 441, 441, 441, 441, 441, 441, 441, 441, 444, 445, 446, 447, 448, 449, 450, 452], 452, 2304)
(3.070210362232407e+47, [441, 441, 441, 441, 441, 441, 441, 441, 441, 441, 441, 441, 441, 441, 441, 441, 441, 441, 441, 441, 441, 441, 441, 441, 441, 441, 442, 445, 446, 447, 448, 449, 450, 452], 452, 2304)
(3.070212112932435e+47, [441, 441, 441, 441, 441, 441, 441, 441, 441, 441, 441, 441, 441, 441, 441, 441, 441, 441, 441, 441, 441, 441, 441, 441, 443, 444, 445, 447, 448, 450, 451, 452], 452, 2304)
(3.0702128635020084e+47, [441, 441, 441, 441, 441, 441, 441, 441, 441, 441, 441, 441, 441, 441, 441, 441, 441, 441, 441, 441, 441, 441, 441, 441, 441, 442, 444, 446, 447, 448, 449, 451, 452], 452, 2304)
(3.070213137461827e+47, [441, 441, 441, 441, 441, 441, 441, 441, 441, 441, 441, 441, 441, 441, 441, 441, 441, 441, 441, 441, 441, 441, 441, 441, 441, 442, 443, 444, 446, 447, 448, 449, 450, 452], 452, 2304)
end round with 18 suffixes


======== round 185 ========
todo suffixes: [[442, 443, 446, 447, 448, 449, 450, 452], [442, 446, 447, 448, 449, 450, 452], [445, 447, 448, 449, 450, 452], [444, 447, 448, 449, 450, 452], [443, 447, 448, 449, 450, 452], [446, 448, 449, 450, 452], [445, 448, 449, 450, 452], [444, 448, 449, 450, 452], [447, 449, 450, 452], [446, 449, 450, 452], [448, 450, 452], [447, 450, 452], [449, 452], [448, 452], [455], [454], [453], [451]]
cur_suffix:  [442, 443, 446, 447, 448, 449, 450, 452]
bz: 437.
iter:  25
bz: 438.
iter:  24
bz: 439.
iter:  24
bz: 440.
iter:  26
bz: 441.
iter:  26
fisrt choice: (-1, -1, -1)
baseline:  (3.074359572610869e+47, [452, 452, 452, 452, 452, 452, 452, 452, 452, 452, 452, 452, 452, 452, 452, 452, 452, 452, 452], 452, 2304)
the strategy is infeasible, continue


======== round 186 ========
todo suffixes: [[442, 446, 447, 448, 449, 450, 452], [445, 447, 448, 449, 450, 452], [444, 447, 448, 449, 450, 452], [443, 447, 448, 449, 450, 452], [446, 448, 449, 450, 452], [445, 448, 449, 450, 452], [444, 448, 449, 450, 452], [447, 449, 450, 452], [446, 449, 450, 452], [448, 450, 452], [447, 450, 452], [449, 452], [448, 452], [455], [454], [453], [451]]
cur_suffix:  [442, 446, 447, 448, 449, 450, 452]
bz: 437.
iter:  25
bz: 438.
iter:  24
bz: 439.
iter:  24
bz: 440.
iter:  26
bz: 441.
iter:  26
fisrt choice: (-1, -1, -1)
baseline:  (3.074359572610869e+47, [452, 452, 452, 452, 452, 452, 452, 452, 452, 452, 452, 452, 452, 452, 452, 452, 452, 452, 452], 452, 2304)
the strategy is infeasible, continue


======== round 187 ========
todo suffixes: [[445, 447, 448, 449, 450, 452], [444, 447, 448, 449, 450, 452], [443, 447, 448, 449, 450, 452], [446, 448, 449, 450, 452], [445, 448, 449, 450, 452], [444, 448, 449, 450, 452], [447, 449, 450, 452], [446, 449, 450, 452], [448, 450, 452], [447, 450, 452], [449, 452], [448, 452], [455], [454], [453], [451]]
cur_suffix:  [445, 447, 448, 449, 450, 452]
bz: 440.
iter:  26
bz: 441.
iter:  26
bz: 442.
fisrt choice: (3.070355943565903e+47, 442, 28)
baseline:  (3.074359572610869e+47, [452, 452, 452, 452, 452, 452, 452, 452, 452, 452, 452, 452, 452, 452, 452, 452, 452, 452, 452], 452, 2304)
best 5 choices:
(3.0701983630190156e+47, [441, 441, 441, 441, 441, 441, 441, 441, 441, 441, 441, 441, 441, 441, 441, 441, 441, 441, 441, 441, 441, 441, 441, 441, 441, 444, 445, 446, 447, 448, 449, 450, 452], 452, 2304)
(3.070210362232407e+47, [441, 441, 441, 441, 441, 441, 441, 441, 441, 441, 441, 441, 441, 441, 441, 441, 441, 441, 441, 441, 441, 441, 441, 441, 441, 441, 442, 445, 446, 447, 448, 449, 450, 452], 452, 2304)
(3.070212112932435e+47, [441, 441, 441, 441, 441, 441, 441, 441, 441, 441, 441, 441, 441, 441, 441, 441, 441, 441, 441, 441, 441, 441, 441, 441, 443, 444, 445, 447, 448, 450, 451, 452], 452, 2304)
(3.0702128635020084e+47, [441, 441, 441, 441, 441, 441, 441, 441, 441, 441, 441, 441, 441, 441, 441, 441, 441, 441, 441, 441, 441, 441, 441, 441, 441, 442, 444, 446, 447, 448, 449, 451, 452], 452, 2304)
(3.070213137461827e+47, [441, 441, 441, 441, 441, 441, 441, 441, 441, 441, 441, 441, 441, 441, 441, 441, 441, 441, 441, 441, 441, 441, 441, 441, 441, 442, 443, 444, 446, 447, 448, 449, 450, 452], 452, 2304)
end round with 18 suffixes


======== round 188 ========
todo suffixes: [[444, 445, 447, 448, 449, 450, 452], [443, 445, 447, 448, 449, 450, 452], [442, 445, 447, 448, 449, 450, 452], [444, 447, 448, 449, 450, 452], [443, 447, 448, 449, 450, 452], [446, 448, 449, 450, 452], [445, 448, 449, 450, 452], [444, 448, 449, 450, 452], [447, 449, 450, 452], [446, 449, 450, 452], [448, 450, 452], [447, 450, 452], [449, 452], [448, 452], [455], [454], [453], [451]]
cur_suffix:  [444, 445, 447, 448, 449, 450, 452]
bz: 439.
iter:  24
bz: 440.
iter:  26
bz: 441.
iter:  26
bz: 442.
fisrt choice: (3.0703363159607467e+47, 442, 26)
baseline:  (3.074359572610869e+47, [452, 452, 452, 452, 452, 452, 452, 452, 452, 452, 452, 452, 452, 452, 452, 452, 452, 452, 452], 452, 2304)
best 5 choices:
(3.0701983630190156e+47, [441, 441, 441, 441, 441, 441, 441, 441, 441, 441, 441, 441, 441, 441, 441, 441, 441, 441, 441, 441, 441, 441, 441, 441, 441, 444, 445, 446, 447, 448, 449, 450, 452], 452, 2304)
(3.070210362232407e+47, [441, 441, 441, 441, 441, 441, 441, 441, 441, 441, 441, 441, 441, 441, 441, 441, 441, 441, 441, 441, 441, 441, 441, 441, 441, 441, 442, 445, 446, 447, 448, 449, 450, 452], 452, 2304)
(3.070212112932435e+47, [441, 441, 441, 441, 441, 441, 441, 441, 441, 441, 441, 441, 441, 441, 441, 441, 441, 441, 441, 441, 441, 441, 441, 441, 443, 444, 445, 447, 448, 450, 451, 452], 452, 2304)
(3.0702128635020084e+47, [441, 441, 441, 441, 441, 441, 441, 441, 441, 441, 441, 441, 441, 441, 441, 441, 441, 441, 441, 441, 441, 441, 441, 441, 441, 442, 444, 446, 447, 448, 449, 451, 452], 452, 2304)
(3.070213137461827e+47, [441, 441, 441, 441, 441, 441, 441, 441, 441, 441, 441, 441, 441, 441, 441, 441, 441, 441, 441, 441, 441, 441, 441, 441, 441, 442, 443, 444, 446, 447, 448, 449, 450, 452], 452, 2304)
end round with 19 suffixes


======== round 189 ========
todo suffixes: [[443, 444, 445, 447, 448, 449, 450, 452], [442, 444, 445, 447, 448, 449, 450, 452], [443, 445, 447, 448, 449, 450, 452], [442, 445, 447, 448, 449, 450, 452], [444, 447, 448, 449, 450, 452], [443, 447, 448, 449, 450, 452], [446, 448, 449, 450, 452], [445, 448, 449, 450, 452], [444, 448, 449, 450, 452], [447, 449, 450, 452], [446, 449, 450, 452], [448, 450, 452], [447, 450, 452], [449, 452], [448, 452], [455], [454], [453], [451]]
cur_suffix:  [443, 444, 445, 447, 448, 449, 450, 452]
bz: 438.
iter:  24
bz: 439.
iter:  24
bz: 440.
iter:  26
bz: 441.
iter:  26
bz: 442.
fisrt choice: (3.070305119292847e+47, 442, 24)
baseline:  (3.074359572610869e+47, [452, 452, 452, 452, 452, 452, 452, 452, 452, 452, 452, 452, 452, 452, 452, 452, 452, 452, 452], 452, 2304)
best 5 choices:
(3.0701983630190156e+47, [441, 441, 441, 441, 441, 441, 441, 441, 441, 441, 441, 441, 441, 441, 441, 441, 441, 441, 441, 441, 441, 441, 441, 441, 441, 444, 445, 446, 447, 448, 449, 450, 452], 452, 2304)
(3.070210362232407e+47, [441, 441, 441, 441, 441, 441, 441, 441, 441, 441, 441, 441, 441, 441, 441, 441, 441, 441, 441, 441, 441, 441, 441, 441, 441, 441, 442, 445, 446, 447, 448, 449, 450, 452], 452, 2304)
(3.070212112932435e+47, [441, 441, 441, 441, 441, 441, 441, 441, 441, 441, 441, 441, 441, 441, 441, 441, 441, 441, 441, 441, 441, 441, 441, 441, 443, 444, 445, 447, 448, 450, 451, 452], 452, 2304)
(3.0702128635020084e+47, [441, 441, 441, 441, 441, 441, 441, 441, 441, 441, 441, 441, 441, 441, 441, 441, 441, 441, 441, 441, 441, 441, 441, 441, 441, 442, 444, 446, 447, 448, 449, 451, 452], 452, 2304)
(3.070213137461827e+47, [441, 441, 441, 441, 441, 441, 441, 441, 441, 441, 441, 441, 441, 441, 441, 441, 441, 441, 441, 441, 441, 441, 441, 441, 441, 442, 443, 444, 446, 447, 448, 449, 450, 452], 452, 2304)
end round with 19 suffixes


======== round 190 ========
todo suffixes: [[442, 443, 444, 445, 447, 448, 449, 450, 452], [442, 444, 445, 447, 448, 449, 450, 452], [443, 445, 447, 448, 449, 450, 452], [442, 445, 447, 448, 449, 450, 452], [444, 447, 448, 449, 450, 452], [443, 447, 448, 449, 450, 452], [446, 448, 449, 450, 452], [445, 448, 449, 450, 452], [444, 448, 449, 450, 452], [447, 449, 450, 452], [446, 449, 450, 452], [448, 450, 452], [447, 450, 452], [449, 452], [448, 452], [455], [454], [453], [451]]
cur_suffix:  [442, 443, 444, 445, 447, 448, 449, 450, 452]
bz: 437.
iter:  25
bz: 438.
iter:  24
bz: 439.
iter:  24
bz: 440.
iter:  26
bz: 441.
fisrt choice: (3.0702285539523764e+47, 441, 26)
baseline:  (3.074359572610869e+47, [452, 452, 452, 452, 452, 452, 452, 452, 452, 452, 452, 452, 452, 452, 452, 452, 452, 452, 452], 452, 2304)
best 5 choices:
(3.0701983630190156e+47, [441, 441, 441, 441, 441, 441, 441, 441, 441, 441, 441, 441, 441, 441, 441, 441, 441, 441, 441, 441, 441, 441, 441, 441, 441, 444, 445, 446, 447, 448, 449, 450, 452], 452, 2304)
(3.070210362232407e+47, [441, 441, 441, 441, 441, 441, 441, 441, 441, 441, 441, 441, 441, 441, 441, 441, 441, 441, 441, 441, 441, 441, 441, 441, 441, 441, 442, 445, 446, 447, 448, 449, 450, 452], 452, 2304)
(3.070212112932435e+47, [441, 441, 441, 441, 441, 441, 441, 441, 441, 441, 441, 441, 441, 441, 441, 441, 441, 441, 441, 441, 441, 441, 441, 441, 443, 444, 445, 447, 448, 450, 451, 452], 452, 2304)
(3.0702128635020084e+47, [441, 441, 441, 441, 441, 441, 441, 441, 441, 441, 441, 441, 441, 441, 441, 441, 441, 441, 441, 441, 441, 441, 441, 441, 441, 442, 444, 446, 447, 448, 449, 451, 452], 452, 2304)
(3.070213137461827e+47, [441, 441, 441, 441, 441, 441, 441, 441, 441, 441, 441, 441, 441, 441, 441, 441, 441, 441, 441, 441, 441, 441, 441, 441, 441, 442, 443, 444, 446, 447, 448, 449, 450, 452], 452, 2304)
end round with 18 suffixes


======== round 191 ========
todo suffixes: [[442, 444, 445, 447, 448, 449, 450, 452], [443, 445, 447, 448, 449, 450, 452], [442, 445, 447, 448, 449, 450, 452], [444, 447, 448, 449, 450, 452], [443, 447, 448, 449, 450, 452], [446, 448, 449, 450, 452], [445, 448, 449, 450, 452], [444, 448, 449, 450, 452], [447, 449, 450, 452], [446, 449, 450, 452], [448, 450, 452], [447, 450, 452], [449, 452], [448, 452], [455], [454], [453], [451]]
cur_suffix:  [442, 444, 445, 447, 448, 449, 450, 452]
bz: 437.
iter:  25
bz: 438.
iter:  24
bz: 439.
iter:  24
bz: 440.
iter:  26
bz: 441.
iter:  26
fisrt choice: (-1, -1, -1)
baseline:  (3.074359572610869e+47, [452, 452, 452, 452, 452, 452, 452, 452, 452, 452, 452, 452, 452, 452, 452, 452, 452, 452, 452], 452, 2304)
the strategy is infeasible, continue


======== round 192 ========
todo suffixes: [[443, 445, 447, 448, 449, 450, 452], [442, 445, 447, 448, 449, 450, 452], [444, 447, 448, 449, 450, 452], [443, 447, 448, 449, 450, 452], [446, 448, 449, 450, 452], [445, 448, 449, 450, 452], [444, 448, 449, 450, 452], [447, 449, 450, 452], [446, 449, 450, 452], [448, 450, 452], [447, 450, 452], [449, 452], [448, 452], [455], [454], [453], [451]]
cur_suffix:  [443, 445, 447, 448, 449, 450, 452]
bz: 438.
iter:  24
bz: 439.
iter:  24
bz: 440.
iter:  26
bz: 441.
iter:  26
bz: 442.
fisrt choice: (3.0703247468980035e+47, 442, 26)
baseline:  (3.074359572610869e+47, [452, 452, 452, 452, 452, 452, 452, 452, 452, 452, 452, 452, 452, 452, 452, 452, 452, 452, 452], 452, 2304)
best 5 choices:
(3.0701983630190156e+47, [441, 441, 441, 441, 441, 441, 441, 441, 441, 441, 441, 441, 441, 441, 441, 441, 441, 441, 441, 441, 441, 441, 441, 441, 441, 444, 445, 446, 447, 448, 449, 450, 452], 452, 2304)
(3.070210362232407e+47, [441, 441, 441, 441, 441, 441, 441, 441, 441, 441, 441, 441, 441, 441, 441, 441, 441, 441, 441, 441, 441, 441, 441, 441, 441, 441, 442, 445, 446, 447, 448, 449, 450, 452], 452, 2304)
(3.070212112932435e+47, [441, 441, 441, 441, 441, 441, 441, 441, 441, 441, 441, 441, 441, 441, 441, 441, 441, 441, 441, 441, 441, 441, 441, 441, 443, 444, 445, 447, 448, 450, 451, 452], 452, 2304)
(3.0702128635020084e+47, [441, 441, 441, 441, 441, 441, 441, 441, 441, 441, 441, 441, 441, 441, 441, 441, 441, 441, 441, 441, 441, 441, 441, 441, 441, 442, 444, 446, 447, 448, 449, 451, 452], 452, 2304)
(3.070213137461827e+47, [441, 441, 441, 441, 441, 441, 441, 441, 441, 441, 441, 441, 441, 441, 441, 441, 441, 441, 441, 441, 441, 441, 441, 441, 441, 442, 443, 444, 446, 447, 448, 449, 450, 452], 452, 2304)
end round with 17 suffixes


======== round 193 ========
todo suffixes: [[442, 443, 445, 447, 448, 449, 450, 452], [442, 445, 447, 448, 449, 450, 452], [444, 447, 448, 449, 450, 452], [443, 447, 448, 449, 450, 452], [446, 448, 449, 450, 452], [445, 448, 449, 450, 452], [444, 448, 449, 450, 452], [447, 449, 450, 452], [446, 449, 450, 452], [448, 450, 452], [447, 450, 452], [449, 452], [448, 452], [455], [454], [453], [451]]
cur_suffix:  [442, 443, 445, 447, 448, 449, 450, 452]
bz: 437.
iter:  25
bz: 438.
iter:  24
bz: 439.
iter:  24
bz: 440.
iter:  26
bz: 441.
iter:  26
fisrt choice: (-1, -1, -1)
baseline:  (3.074359572610869e+47, [452, 452, 452, 452, 452, 452, 452, 452, 452, 452, 452, 452, 452, 452, 452, 452, 452, 452, 452], 452, 2304)
the strategy is infeasible, continue


======== round 194 ========
todo suffixes: [[442, 445, 447, 448, 449, 450, 452], [444, 447, 448, 449, 450, 452], [443, 447, 448, 449, 450, 452], [446, 448, 449, 450, 452], [445, 448, 449, 450, 452], [444, 448, 449, 450, 452], [447, 449, 450, 452], [446, 449, 450, 452], [448, 450, 452], [447, 450, 452], [449, 452], [448, 452], [455], [454], [453], [451]]
cur_suffix:  [442, 445, 447, 448, 449, 450, 452]
bz: 437.
iter:  25
bz: 438.
iter:  24
bz: 439.
iter:  24
bz: 440.
iter:  26
bz: 441.
iter:  26
fisrt choice: (-1, -1, -1)
baseline:  (3.074359572610869e+47, [452, 452, 452, 452, 452, 452, 452, 452, 452, 452, 452, 452, 452, 452, 452, 452, 452, 452, 452], 452, 2304)
the strategy is infeasible, continue


======== round 195 ========
todo suffixes: [[444, 447, 448, 449, 450, 452], [443, 447, 448, 449, 450, 452], [446, 448, 449, 450, 452], [445, 448, 449, 450, 452], [444, 448, 449, 450, 452], [447, 449, 450, 452], [446, 449, 450, 452], [448, 450, 452], [447, 450, 452], [449, 452], [448, 452], [455], [454], [453], [451]]
cur_suffix:  [444, 447, 448, 449, 450, 452]
bz: 439.
iter:  24
bz: 440.
iter:  26
bz: 441.
iter:  26
bz: 442.
fisrt choice: (3.0703822870714574e+47, 442, 29)
baseline:  (3.074359572610869e+47, [452, 452, 452, 452, 452, 452, 452, 452, 452, 452, 452, 452, 452, 452, 452, 452, 452, 452, 452], 452, 2304)
best 5 choices:
(3.0701983630190156e+47, [441, 441, 441, 441, 441, 441, 441, 441, 441, 441, 441, 441, 441, 441, 441, 441, 441, 441, 441, 441, 441, 441, 441, 441, 441, 444, 445, 446, 447, 448, 449, 450, 452], 452, 2304)
(3.070210362232407e+47, [441, 441, 441, 441, 441, 441, 441, 441, 441, 441, 441, 441, 441, 441, 441, 441, 441, 441, 441, 441, 441, 441, 441, 441, 441, 441, 442, 445, 446, 447, 448, 449, 450, 452], 452, 2304)
(3.070212112932435e+47, [441, 441, 441, 441, 441, 441, 441, 441, 441, 441, 441, 441, 441, 441, 441, 441, 441, 441, 441, 441, 441, 441, 441, 441, 443, 444, 445, 447, 448, 450, 451, 452], 452, 2304)
(3.0702128635020084e+47, [441, 441, 441, 441, 441, 441, 441, 441, 441, 441, 441, 441, 441, 441, 441, 441, 441, 441, 441, 441, 441, 441, 441, 441, 441, 442, 444, 446, 447, 448, 449, 451, 452], 452, 2304)
(3.070213137461827e+47, [441, 441, 441, 441, 441, 441, 441, 441, 441, 441, 441, 441, 441, 441, 441, 441, 441, 441, 441, 441, 441, 441, 441, 441, 441, 442, 443, 444, 446, 447, 448, 449, 450, 452], 452, 2304)
end round with 16 suffixes


======== round 196 ========
todo suffixes: [[443, 444, 447, 448, 449, 450, 452], [442, 444, 447, 448, 449, 450, 452], [443, 447, 448, 449, 450, 452], [446, 448, 449, 450, 452], [445, 448, 449, 450, 452], [444, 448, 449, 450, 452], [447, 449, 450, 452], [446, 449, 450, 452], [448, 450, 452], [447, 450, 452], [449, 452], [448, 452], [455], [454], [453], [451]]
cur_suffix:  [443, 444, 447, 448, 449, 450, 452]
bz: 438.
iter:  24
bz: 439.
iter:  24
bz: 440.
iter:  26
bz: 441.
iter:  26
bz: 442.
fisrt choice: (3.070351090403558e+47, 442, 27)
baseline:  (3.074359572610869e+47, [452, 452, 452, 452, 452, 452, 452, 452, 452, 452, 452, 452, 452, 452, 452, 452, 452, 452, 452], 452, 2304)
best 5 choices:
(3.0701983630190156e+47, [441, 441, 441, 441, 441, 441, 441, 441, 441, 441, 441, 441, 441, 441, 441, 441, 441, 441, 441, 441, 441, 441, 441, 441, 441, 444, 445, 446, 447, 448, 449, 450, 452], 452, 2304)
(3.070210362232407e+47, [441, 441, 441, 441, 441, 441, 441, 441, 441, 441, 441, 441, 441, 441, 441, 441, 441, 441, 441, 441, 441, 441, 441, 441, 441, 441, 442, 445, 446, 447, 448, 449, 450, 452], 452, 2304)
(3.070212112932435e+47, [441, 441, 441, 441, 441, 441, 441, 441, 441, 441, 441, 441, 441, 441, 441, 441, 441, 441, 441, 441, 441, 441, 441, 441, 443, 444, 445, 447, 448, 450, 451, 452], 452, 2304)
(3.0702128635020084e+47, [441, 441, 441, 441, 441, 441, 441, 441, 441, 441, 441, 441, 441, 441, 441, 441, 441, 441, 441, 441, 441, 441, 441, 441, 441, 442, 444, 446, 447, 448, 449, 451, 452], 452, 2304)
(3.070213137461827e+47, [441, 441, 441, 441, 441, 441, 441, 441, 441, 441, 441, 441, 441, 441, 441, 441, 441, 441, 441, 441, 441, 441, 441, 441, 441, 442, 443, 444, 446, 447, 448, 449, 450, 452], 452, 2304)
end round with 16 suffixes


======== round 197 ========
todo suffixes: [[442, 443, 444, 447, 448, 449, 450, 452], [442, 444, 447, 448, 449, 450, 452], [443, 447, 448, 449, 450, 452], [446, 448, 449, 450, 452], [445, 448, 449, 450, 452], [444, 448, 449, 450, 452], [447, 449, 450, 452], [446, 449, 450, 452], [448, 450, 452], [447, 450, 452], [449, 452], [448, 452], [455], [454], [453], [451]]
cur_suffix:  [442, 443, 444, 447, 448, 449, 450, 452]
bz: 437.
iter:  25
bz: 438.
iter:  24
bz: 439.
iter:  24
bz: 440.
iter:  26
bz: 441.
iter:  26
fisrt choice: (-1, -1, -1)
baseline:  (3.074359572610869e+47, [452, 452, 452, 452, 452, 452, 452, 452, 452, 452, 452, 452, 452, 452, 452, 452, 452, 452, 452], 452, 2304)
the strategy is infeasible, continue


======== round 198 ========
todo suffixes: [[442, 444, 447, 448, 449, 450, 452], [443, 447, 448, 449, 450, 452], [446, 448, 449, 450, 452], [445, 448, 449, 450, 452], [444, 448, 449, 450, 452], [447, 449, 450, 452], [446, 449, 450, 452], [448, 450, 452], [447, 450, 452], [449, 452], [448, 452], [455], [454], [453], [451]]
cur_suffix:  [442, 444, 447, 448, 449, 450, 452]
bz: 437.
iter:  25
bz: 438.
iter:  24
bz: 439.
iter:  24
bz: 440.
iter:  26
bz: 441.
iter:  26
fisrt choice: (-1, -1, -1)
baseline:  (3.074359572610869e+47, [452, 452, 452, 452, 452, 452, 452, 452, 452, 452, 452, 452, 452, 452, 452, 452, 452, 452, 452], 452, 2304)
the strategy is infeasible, continue


======== round 199 ========
todo suffixes: [[443, 447, 448, 449, 450, 452], [446, 448, 449, 450, 452], [445, 448, 449, 450, 452], [444, 448, 449, 450, 452], [447, 449, 450, 452], [446, 449, 450, 452], [448, 450, 452], [447, 450, 452], [449, 452], [448, 452], [455], [454], [453], [451]]
cur_suffix:  [443, 447, 448, 449, 450, 452]
bz: 438.
iter:  24
bz: 439.
iter:  24
bz: 440.
iter:  26
bz: 441.
iter:  26
bz: 442.
iter:  29
fisrt choice: (-1, -1, -1)
baseline:  (3.074359572610869e+47, [452, 452, 452, 452, 452, 452, 452, 452, 452, 452, 452, 452, 452, 452, 452, 452, 452, 452, 452], 452, 2304)
the strategy is infeasible, continue


======== round 200 ========
todo suffixes: [[446, 448, 449, 450, 452], [445, 448, 449, 450, 452], [444, 448, 449, 450, 452], [447, 449, 450, 452], [446, 449, 450, 452], [448, 450, 452], [447, 450, 452], [449, 452], [448, 452], [455], [454], [453], [451]]
cur_suffix:  [446, 448, 449, 450, 452]
bz: 441.
iter:  26
bz: 442.
iter:  29
bz: 443.
fisrt choice: (3.0704715878559273e+47, 443, 27)
baseline:  (3.074359572610869e+47, [452, 452, 452, 452, 452, 452, 452, 452, 452, 452, 452, 452, 452, 452, 452, 452, 452, 452, 452], 452, 2304)
best 5 choices:
(3.0701983630190156e+47, [441, 441, 441, 441, 441, 441, 441, 441, 441, 441, 441, 441, 441, 441, 441, 441, 441, 441, 441, 441, 441, 441, 441, 441, 441, 444, 445, 446, 447, 448, 449, 450, 452], 452, 2304)
(3.070210362232407e+47, [441, 441, 441, 441, 441, 441, 441, 441, 441, 441, 441, 441, 441, 441, 441, 441, 441, 441, 441, 441, 441, 441, 441, 441, 441, 441, 442, 445, 446, 447, 448, 449, 450, 452], 452, 2304)
(3.070212112932435e+47, [441, 441, 441, 441, 441, 441, 441, 441, 441, 441, 441, 441, 441, 441, 441, 441, 441, 441, 441, 441, 441, 441, 441, 441, 443, 444, 445, 447, 448, 450, 451, 452], 452, 2304)
(3.0702128635020084e+47, [441, 441, 441, 441, 441, 441, 441, 441, 441, 441, 441, 441, 441, 441, 441, 441, 441, 441, 441, 441, 441, 441, 441, 441, 441, 442, 444, 446, 447, 448, 449, 451, 452], 452, 2304)
(3.070213137461827e+47, [441, 441, 441, 441, 441, 441, 441, 441, 441, 441, 441, 441, 441, 441, 441, 441, 441, 441, 441, 441, 441, 441, 441, 441, 441, 442, 443, 444, 446, 447, 448, 449, 450, 452], 452, 2304)
end round with 15 suffixes


======== round 201 ========
todo suffixes: [[445, 446, 448, 449, 450, 452], [444, 446, 448, 449, 450, 452], [443, 446, 448, 449, 450, 452], [445, 448, 449, 450, 452], [444, 448, 449, 450, 452], [447, 449, 450, 452], [446, 449, 450, 452], [448, 450, 452], [447, 450, 452], [449, 452], [448, 452], [455], [454], [453], [451]]
cur_suffix:  [445, 446, 448, 449, 450, 452]
bz: 440.
iter:  26
bz: 441.
iter:  26
bz: 442.
fisrt choice: (3.0703749259121323e+47, 442, 29)
baseline:  (3.074359572610869e+47, [452, 452, 452, 452, 452, 452, 452, 452, 452, 452, 452, 452, 452, 452, 452, 452, 452, 452, 452], 452, 2304)
best 5 choices:
(3.0701983630190156e+47, [441, 441, 441, 441, 441, 441, 441, 441, 441, 441, 441, 441, 441, 441, 441, 441, 441, 441, 441, 441, 441, 441, 441, 441, 441, 444, 445, 446, 447, 448, 449, 450, 452], 452, 2304)
(3.070210362232407e+47, [441, 441, 441, 441, 441, 441, 441, 441, 441, 441, 441, 441, 441, 441, 441, 441, 441, 441, 441, 441, 441, 441, 441, 441, 441, 441, 442, 445, 446, 447, 448, 449, 450, 452], 452, 2304)
(3.070212112932435e+47, [441, 441, 441, 441, 441, 441, 441, 441, 441, 441, 441, 441, 441, 441, 441, 441, 441, 441, 441, 441, 441, 441, 441, 441, 443, 444, 445, 447, 448, 450, 451, 452], 452, 2304)
(3.0702128635020084e+47, [441, 441, 441, 441, 441, 441, 441, 441, 441, 441, 441, 441, 441, 441, 441, 441, 441, 441, 441, 441, 441, 441, 441, 441, 441, 442, 444, 446, 447, 448, 449, 451, 452], 452, 2304)
(3.070213137461827e+47, [441, 441, 441, 441, 441, 441, 441, 441, 441, 441, 441, 441, 441, 441, 441, 441, 441, 441, 441, 441, 441, 441, 441, 441, 441, 442, 443, 444, 446, 447, 448, 449, 450, 452], 452, 2304)
end round with 17 suffixes


======== round 202 ========
todo suffixes: [[444, 445, 446, 448, 449, 450, 452], [443, 445, 446, 448, 449, 450, 452], [442, 445, 446, 448, 449, 450, 452], [444, 446, 448, 449, 450, 452], [443, 446, 448, 449, 450, 452], [445, 448, 449, 450, 452], [444, 448, 449, 450, 452], [447, 449, 450, 452], [446, 449, 450, 452], [448, 450, 452], [447, 450, 452], [449, 452], [448, 452], [455], [454], [453], [451]]
cur_suffix:  [444, 445, 446, 448, 449, 450, 452]
bz: 439.
iter:  24
bz: 440.
iter:  26
bz: 441.
iter:  26
bz: 442.
fisrt choice: (3.0703147073585047e+47, 442, 26)
baseline:  (3.074359572610869e+47, [452, 452, 452, 452, 452, 452, 452, 452, 452, 452, 452, 452, 452, 452, 452, 452, 452, 452, 452], 452, 2304)
best 5 choices:
(3.0701983630190156e+47, [441, 441, 441, 441, 441, 441, 441, 441, 441, 441, 441, 441, 441, 441, 441, 441, 441, 441, 441, 441, 441, 441, 441, 441, 441, 444, 445, 446, 447, 448, 449, 450, 452], 452, 2304)
(3.070210362232407e+47, [441, 441, 441, 441, 441, 441, 441, 441, 441, 441, 441, 441, 441, 441, 441, 441, 441, 441, 441, 441, 441, 441, 441, 441, 441, 441, 442, 445, 446, 447, 448, 449, 450, 452], 452, 2304)
(3.070212112932435e+47, [441, 441, 441, 441, 441, 441, 441, 441, 441, 441, 441, 441, 441, 441, 441, 441, 441, 441, 441, 441, 441, 441, 441, 441, 443, 444, 445, 447, 448, 450, 451, 452], 452, 2304)
(3.0702128635020084e+47, [441, 441, 441, 441, 441, 441, 441, 441, 441, 441, 441, 441, 441, 441, 441, 441, 441, 441, 441, 441, 441, 441, 441, 441, 441, 442, 444, 446, 447, 448, 449, 451, 452], 452, 2304)
(3.070213137461827e+47, [441, 441, 441, 441, 441, 441, 441, 441, 441, 441, 441, 441, 441, 441, 441, 441, 441, 441, 441, 441, 441, 441, 441, 441, 441, 442, 443, 444, 446, 447, 448, 449, 450, 452], 452, 2304)
end round with 18 suffixes


======== round 203 ========
todo suffixes: [[443, 444, 445, 446, 448, 449, 450, 452], [442, 444, 445, 446, 448, 449, 450, 452], [443, 445, 446, 448, 449, 450, 452], [442, 445, 446, 448, 449, 450, 452], [444, 446, 448, 449, 450, 452], [443, 446, 448, 449, 450, 452], [445, 448, 449, 450, 452], [444, 448, 449, 450, 452], [447, 449, 450, 452], [446, 449, 450, 452], [448, 450, 452], [447, 450, 452], [449, 452], [448, 452], [455], [454], [453], [451]]
cur_suffix:  [443, 444, 445, 446, 448, 449, 450, 452]
bz: 438.
iter:  24
bz: 439.
iter:  24
bz: 440.
iter:  26
bz: 441.
iter:  26
bz: 442.
fisrt choice: (3.0703241016390766e+47, 442, 25)
baseline:  (3.074359572610869e+47, [452, 452, 452, 452, 452, 452, 452, 452, 452, 452, 452, 452, 452, 452, 452, 452, 452, 452, 452], 452, 2304)
best 5 choices:
(3.0701983630190156e+47, [441, 441, 441, 441, 441, 441, 441, 441, 441, 441, 441, 441, 441, 441, 441, 441, 441, 441, 441, 441, 441, 441, 441, 441, 441, 444, 445, 446, 447, 448, 449, 450, 452], 452, 2304)
(3.070210362232407e+47, [441, 441, 441, 441, 441, 441, 441, 441, 441, 441, 441, 441, 441, 441, 441, 441, 441, 441, 441, 441, 441, 441, 441, 441, 441, 441, 442, 445, 446, 447, 448, 449, 450, 452], 452, 2304)
(3.070212112932435e+47, [441, 441, 441, 441, 441, 441, 441, 441, 441, 441, 441, 441, 441, 441, 441, 441, 441, 441, 441, 441, 441, 441, 441, 441, 443, 444, 445, 447, 448, 450, 451, 452], 452, 2304)
(3.0702128635020084e+47, [441, 441, 441, 441, 441, 441, 441, 441, 441, 441, 441, 441, 441, 441, 441, 441, 441, 441, 441, 441, 441, 441, 441, 441, 441, 442, 444, 446, 447, 448, 449, 451, 452], 452, 2304)
(3.070213137461827e+47, [441, 441, 441, 441, 441, 441, 441, 441, 441, 441, 441, 441, 441, 441, 441, 441, 441, 441, 441, 441, 441, 441, 441, 441, 441, 442, 443, 444, 446, 447, 448, 449, 450, 452], 452, 2304)
end round with 18 suffixes


======== round 204 ========
todo suffixes: [[442, 443, 444, 445, 446, 448, 449, 450, 452], [442, 444, 445, 446, 448, 449, 450, 452], [443, 445, 446, 448, 449, 450, 452], [442, 445, 446, 448, 449, 450, 452], [444, 446, 448, 449, 450, 452], [443, 446, 448, 449, 450, 452], [445, 448, 449, 450, 452], [444, 448, 449, 450, 452], [447, 449, 450, 452], [446, 449, 450, 452], [448, 450, 452], [447, 450, 452], [449, 452], [448, 452], [455], [454], [453], [451]]
cur_suffix:  [442, 443, 444, 445, 446, 448, 449, 450, 452]
bz: 437.
iter:  25
bz: 438.
iter:  24
bz: 439.
iter:  24
bz: 440.
iter:  26
bz: 441.
iter:  26
fisrt choice: (-1, -1, -1)
baseline:  (3.074359572610869e+47, [452, 452, 452, 452, 452, 452, 452, 452, 452, 452, 452, 452, 452, 452, 452, 452, 452, 452, 452], 452, 2304)
the strategy is infeasible, continue


======== round 205 ========
todo suffixes: [[442, 444, 445, 446, 448, 449, 450, 452], [443, 445, 446, 448, 449, 450, 452], [442, 445, 446, 448, 449, 450, 452], [444, 446, 448, 449, 450, 452], [443, 446, 448, 449, 450, 452], [445, 448, 449, 450, 452], [444, 448, 449, 450, 452], [447, 449, 450, 452], [446, 449, 450, 452], [448, 450, 452], [447, 450, 452], [449, 452], [448, 452], [455], [454], [453], [451]]
cur_suffix:  [442, 444, 445, 446, 448, 449, 450, 452]
bz: 437.
iter:  25
bz: 438.
iter:  24
bz: 439.
iter:  24
bz: 440.
iter:  26
bz: 441.
iter:  26
fisrt choice: (-1, -1, -1)
baseline:  (3.074359572610869e+47, [452, 452, 452, 452, 452, 452, 452, 452, 452, 452, 452, 452, 452, 452, 452, 452, 452, 452, 452], 452, 2304)
the strategy is infeasible, continue


======== round 206 ========
todo suffixes: [[443, 445, 446, 448, 449, 450, 452], [442, 445, 446, 448, 449, 450, 452], [444, 446, 448, 449, 450, 452], [443, 446, 448, 449, 450, 452], [445, 448, 449, 450, 452], [444, 448, 449, 450, 452], [447, 449, 450, 452], [446, 449, 450, 452], [448, 450, 452], [447, 450, 452], [449, 452], [448, 452], [455], [454], [453], [451]]
cur_suffix:  [443, 445, 446, 448, 449, 450, 452]
bz: 438.
iter:  24
bz: 439.
iter:  24
bz: 440.
iter:  26
bz: 441.
iter:  26
bz: 442.
fisrt choice: (3.070343729244233e+47, 442, 27)
baseline:  (3.074359572610869e+47, [452, 452, 452, 452, 452, 452, 452, 452, 452, 452, 452, 452, 452, 452, 452, 452, 452, 452, 452], 452, 2304)
best 5 choices:
(3.0701983630190156e+47, [441, 441, 441, 441, 441, 441, 441, 441, 441, 441, 441, 441, 441, 441, 441, 441, 441, 441, 441, 441, 441, 441, 441, 441, 441, 444, 445, 446, 447, 448, 449, 450, 452], 452, 2304)
(3.070210362232407e+47, [441, 441, 441, 441, 441, 441, 441, 441, 441, 441, 441, 441, 441, 441, 441, 441, 441, 441, 441, 441, 441, 441, 441, 441, 441, 441, 442, 445, 446, 447, 448, 449, 450, 452], 452, 2304)
(3.070212112932435e+47, [441, 441, 441, 441, 441, 441, 441, 441, 441, 441, 441, 441, 441, 441, 441, 441, 441, 441, 441, 441, 441, 441, 441, 441, 443, 444, 445, 447, 448, 450, 451, 452], 452, 2304)
(3.0702128635020084e+47, [441, 441, 441, 441, 441, 441, 441, 441, 441, 441, 441, 441, 441, 441, 441, 441, 441, 441, 441, 441, 441, 441, 441, 441, 441, 442, 444, 446, 447, 448, 449, 451, 452], 452, 2304)
(3.070213137461827e+47, [441, 441, 441, 441, 441, 441, 441, 441, 441, 441, 441, 441, 441, 441, 441, 441, 441, 441, 441, 441, 441, 441, 441, 441, 441, 442, 443, 444, 446, 447, 448, 449, 450, 452], 452, 2304)
end round with 16 suffixes


======== round 207 ========
todo suffixes: [[442, 443, 445, 446, 448, 449, 450, 452], [442, 445, 446, 448, 449, 450, 452], [444, 446, 448, 449, 450, 452], [443, 446, 448, 449, 450, 452], [445, 448, 449, 450, 452], [444, 448, 449, 450, 452], [447, 449, 450, 452], [446, 449, 450, 452], [448, 450, 452], [447, 450, 452], [449, 452], [448, 452], [455], [454], [453], [451]]
cur_suffix:  [442, 443, 445, 446, 448, 449, 450, 452]
bz: 437.
iter:  25
bz: 438.
iter:  24
bz: 439.
iter:  24
bz: 440.
iter:  26
bz: 441.
iter:  26
fisrt choice: (-1, -1, -1)
baseline:  (3.074359572610869e+47, [452, 452, 452, 452, 452, 452, 452, 452, 452, 452, 452, 452, 452, 452, 452, 452, 452, 452, 452], 452, 2304)
the strategy is infeasible, continue


======== round 208 ========
todo suffixes: [[442, 445, 446, 448, 449, 450, 452], [444, 446, 448, 449, 450, 452], [443, 446, 448, 449, 450, 452], [445, 448, 449, 450, 452], [444, 448, 449, 450, 452], [447, 449, 450, 452], [446, 449, 450, 452], [448, 450, 452], [447, 450, 452], [449, 452], [448, 452], [455], [454], [453], [451]]
cur_suffix:  [442, 445, 446, 448, 449, 450, 452]
bz: 437.
iter:  25
bz: 438.
iter:  24
bz: 439.
iter:  24
bz: 440.
iter:  26
bz: 441.
iter:  26
fisrt choice: (-1, -1, -1)
baseline:  (3.074359572610869e+47, [452, 452, 452, 452, 452, 452, 452, 452, 452, 452, 452, 452, 452, 452, 452, 452, 452, 452, 452], 452, 2304)
the strategy is infeasible, continue


======== round 209 ========
todo suffixes: [[444, 446, 448, 449, 450, 452], [443, 446, 448, 449, 450, 452], [445, 448, 449, 450, 452], [444, 448, 449, 450, 452], [447, 449, 450, 452], [446, 449, 450, 452], [448, 450, 452], [447, 450, 452], [449, 452], [448, 452], [455], [454], [453], [451]]
cur_suffix:  [444, 446, 448, 449, 450, 452]
bz: 439.
iter:  24
bz: 440.
iter:  26
bz: 441.
iter:  26
bz: 442.
iter:  29
bz: 443.
fisrt choice: (3.0704331716896273e+47, 443, 25)
baseline:  (3.074359572610869e+47, [452, 452, 452, 452, 452, 452, 452, 452, 452, 452, 452, 452, 452, 452, 452, 452, 452, 452, 452], 452, 2304)
best 5 choices:
(3.0701983630190156e+47, [441, 441, 441, 441, 441, 441, 441, 441, 441, 441, 441, 441, 441, 441, 441, 441, 441, 441, 441, 441, 441, 441, 441, 441, 441, 444, 445, 446, 447, 448, 449, 450, 452], 452, 2304)
(3.070210362232407e+47, [441, 441, 441, 441, 441, 441, 441, 441, 441, 441, 441, 441, 441, 441, 441, 441, 441, 441, 441, 441, 441, 441, 441, 441, 441, 441, 442, 445, 446, 447, 448, 449, 450, 452], 452, 2304)
(3.070212112932435e+47, [441, 441, 441, 441, 441, 441, 441, 441, 441, 441, 441, 441, 441, 441, 441, 441, 441, 441, 441, 441, 441, 441, 441, 441, 443, 444, 445, 447, 448, 450, 451, 452], 452, 2304)
(3.0702128635020084e+47, [441, 441, 441, 441, 441, 441, 441, 441, 441, 441, 441, 441, 441, 441, 441, 441, 441, 441, 441, 441, 441, 441, 441, 441, 441, 442, 444, 446, 447, 448, 449, 451, 452], 452, 2304)
(3.070213137461827e+47, [441, 441, 441, 441, 441, 441, 441, 441, 441, 441, 441, 441, 441, 441, 441, 441, 441, 441, 441, 441, 441, 441, 441, 441, 441, 442, 443, 444, 446, 447, 448, 449, 450, 452], 452, 2304)
end round with 14 suffixes


======== round 210 ========
todo suffixes: [[443, 444, 446, 448, 449, 450, 452], [443, 446, 448, 449, 450, 452], [445, 448, 449, 450, 452], [444, 448, 449, 450, 452], [447, 449, 450, 452], [446, 449, 450, 452], [448, 450, 452], [447, 450, 452], [449, 452], [448, 452], [455], [454], [453], [451]]
cur_suffix:  [443, 444, 446, 448, 449, 450, 452]
bz: 438.
iter:  24
bz: 439.
iter:  24
bz: 440.
iter:  26
bz: 441.
iter:  26
bz: 442.
fisrt choice: (3.0704106636982587e+47, 442, 29)
baseline:  (3.074359572610869e+47, [452, 452, 452, 452, 452, 452, 452, 452, 452, 452, 452, 452, 452, 452, 452, 452, 452, 452, 452], 452, 2304)
best 5 choices:
(3.0701983630190156e+47, [441, 441, 441, 441, 441, 441, 441, 441, 441, 441, 441, 441, 441, 441, 441, 441, 441, 441, 441, 441, 441, 441, 441, 441, 441, 444, 445, 446, 447, 448, 449, 450, 452], 452, 2304)
(3.070210362232407e+47, [441, 441, 441, 441, 441, 441, 441, 441, 441, 441, 441, 441, 441, 441, 441, 441, 441, 441, 441, 441, 441, 441, 441, 441, 441, 441, 442, 445, 446, 447, 448, 449, 450, 452], 452, 2304)
(3.070212112932435e+47, [441, 441, 441, 441, 441, 441, 441, 441, 441, 441, 441, 441, 441, 441, 441, 441, 441, 441, 441, 441, 441, 441, 441, 441, 443, 444, 445, 447, 448, 450, 451, 452], 452, 2304)
(3.0702128635020084e+47, [441, 441, 441, 441, 441, 441, 441, 441, 441, 441, 441, 441, 441, 441, 441, 441, 441, 441, 441, 441, 441, 441, 441, 441, 441, 442, 444, 446, 447, 448, 449, 451, 452], 452, 2304)
(3.070213137461827e+47, [441, 441, 441, 441, 441, 441, 441, 441, 441, 441, 441, 441, 441, 441, 441, 441, 441, 441, 441, 441, 441, 441, 441, 441, 441, 442, 443, 444, 446, 447, 448, 449, 450, 452], 452, 2304)
end round with 14 suffixes


======== round 211 ========
todo suffixes: [[442, 443, 444, 446, 448, 449, 450, 452], [443, 446, 448, 449, 450, 452], [445, 448, 449, 450, 452], [444, 448, 449, 450, 452], [447, 449, 450, 452], [446, 449, 450, 452], [448, 450, 452], [447, 450, 452], [449, 452], [448, 452], [455], [454], [453], [451]]
cur_suffix:  [442, 443, 444, 446, 448, 449, 450, 452]
bz: 437.
iter:  25
bz: 438.
iter:  24
bz: 439.
iter:  24
bz: 440.
iter:  26
bz: 441.
iter:  26
fisrt choice: (-1, -1, -1)
baseline:  (3.074359572610869e+47, [452, 452, 452, 452, 452, 452, 452, 452, 452, 452, 452, 452, 452, 452, 452, 452, 452, 452, 452], 452, 2304)
the strategy is infeasible, continue


======== round 212 ========
todo suffixes: [[443, 446, 448, 449, 450, 452], [445, 448, 449, 450, 452], [444, 448, 449, 450, 452], [447, 449, 450, 452], [446, 449, 450, 452], [448, 450, 452], [447, 450, 452], [449, 452], [448, 452], [455], [454], [453], [451]]
cur_suffix:  [443, 446, 448, 449, 450, 452]
bz: 438.
iter:  24
bz: 439.
iter:  24
bz: 440.
iter:  26
bz: 441.
iter:  26
bz: 442.
iter:  29
fisrt choice: (-1, -1, -1)
baseline:  (3.074359572610869e+47, [452, 452, 452, 452, 452, 452, 452, 452, 452, 452, 452, 452, 452, 452, 452, 452, 452, 452, 452], 452, 2304)
the strategy is infeasible, continue


======== round 213 ========
todo suffixes: [[445, 448, 449, 450, 452], [444, 448, 449, 450, 452], [447, 449, 450, 452], [446, 449, 450, 452], [448, 450, 452], [447, 450, 452], [449, 452], [448, 452], [455], [454], [453], [451]]
cur_suffix:  [445, 448, 449, 450, 452]
bz: 440.
iter:  26
bz: 441.
iter:  26
bz: 442.
iter:  29
bz: 443.
iter:  27
bz: 444.
fisrt choice: (3.0705817436084775e+47, 444, 24)
baseline:  (3.074359572610869e+47, [452, 452, 452, 452, 452, 452, 452, 452, 452, 452, 452, 452, 452, 452, 452, 452, 452, 452, 452], 452, 2304)
best 5 choices:
(3.0701983630190156e+47, [441, 441, 441, 441, 441, 441, 441, 441, 441, 441, 441, 441, 441, 441, 441, 441, 441, 441, 441, 441, 441, 441, 441, 441, 441, 444, 445, 446, 447, 448, 449, 450, 452], 452, 2304)
(3.070210362232407e+47, [441, 441, 441, 441, 441, 441, 441, 441, 441, 441, 441, 441, 441, 441, 441, 441, 441, 441, 441, 441, 441, 441, 441, 441, 441, 441, 442, 445, 446, 447, 448, 449, 450, 452], 452, 2304)
(3.070212112932435e+47, [441, 441, 441, 441, 441, 441, 441, 441, 441, 441, 441, 441, 441, 441, 441, 441, 441, 441, 441, 441, 441, 441, 441, 441, 443, 444, 445, 447, 448, 450, 451, 452], 452, 2304)
(3.0702128635020084e+47, [441, 441, 441, 441, 441, 441, 441, 441, 441, 441, 441, 441, 441, 441, 441, 441, 441, 441, 441, 441, 441, 441, 441, 441, 441, 442, 444, 446, 447, 448, 449, 451, 452], 452, 2304)
(3.070213137461827e+47, [441, 441, 441, 441, 441, 441, 441, 441, 441, 441, 441, 441, 441, 441, 441, 441, 441, 441, 441, 441, 441, 441, 441, 441, 441, 442, 443, 444, 446, 447, 448, 449, 450, 452], 452, 2304)
end round with 12 suffixes


======== round 214 ========
todo suffixes: [[444, 445, 448, 449, 450, 452], [444, 448, 449, 450, 452], [447, 449, 450, 452], [446, 449, 450, 452], [448, 450, 452], [447, 450, 452], [449, 452], [448, 452], [455], [454], [453], [451]]
cur_suffix:  [444, 445, 448, 449, 450, 452]
bz: 439.
iter:  24
bz: 440.
iter:  26
bz: 441.
iter:  26
bz: 442.
iter:  29
bz: 443.
fisrt choice: (3.0704656108525135e+47, 443, 26)
baseline:  (3.074359572610869e+47, [452, 452, 452, 452, 452, 452, 452, 452, 452, 452, 452, 452, 452, 452, 452, 452, 452, 452, 452], 452, 2304)
best 5 choices:
(3.0701983630190156e+47, [441, 441, 441, 441, 441, 441, 441, 441, 441, 441, 441, 441, 441, 441, 441, 441, 441, 441, 441, 441, 441, 441, 441, 441, 441, 444, 445, 446, 447, 448, 449, 450, 452], 452, 2304)
(3.070210362232407e+47, [441, 441, 441, 441, 441, 441, 441, 441, 441, 441, 441, 441, 441, 441, 441, 441, 441, 441, 441, 441, 441, 441, 441, 441, 441, 441, 442, 445, 446, 447, 448, 449, 450, 452], 452, 2304)
(3.070212112932435e+47, [441, 441, 441, 441, 441, 441, 441, 441, 441, 441, 441, 441, 441, 441, 441, 441, 441, 441, 441, 441, 441, 441, 441, 441, 443, 444, 445, 447, 448, 450, 451, 452], 452, 2304)
(3.0702128635020084e+47, [441, 441, 441, 441, 441, 441, 441, 441, 441, 441, 441, 441, 441, 441, 441, 441, 441, 441, 441, 441, 441, 441, 441, 441, 441, 442, 444, 446, 447, 448, 449, 451, 452], 452, 2304)
(3.070213137461827e+47, [441, 441, 441, 441, 441, 441, 441, 441, 441, 441, 441, 441, 441, 441, 441, 441, 441, 441, 441, 441, 441, 441, 441, 441, 441, 442, 443, 444, 446, 447, 448, 449, 450, 452], 452, 2304)
end round with 12 suffixes


======== round 215 ========
todo suffixes: [[443, 444, 445, 448, 449, 450, 452], [444, 448, 449, 450, 452], [447, 449, 450, 452], [446, 449, 450, 452], [448, 450, 452], [447, 450, 452], [449, 452], [448, 452], [455], [454], [453], [451]]
cur_suffix:  [443, 444, 445, 448, 449, 450, 452]
bz: 438.
iter:  24
bz: 439.
iter:  24
bz: 440.
iter:  26
bz: 441.
iter:  26
bz: 442.
iter:  29
fisrt choice: (-1, -1, -1)
baseline:  (3.074359572610869e+47, [452, 452, 452, 452, 452, 452, 452, 452, 452, 452, 452, 452, 452, 452, 452, 452, 452, 452, 452], 452, 2304)
the strategy is infeasible, continue


======== round 216 ========
todo suffixes: [[444, 448, 449, 450, 452], [447, 449, 450, 452], [446, 449, 450, 452], [448, 450, 452], [447, 450, 452], [449, 452], [448, 452], [455], [454], [453], [451]]
cur_suffix:  [444, 448, 449, 450, 452]
bz: 439.
iter:  24
bz: 440.
iter:  26
bz: 441.
iter:  26
bz: 442.
iter:  29
bz: 443.
iter:  27
fisrt choice: (-1, -1, -1)
baseline:  (3.074359572610869e+47, [452, 452, 452, 452, 452, 452, 452, 452, 452, 452, 452, 452, 452, 452, 452, 452, 452, 452, 452], 452, 2304)
the strategy is infeasible, continue


======== round 217 ========
todo suffixes: [[447, 449, 450, 452], [446, 449, 450, 452], [448, 450, 452], [447, 450, 452], [449, 452], [448, 452], [455], [454], [453], [451]]
cur_suffix:  [447, 449, 450, 452]
bz: 442.
iter:  29
bz: 443.
iter:  27
bz: 444.
fisrt choice: (3.0706024384489195e+47, 444, 26)
baseline:  (3.074359572610869e+47, [452, 452, 452, 452, 452, 452, 452, 452, 452, 452, 452, 452, 452, 452, 452, 452, 452, 452, 452], 452, 2304)
best 5 choices:
(3.0701983630190156e+47, [441, 441, 441, 441, 441, 441, 441, 441, 441, 441, 441, 441, 441, 441, 441, 441, 441, 441, 441, 441, 441, 441, 441, 441, 441, 444, 445, 446, 447, 448, 449, 450, 452], 452, 2304)
(3.070210362232407e+47, [441, 441, 441, 441, 441, 441, 441, 441, 441, 441, 441, 441, 441, 441, 441, 441, 441, 441, 441, 441, 441, 441, 441, 441, 441, 441, 442, 445, 446, 447, 448, 449, 450, 452], 452, 2304)
(3.070212112932435e+47, [441, 441, 441, 441, 441, 441, 441, 441, 441, 441, 441, 441, 441, 441, 441, 441, 441, 441, 441, 441, 441, 441, 441, 441, 443, 444, 445, 447, 448, 450, 451, 452], 452, 2304)
(3.0702128635020084e+47, [441, 441, 441, 441, 441, 441, 441, 441, 441, 441, 441, 441, 441, 441, 441, 441, 441, 441, 441, 441, 441, 441, 441, 441, 441, 442, 444, 446, 447, 448, 449, 451, 452], 452, 2304)
(3.070213137461827e+47, [441, 441, 441, 441, 441, 441, 441, 441, 441, 441, 441, 441, 441, 441, 441, 441, 441, 441, 441, 441, 441, 441, 441, 441, 441, 442, 443, 444, 446, 447, 448, 449, 450, 452], 452, 2304)
end round with 12 suffixes


======== round 218 ========
todo suffixes: [[446, 447, 449, 450, 452], [445, 447, 449, 450, 452], [444, 447, 449, 450, 452], [446, 449, 450, 452], [448, 450, 452], [447, 450, 452], [449, 452], [448, 452], [455], [454], [453], [451]]
cur_suffix:  [446, 447, 449, 450, 452]
bz: 441.
iter:  26
bz: 442.
iter:  29
bz: 443.
iter:  27
bz: 444.
fisrt choice: (3.070572677666207e+47, 444, 24)
baseline:  (3.074359572610869e+47, [452, 452, 452, 452, 452, 452, 452, 452, 452, 452, 452, 452, 452, 452, 452, 452, 452, 452, 452], 452, 2304)
best 5 choices:
(3.0701983630190156e+47, [441, 441, 441, 441, 441, 441, 441, 441, 441, 441, 441, 441, 441, 441, 441, 441, 441, 441, 441, 441, 441, 441, 441, 441, 441, 444, 445, 446, 447, 448, 449, 450, 452], 452, 2304)
(3.070210362232407e+47, [441, 441, 441, 441, 441, 441, 441, 441, 441, 441, 441, 441, 441, 441, 441, 441, 441, 441, 441, 441, 441, 441, 441, 441, 441, 441, 442, 445, 446, 447, 448, 449, 450, 452], 452, 2304)
(3.070212112932435e+47, [441, 441, 441, 441, 441, 441, 441, 441, 441, 441, 441, 441, 441, 441, 441, 441, 441, 441, 441, 441, 441, 441, 441, 441, 443, 444, 445, 447, 448, 450, 451, 452], 452, 2304)
(3.0702128635020084e+47, [441, 441, 441, 441, 441, 441, 441, 441, 441, 441, 441, 441, 441, 441, 441, 441, 441, 441, 441, 441, 441, 441, 441, 441, 441, 442, 444, 446, 447, 448, 449, 451, 452], 452, 2304)
(3.070213137461827e+47, [441, 441, 441, 441, 441, 441, 441, 441, 441, 441, 441, 441, 441, 441, 441, 441, 441, 441, 441, 441, 441, 441, 441, 441, 441, 442, 443, 444, 446, 447, 448, 449, 450, 452], 452, 2304)
end round with 13 suffixes


======== round 219 ========
todo suffixes: [[445, 446, 447, 449, 450, 452], [444, 446, 447, 449, 450, 452], [445, 447, 449, 450, 452], [444, 447, 449, 450, 452], [446, 449, 450, 452], [448, 450, 452], [447, 450, 452], [449, 452], [448, 452], [455], [454], [453], [451]]
cur_suffix:  [445, 446, 447, 449, 450, 452]
bz: 440.
iter:  26
bz: 441.
iter:  26
bz: 442.
iter:  29
bz: 443.
fisrt choice: (3.07047079235316e+47, 443, 26)
baseline:  (3.074359572610869e+47, [452, 452, 452, 452, 452, 452, 452, 452, 452, 452, 452, 452, 452, 452, 452, 452, 452, 452, 452], 452, 2304)
best 5 choices:
(3.0701983630190156e+47, [441, 441, 441, 441, 441, 441, 441, 441, 441, 441, 441, 441, 441, 441, 441, 441, 441, 441, 441, 441, 441, 441, 441, 441, 441, 444, 445, 446, 447, 448, 449, 450, 452], 452, 2304)
(3.070210362232407e+47, [441, 441, 441, 441, 441, 441, 441, 441, 441, 441, 441, 441, 441, 441, 441, 441, 441, 441, 441, 441, 441, 441, 441, 441, 441, 441, 442, 445, 446, 447, 448, 449, 450, 452], 452, 2304)
(3.070212112932435e+47, [441, 441, 441, 441, 441, 441, 441, 441, 441, 441, 441, 441, 441, 441, 441, 441, 441, 441, 441, 441, 441, 441, 441, 441, 443, 444, 445, 447, 448, 450, 451, 452], 452, 2304)
(3.0702128635020084e+47, [441, 441, 441, 441, 441, 441, 441, 441, 441, 441, 441, 441, 441, 441, 441, 441, 441, 441, 441, 441, 441, 441, 441, 441, 441, 442, 444, 446, 447, 448, 449, 451, 452], 452, 2304)
(3.070213137461827e+47, [441, 441, 441, 441, 441, 441, 441, 441, 441, 441, 441, 441, 441, 441, 441, 441, 441, 441, 441, 441, 441, 441, 441, 441, 441, 442, 443, 444, 446, 447, 448, 449, 450, 452], 452, 2304)
end round with 14 suffixes


======== round 220 ========
todo suffixes: [[444, 445, 446, 447, 449, 450, 452], [443, 445, 446, 447, 449, 450, 452], [444, 446, 447, 449, 450, 452], [445, 447, 449, 450, 452], [444, 447, 449, 450, 452], [446, 449, 450, 452], [448, 450, 452], [447, 450, 452], [449, 452], [448, 452], [455], [454], [453], [451]]
cur_suffix:  [444, 445, 446, 447, 449, 450, 452]
bz: 439.
iter:  24
bz: 440.
iter:  26
bz: 441.
iter:  26
bz: 442.
fisrt choice: (3.07036927724702e+47, 442, 28)
baseline:  (3.074359572610869e+47, [452, 452, 452, 452, 452, 452, 452, 452, 452, 452, 452, 452, 452, 452, 452, 452, 452, 452, 452], 452, 2304)
best 5 choices:
(3.0701983630190156e+47, [441, 441, 441, 441, 441, 441, 441, 441, 441, 441, 441, 441, 441, 441, 441, 441, 441, 441, 441, 441, 441, 441, 441, 441, 441, 444, 445, 446, 447, 448, 449, 450, 452], 452, 2304)
(3.070210362232407e+47, [441, 441, 441, 441, 441, 441, 441, 441, 441, 441, 441, 441, 441, 441, 441, 441, 441, 441, 441, 441, 441, 441, 441, 441, 441, 441, 442, 445, 446, 447, 448, 449, 450, 452], 452, 2304)
(3.070212112932435e+47, [441, 441, 441, 441, 441, 441, 441, 441, 441, 441, 441, 441, 441, 441, 441, 441, 441, 441, 441, 441, 441, 441, 441, 441, 443, 444, 445, 447, 448, 450, 451, 452], 452, 2304)
(3.0702128635020084e+47, [441, 441, 441, 441, 441, 441, 441, 441, 441, 441, 441, 441, 441, 441, 441, 441, 441, 441, 441, 441, 441, 441, 441, 441, 441, 442, 444, 446, 447, 448, 449, 451, 452], 452, 2304)
(3.070213137461827e+47, [441, 441, 441, 441, 441, 441, 441, 441, 441, 441, 441, 441, 441, 441, 441, 441, 441, 441, 441, 441, 441, 441, 441, 441, 441, 442, 443, 444, 446, 447, 448, 449, 450, 452], 452, 2304)
end round with 15 suffixes


======== round 221 ========
todo suffixes: [[443, 444, 445, 446, 447, 449, 450, 452], [442, 444, 445, 446, 447, 449, 450, 452], [443, 445, 446, 447, 449, 450, 452], [444, 446, 447, 449, 450, 452], [445, 447, 449, 450, 452], [444, 447, 449, 450, 452], [446, 449, 450, 452], [448, 450, 452], [447, 450, 452], [449, 452], [448, 452], [455], [454], [453], [451]]
cur_suffix:  [443, 444, 445, 446, 447, 449, 450, 452]
bz: 438.
iter:  24
bz: 439.
iter:  24
bz: 440.
iter:  26
bz: 441.
iter:  26
bz: 442.
fisrt choice: (3.0703380805791204e+47, 442, 26)
baseline:  (3.074359572610869e+47, [452, 452, 452, 452, 452, 452, 452, 452, 452, 452, 452, 452, 452, 452, 452, 452, 452, 452, 452], 452, 2304)
best 5 choices:
(3.0701983630190156e+47, [441, 441, 441, 441, 441, 441, 441, 441, 441, 441, 441, 441, 441, 441, 441, 441, 441, 441, 441, 441, 441, 441, 441, 441, 441, 444, 445, 446, 447, 448, 449, 450, 452], 452, 2304)
(3.070210362232407e+47, [441, 441, 441, 441, 441, 441, 441, 441, 441, 441, 441, 441, 441, 441, 441, 441, 441, 441, 441, 441, 441, 441, 441, 441, 441, 441, 442, 445, 446, 447, 448, 449, 450, 452], 452, 2304)
(3.070212112932435e+47, [441, 441, 441, 441, 441, 441, 441, 441, 441, 441, 441, 441, 441, 441, 441, 441, 441, 441, 441, 441, 441, 441, 441, 441, 443, 444, 445, 447, 448, 450, 451, 452], 452, 2304)
(3.0702128635020084e+47, [441, 441, 441, 441, 441, 441, 441, 441, 441, 441, 441, 441, 441, 441, 441, 441, 441, 441, 441, 441, 441, 441, 441, 441, 441, 442, 444, 446, 447, 448, 449, 451, 452], 452, 2304)
(3.070213137461827e+47, [441, 441, 441, 441, 441, 441, 441, 441, 441, 441, 441, 441, 441, 441, 441, 441, 441, 441, 441, 441, 441, 441, 441, 441, 441, 442, 443, 444, 446, 447, 448, 449, 450, 452], 452, 2304)
end round with 15 suffixes


======== round 222 ========
todo suffixes: [[442, 443, 444, 445, 446, 447, 449, 450, 452], [442, 444, 445, 446, 447, 449, 450, 452], [443, 445, 446, 447, 449, 450, 452], [444, 446, 447, 449, 450, 452], [445, 447, 449, 450, 452], [444, 447, 449, 450, 452], [446, 449, 450, 452], [448, 450, 452], [447, 450, 452], [449, 452], [448, 452], [455], [454], [453], [451]]
cur_suffix:  [442, 443, 444, 445, 446, 447, 449, 450, 452]
bz: 437.
iter:  25
bz: 438.
iter:  24
bz: 439.
iter:  24
bz: 440.
iter:  26
bz: 441.
iter:  26
fisrt choice: (-1, -1, -1)
baseline:  (3.074359572610869e+47, [452, 452, 452, 452, 452, 452, 452, 452, 452, 452, 452, 452, 452, 452, 452, 452, 452, 452, 452], 452, 2304)
the strategy is infeasible, continue


======== round 223 ========
todo suffixes: [[442, 444, 445, 446, 447, 449, 450, 452], [443, 445, 446, 447, 449, 450, 452], [444, 446, 447, 449, 450, 452], [445, 447, 449, 450, 452], [444, 447, 449, 450, 452], [446, 449, 450, 452], [448, 450, 452], [447, 450, 452], [449, 452], [448, 452], [455], [454], [453], [451]]
cur_suffix:  [442, 444, 445, 446, 447, 449, 450, 452]
bz: 437.
iter:  25
bz: 438.
iter:  24
bz: 439.
iter:  24
bz: 440.
iter:  26
bz: 441.
iter:  26
fisrt choice: (-1, -1, -1)
baseline:  (3.074359572610869e+47, [452, 452, 452, 452, 452, 452, 452, 452, 452, 452, 452, 452, 452, 452, 452, 452, 452, 452, 452], 452, 2304)
the strategy is infeasible, continue


======== round 224 ========
todo suffixes: [[443, 445, 446, 447, 449, 450, 452], [444, 446, 447, 449, 450, 452], [445, 447, 449, 450, 452], [444, 447, 449, 450, 452], [446, 449, 450, 452], [448, 450, 452], [447, 450, 452], [449, 452], [448, 452], [455], [454], [453], [451]]
cur_suffix:  [443, 445, 446, 447, 449, 450, 452]
bz: 438.
iter:  24
bz: 439.
iter:  24
bz: 440.
iter:  26
bz: 441.
iter:  26
bz: 442.
fisrt choice: (3.070398299132748e+47, 442, 29)
baseline:  (3.074359572610869e+47, [452, 452, 452, 452, 452, 452, 452, 452, 452, 452, 452, 452, 452, 452, 452, 452, 452, 452, 452], 452, 2304)
best 5 choices:
(3.0701983630190156e+47, [441, 441, 441, 441, 441, 441, 441, 441, 441, 441, 441, 441, 441, 441, 441, 441, 441, 441, 441, 441, 441, 441, 441, 441, 441, 444, 445, 446, 447, 448, 449, 450, 452], 452, 2304)
(3.070210362232407e+47, [441, 441, 441, 441, 441, 441, 441, 441, 441, 441, 441, 441, 441, 441, 441, 441, 441, 441, 441, 441, 441, 441, 441, 441, 441, 441, 442, 445, 446, 447, 448, 449, 450, 452], 452, 2304)
(3.070212112932435e+47, [441, 441, 441, 441, 441, 441, 441, 441, 441, 441, 441, 441, 441, 441, 441, 441, 441, 441, 441, 441, 441, 441, 441, 441, 443, 444, 445, 447, 448, 450, 451, 452], 452, 2304)
(3.0702128635020084e+47, [441, 441, 441, 441, 441, 441, 441, 441, 441, 441, 441, 441, 441, 441, 441, 441, 441, 441, 441, 441, 441, 441, 441, 441, 441, 442, 444, 446, 447, 448, 449, 451, 452], 452, 2304)
(3.070213137461827e+47, [441, 441, 441, 441, 441, 441, 441, 441, 441, 441, 441, 441, 441, 441, 441, 441, 441, 441, 441, 441, 441, 441, 441, 441, 441, 442, 443, 444, 446, 447, 448, 449, 450, 452], 452, 2304)
end round with 13 suffixes


======== round 225 ========
todo suffixes: [[442, 443, 445, 446, 447, 449, 450, 452], [444, 446, 447, 449, 450, 452], [445, 447, 449, 450, 452], [444, 447, 449, 450, 452], [446, 449, 450, 452], [448, 450, 452], [447, 450, 452], [449, 452], [448, 452], [455], [454], [453], [451]]
cur_suffix:  [442, 443, 445, 446, 447, 449, 450, 452]
bz: 437.
iter:  25
bz: 438.
iter:  24
bz: 439.
iter:  24
bz: 440.
iter:  26
bz: 441.
iter:  26
fisrt choice: (-1, -1, -1)
baseline:  (3.074359572610869e+47, [452, 452, 452, 452, 452, 452, 452, 452, 452, 452, 452, 452, 452, 452, 452, 452, 452, 452, 452], 452, 2304)
the strategy is infeasible, continue


======== round 226 ========
todo suffixes: [[444, 446, 447, 449, 450, 452], [445, 447, 449, 450, 452], [444, 447, 449, 450, 452], [446, 449, 450, 452], [448, 450, 452], [447, 450, 452], [449, 452], [448, 452], [455], [454], [453], [451]]
cur_suffix:  [444, 446, 447, 449, 450, 452]
bz: 439.
iter:  24
bz: 440.
iter:  26
bz: 441.
iter:  26
bz: 442.
iter:  29
bz: 443.
fisrt choice: (3.070456544910243e+47, 443, 26)
baseline:  (3.074359572610869e+47, [452, 452, 452, 452, 452, 452, 452, 452, 452, 452, 452, 452, 452, 452, 452, 452, 452, 452, 452], 452, 2304)
best 5 choices:
(3.0701983630190156e+47, [441, 441, 441, 441, 441, 441, 441, 441, 441, 441, 441, 441, 441, 441, 441, 441, 441, 441, 441, 441, 441, 441, 441, 441, 441, 444, 445, 446, 447, 448, 449, 450, 452], 452, 2304)
(3.070210362232407e+47, [441, 441, 441, 441, 441, 441, 441, 441, 441, 441, 441, 441, 441, 441, 441, 441, 441, 441, 441, 441, 441, 441, 441, 441, 441, 441, 442, 445, 446, 447, 448, 449, 450, 452], 452, 2304)
(3.070212112932435e+47, [441, 441, 441, 441, 441, 441, 441, 441, 441, 441, 441, 441, 441, 441, 441, 441, 441, 441, 441, 441, 441, 441, 441, 441, 443, 444, 445, 447, 448, 450, 451, 452], 452, 2304)
(3.0702128635020084e+47, [441, 441, 441, 441, 441, 441, 441, 441, 441, 441, 441, 441, 441, 441, 441, 441, 441, 441, 441, 441, 441, 441, 441, 441, 441, 442, 444, 446, 447, 448, 449, 451, 452], 452, 2304)
(3.070213137461827e+47, [441, 441, 441, 441, 441, 441, 441, 441, 441, 441, 441, 441, 441, 441, 441, 441, 441, 441, 441, 441, 441, 441, 441, 441, 441, 442, 443, 444, 446, 447, 448, 449, 450, 452], 452, 2304)
end round with 12 suffixes


======== round 227 ========
todo suffixes: [[443, 444, 446, 447, 449, 450, 452], [445, 447, 449, 450, 452], [444, 447, 449, 450, 452], [446, 449, 450, 452], [448, 450, 452], [447, 450, 452], [449, 452], [448, 452], [455], [454], [453], [451]]
cur_suffix:  [443, 444, 446, 447, 449, 450, 452]
bz: 438.
iter:  24
bz: 439.
iter:  24
bz: 440.
iter:  26
bz: 441.
iter:  26
bz: 442.
iter:  29
fisrt choice: (-1, -1, -1)
baseline:  (3.074359572610869e+47, [452, 452, 452, 452, 452, 452, 452, 452, 452, 452, 452, 452, 452, 452, 452, 452, 452, 452, 452], 452, 2304)
the strategy is infeasible, continue


======== round 228 ========
todo suffixes: [[445, 447, 449, 450, 452], [444, 447, 449, 450, 452], [446, 449, 450, 452], [448, 450, 452], [447, 450, 452], [449, 452], [448, 452], [455], [454], [453], [451]]
cur_suffix:  [445, 447, 449, 450, 452]
bz: 440.
iter:  26
bz: 441.
iter:  26
bz: 442.
iter:  29
bz: 443.
iter:  27
bz: 444.
fisrt choice: (3.0706166858918363e+47, 444, 25)
baseline:  (3.074359572610869e+47, [452, 452, 452, 452, 452, 452, 452, 452, 452, 452, 452, 452, 452, 452, 452, 452, 452, 452, 452], 452, 2304)
best 5 choices:
(3.0701983630190156e+47, [441, 441, 441, 441, 441, 441, 441, 441, 441, 441, 441, 441, 441, 441, 441, 441, 441, 441, 441, 441, 441, 441, 441, 441, 441, 444, 445, 446, 447, 448, 449, 450, 452], 452, 2304)
(3.070210362232407e+47, [441, 441, 441, 441, 441, 441, 441, 441, 441, 441, 441, 441, 441, 441, 441, 441, 441, 441, 441, 441, 441, 441, 441, 441, 441, 441, 442, 445, 446, 447, 448, 449, 450, 452], 452, 2304)
(3.070212112932435e+47, [441, 441, 441, 441, 441, 441, 441, 441, 441, 441, 441, 441, 441, 441, 441, 441, 441, 441, 441, 441, 441, 441, 441, 441, 443, 444, 445, 447, 448, 450, 451, 452], 452, 2304)
(3.0702128635020084e+47, [441, 441, 441, 441, 441, 441, 441, 441, 441, 441, 441, 441, 441, 441, 441, 441, 441, 441, 441, 441, 441, 441, 441, 441, 441, 442, 444, 446, 447, 448, 449, 451, 452], 452, 2304)
(3.070213137461827e+47, [441, 441, 441, 441, 441, 441, 441, 441, 441, 441, 441, 441, 441, 441, 441, 441, 441, 441, 441, 441, 441, 441, 441, 441, 441, 442, 443, 444, 446, 447, 448, 449, 450, 452], 452, 2304)
end round with 11 suffixes


======== round 229 ========
todo suffixes: [[444, 445, 447, 449, 450, 452], [444, 447, 449, 450, 452], [446, 449, 450, 452], [448, 450, 452], [447, 450, 452], [449, 452], [448, 452], [455], [454], [453], [451]]
cur_suffix:  [444, 445, 447, 449, 450, 452]
bz: 439.
iter:  24
bz: 440.
iter:  26
bz: 441.
iter:  26
bz: 442.
iter:  29
bz: 443.
fisrt choice: (3.070488984073129e+47, 443, 27)
baseline:  (3.074359572610869e+47, [452, 452, 452, 452, 452, 452, 452, 452, 452, 452, 452, 452, 452, 452, 452, 452, 452, 452, 452], 452, 2304)
best 5 choices:
(3.0701983630190156e+47, [441, 441, 441, 441, 441, 441, 441, 441, 441, 441, 441, 441, 441, 441, 441, 441, 441, 441, 441, 441, 441, 441, 441, 441, 441, 444, 445, 446, 447, 448, 449, 450, 452], 452, 2304)
(3.070210362232407e+47, [441, 441, 441, 441, 441, 441, 441, 441, 441, 441, 441, 441, 441, 441, 441, 441, 441, 441, 441, 441, 441, 441, 441, 441, 441, 441, 442, 445, 446, 447, 448, 449, 450, 452], 452, 2304)
(3.070212112932435e+47, [441, 441, 441, 441, 441, 441, 441, 441, 441, 441, 441, 441, 441, 441, 441, 441, 441, 441, 441, 441, 441, 441, 441, 441, 443, 444, 445, 447, 448, 450, 451, 452], 452, 2304)
(3.0702128635020084e+47, [441, 441, 441, 441, 441, 441, 441, 441, 441, 441, 441, 441, 441, 441, 441, 441, 441, 441, 441, 441, 441, 441, 441, 441, 441, 442, 444, 446, 447, 448, 449, 451, 452], 452, 2304)
(3.070213137461827e+47, [441, 441, 441, 441, 441, 441, 441, 441, 441, 441, 441, 441, 441, 441, 441, 441, 441, 441, 441, 441, 441, 441, 441, 441, 441, 442, 443, 444, 446, 447, 448, 449, 450, 452], 452, 2304)
end round with 11 suffixes


======== round 230 ========
todo suffixes: [[443, 444, 445, 447, 449, 450, 452], [444, 447, 449, 450, 452], [446, 449, 450, 452], [448, 450, 452], [447, 450, 452], [449, 452], [448, 452], [455], [454], [453], [451]]
cur_suffix:  [443, 444, 445, 447, 449, 450, 452]
bz: 438.
iter:  24
bz: 439.
iter:  24
bz: 440.
iter:  26
bz: 441.
iter:  26
bz: 442.
iter:  29
fisrt choice: (-1, -1, -1)
baseline:  (3.074359572610869e+47, [452, 452, 452, 452, 452, 452, 452, 452, 452, 452, 452, 452, 452, 452, 452, 452, 452, 452, 452], 452, 2304)
the strategy is infeasible, continue


======== round 231 ========
todo suffixes: [[444, 447, 449, 450, 452], [446, 449, 450, 452], [448, 450, 452], [447, 450, 452], [449, 452], [448, 452], [455], [454], [453], [451]]
cur_suffix:  [444, 447, 449, 450, 452]
bz: 439.
iter:  24
bz: 440.
iter:  26
bz: 441.
iter:  26
bz: 442.
iter:  29
bz: 443.
iter:  27
fisrt choice: (-1, -1, -1)
baseline:  (3.074359572610869e+47, [452, 452, 452, 452, 452, 452, 452, 452, 452, 452, 452, 452, 452, 452, 452, 452, 452, 452, 452], 452, 2304)
the strategy is infeasible, continue


======== round 232 ========
todo suffixes: [[446, 449, 450, 452], [448, 450, 452], [447, 450, 452], [449, 452], [448, 452], [455], [454], [453], [451]]
cur_suffix:  [446, 449, 450, 452]
bz: 441.
iter:  26
bz: 442.
iter:  29
bz: 443.
iter:  27
bz: 444.
iter:  26
bz: 445.
fisrt choice: (3.0707996598931094e+47, 445, 24)
baseline:  (3.074359572610869e+47, [452, 452, 452, 452, 452, 452, 452, 452, 452, 452, 452, 452, 452, 452, 452, 452, 452, 452, 452], 452, 2304)
best 5 choices:
(3.0701983630190156e+47, [441, 441, 441, 441, 441, 441, 441, 441, 441, 441, 441, 441, 441, 441, 441, 441, 441, 441, 441, 441, 441, 441, 441, 441, 441, 444, 445, 446, 447, 448, 449, 450, 452], 452, 2304)
(3.070210362232407e+47, [441, 441, 441, 441, 441, 441, 441, 441, 441, 441, 441, 441, 441, 441, 441, 441, 441, 441, 441, 441, 441, 441, 441, 441, 441, 441, 442, 445, 446, 447, 448, 449, 450, 452], 452, 2304)
(3.070212112932435e+47, [441, 441, 441, 441, 441, 441, 441, 441, 441, 441, 441, 441, 441, 441, 441, 441, 441, 441, 441, 441, 441, 441, 441, 441, 443, 444, 445, 447, 448, 450, 451, 452], 452, 2304)
(3.0702128635020084e+47, [441, 441, 441, 441, 441, 441, 441, 441, 441, 441, 441, 441, 441, 441, 441, 441, 441, 441, 441, 441, 441, 441, 441, 441, 441, 442, 444, 446, 447, 448, 449, 451, 452], 452, 2304)
(3.070213137461827e+47, [441, 441, 441, 441, 441, 441, 441, 441, 441, 441, 441, 441, 441, 441, 441, 441, 441, 441, 441, 441, 441, 441, 441, 441, 441, 442, 443, 444, 446, 447, 448, 449, 450, 452], 452, 2304)
end round with 9 suffixes


======== round 233 ========
todo suffixes: [[445, 446, 449, 450, 452], [448, 450, 452], [447, 450, 452], [449, 452], [448, 452], [455], [454], [453], [451]]
cur_suffix:  [445, 446, 449, 450, 452]
bz: 440.
iter:  26
bz: 441.
iter:  26
bz: 442.
iter:  29
bz: 443.
iter:  27
bz: 444.
fisrt choice: (3.0705950772895944e+47, 444, 25)
baseline:  (3.074359572610869e+47, [452, 452, 452, 452, 452, 452, 452, 452, 452, 452, 452, 452, 452, 452, 452, 452, 452, 452, 452], 452, 2304)
best 5 choices:
(3.0701983630190156e+47, [441, 441, 441, 441, 441, 441, 441, 441, 441, 441, 441, 441, 441, 441, 441, 441, 441, 441, 441, 441, 441, 441, 441, 441, 441, 444, 445, 446, 447, 448, 449, 450, 452], 452, 2304)
(3.070210362232407e+47, [441, 441, 441, 441, 441, 441, 441, 441, 441, 441, 441, 441, 441, 441, 441, 441, 441, 441, 441, 441, 441, 441, 441, 441, 441, 441, 442, 445, 446, 447, 448, 449, 450, 452], 452, 2304)
(3.070212112932435e+47, [441, 441, 441, 441, 441, 441, 441, 441, 441, 441, 441, 441, 441, 441, 441, 441, 441, 441, 441, 441, 441, 441, 441, 441, 443, 444, 445, 447, 448, 450, 451, 452], 452, 2304)
(3.0702128635020084e+47, [441, 441, 441, 441, 441, 441, 441, 441, 441, 441, 441, 441, 441, 441, 441, 441, 441, 441, 441, 441, 441, 441, 441, 441, 441, 442, 444, 446, 447, 448, 449, 451, 452], 452, 2304)
(3.070213137461827e+47, [441, 441, 441, 441, 441, 441, 441, 441, 441, 441, 441, 441, 441, 441, 441, 441, 441, 441, 441, 441, 441, 441, 441, 441, 441, 442, 443, 444, 446, 447, 448, 449, 450, 452], 452, 2304)
end round with 9 suffixes


======== round 234 ========
todo suffixes: [[444, 445, 446, 449, 450, 452], [448, 450, 452], [447, 450, 452], [449, 452], [448, 452], [455], [454], [453], [451]]
cur_suffix:  [444, 445, 446, 449, 450, 452]
bz: 439.
iter:  24
bz: 440.
iter:  26
bz: 441.
iter:  26
bz: 442.
iter:  29
bz: 443.
iter:  27
fisrt choice: (-1, -1, -1)
baseline:  (3.074359572610869e+47, [452, 452, 452, 452, 452, 452, 452, 452, 452, 452, 452, 452, 452, 452, 452, 452, 452, 452, 452], 452, 2304)
the strategy is infeasible, continue


======== round 235 ========
todo suffixes: [[448, 450, 452], [447, 450, 452], [449, 452], [448, 452], [455], [454], [453], [451]]
cur_suffix:  [448, 450, 452]
bz: 443.
iter:  27
bz: 444.
iter:  26
bz: 445.
iter:  24
bz: 446.
fisrt choice: (3.071001295635224e+47, 446, 23)
baseline:  (3.074359572610869e+47, [452, 452, 452, 452, 452, 452, 452, 452, 452, 452, 452, 452, 452, 452, 452, 452, 452, 452, 452], 452, 2304)
best 5 choices:
(3.0701983630190156e+47, [441, 441, 441, 441, 441, 441, 441, 441, 441, 441, 441, 441, 441, 441, 441, 441, 441, 441, 441, 441, 441, 441, 441, 441, 441, 444, 445, 446, 447, 448, 449, 450, 452], 452, 2304)
(3.070210362232407e+47, [441, 441, 441, 441, 441, 441, 441, 441, 441, 441, 441, 441, 441, 441, 441, 441, 441, 441, 441, 441, 441, 441, 441, 441, 441, 441, 442, 445, 446, 447, 448, 449, 450, 452], 452, 2304)
(3.070212112932435e+47, [441, 441, 441, 441, 441, 441, 441, 441, 441, 441, 441, 441, 441, 441, 441, 441, 441, 441, 441, 441, 441, 441, 441, 441, 443, 444, 445, 447, 448, 450, 451, 452], 452, 2304)
(3.0702128635020084e+47, [441, 441, 441, 441, 441, 441, 441, 441, 441, 441, 441, 441, 441, 441, 441, 441, 441, 441, 441, 441, 441, 441, 441, 441, 441, 442, 444, 446, 447, 448, 449, 451, 452], 452, 2304)
(3.070213137461827e+47, [441, 441, 441, 441, 441, 441, 441, 441, 441, 441, 441, 441, 441, 441, 441, 441, 441, 441, 441, 441, 441, 441, 441, 441, 441, 442, 443, 444, 446, 447, 448, 449, 450, 452], 452, 2304)
end round with 9 suffixes


======== round 236 ========
todo suffixes: [[447, 448, 450, 452], [446, 448, 450, 452], [447, 450, 452], [449, 452], [448, 452], [455], [454], [453], [451]]
cur_suffix:  [447, 448, 450, 452]
bz: 442.
iter:  29
bz: 443.
iter:  27
bz: 444.
iter:  26
bz: 445.
fisrt choice: (3.0707884942514186e+47, 445, 24)
baseline:  (3.074359572610869e+47, [452, 452, 452, 452, 452, 452, 452, 452, 452, 452, 452, 452, 452, 452, 452, 452, 452, 452, 452], 452, 2304)
best 5 choices:
(3.0701983630190156e+47, [441, 441, 441, 441, 441, 441, 441, 441, 441, 441, 441, 441, 441, 441, 441, 441, 441, 441, 441, 441, 441, 441, 441, 441, 441, 444, 445, 446, 447, 448, 449, 450, 452], 452, 2304)
(3.070210362232407e+47, [441, 441, 441, 441, 441, 441, 441, 441, 441, 441, 441, 441, 441, 441, 441, 441, 441, 441, 441, 441, 441, 441, 441, 441, 441, 441, 442, 445, 446, 447, 448, 449, 450, 452], 452, 2304)
(3.070212112932435e+47, [441, 441, 441, 441, 441, 441, 441, 441, 441, 441, 441, 441, 441, 441, 441, 441, 441, 441, 441, 441, 441, 441, 441, 441, 443, 444, 445, 447, 448, 450, 451, 452], 452, 2304)
(3.0702128635020084e+47, [441, 441, 441, 441, 441, 441, 441, 441, 441, 441, 441, 441, 441, 441, 441, 441, 441, 441, 441, 441, 441, 441, 441, 441, 441, 442, 444, 446, 447, 448, 449, 451, 452], 452, 2304)
(3.070213137461827e+47, [441, 441, 441, 441, 441, 441, 441, 441, 441, 441, 441, 441, 441, 441, 441, 441, 441, 441, 441, 441, 441, 441, 441, 441, 441, 442, 443, 444, 446, 447, 448, 449, 450, 452], 452, 2304)
end round with 10 suffixes


======== round 237 ========
todo suffixes: [[446, 447, 448, 450, 452], [445, 447, 448, 450, 452], [446, 448, 450, 452], [447, 450, 452], [449, 452], [448, 452], [455], [454], [453], [451]]
cur_suffix:  [446, 447, 448, 450, 452]
bz: 441.
iter:  26
bz: 442.
iter:  29
bz: 443.
iter:  27
bz: 444.
fisrt choice: (3.0706014577140607e+47, 444, 25)
baseline:  (3.074359572610869e+47, [452, 452, 452, 452, 452, 452, 452, 452, 452, 452, 452, 452, 452, 452, 452, 452, 452, 452, 452], 452, 2304)
best 5 choices:
(3.0701983630190156e+47, [441, 441, 441, 441, 441, 441, 441, 441, 441, 441, 441, 441, 441, 441, 441, 441, 441, 441, 441, 441, 441, 441, 441, 441, 441, 444, 445, 446, 447, 448, 449, 450, 452], 452, 2304)
(3.070210362232407e+47, [441, 441, 441, 441, 441, 441, 441, 441, 441, 441, 441, 441, 441, 441, 441, 441, 441, 441, 441, 441, 441, 441, 441, 441, 441, 441, 442, 445, 446, 447, 448, 449, 450, 452], 452, 2304)
(3.070212112932435e+47, [441, 441, 441, 441, 441, 441, 441, 441, 441, 441, 441, 441, 441, 441, 441, 441, 441, 441, 441, 441, 441, 441, 441, 441, 443, 444, 445, 447, 448, 450, 451, 452], 452, 2304)
(3.0702128635020084e+47, [441, 441, 441, 441, 441, 441, 441, 441, 441, 441, 441, 441, 441, 441, 441, 441, 441, 441, 441, 441, 441, 441, 441, 441, 441, 442, 444, 446, 447, 448, 449, 451, 452], 452, 2304)
(3.070213137461827e+47, [441, 441, 441, 441, 441, 441, 441, 441, 441, 441, 441, 441, 441, 441, 441, 441, 441, 441, 441, 441, 441, 441, 441, 441, 441, 442, 443, 444, 446, 447, 448, 449, 450, 452], 452, 2304)
end round with 11 suffixes


======== round 238 ========
todo suffixes: [[445, 446, 447, 448, 450, 452], [444, 446, 447, 448, 450, 452], [445, 447, 448, 450, 452], [446, 448, 450, 452], [447, 450, 452], [449, 452], [448, 452], [455], [454], [453], [451]]
cur_suffix:  [445, 446, 447, 448, 450, 452]
bz: 440.
iter:  26
bz: 441.
iter:  26
bz: 442.
iter:  29
bz: 443.
fisrt choice: (3.0704880033382704e+47, 443, 27)
baseline:  (3.074359572610869e+47, [452, 452, 452, 452, 452, 452, 452, 452, 452, 452, 452, 452, 452, 452, 452, 452, 452, 452, 452], 452, 2304)
best 5 choices:
(3.0701983630190156e+47, [441, 441, 441, 441, 441, 441, 441, 441, 441, 441, 441, 441, 441, 441, 441, 441, 441, 441, 441, 441, 441, 441, 441, 441, 441, 444, 445, 446, 447, 448, 449, 450, 452], 452, 2304)
(3.070210362232407e+47, [441, 441, 441, 441, 441, 441, 441, 441, 441, 441, 441, 441, 441, 441, 441, 441, 441, 441, 441, 441, 441, 441, 441, 441, 441, 441, 442, 445, 446, 447, 448, 449, 450, 452], 452, 2304)
(3.070212112932435e+47, [441, 441, 441, 441, 441, 441, 441, 441, 441, 441, 441, 441, 441, 441, 441, 441, 441, 441, 441, 441, 441, 441, 441, 441, 443, 444, 445, 447, 448, 450, 451, 452], 452, 2304)
(3.0702128635020084e+47, [441, 441, 441, 441, 441, 441, 441, 441, 441, 441, 441, 441, 441, 441, 441, 441, 441, 441, 441, 441, 441, 441, 441, 441, 441, 442, 444, 446, 447, 448, 449, 451, 452], 452, 2304)
(3.070213137461827e+47, [441, 441, 441, 441, 441, 441, 441, 441, 441, 441, 441, 441, 441, 441, 441, 441, 441, 441, 441, 441, 441, 441, 441, 441, 441, 442, 443, 444, 446, 447, 448, 449, 450, 452], 452, 2304)
end round with 12 suffixes


======== round 239 ========
todo suffixes: [[444, 445, 446, 447, 448, 450, 452], [443, 445, 446, 447, 448, 450, 452], [444, 446, 447, 448, 450, 452], [445, 447, 448, 450, 452], [446, 448, 450, 452], [447, 450, 452], [449, 452], [448, 452], [455], [454], [453], [451]]
cur_suffix:  [444, 445, 446, 447, 448, 450, 452]
bz: 439.
iter:  24
bz: 440.
iter:  26
bz: 441.
iter:  26
bz: 442.
iter:  29
bz: 443.
fisrt choice: (3.0704495871719704e+47, 443, 25)
baseline:  (3.074359572610869e+47, [452, 452, 452, 452, 452, 452, 452, 452, 452, 452, 452, 452, 452, 452, 452, 452, 452, 452, 452], 452, 2304)
best 5 choices:
(3.0701983630190156e+47, [441, 441, 441, 441, 441, 441, 441, 441, 441, 441, 441, 441, 441, 441, 441, 441, 441, 441, 441, 441, 441, 441, 441, 441, 441, 444, 445, 446, 447, 448, 449, 450, 452], 452, 2304)
(3.070210362232407e+47, [441, 441, 441, 441, 441, 441, 441, 441, 441, 441, 441, 441, 441, 441, 441, 441, 441, 441, 441, 441, 441, 441, 441, 441, 441, 441, 442, 445, 446, 447, 448, 449, 450, 452], 452, 2304)
(3.070212112932435e+47, [441, 441, 441, 441, 441, 441, 441, 441, 441, 441, 441, 441, 441, 441, 441, 441, 441, 441, 441, 441, 441, 441, 441, 441, 443, 444, 445, 447, 448, 450, 451, 452], 452, 2304)
(3.0702128635020084e+47, [441, 441, 441, 441, 441, 441, 441, 441, 441, 441, 441, 441, 441, 441, 441, 441, 441, 441, 441, 441, 441, 441, 441, 441, 441, 442, 444, 446, 447, 448, 449, 451, 452], 452, 2304)
(3.070213137461827e+47, [441, 441, 441, 441, 441, 441, 441, 441, 441, 441, 441, 441, 441, 441, 441, 441, 441, 441, 441, 441, 441, 441, 441, 441, 441, 442, 443, 444, 446, 447, 448, 449, 450, 452], 452, 2304)
end round with 12 suffixes


======== round 240 ========
todo suffixes: [[443, 444, 445, 446, 447, 448, 450, 452], [443, 445, 446, 447, 448, 450, 452], [444, 446, 447, 448, 450, 452], [445, 447, 448, 450, 452], [446, 448, 450, 452], [447, 450, 452], [449, 452], [448, 452], [455], [454], [453], [451]]
cur_suffix:  [443, 444, 445, 446, 447, 448, 450, 452]
bz: 438.
iter:  24
bz: 439.
iter:  24
bz: 440.
iter:  26
bz: 441.
iter:  26
bz: 442.
fisrt choice: (3.0703864882321304e+47, 442, 28)
baseline:  (3.074359572610869e+47, [452, 452, 452, 452, 452, 452, 452, 452, 452, 452, 452, 452, 452, 452, 452, 452, 452, 452, 452], 452, 2304)
best 5 choices:
(3.0701983630190156e+47, [441, 441, 441, 441, 441, 441, 441, 441, 441, 441, 441, 441, 441, 441, 441, 441, 441, 441, 441, 441, 441, 441, 441, 441, 441, 444, 445, 446, 447, 448, 449, 450, 452], 452, 2304)
(3.070210362232407e+47, [441, 441, 441, 441, 441, 441, 441, 441, 441, 441, 441, 441, 441, 441, 441, 441, 441, 441, 441, 441, 441, 441, 441, 441, 441, 441, 442, 445, 446, 447, 448, 449, 450, 452], 452, 2304)
(3.070212112932435e+47, [441, 441, 441, 441, 441, 441, 441, 441, 441, 441, 441, 441, 441, 441, 441, 441, 441, 441, 441, 441, 441, 441, 441, 441, 443, 444, 445, 447, 448, 450, 451, 452], 452, 2304)
(3.0702128635020084e+47, [441, 441, 441, 441, 441, 441, 441, 441, 441, 441, 441, 441, 441, 441, 441, 441, 441, 441, 441, 441, 441, 441, 441, 441, 441, 442, 444, 446, 447, 448, 449, 451, 452], 452, 2304)
(3.070213137461827e+47, [441, 441, 441, 441, 441, 441, 441, 441, 441, 441, 441, 441, 441, 441, 441, 441, 441, 441, 441, 441, 441, 441, 441, 441, 441, 442, 443, 444, 446, 447, 448, 449, 450, 452], 452, 2304)
end round with 12 suffixes


======== round 241 ========
todo suffixes: [[442, 443, 444, 445, 446, 447, 448, 450, 452], [443, 445, 446, 447, 448, 450, 452], [444, 446, 447, 448, 450, 452], [445, 447, 448, 450, 452], [446, 448, 450, 452], [447, 450, 452], [449, 452], [448, 452], [455], [454], [453], [451]]
cur_suffix:  [442, 443, 444, 445, 446, 447, 448, 450, 452]
bz: 437.
iter:  25
bz: 438.
iter:  24
bz: 439.
iter:  24
bz: 440.
iter:  26
bz: 441.
iter:  26
fisrt choice: (-1, -1, -1)
baseline:  (3.074359572610869e+47, [452, 452, 452, 452, 452, 452, 452, 452, 452, 452, 452, 452, 452, 452, 452, 452, 452, 452, 452], 452, 2304)
the strategy is infeasible, continue


======== round 242 ========
todo suffixes: [[443, 445, 446, 447, 448, 450, 452], [444, 446, 447, 448, 450, 452], [445, 447, 448, 450, 452], [446, 448, 450, 452], [447, 450, 452], [449, 452], [448, 452], [455], [454], [453], [451]]
cur_suffix:  [443, 445, 446, 447, 448, 450, 452]
bz: 438.
iter:  24
bz: 439.
iter:  24
bz: 440.
iter:  26
bz: 441.
iter:  26
bz: 442.
iter:  29
fisrt choice: (-1, -1, -1)
baseline:  (3.074359572610869e+47, [452, 452, 452, 452, 452, 452, 452, 452, 452, 452, 452, 452, 452, 452, 452, 452, 452, 452, 452], 452, 2304)
the strategy is infeasible, continue


======== round 243 ========
todo suffixes: [[444, 446, 447, 448, 450, 452], [445, 447, 448, 450, 452], [446, 448, 450, 452], [447, 450, 452], [449, 452], [448, 452], [455], [454], [453], [451]]
cur_suffix:  [444, 446, 447, 448, 450, 452]
bz: 439.
iter:  24
bz: 440.
iter:  26
bz: 441.
iter:  26
bz: 442.
iter:  29
bz: 443.
fisrt choice: (3.0704737558953536e+47, 443, 27)
baseline:  (3.074359572610869e+47, [452, 452, 452, 452, 452, 452, 452, 452, 452, 452, 452, 452, 452, 452, 452, 452, 452, 452, 452], 452, 2304)
best 5 choices:
(3.0701983630190156e+47, [441, 441, 441, 441, 441, 441, 441, 441, 441, 441, 441, 441, 441, 441, 441, 441, 441, 441, 441, 441, 441, 441, 441, 441, 441, 444, 445, 446, 447, 448, 449, 450, 452], 452, 2304)
(3.070210362232407e+47, [441, 441, 441, 441, 441, 441, 441, 441, 441, 441, 441, 441, 441, 441, 441, 441, 441, 441, 441, 441, 441, 441, 441, 441, 441, 441, 442, 445, 446, 447, 448, 449, 450, 452], 452, 2304)
(3.070212112932435e+47, [441, 441, 441, 441, 441, 441, 441, 441, 441, 441, 441, 441, 441, 441, 441, 441, 441, 441, 441, 441, 441, 441, 441, 441, 443, 444, 445, 447, 448, 450, 451, 452], 452, 2304)
(3.0702128635020084e+47, [441, 441, 441, 441, 441, 441, 441, 441, 441, 441, 441, 441, 441, 441, 441, 441, 441, 441, 441, 441, 441, 441, 441, 441, 441, 442, 444, 446, 447, 448, 449, 451, 452], 452, 2304)
(3.070213137461827e+47, [441, 441, 441, 441, 441, 441, 441, 441, 441, 441, 441, 441, 441, 441, 441, 441, 441, 441, 441, 441, 441, 441, 441, 441, 441, 442, 443, 444, 446, 447, 448, 449, 450, 452], 452, 2304)
end round with 10 suffixes


======== round 244 ========
todo suffixes: [[443, 444, 446, 447, 448, 450, 452], [445, 447, 448, 450, 452], [446, 448, 450, 452], [447, 450, 452], [449, 452], [448, 452], [455], [454], [453], [451]]
cur_suffix:  [443, 444, 446, 447, 448, 450, 452]
bz: 438.
iter:  24
bz: 439.
iter:  24
bz: 440.
iter:  26
bz: 441.
iter:  26
bz: 442.
iter:  29
fisrt choice: (-1, -1, -1)
baseline:  (3.074359572610869e+47, [452, 452, 452, 452, 452, 452, 452, 452, 452, 452, 452, 452, 452, 452, 452, 452, 452, 452, 452], 452, 2304)
the strategy is infeasible, continue


======== round 245 ========
todo suffixes: [[445, 447, 448, 450, 452], [446, 448, 450, 452], [447, 450, 452], [449, 452], [448, 452], [455], [454], [453], [451]]
cur_suffix:  [445, 447, 448, 450, 452]
bz: 440.
iter:  26
bz: 441.
iter:  26
bz: 442.
iter:  29
bz: 443.
iter:  27
bz: 444.
fisrt choice: (3.0705839116479037e+47, 444, 25)
baseline:  (3.074359572610869e+47, [452, 452, 452, 452, 452, 452, 452, 452, 452, 452, 452, 452, 452, 452, 452, 452, 452, 452, 452], 452, 2304)
best 5 choices:
(3.0701983630190156e+47, [441, 441, 441, 441, 441, 441, 441, 441, 441, 441, 441, 441, 441, 441, 441, 441, 441, 441, 441, 441, 441, 441, 441, 441, 441, 444, 445, 446, 447, 448, 449, 450, 452], 452, 2304)
(3.070210362232407e+47, [441, 441, 441, 441, 441, 441, 441, 441, 441, 441, 441, 441, 441, 441, 441, 441, 441, 441, 441, 441, 441, 441, 441, 441, 441, 441, 442, 445, 446, 447, 448, 449, 450, 452], 452, 2304)
(3.070212112932435e+47, [441, 441, 441, 441, 441, 441, 441, 441, 441, 441, 441, 441, 441, 441, 441, 441, 441, 441, 441, 441, 441, 441, 441, 441, 443, 444, 445, 447, 448, 450, 451, 452], 452, 2304)
(3.0702128635020084e+47, [441, 441, 441, 441, 441, 441, 441, 441, 441, 441, 441, 441, 441, 441, 441, 441, 441, 441, 441, 441, 441, 441, 441, 441, 441, 442, 444, 446, 447, 448, 449, 451, 452], 452, 2304)
(3.070213137461827e+47, [441, 441, 441, 441, 441, 441, 441, 441, 441, 441, 441, 441, 441, 441, 441, 441, 441, 441, 441, 441, 441, 441, 441, 441, 441, 442, 443, 444, 446, 447, 448, 449, 450, 452], 452, 2304)
end round with 9 suffixes


======== round 246 ========
todo suffixes: [[444, 445, 447, 448, 450, 452], [446, 448, 450, 452], [447, 450, 452], [449, 452], [448, 452], [455], [454], [453], [451]]
cur_suffix:  [444, 445, 447, 448, 450, 452]
bz: 439.
iter:  24
bz: 440.
iter:  26
bz: 441.
iter:  26
bz: 442.
iter:  29
bz: 443.
iter:  27
fisrt choice: (-1, -1, -1)
baseline:  (3.074359572610869e+47, [452, 452, 452, 452, 452, 452, 452, 452, 452, 452, 452, 452, 452, 452, 452, 452, 452, 452, 452], 452, 2304)
the strategy is infeasible, continue


======== round 247 ========
todo suffixes: [[446, 448, 450, 452], [447, 450, 452], [449, 452], [448, 452], [455], [454], [453], [451]]
cur_suffix:  [446, 448, 450, 452]
bz: 441.
iter:  26
bz: 442.
iter:  29
bz: 443.
iter:  27
bz: 444.
iter:  26
bz: 445.
fisrt choice: (3.0707668856491767e+47, 445, 24)
baseline:  (3.074359572610869e+47, [452, 452, 452, 452, 452, 452, 452, 452, 452, 452, 452, 452, 452, 452, 452, 452, 452, 452, 452], 452, 2304)
best 5 choices:
(3.0701983630190156e+47, [441, 441, 441, 441, 441, 441, 441, 441, 441, 441, 441, 441, 441, 441, 441, 441, 441, 441, 441, 441, 441, 441, 441, 441, 441, 444, 445, 446, 447, 448, 449, 450, 452], 452, 2304)
(3.070210362232407e+47, [441, 441, 441, 441, 441, 441, 441, 441, 441, 441, 441, 441, 441, 441, 441, 441, 441, 441, 441, 441, 441, 441, 441, 441, 441, 441, 442, 445, 446, 447, 448, 449, 450, 452], 452, 2304)
(3.070212112932435e+47, [441, 441, 441, 441, 441, 441, 441, 441, 441, 441, 441, 441, 441, 441, 441, 441, 441, 441, 441, 441, 441, 441, 441, 441, 443, 444, 445, 447, 448, 450, 451, 452], 452, 2304)
(3.0702128635020084e+47, [441, 441, 441, 441, 441, 441, 441, 441, 441, 441, 441, 441, 441, 441, 441, 441, 441, 441, 441, 441, 441, 441, 441, 441, 441, 442, 444, 446, 447, 448, 449, 451, 452], 452, 2304)
(3.070213137461827e+47, [441, 441, 441, 441, 441, 441, 441, 441, 441, 441, 441, 441, 441, 441, 441, 441, 441, 441, 441, 441, 441, 441, 441, 441, 441, 442, 443, 444, 446, 447, 448, 449, 450, 452], 452, 2304)
end round with 8 suffixes


======== round 248 ========
todo suffixes: [[445, 446, 448, 450, 452], [447, 450, 452], [449, 452], [448, 452], [455], [454], [453], [451]]
cur_suffix:  [445, 446, 448, 450, 452]
bz: 440.
iter:  26
bz: 441.
iter:  26
bz: 442.
iter:  29
bz: 443.
iter:  27
bz: 444.
fisrt choice: (3.070623857337448e+47, 444, 26)
baseline:  (3.074359572610869e+47, [452, 452, 452, 452, 452, 452, 452, 452, 452, 452, 452, 452, 452, 452, 452, 452, 452, 452, 452], 452, 2304)
best 5 choices:
(3.0701983630190156e+47, [441, 441, 441, 441, 441, 441, 441, 441, 441, 441, 441, 441, 441, 441, 441, 441, 441, 441, 441, 441, 441, 441, 441, 441, 441, 444, 445, 446, 447, 448, 449, 450, 452], 452, 2304)
(3.070210362232407e+47, [441, 441, 441, 441, 441, 441, 441, 441, 441, 441, 441, 441, 441, 441, 441, 441, 441, 441, 441, 441, 441, 441, 441, 441, 441, 441, 442, 445, 446, 447, 448, 449, 450, 452], 452, 2304)
(3.070212112932435e+47, [441, 441, 441, 441, 441, 441, 441, 441, 441, 441, 441, 441, 441, 441, 441, 441, 441, 441, 441, 441, 441, 441, 441, 441, 443, 444, 445, 447, 448, 450, 451, 452], 452, 2304)
(3.0702128635020084e+47, [441, 441, 441, 441, 441, 441, 441, 441, 441, 441, 441, 441, 441, 441, 441, 441, 441, 441, 441, 441, 441, 441, 441, 441, 441, 442, 444, 446, 447, 448, 449, 451, 452], 452, 2304)
(3.070213137461827e+47, [441, 441, 441, 441, 441, 441, 441, 441, 441, 441, 441, 441, 441, 441, 441, 441, 441, 441, 441, 441, 441, 441, 441, 441, 441, 442, 443, 444, 446, 447, 448, 449, 450, 452], 452, 2304)
end round with 8 suffixes


======== round 249 ========
todo suffixes: [[444, 445, 446, 448, 450, 452], [447, 450, 452], [449, 452], [448, 452], [455], [454], [453], [451]]
cur_suffix:  [444, 445, 446, 448, 450, 452]
bz: 439.
iter:  24
bz: 440.
iter:  26
bz: 441.
iter:  26
bz: 442.
iter:  29
bz: 443.
iter:  27
fisrt choice: (-1, -1, -1)
baseline:  (3.074359572610869e+47, [452, 452, 452, 452, 452, 452, 452, 452, 452, 452, 452, 452, 452, 452, 452, 452, 452, 452, 452], 452, 2304)
the strategy is infeasible, continue


======== round 250 ========
todo suffixes: [[447, 450, 452], [449, 452], [448, 452], [455], [454], [453], [451]]
cur_suffix:  [447, 450, 452]
bz: 442.
iter:  29
bz: 443.
iter:  27
bz: 444.
iter:  26
bz: 445.
iter:  24
bz: 446.
fisrt choice: (3.0709746836267966e+47, 446, 23)
baseline:  (3.074359572610869e+47, [452, 452, 452, 452, 452, 452, 452, 452, 452, 452, 452, 452, 452, 452, 452, 452, 452, 452, 452], 452, 2304)
best 5 choices:
(3.0701983630190156e+47, [441, 441, 441, 441, 441, 441, 441, 441, 441, 441, 441, 441, 441, 441, 441, 441, 441, 441, 441, 441, 441, 441, 441, 441, 441, 444, 445, 446, 447, 448, 449, 450, 452], 452, 2304)
(3.070210362232407e+47, [441, 441, 441, 441, 441, 441, 441, 441, 441, 441, 441, 441, 441, 441, 441, 441, 441, 441, 441, 441, 441, 441, 441, 441, 441, 441, 442, 445, 446, 447, 448, 449, 450, 452], 452, 2304)
(3.070212112932435e+47, [441, 441, 441, 441, 441, 441, 441, 441, 441, 441, 441, 441, 441, 441, 441, 441, 441, 441, 441, 441, 441, 441, 441, 441, 443, 444, 445, 447, 448, 450, 451, 452], 452, 2304)
(3.0702128635020084e+47, [441, 441, 441, 441, 441, 441, 441, 441, 441, 441, 441, 441, 441, 441, 441, 441, 441, 441, 441, 441, 441, 441, 441, 441, 441, 442, 444, 446, 447, 448, 449, 451, 452], 452, 2304)
(3.070213137461827e+47, [441, 441, 441, 441, 441, 441, 441, 441, 441, 441, 441, 441, 441, 441, 441, 441, 441, 441, 441, 441, 441, 441, 441, 441, 441, 442, 443, 444, 446, 447, 448, 449, 450, 452], 452, 2304)
end round with 7 suffixes


======== round 251 ========
todo suffixes: [[446, 447, 450, 452], [449, 452], [448, 452], [455], [454], [453], [451]]
cur_suffix:  [446, 447, 450, 452]
bz: 441.
iter:  26
bz: 442.
iter:  29
bz: 443.
iter:  27
bz: 444.
iter:  26
bz: 445.
iter:  24
fisrt choice: (-1, -1, -1)
baseline:  (3.074359572610869e+47, [452, 452, 452, 452, 452, 452, 452, 452, 452, 452, 452, 452, 452, 452, 452, 452, 452, 452, 452], 452, 2304)
the strategy is infeasible, continue


======== round 252 ========
todo suffixes: [[449, 452], [448, 452], [455], [454], [453], [451]]
cur_suffix:  [449, 452]
bz: 444.
iter:  26
bz: 445.
iter:  24
bz: 446.
iter:  23
bz: 447.
fisrt choice: (3.07131636130254e+47, 447, 23)
baseline:  (3.074359572610869e+47, [452, 452, 452, 452, 452, 452, 452, 452, 452, 452, 452, 452, 452, 452, 452, 452, 452, 452, 452], 452, 2304)
best 5 choices:
(3.0701983630190156e+47, [441, 441, 441, 441, 441, 441, 441, 441, 441, 441, 441, 441, 441, 441, 441, 441, 441, 441, 441, 441, 441, 441, 441, 441, 441, 444, 445, 446, 447, 448, 449, 450, 452], 452, 2304)
(3.070210362232407e+47, [441, 441, 441, 441, 441, 441, 441, 441, 441, 441, 441, 441, 441, 441, 441, 441, 441, 441, 441, 441, 441, 441, 441, 441, 441, 441, 442, 445, 446, 447, 448, 449, 450, 452], 452, 2304)
(3.070212112932435e+47, [441, 441, 441, 441, 441, 441, 441, 441, 441, 441, 441, 441, 441, 441, 441, 441, 441, 441, 441, 441, 441, 441, 441, 441, 443, 444, 445, 447, 448, 450, 451, 452], 452, 2304)
(3.0702128635020084e+47, [441, 441, 441, 441, 441, 441, 441, 441, 441, 441, 441, 441, 441, 441, 441, 441, 441, 441, 441, 441, 441, 441, 441, 441, 441, 442, 444, 446, 447, 448, 449, 451, 452], 452, 2304)
(3.070213137461827e+47, [441, 441, 441, 441, 441, 441, 441, 441, 441, 441, 441, 441, 441, 441, 441, 441, 441, 441, 441, 441, 441, 441, 441, 441, 441, 442, 443, 444, 446, 447, 448, 449, 450, 452], 452, 2304)
end round with 7 suffixes


======== round 253 ========
todo suffixes: [[448, 449, 452], [447, 449, 452], [448, 452], [455], [454], [453], [451]]
cur_suffix:  [448, 449, 452]
bz: 443.
iter:  27
bz: 444.
iter:  26
bz: 445.
iter:  24
bz: 446.
fisrt choice: (3.0709609318625057e+47, 446, 23)
baseline:  (3.074359572610869e+47, [452, 452, 452, 452, 452, 452, 452, 452, 452, 452, 452, 452, 452, 452, 452, 452, 452, 452, 452], 452, 2304)
best 5 choices:
(3.0701983630190156e+47, [441, 441, 441, 441, 441, 441, 441, 441, 441, 441, 441, 441, 441, 441, 441, 441, 441, 441, 441, 441, 441, 441, 441, 441, 441, 444, 445, 446, 447, 448, 449, 450, 452], 452, 2304)
(3.070210362232407e+47, [441, 441, 441, 441, 441, 441, 441, 441, 441, 441, 441, 441, 441, 441, 441, 441, 441, 441, 441, 441, 441, 441, 441, 441, 441, 441, 442, 445, 446, 447, 448, 449, 450, 452], 452, 2304)
(3.070212112932435e+47, [441, 441, 441, 441, 441, 441, 441, 441, 441, 441, 441, 441, 441, 441, 441, 441, 441, 441, 441, 441, 441, 441, 441, 441, 443, 444, 445, 447, 448, 450, 451, 452], 452, 2304)
(3.0702128635020084e+47, [441, 441, 441, 441, 441, 441, 441, 441, 441, 441, 441, 441, 441, 441, 441, 441, 441, 441, 441, 441, 441, 441, 441, 441, 441, 442, 444, 446, 447, 448, 449, 451, 452], 452, 2304)
(3.070213137461827e+47, [441, 441, 441, 441, 441, 441, 441, 441, 441, 441, 441, 441, 441, 441, 441, 441, 441, 441, 441, 441, 441, 441, 441, 441, 441, 442, 443, 444, 446, 447, 448, 449, 450, 452], 452, 2304)
end round with 8 suffixes


======== round 254 ========
todo suffixes: [[447, 448, 449, 452], [446, 448, 449, 452], [447, 449, 452], [448, 452], [455], [454], [453], [451]]
cur_suffix:  [447, 448, 449, 452]
bz: 442.
iter:  29
bz: 443.
iter:  27
bz: 444.
iter:  26
bz: 445.
fisrt choice: (3.0707481304787002e+47, 445, 24)
baseline:  (3.074359572610869e+47, [452, 452, 452, 452, 452, 452, 452, 452, 452, 452, 452, 452, 452, 452, 452, 452, 452, 452, 452], 452, 2304)
best 5 choices:
(3.0701983630190156e+47, [441, 441, 441, 441, 441, 441, 441, 441, 441, 441, 441, 441, 441, 441, 441, 441, 441, 441, 441, 441, 441, 441, 441, 441, 441, 444, 445, 446, 447, 448, 449, 450, 452], 452, 2304)
(3.070210362232407e+47, [441, 441, 441, 441, 441, 441, 441, 441, 441, 441, 441, 441, 441, 441, 441, 441, 441, 441, 441, 441, 441, 441, 441, 441, 441, 441, 442, 445, 446, 447, 448, 449, 450, 452], 452, 2304)
(3.070212112932435e+47, [441, 441, 441, 441, 441, 441, 441, 441, 441, 441, 441, 441, 441, 441, 441, 441, 441, 441, 441, 441, 441, 441, 441, 441, 443, 444, 445, 447, 448, 450, 451, 452], 452, 2304)
(3.0702128635020084e+47, [441, 441, 441, 441, 441, 441, 441, 441, 441, 441, 441, 441, 441, 441, 441, 441, 441, 441, 441, 441, 441, 441, 441, 441, 441, 442, 444, 446, 447, 448, 449, 451, 452], 452, 2304)
(3.070213137461827e+47, [441, 441, 441, 441, 441, 441, 441, 441, 441, 441, 441, 441, 441, 441, 441, 441, 441, 441, 441, 441, 441, 441, 441, 441, 441, 442, 443, 444, 446, 447, 448, 449, 450, 452], 452, 2304)
end round with 9 suffixes


======== round 255 ========
todo suffixes: [[446, 447, 448, 449, 452], [445, 447, 448, 449, 452], [446, 448, 449, 452], [447, 449, 452], [448, 452], [455], [454], [453], [451]]
cur_suffix:  [446, 447, 448, 449, 452]
bz: 441.
iter:  26
bz: 442.
iter:  29
bz: 443.
iter:  27
bz: 444.
fisrt choice: (3.0706226482331287e+47, 444, 26)
baseline:  (3.074359572610869e+47, [452, 452, 452, 452, 452, 452, 452, 452, 452, 452, 452, 452, 452, 452, 452, 452, 452, 452, 452], 452, 2304)
best 5 choices:
(3.0701983630190156e+47, [441, 441, 441, 441, 441, 441, 441, 441, 441, 441, 441, 441, 441, 441, 441, 441, 441, 441, 441, 441, 441, 441, 441, 441, 441, 444, 445, 446, 447, 448, 449, 450, 452], 452, 2304)
(3.070210362232407e+47, [441, 441, 441, 441, 441, 441, 441, 441, 441, 441, 441, 441, 441, 441, 441, 441, 441, 441, 441, 441, 441, 441, 441, 441, 441, 441, 442, 445, 446, 447, 448, 449, 450, 452], 452, 2304)
(3.070212112932435e+47, [441, 441, 441, 441, 441, 441, 441, 441, 441, 441, 441, 441, 441, 441, 441, 441, 441, 441, 441, 441, 441, 441, 441, 441, 443, 444, 445, 447, 448, 450, 451, 452], 452, 2304)
(3.0702128635020084e+47, [441, 441, 441, 441, 441, 441, 441, 441, 441, 441, 441, 441, 441, 441, 441, 441, 441, 441, 441, 441, 441, 441, 441, 441, 441, 442, 444, 446, 447, 448, 449, 451, 452], 452, 2304)
(3.070213137461827e+47, [441, 441, 441, 441, 441, 441, 441, 441, 441, 441, 441, 441, 441, 441, 441, 441, 441, 441, 441, 441, 441, 441, 441, 441, 441, 442, 443, 444, 446, 447, 448, 449, 450, 452], 452, 2304)
end round with 10 suffixes


======== round 256 ========
todo suffixes: [[445, 446, 447, 448, 449, 452], [444, 446, 447, 448, 449, 452], [445, 447, 448, 449, 452], [446, 448, 449, 452], [447, 449, 452], [448, 452], [455], [454], [453], [451]]
cur_suffix:  [445, 446, 447, 448, 449, 452]
bz: 440.
iter:  26
bz: 441.
iter:  26
bz: 442.
iter:  29
bz: 443.
iter:  27
bz: 444.
fisrt choice: (3.070575341384259e+47, 444, 24)
baseline:  (3.074359572610869e+47, [452, 452, 452, 452, 452, 452, 452, 452, 452, 452, 452, 452, 452, 452, 452, 452, 452, 452, 452], 452, 2304)
best 5 choices:
(3.0701983630190156e+47, [441, 441, 441, 441, 441, 441, 441, 441, 441, 441, 441, 441, 441, 441, 441, 441, 441, 441, 441, 441, 441, 441, 441, 441, 441, 444, 445, 446, 447, 448, 449, 450, 452], 452, 2304)
(3.070210362232407e+47, [441, 441, 441, 441, 441, 441, 441, 441, 441, 441, 441, 441, 441, 441, 441, 441, 441, 441, 441, 441, 441, 441, 441, 441, 441, 441, 442, 445, 446, 447, 448, 449, 450, 452], 452, 2304)
(3.070212112932435e+47, [441, 441, 441, 441, 441, 441, 441, 441, 441, 441, 441, 441, 441, 441, 441, 441, 441, 441, 441, 441, 441, 441, 441, 441, 443, 444, 445, 447, 448, 450, 451, 452], 452, 2304)
(3.0702128635020084e+47, [441, 441, 441, 441, 441, 441, 441, 441, 441, 441, 441, 441, 441, 441, 441, 441, 441, 441, 441, 441, 441, 441, 441, 441, 441, 442, 444, 446, 447, 448, 449, 451, 452], 452, 2304)
(3.070213137461827e+47, [441, 441, 441, 441, 441, 441, 441, 441, 441, 441, 441, 441, 441, 441, 441, 441, 441, 441, 441, 441, 441, 441, 441, 441, 441, 442, 443, 444, 446, 447, 448, 449, 450, 452], 452, 2304)
end round with 10 suffixes


======== round 257 ========
todo suffixes: [[444, 445, 446, 447, 448, 449, 452], [444, 446, 447, 448, 449, 452], [445, 447, 448, 449, 452], [446, 448, 449, 452], [447, 449, 452], [448, 452], [455], [454], [453], [451]]
cur_suffix:  [444, 445, 446, 447, 448, 449, 452]
bz: 439.
iter:  24
bz: 440.
iter:  26
bz: 441.
iter:  26
bz: 442.
iter:  29
bz: 443.
fisrt choice: (3.070459208628295e+47, 443, 26)
baseline:  (3.074359572610869e+47, [452, 452, 452, 452, 452, 452, 452, 452, 452, 452, 452, 452, 452, 452, 452, 452, 452, 452, 452], 452, 2304)
best 5 choices:
(3.0701983630190156e+47, [441, 441, 441, 441, 441, 441, 441, 441, 441, 441, 441, 441, 441, 441, 441, 441, 441, 441, 441, 441, 441, 441, 441, 441, 441, 444, 445, 446, 447, 448, 449, 450, 452], 452, 2304)
(3.070210362232407e+47, [441, 441, 441, 441, 441, 441, 441, 441, 441, 441, 441, 441, 441, 441, 441, 441, 441, 441, 441, 441, 441, 441, 441, 441, 441, 441, 442, 445, 446, 447, 448, 449, 450, 452], 452, 2304)
(3.070212112932435e+47, [441, 441, 441, 441, 441, 441, 441, 441, 441, 441, 441, 441, 441, 441, 441, 441, 441, 441, 441, 441, 441, 441, 441, 441, 443, 444, 445, 447, 448, 450, 451, 452], 452, 2304)
(3.0702128635020084e+47, [441, 441, 441, 441, 441, 441, 441, 441, 441, 441, 441, 441, 441, 441, 441, 441, 441, 441, 441, 441, 441, 441, 441, 441, 441, 442, 444, 446, 447, 448, 449, 451, 452], 452, 2304)
(3.070213137461827e+47, [441, 441, 441, 441, 441, 441, 441, 441, 441, 441, 441, 441, 441, 441, 441, 441, 441, 441, 441, 441, 441, 441, 441, 441, 441, 442, 443, 444, 446, 447, 448, 449, 450, 452], 452, 2304)
end round with 10 suffixes


======== round 258 ========
todo suffixes: [[443, 444, 445, 446, 447, 448, 449, 452], [444, 446, 447, 448, 449, 452], [445, 447, 448, 449, 452], [446, 448, 449, 452], [447, 449, 452], [448, 452], [455], [454], [453], [451]]
cur_suffix:  [443, 444, 445, 446, 447, 448, 449, 452]
bz: 438.
iter:  24
bz: 439.
iter:  24
bz: 440.
iter:  26
bz: 441.
iter:  26
bz: 442.
iter:  29
fisrt choice: (-1, -1, -1)
baseline:  (3.074359572610869e+47, [452, 452, 452, 452, 452, 452, 452, 452, 452, 452, 452, 452, 452, 452, 452, 452, 452, 452, 452], 452, 2304)
the strategy is infeasible, continue


======== round 259 ========
todo suffixes: [[444, 446, 447, 448, 449, 452], [445, 447, 448, 449, 452], [446, 448, 449, 452], [447, 449, 452], [448, 452], [455], [454], [453], [451]]
cur_suffix:  [444, 446, 447, 448, 449, 452]
bz: 439.
iter:  24
bz: 440.
iter:  26
bz: 441.
iter:  26
bz: 442.
iter:  29
bz: 443.
iter:  27
fisrt choice: (-1, -1, -1)
baseline:  (3.074359572610869e+47, [452, 452, 452, 452, 452, 452, 452, 452, 452, 452, 452, 452, 452, 452, 452, 452, 452, 452, 452], 452, 2304)
the strategy is infeasible, continue


======== round 260 ========
todo suffixes: [[445, 447, 448, 449, 452], [446, 448, 449, 452], [447, 449, 452], [448, 452], [455], [454], [453], [451]]
cur_suffix:  [445, 447, 448, 449, 452]
bz: 440.
iter:  26
bz: 441.
iter:  26
bz: 442.
iter:  29
bz: 443.
iter:  27
bz: 444.
fisrt choice: (3.0706051021669717e+47, 444, 26)
baseline:  (3.074359572610869e+47, [452, 452, 452, 452, 452, 452, 452, 452, 452, 452, 452, 452, 452, 452, 452, 452, 452, 452, 452], 452, 2304)
best 5 choices:
(3.0701983630190156e+47, [441, 441, 441, 441, 441, 441, 441, 441, 441, 441, 441, 441, 441, 441, 441, 441, 441, 441, 441, 441, 441, 441, 441, 441, 441, 444, 445, 446, 447, 448, 449, 450, 452], 452, 2304)
(3.070210362232407e+47, [441, 441, 441, 441, 441, 441, 441, 441, 441, 441, 441, 441, 441, 441, 441, 441, 441, 441, 441, 441, 441, 441, 441, 441, 441, 441, 442, 445, 446, 447, 448, 449, 450, 452], 452, 2304)
(3.070212112932435e+47, [441, 441, 441, 441, 441, 441, 441, 441, 441, 441, 441, 441, 441, 441, 441, 441, 441, 441, 441, 441, 441, 441, 441, 441, 443, 444, 445, 447, 448, 450, 451, 452], 452, 2304)
(3.0702128635020084e+47, [441, 441, 441, 441, 441, 441, 441, 441, 441, 441, 441, 441, 441, 441, 441, 441, 441, 441, 441, 441, 441, 441, 441, 441, 441, 442, 444, 446, 447, 448, 449, 451, 452], 452, 2304)
(3.070213137461827e+47, [441, 441, 441, 441, 441, 441, 441, 441, 441, 441, 441, 441, 441, 441, 441, 441, 441, 441, 441, 441, 441, 441, 441, 441, 441, 442, 443, 444, 446, 447, 448, 449, 450, 452], 452, 2304)
end round with 8 suffixes


======== round 261 ========
todo suffixes: [[444, 445, 447, 448, 449, 452], [446, 448, 449, 452], [447, 449, 452], [448, 452], [455], [454], [453], [451]]
cur_suffix:  [444, 445, 447, 448, 449, 452]
bz: 439.
iter:  24
bz: 440.
iter:  26
bz: 441.
iter:  26
bz: 442.
iter:  29
bz: 443.
iter:  27
fisrt choice: (-1, -1, -1)
baseline:  (3.074359572610869e+47, [452, 452, 452, 452, 452, 452, 452, 452, 452, 452, 452, 452, 452, 452, 452, 452, 452, 452, 452], 452, 2304)
the strategy is infeasible, continue


======== round 262 ========
todo suffixes: [[446, 448, 449, 452], [447, 449, 452], [448, 452], [455], [454], [453], [451]]
cur_suffix:  [446, 448, 449, 452]
bz: 441.
iter:  26
bz: 442.
iter:  29
bz: 443.
iter:  27
bz: 444.
iter:  26
bz: 445.
iter:  24
fisrt choice: (-1, -1, -1)
baseline:  (3.074359572610869e+47, [452, 452, 452, 452, 452, 452, 452, 452, 452, 452, 452, 452, 452, 452, 452, 452, 452, 452, 452], 452, 2304)
the strategy is infeasible, continue


======== round 263 ========
todo suffixes: [[447, 449, 452], [448, 452], [455], [454], [453], [451]]
cur_suffix:  [447, 449, 452]
bz: 442.
iter:  29
bz: 443.
iter:  27
bz: 444.
iter:  26
bz: 445.
iter:  24
bz: 446.
iter:  23
fisrt choice: (-1, -1, -1)
baseline:  (3.074359572610869e+47, [452, 452, 452, 452, 452, 452, 452, 452, 452, 452, 452, 452, 452, 452, 452, 452, 452, 452, 452], 452, 2304)
the strategy is infeasible, continue


======== round 264 ========
todo suffixes: [[448, 452], [455], [454], [453], [451]]
cur_suffix:  [448, 452]
bz: 443.
iter:  27
bz: 444.
iter:  26
bz: 445.
iter:  24
bz: 446.
iter:  23
bz: 447.
fisrt choice: (3.0712835870586074e+47, 447, 23)
baseline:  (3.074359572610869e+47, [452, 452, 452, 452, 452, 452, 452, 452, 452, 452, 452, 452, 452, 452, 452, 452, 452, 452, 452], 452, 2304)
best 5 choices:
(3.0701983630190156e+47, [441, 441, 441, 441, 441, 441, 441, 441, 441, 441, 441, 441, 441, 441, 441, 441, 441, 441, 441, 441, 441, 441, 441, 441, 441, 444, 445, 446, 447, 448, 449, 450, 452], 452, 2304)
(3.070210362232407e+47, [441, 441, 441, 441, 441, 441, 441, 441, 441, 441, 441, 441, 441, 441, 441, 441, 441, 441, 441, 441, 441, 441, 441, 441, 441, 441, 442, 445, 446, 447, 448, 449, 450, 452], 452, 2304)
(3.070212112932435e+47, [441, 441, 441, 441, 441, 441, 441, 441, 441, 441, 441, 441, 441, 441, 441, 441, 441, 441, 441, 441, 441, 441, 441, 441, 443, 444, 445, 447, 448, 450, 451, 452], 452, 2304)
(3.0702128635020084e+47, [441, 441, 441, 441, 441, 441, 441, 441, 441, 441, 441, 441, 441, 441, 441, 441, 441, 441, 441, 441, 441, 441, 441, 441, 441, 442, 444, 446, 447, 448, 449, 451, 452], 452, 2304)
(3.070213137461827e+47, [441, 441, 441, 441, 441, 441, 441, 441, 441, 441, 441, 441, 441, 441, 441, 441, 441, 441, 441, 441, 441, 441, 441, 441, 441, 442, 443, 444, 446, 447, 448, 449, 450, 452], 452, 2304)
end round with 5 suffixes


======== round 265 ========
todo suffixes: [[447, 448, 452], [455], [454], [453], [451]]
cur_suffix:  [447, 448, 452]
bz: 442.
iter:  29
bz: 443.
iter:  27
bz: 444.
iter:  26
bz: 445.
iter:  24
bz: 446.
iter:  23
fisrt choice: (-1, -1, -1)
baseline:  (3.074359572610869e+47, [452, 452, 452, 452, 452, 452, 452, 452, 452, 452, 452, 452, 452, 452, 452, 452, 452, 452, 452], 452, 2304)
the strategy is infeasible, continue


======== round 266 ========
todo suffixes: [[455], [454], [453], [451]]
cur_suffix:  [455]
bz: 450.
fisrt choice: (3.0728600950080294e+47, 450, 19)
baseline:  (3.074359572610869e+47, [452, 452, 452, 452, 452, 452, 452, 452, 452, 452, 452, 452, 452, 452, 452, 452, 452, 452, 452], 452, 2304)
best 5 choices:
(3.0701983630190156e+47, [441, 441, 441, 441, 441, 441, 441, 441, 441, 441, 441, 441, 441, 441, 441, 441, 441, 441, 441, 441, 441, 441, 441, 441, 441, 444, 445, 446, 447, 448, 449, 450, 452], 452, 2304)
(3.070210362232407e+47, [441, 441, 441, 441, 441, 441, 441, 441, 441, 441, 441, 441, 441, 441, 441, 441, 441, 441, 441, 441, 441, 441, 441, 441, 441, 441, 442, 445, 446, 447, 448, 449, 450, 452], 452, 2304)
(3.070212112932435e+47, [441, 441, 441, 441, 441, 441, 441, 441, 441, 441, 441, 441, 441, 441, 441, 441, 441, 441, 441, 441, 441, 441, 441, 441, 443, 444, 445, 447, 448, 450, 451, 452], 452, 2304)
(3.0702128635020084e+47, [441, 441, 441, 441, 441, 441, 441, 441, 441, 441, 441, 441, 441, 441, 441, 441, 441, 441, 441, 441, 441, 441, 441, 441, 441, 442, 444, 446, 447, 448, 449, 451, 452], 452, 2304)
(3.070213137461827e+47, [441, 441, 441, 441, 441, 441, 441, 441, 441, 441, 441, 441, 441, 441, 441, 441, 441, 441, 441, 441, 441, 441, 441, 441, 441, 442, 443, 444, 446, 447, 448, 449, 450, 452], 452, 2304)
end round with 7 suffixes


======== round 267 ========
todo suffixes: [[453, 455], [452, 455], [451, 455], [450, 455], [454], [453], [451]]
cur_suffix:  [453, 455]
bz: 448.
fisrt choice: (3.0718715182026138e+47, 448, 19)
baseline:  (3.074359572610869e+47, [452, 452, 452, 452, 452, 452, 452, 452, 452, 452, 452, 452, 452, 452, 452, 452, 452, 452, 452], 452, 2304)
best 5 choices:
(3.0701983630190156e+47, [441, 441, 441, 441, 441, 441, 441, 441, 441, 441, 441, 441, 441, 441, 441, 441, 441, 441, 441, 441, 441, 441, 441, 441, 441, 444, 445, 446, 447, 448, 449, 450, 452], 452, 2304)
(3.070210362232407e+47, [441, 441, 441, 441, 441, 441, 441, 441, 441, 441, 441, 441, 441, 441, 441, 441, 441, 441, 441, 441, 441, 441, 441, 441, 441, 441, 442, 445, 446, 447, 448, 449, 450, 452], 452, 2304)
(3.070212112932435e+47, [441, 441, 441, 441, 441, 441, 441, 441, 441, 441, 441, 441, 441, 441, 441, 441, 441, 441, 441, 441, 441, 441, 441, 441, 443, 444, 445, 447, 448, 450, 451, 452], 452, 2304)
(3.0702128635020084e+47, [441, 441, 441, 441, 441, 441, 441, 441, 441, 441, 441, 441, 441, 441, 441, 441, 441, 441, 441, 441, 441, 441, 441, 441, 441, 442, 444, 446, 447, 448, 449, 451, 452], 452, 2304)
(3.070213137461827e+47, [441, 441, 441, 441, 441, 441, 441, 441, 441, 441, 441, 441, 441, 441, 441, 441, 441, 441, 441, 441, 441, 441, 441, 441, 441, 442, 443, 444, 446, 447, 448, 449, 450, 452], 452, 2304)
end round with 10 suffixes


======== round 268 ========
todo suffixes: [[451, 453, 455], [450, 453, 455], [449, 453, 455], [448, 453, 455], [452, 455], [451, 455], [450, 455], [454], [453], [451]]
cur_suffix:  [451, 453, 455]
bz: 446.
fisrt choice: (3.0713130920981595e+47, 446, 20)
baseline:  (3.074359572610869e+47, [452, 452, 452, 452, 452, 452, 452, 452, 452, 452, 452, 452, 452, 452, 452, 452, 452, 452, 452], 452, 2304)
best 5 choices:
(3.0701983630190156e+47, [441, 441, 441, 441, 441, 441, 441, 441, 441, 441, 441, 441, 441, 441, 441, 441, 441, 441, 441, 441, 441, 441, 441, 441, 441, 444, 445, 446, 447, 448, 449, 450, 452], 452, 2304)
(3.070210362232407e+47, [441, 441, 441, 441, 441, 441, 441, 441, 441, 441, 441, 441, 441, 441, 441, 441, 441, 441, 441, 441, 441, 441, 441, 441, 441, 441, 442, 445, 446, 447, 448, 449, 450, 452], 452, 2304)
(3.070212112932435e+47, [441, 441, 441, 441, 441, 441, 441, 441, 441, 441, 441, 441, 441, 441, 441, 441, 441, 441, 441, 441, 441, 441, 441, 441, 443, 444, 445, 447, 448, 450, 451, 452], 452, 2304)
(3.0702128635020084e+47, [441, 441, 441, 441, 441, 441, 441, 441, 441, 441, 441, 441, 441, 441, 441, 441, 441, 441, 441, 441, 441, 441, 441, 441, 441, 442, 444, 446, 447, 448, 449, 451, 452], 452, 2304)
(3.070213137461827e+47, [441, 441, 441, 441, 441, 441, 441, 441, 441, 441, 441, 441, 441, 441, 441, 441, 441, 441, 441, 441, 441, 441, 441, 441, 441, 442, 443, 444, 446, 447, 448, 449, 450, 452], 452, 2304)
end round with 13 suffixes


======== round 269 ========
todo suffixes: [[449, 451, 453, 455], [448, 451, 453, 455], [447, 451, 453, 455], [446, 451, 453, 455], [450, 453, 455], [449, 453, 455], [448, 453, 455], [452, 455], [451, 455], [450, 455], [454], [453], [451]]
cur_suffix:  [449, 451, 453, 455]
bz: 444.
fisrt choice: (3.0708515645721446e+47, 444, 20)
baseline:  (3.074359572610869e+47, [452, 452, 452, 452, 452, 452, 452, 452, 452, 452, 452, 452, 452, 452, 452, 452, 452, 452, 452], 452, 2304)
best 5 choices:
(3.0701983630190156e+47, [441, 441, 441, 441, 441, 441, 441, 441, 441, 441, 441, 441, 441, 441, 441, 441, 441, 441, 441, 441, 441, 441, 441, 441, 441, 444, 445, 446, 447, 448, 449, 450, 452], 452, 2304)
(3.070210362232407e+47, [441, 441, 441, 441, 441, 441, 441, 441, 441, 441, 441, 441, 441, 441, 441, 441, 441, 441, 441, 441, 441, 441, 441, 441, 441, 441, 442, 445, 446, 447, 448, 449, 450, 452], 452, 2304)
(3.070212112932435e+47, [441, 441, 441, 441, 441, 441, 441, 441, 441, 441, 441, 441, 441, 441, 441, 441, 441, 441, 441, 441, 441, 441, 441, 441, 443, 444, 445, 447, 448, 450, 451, 452], 452, 2304)
(3.0702128635020084e+47, [441, 441, 441, 441, 441, 441, 441, 441, 441, 441, 441, 441, 441, 441, 441, 441, 441, 441, 441, 441, 441, 441, 441, 441, 441, 442, 444, 446, 447, 448, 449, 451, 452], 452, 2304)
(3.070213137461827e+47, [441, 441, 441, 441, 441, 441, 441, 441, 441, 441, 441, 441, 441, 441, 441, 441, 441, 441, 441, 441, 441, 441, 441, 441, 441, 442, 443, 444, 446, 447, 448, 449, 450, 452], 452, 2304)
end round with 12 suffixes


======== round 270 ========
todo suffixes: [[448, 451, 453, 455], [447, 451, 453, 455], [446, 451, 453, 455], [450, 453, 455], [449, 453, 455], [448, 453, 455], [452, 455], [451, 455], [450, 455], [454], [453], [451]]
cur_suffix:  [448, 451, 453, 455]
bz: 443.
fisrt choice: (3.0706873795314344e+47, 443, 22)
baseline:  (3.074359572610869e+47, [452, 452, 452, 452, 452, 452, 452, 452, 452, 452, 452, 452, 452, 452, 452, 452, 452, 452, 452], 452, 2304)
best 5 choices:
(3.0701983630190156e+47, [441, 441, 441, 441, 441, 441, 441, 441, 441, 441, 441, 441, 441, 441, 441, 441, 441, 441, 441, 441, 441, 441, 441, 441, 441, 444, 445, 446, 447, 448, 449, 450, 452], 452, 2304)
(3.070210362232407e+47, [441, 441, 441, 441, 441, 441, 441, 441, 441, 441, 441, 441, 441, 441, 441, 441, 441, 441, 441, 441, 441, 441, 441, 441, 441, 441, 442, 445, 446, 447, 448, 449, 450, 452], 452, 2304)
(3.070212112932435e+47, [441, 441, 441, 441, 441, 441, 441, 441, 441, 441, 441, 441, 441, 441, 441, 441, 441, 441, 441, 441, 441, 441, 441, 441, 443, 444, 445, 447, 448, 450, 451, 452], 452, 2304)
(3.0702128635020084e+47, [441, 441, 441, 441, 441, 441, 441, 441, 441, 441, 441, 441, 441, 441, 441, 441, 441, 441, 441, 441, 441, 441, 441, 441, 441, 442, 444, 446, 447, 448, 449, 451, 452], 452, 2304)
(3.070213137461827e+47, [441, 441, 441, 441, 441, 441, 441, 441, 441, 441, 441, 441, 441, 441, 441, 441, 441, 441, 441, 441, 441, 441, 441, 441, 441, 442, 443, 444, 446, 447, 448, 449, 450, 452], 452, 2304)
end round with 11 suffixes


======== round 271 ========
todo suffixes: [[447, 451, 453, 455], [446, 451, 453, 455], [450, 453, 455], [449, 453, 455], [448, 453, 455], [452, 455], [451, 455], [450, 455], [454], [453], [451]]
cur_suffix:  [447, 451, 453, 455]
bz: 442.
fisrt choice: (3.0705758661958393e+47, 442, 25)
baseline:  (3.074359572610869e+47, [452, 452, 452, 452, 452, 452, 452, 452, 452, 452, 452, 452, 452, 452, 452, 452, 452, 452, 452], 452, 2304)
best 5 choices:
(3.0701983630190156e+47, [441, 441, 441, 441, 441, 441, 441, 441, 441, 441, 441, 441, 441, 441, 441, 441, 441, 441, 441, 441, 441, 441, 441, 441, 441, 444, 445, 446, 447, 448, 449, 450, 452], 452, 2304)
(3.070210362232407e+47, [441, 441, 441, 441, 441, 441, 441, 441, 441, 441, 441, 441, 441, 441, 441, 441, 441, 441, 441, 441, 441, 441, 441, 441, 441, 441, 442, 445, 446, 447, 448, 449, 450, 452], 452, 2304)
(3.070212112932435e+47, [441, 441, 441, 441, 441, 441, 441, 441, 441, 441, 441, 441, 441, 441, 441, 441, 441, 441, 441, 441, 441, 441, 441, 441, 443, 444, 445, 447, 448, 450, 451, 452], 452, 2304)
(3.0702128635020084e+47, [441, 441, 441, 441, 441, 441, 441, 441, 441, 441, 441, 441, 441, 441, 441, 441, 441, 441, 441, 441, 441, 441, 441, 441, 441, 442, 444, 446, 447, 448, 449, 451, 452], 452, 2304)
(3.070213137461827e+47, [441, 441, 441, 441, 441, 441, 441, 441, 441, 441, 441, 441, 441, 441, 441, 441, 441, 441, 441, 441, 441, 441, 441, 441, 441, 442, 443, 444, 446, 447, 448, 449, 450, 452], 452, 2304)
end round with 10 suffixes


======== round 272 ========
todo suffixes: [[446, 451, 453, 455], [450, 453, 455], [449, 453, 455], [448, 453, 455], [452, 455], [451, 455], [450, 455], [454], [453], [451]]
cur_suffix:  [446, 451, 453, 455]
bz: 441.
iter:  26
bz: 442.
fisrt choice: (3.0705948485420688e+47, 442, 26)
baseline:  (3.074359572610869e+47, [452, 452, 452, 452, 452, 452, 452, 452, 452, 452, 452, 452, 452, 452, 452, 452, 452, 452, 452], 452, 2304)
best 5 choices:
(3.0701983630190156e+47, [441, 441, 441, 441, 441, 441, 441, 441, 441, 441, 441, 441, 441, 441, 441, 441, 441, 441, 441, 441, 441, 441, 441, 441, 441, 444, 445, 446, 447, 448, 449, 450, 452], 452, 2304)
(3.070210362232407e+47, [441, 441, 441, 441, 441, 441, 441, 441, 441, 441, 441, 441, 441, 441, 441, 441, 441, 441, 441, 441, 441, 441, 441, 441, 441, 441, 442, 445, 446, 447, 448, 449, 450, 452], 452, 2304)
(3.070212112932435e+47, [441, 441, 441, 441, 441, 441, 441, 441, 441, 441, 441, 441, 441, 441, 441, 441, 441, 441, 441, 441, 441, 441, 441, 441, 443, 444, 445, 447, 448, 450, 451, 452], 452, 2304)
(3.0702128635020084e+47, [441, 441, 441, 441, 441, 441, 441, 441, 441, 441, 441, 441, 441, 441, 441, 441, 441, 441, 441, 441, 441, 441, 441, 441, 441, 442, 444, 446, 447, 448, 449, 451, 452], 452, 2304)
(3.070213137461827e+47, [441, 441, 441, 441, 441, 441, 441, 441, 441, 441, 441, 441, 441, 441, 441, 441, 441, 441, 441, 441, 441, 441, 441, 441, 441, 442, 443, 444, 446, 447, 448, 449, 450, 452], 452, 2304)
end round with 9 suffixes


======== round 273 ========
todo suffixes: [[450, 453, 455], [449, 453, 455], [448, 453, 455], [452, 455], [451, 455], [450, 455], [454], [453], [451]]
cur_suffix:  [450, 453, 455]
bz: 445.
fisrt choice: (3.070988261240498e+47, 445, 21)
baseline:  (3.074359572610869e+47, [452, 452, 452, 452, 452, 452, 452, 452, 452, 452, 452, 452, 452, 452, 452, 452, 452, 452, 452], 452, 2304)
best 5 choices:
(3.0701983630190156e+47, [441, 441, 441, 441, 441, 441, 441, 441, 441, 441, 441, 441, 441, 441, 441, 441, 441, 441, 441, 441, 441, 441, 441, 441, 441, 444, 445, 446, 447, 448, 449, 450, 452], 452, 2304)
(3.070210362232407e+47, [441, 441, 441, 441, 441, 441, 441, 441, 441, 441, 441, 441, 441, 441, 441, 441, 441, 441, 441, 441, 441, 441, 441, 441, 441, 441, 442, 445, 446, 447, 448, 449, 450, 452], 452, 2304)
(3.070212112932435e+47, [441, 441, 441, 441, 441, 441, 441, 441, 441, 441, 441, 441, 441, 441, 441, 441, 441, 441, 441, 441, 441, 441, 441, 441, 443, 444, 445, 447, 448, 450, 451, 452], 452, 2304)
(3.0702128635020084e+47, [441, 441, 441, 441, 441, 441, 441, 441, 441, 441, 441, 441, 441, 441, 441, 441, 441, 441, 441, 441, 441, 441, 441, 441, 441, 442, 444, 446, 447, 448, 449, 451, 452], 452, 2304)
(3.070213137461827e+47, [441, 441, 441, 441, 441, 441, 441, 441, 441, 441, 441, 441, 441, 441, 441, 441, 441, 441, 441, 441, 441, 441, 441, 441, 441, 442, 443, 444, 446, 447, 448, 449, 450, 452], 452, 2304)
end round with 12 suffixes


======== round 274 ========
todo suffixes: [[448, 450, 453, 455], [447, 450, 453, 455], [446, 450, 453, 455], [445, 450, 453, 455], [449, 453, 455], [448, 453, 455], [452, 455], [451, 455], [450, 455], [454], [453], [451]]
cur_suffix:  [448, 450, 453, 455]
bz: 443.
fisrt choice: (3.070687653491253e+47, 443, 23)
baseline:  (3.074359572610869e+47, [452, 452, 452, 452, 452, 452, 452, 452, 452, 452, 452, 452, 452, 452, 452, 452, 452, 452, 452], 452, 2304)
best 5 choices:
(3.0701983630190156e+47, [441, 441, 441, 441, 441, 441, 441, 441, 441, 441, 441, 441, 441, 441, 441, 441, 441, 441, 441, 441, 441, 441, 441, 441, 441, 444, 445, 446, 447, 448, 449, 450, 452], 452, 2304)
(3.070210362232407e+47, [441, 441, 441, 441, 441, 441, 441, 441, 441, 441, 441, 441, 441, 441, 441, 441, 441, 441, 441, 441, 441, 441, 441, 441, 441, 441, 442, 445, 446, 447, 448, 449, 450, 452], 452, 2304)
(3.070212112932435e+47, [441, 441, 441, 441, 441, 441, 441, 441, 441, 441, 441, 441, 441, 441, 441, 441, 441, 441, 441, 441, 441, 441, 441, 441, 443, 444, 445, 447, 448, 450, 451, 452], 452, 2304)
(3.0702128635020084e+47, [441, 441, 441, 441, 441, 441, 441, 441, 441, 441, 441, 441, 441, 441, 441, 441, 441, 441, 441, 441, 441, 441, 441, 441, 441, 442, 444, 446, 447, 448, 449, 451, 452], 452, 2304)
(3.070213137461827e+47, [441, 441, 441, 441, 441, 441, 441, 441, 441, 441, 441, 441, 441, 441, 441, 441, 441, 441, 441, 441, 441, 441, 441, 441, 441, 442, 443, 444, 446, 447, 448, 449, 450, 452], 452, 2304)
end round with 11 suffixes


======== round 275 ========
todo suffixes: [[447, 450, 453, 455], [446, 450, 453, 455], [445, 450, 453, 455], [449, 453, 455], [448, 453, 455], [452, 455], [451, 455], [450, 455], [454], [453], [451]]
cur_suffix:  [447, 450, 453, 455]
bz: 442.
fisrt choice: (3.070566745875086e+47, 442, 26)
baseline:  (3.074359572610869e+47, [452, 452, 452, 452, 452, 452, 452, 452, 452, 452, 452, 452, 452, 452, 452, 452, 452, 452, 452], 452, 2304)
best 5 choices:
(3.0701983630190156e+47, [441, 441, 441, 441, 441, 441, 441, 441, 441, 441, 441, 441, 441, 441, 441, 441, 441, 441, 441, 441, 441, 441, 441, 441, 441, 444, 445, 446, 447, 448, 449, 450, 452], 452, 2304)
(3.070210362232407e+47, [441, 441, 441, 441, 441, 441, 441, 441, 441, 441, 441, 441, 441, 441, 441, 441, 441, 441, 441, 441, 441, 441, 441, 441, 441, 441, 442, 445, 446, 447, 448, 449, 450, 452], 452, 2304)
(3.070212112932435e+47, [441, 441, 441, 441, 441, 441, 441, 441, 441, 441, 441, 441, 441, 441, 441, 441, 441, 441, 441, 441, 441, 441, 441, 441, 443, 444, 445, 447, 448, 450, 451, 452], 452, 2304)
(3.0702128635020084e+47, [441, 441, 441, 441, 441, 441, 441, 441, 441, 441, 441, 441, 441, 441, 441, 441, 441, 441, 441, 441, 441, 441, 441, 441, 441, 442, 444, 446, 447, 448, 449, 451, 452], 452, 2304)
(3.070213137461827e+47, [441, 441, 441, 441, 441, 441, 441, 441, 441, 441, 441, 441, 441, 441, 441, 441, 441, 441, 441, 441, 441, 441, 441, 441, 441, 442, 443, 444, 446, 447, 448, 449, 450, 452], 452, 2304)
end round with 10 suffixes


======== round 276 ========
todo suffixes: [[446, 450, 453, 455], [445, 450, 453, 455], [449, 453, 455], [448, 453, 455], [452, 455], [451, 455], [450, 455], [454], [453], [451]]
cur_suffix:  [446, 450, 453, 455]
bz: 441.
iter:  26
bz: 442.
fisrt choice: (3.0705857282213153e+47, 442, 27)
baseline:  (3.074359572610869e+47, [452, 452, 452, 452, 452, 452, 452, 452, 452, 452, 452, 452, 452, 452, 452, 452, 452, 452, 452], 452, 2304)
best 5 choices:
(3.0701983630190156e+47, [441, 441, 441, 441, 441, 441, 441, 441, 441, 441, 441, 441, 441, 441, 441, 441, 441, 441, 441, 441, 441, 441, 441, 441, 441, 444, 445, 446, 447, 448, 449, 450, 452], 452, 2304)
(3.070210362232407e+47, [441, 441, 441, 441, 441, 441, 441, 441, 441, 441, 441, 441, 441, 441, 441, 441, 441, 441, 441, 441, 441, 441, 441, 441, 441, 441, 442, 445, 446, 447, 448, 449, 450, 452], 452, 2304)
(3.070212112932435e+47, [441, 441, 441, 441, 441, 441, 441, 441, 441, 441, 441, 441, 441, 441, 441, 441, 441, 441, 441, 441, 441, 441, 441, 441, 443, 444, 445, 447, 448, 450, 451, 452], 452, 2304)
(3.0702128635020084e+47, [441, 441, 441, 441, 441, 441, 441, 441, 441, 441, 441, 441, 441, 441, 441, 441, 441, 441, 441, 441, 441, 441, 441, 441, 441, 442, 444, 446, 447, 448, 449, 451, 452], 452, 2304)
(3.070213137461827e+47, [441, 441, 441, 441, 441, 441, 441, 441, 441, 441, 441, 441, 441, 441, 441, 441, 441, 441, 441, 441, 441, 441, 441, 441, 441, 442, 443, 444, 446, 447, 448, 449, 450, 452], 452, 2304)
end round with 9 suffixes


======== round 277 ========
todo suffixes: [[445, 450, 453, 455], [449, 453, 455], [448, 453, 455], [452, 455], [451, 455], [450, 455], [454], [453], [451]]
cur_suffix:  [445, 450, 453, 455]
bz: 440.
iter:  26
bz: 441.
iter:  26
bz: 442.
fisrt choice: (3.0705681821551583e+47, 442, 27)
baseline:  (3.074359572610869e+47, [452, 452, 452, 452, 452, 452, 452, 452, 452, 452, 452, 452, 452, 452, 452, 452, 452, 452, 452], 452, 2304)
best 5 choices:
(3.0701983630190156e+47, [441, 441, 441, 441, 441, 441, 441, 441, 441, 441, 441, 441, 441, 441, 441, 441, 441, 441, 441, 441, 441, 441, 441, 441, 441, 444, 445, 446, 447, 448, 449, 450, 452], 452, 2304)
(3.070210362232407e+47, [441, 441, 441, 441, 441, 441, 441, 441, 441, 441, 441, 441, 441, 441, 441, 441, 441, 441, 441, 441, 441, 441, 441, 441, 441, 441, 442, 445, 446, 447, 448, 449, 450, 452], 452, 2304)
(3.070212112932435e+47, [441, 441, 441, 441, 441, 441, 441, 441, 441, 441, 441, 441, 441, 441, 441, 441, 441, 441, 441, 441, 441, 441, 441, 441, 443, 444, 445, 447, 448, 450, 451, 452], 452, 2304)
(3.0702128635020084e+47, [441, 441, 441, 441, 441, 441, 441, 441, 441, 441, 441, 441, 441, 441, 441, 441, 441, 441, 441, 441, 441, 441, 441, 441, 441, 442, 444, 446, 447, 448, 449, 451, 452], 452, 2304)
(3.070213137461827e+47, [441, 441, 441, 441, 441, 441, 441, 441, 441, 441, 441, 441, 441, 441, 441, 441, 441, 441, 441, 441, 441, 441, 441, 441, 441, 442, 443, 444, 446, 447, 448, 449, 450, 452], 452, 2304)
end round with 8 suffixes


======== round 278 ========
todo suffixes: [[449, 453, 455], [448, 453, 455], [452, 455], [451, 455], [450, 455], [454], [453], [451]]
cur_suffix:  [449, 453, 455]
bz: 444.
fisrt choice: (3.0707718097500983e+47, 444, 23)
baseline:  (3.074359572610869e+47, [452, 452, 452, 452, 452, 452, 452, 452, 452, 452, 452, 452, 452, 452, 452, 452, 452, 452, 452], 452, 2304)
best 5 choices:
(3.0701983630190156e+47, [441, 441, 441, 441, 441, 441, 441, 441, 441, 441, 441, 441, 441, 441, 441, 441, 441, 441, 441, 441, 441, 441, 441, 441, 441, 444, 445, 446, 447, 448, 449, 450, 452], 452, 2304)
(3.070210362232407e+47, [441, 441, 441, 441, 441, 441, 441, 441, 441, 441, 441, 441, 441, 441, 441, 441, 441, 441, 441, 441, 441, 441, 441, 441, 441, 441, 442, 445, 446, 447, 448, 449, 450, 452], 452, 2304)
(3.070212112932435e+47, [441, 441, 441, 441, 441, 441, 441, 441, 441, 441, 441, 441, 441, 441, 441, 441, 441, 441, 441, 441, 441, 441, 441, 441, 443, 444, 445, 447, 448, 450, 451, 452], 452, 2304)
(3.0702128635020084e+47, [441, 441, 441, 441, 441, 441, 441, 441, 441, 441, 441, 441, 441, 441, 441, 441, 441, 441, 441, 441, 441, 441, 441, 441, 441, 442, 444, 446, 447, 448, 449, 451, 452], 452, 2304)
(3.070213137461827e+47, [441, 441, 441, 441, 441, 441, 441, 441, 441, 441, 441, 441, 441, 441, 441, 441, 441, 441, 441, 441, 441, 441, 441, 441, 441, 442, 443, 444, 446, 447, 448, 449, 450, 452], 452, 2304)
end round with 7 suffixes


======== round 279 ========
todo suffixes: [[448, 453, 455], [452, 455], [451, 455], [450, 455], [454], [453], [451]]
cur_suffix:  [448, 453, 455]
bz: 443.
fisrt choice: (3.070672887979245e+47, 443, 27)
baseline:  (3.074359572610869e+47, [452, 452, 452, 452, 452, 452, 452, 452, 452, 452, 452, 452, 452, 452, 452, 452, 452, 452, 452], 452, 2304)
best 5 choices:
(3.0701983630190156e+47, [441, 441, 441, 441, 441, 441, 441, 441, 441, 441, 441, 441, 441, 441, 441, 441, 441, 441, 441, 441, 441, 441, 441, 441, 441, 444, 445, 446, 447, 448, 449, 450, 452], 452, 2304)
(3.070210362232407e+47, [441, 441, 441, 441, 441, 441, 441, 441, 441, 441, 441, 441, 441, 441, 441, 441, 441, 441, 441, 441, 441, 441, 441, 441, 441, 441, 442, 445, 446, 447, 448, 449, 450, 452], 452, 2304)
(3.070212112932435e+47, [441, 441, 441, 441, 441, 441, 441, 441, 441, 441, 441, 441, 441, 441, 441, 441, 441, 441, 441, 441, 441, 441, 441, 441, 443, 444, 445, 447, 448, 450, 451, 452], 452, 2304)
(3.0702128635020084e+47, [441, 441, 441, 441, 441, 441, 441, 441, 441, 441, 441, 441, 441, 441, 441, 441, 441, 441, 441, 441, 441, 441, 441, 441, 441, 442, 444, 446, 447, 448, 449, 451, 452], 452, 2304)
(3.070213137461827e+47, [441, 441, 441, 441, 441, 441, 441, 441, 441, 441, 441, 441, 441, 441, 441, 441, 441, 441, 441, 441, 441, 441, 441, 441, 441, 442, 443, 444, 446, 447, 448, 449, 450, 452], 452, 2304)
end round with 6 suffixes


======== round 280 ========
todo suffixes: [[452, 455], [451, 455], [450, 455], [454], [453], [451]]
cur_suffix:  [452, 455]
bz: 447.
fisrt choice: (3.071520399073025e+47, 447, 21)
baseline:  (3.074359572610869e+47, [452, 452, 452, 452, 452, 452, 452, 452, 452, 452, 452, 452, 452, 452, 452, 452, 452, 452, 452], 452, 2304)
best 5 choices:
(3.0701983630190156e+47, [441, 441, 441, 441, 441, 441, 441, 441, 441, 441, 441, 441, 441, 441, 441, 441, 441, 441, 441, 441, 441, 441, 441, 441, 441, 444, 445, 446, 447, 448, 449, 450, 452], 452, 2304)
(3.070210362232407e+47, [441, 441, 441, 441, 441, 441, 441, 441, 441, 441, 441, 441, 441, 441, 441, 441, 441, 441, 441, 441, 441, 441, 441, 441, 441, 441, 442, 445, 446, 447, 448, 449, 450, 452], 452, 2304)
(3.070212112932435e+47, [441, 441, 441, 441, 441, 441, 441, 441, 441, 441, 441, 441, 441, 441, 441, 441, 441, 441, 441, 441, 441, 441, 441, 441, 443, 444, 445, 447, 448, 450, 451, 452], 452, 2304)
(3.0702128635020084e+47, [441, 441, 441, 441, 441, 441, 441, 441, 441, 441, 441, 441, 441, 441, 441, 441, 441, 441, 441, 441, 441, 441, 441, 441, 441, 442, 444, 446, 447, 448, 449, 451, 452], 452, 2304)
(3.070213137461827e+47, [441, 441, 441, 441, 441, 441, 441, 441, 441, 441, 441, 441, 441, 441, 441, 441, 441, 441, 441, 441, 441, 441, 441, 441, 441, 442, 443, 444, 446, 447, 448, 449, 450, 452], 452, 2304)
end round with 9 suffixes


======== round 281 ========
todo suffixes: [[450, 452, 455], [449, 452, 455], [448, 452, 455], [447, 452, 455], [451, 455], [450, 455], [454], [453], [451]]
cur_suffix:  [450, 452, 455]
bz: 445.
fisrt choice: (3.070988659199532e+47, 445, 22)
baseline:  (3.074359572610869e+47, [452, 452, 452, 452, 452, 452, 452, 452, 452, 452, 452, 452, 452, 452, 452, 452, 452, 452, 452], 452, 2304)
best 5 choices:
(3.0701983630190156e+47, [441, 441, 441, 441, 441, 441, 441, 441, 441, 441, 441, 441, 441, 441, 441, 441, 441, 441, 441, 441, 441, 441, 441, 441, 441, 444, 445, 446, 447, 448, 449, 450, 452], 452, 2304)
(3.070210362232407e+47, [441, 441, 441, 441, 441, 441, 441, 441, 441, 441, 441, 441, 441, 441, 441, 441, 441, 441, 441, 441, 441, 441, 441, 441, 441, 441, 442, 445, 446, 447, 448, 449, 450, 452], 452, 2304)
(3.070212112932435e+47, [441, 441, 441, 441, 441, 441, 441, 441, 441, 441, 441, 441, 441, 441, 441, 441, 441, 441, 441, 441, 441, 441, 441, 441, 443, 444, 445, 447, 448, 450, 451, 452], 452, 2304)
(3.0702128635020084e+47, [441, 441, 441, 441, 441, 441, 441, 441, 441, 441, 441, 441, 441, 441, 441, 441, 441, 441, 441, 441, 441, 441, 441, 441, 441, 442, 444, 446, 447, 448, 449, 451, 452], 452, 2304)
(3.070213137461827e+47, [441, 441, 441, 441, 441, 441, 441, 441, 441, 441, 441, 441, 441, 441, 441, 441, 441, 441, 441, 441, 441, 441, 441, 441, 441, 442, 443, 444, 446, 447, 448, 449, 450, 452], 452, 2304)
end round with 12 suffixes


======== round 282 ========
todo suffixes: [[448, 450, 452, 455], [447, 450, 452, 455], [446, 450, 452, 455], [445, 450, 452, 455], [449, 452, 455], [448, 452, 455], [447, 452, 455], [451, 455], [450, 455], [454], [453], [451]]
cur_suffix:  [448, 450, 452, 455]
bz: 443.
fisrt choice: (3.0706122497155837e+47, 443, 23)
baseline:  (3.074359572610869e+47, [452, 452, 452, 452, 452, 452, 452, 452, 452, 452, 452, 452, 452, 452, 452, 452, 452, 452, 452], 452, 2304)
best 5 choices:
(3.0701983630190156e+47, [441, 441, 441, 441, 441, 441, 441, 441, 441, 441, 441, 441, 441, 441, 441, 441, 441, 441, 441, 441, 441, 441, 441, 441, 441, 444, 445, 446, 447, 448, 449, 450, 452], 452, 2304)
(3.070210362232407e+47, [441, 441, 441, 441, 441, 441, 441, 441, 441, 441, 441, 441, 441, 441, 441, 441, 441, 441, 441, 441, 441, 441, 441, 441, 441, 441, 442, 445, 446, 447, 448, 449, 450, 452], 452, 2304)
(3.070212112932435e+47, [441, 441, 441, 441, 441, 441, 441, 441, 441, 441, 441, 441, 441, 441, 441, 441, 441, 441, 441, 441, 441, 441, 441, 441, 443, 444, 445, 447, 448, 450, 451, 452], 452, 2304)
(3.0702128635020084e+47, [441, 441, 441, 441, 441, 441, 441, 441, 441, 441, 441, 441, 441, 441, 441, 441, 441, 441, 441, 441, 441, 441, 441, 441, 441, 442, 444, 446, 447, 448, 449, 451, 452], 452, 2304)
(3.070213137461827e+47, [441, 441, 441, 441, 441, 441, 441, 441, 441, 441, 441, 441, 441, 441, 441, 441, 441, 441, 441, 441, 441, 441, 441, 441, 441, 442, 443, 444, 446, 447, 448, 449, 450, 452], 452, 2304)
end round with 11 suffixes


======== round 283 ========
todo suffixes: [[447, 450, 452, 455], [446, 450, 452, 455], [445, 450, 452, 455], [449, 452, 455], [448, 452, 455], [447, 452, 455], [451, 455], [450, 455], [454], [453], [451]]
cur_suffix:  [447, 450, 452, 455]
bz: 442.
fisrt choice: (3.070531933047888e+47, 442, 27)
baseline:  (3.074359572610869e+47, [452, 452, 452, 452, 452, 452, 452, 452, 452, 452, 452, 452, 452, 452, 452, 452, 452, 452, 452], 452, 2304)
best 5 choices:
(3.0701983630190156e+47, [441, 441, 441, 441, 441, 441, 441, 441, 441, 441, 441, 441, 441, 441, 441, 441, 441, 441, 441, 441, 441, 441, 441, 441, 441, 444, 445, 446, 447, 448, 449, 450, 452], 452, 2304)
(3.070210362232407e+47, [441, 441, 441, 441, 441, 441, 441, 441, 441, 441, 441, 441, 441, 441, 441, 441, 441, 441, 441, 441, 441, 441, 441, 441, 441, 441, 442, 445, 446, 447, 448, 449, 450, 452], 452, 2304)
(3.070212112932435e+47, [441, 441, 441, 441, 441, 441, 441, 441, 441, 441, 441, 441, 441, 441, 441, 441, 441, 441, 441, 441, 441, 441, 441, 441, 443, 444, 445, 447, 448, 450, 451, 452], 452, 2304)
(3.0702128635020084e+47, [441, 441, 441, 441, 441, 441, 441, 441, 441, 441, 441, 441, 441, 441, 441, 441, 441, 441, 441, 441, 441, 441, 441, 441, 441, 442, 444, 446, 447, 448, 449, 451, 452], 452, 2304)
(3.070213137461827e+47, [441, 441, 441, 441, 441, 441, 441, 441, 441, 441, 441, 441, 441, 441, 441, 441, 441, 441, 441, 441, 441, 441, 441, 441, 441, 442, 443, 444, 446, 447, 448, 449, 450, 452], 452, 2304)
end round with 10 suffixes


======== round 284 ========
todo suffixes: [[446, 450, 452, 455], [445, 450, 452, 455], [449, 452, 455], [448, 452, 455], [447, 452, 455], [451, 455], [450, 455], [454], [453], [451]]
cur_suffix:  [446, 450, 452, 455]
bz: 441.
iter:  26
bz: 442.
fisrt choice: (3.0705509153941174e+47, 442, 28)
baseline:  (3.074359572610869e+47, [452, 452, 452, 452, 452, 452, 452, 452, 452, 452, 452, 452, 452, 452, 452, 452, 452, 452, 452], 452, 2304)
best 5 choices:
(3.0701983630190156e+47, [441, 441, 441, 441, 441, 441, 441, 441, 441, 441, 441, 441, 441, 441, 441, 441, 441, 441, 441, 441, 441, 441, 441, 441, 441, 444, 445, 446, 447, 448, 449, 450, 452], 452, 2304)
(3.070210362232407e+47, [441, 441, 441, 441, 441, 441, 441, 441, 441, 441, 441, 441, 441, 441, 441, 441, 441, 441, 441, 441, 441, 441, 441, 441, 441, 441, 442, 445, 446, 447, 448, 449, 450, 452], 452, 2304)
(3.070212112932435e+47, [441, 441, 441, 441, 441, 441, 441, 441, 441, 441, 441, 441, 441, 441, 441, 441, 441, 441, 441, 441, 441, 441, 441, 441, 443, 444, 445, 447, 448, 450, 451, 452], 452, 2304)
(3.0702128635020084e+47, [441, 441, 441, 441, 441, 441, 441, 441, 441, 441, 441, 441, 441, 441, 441, 441, 441, 441, 441, 441, 441, 441, 441, 441, 441, 442, 444, 446, 447, 448, 449, 451, 452], 452, 2304)
(3.070213137461827e+47, [441, 441, 441, 441, 441, 441, 441, 441, 441, 441, 441, 441, 441, 441, 441, 441, 441, 441, 441, 441, 441, 441, 441, 441, 441, 442, 443, 444, 446, 447, 448, 449, 450, 452], 452, 2304)
end round with 9 suffixes


======== round 285 ========
todo suffixes: [[445, 450, 452, 455], [449, 452, 455], [448, 452, 455], [447, 452, 455], [451, 455], [450, 455], [454], [453], [451]]
cur_suffix:  [445, 450, 452, 455]
bz: 440.
iter:  26
bz: 441.
iter:  26
bz: 442.
fisrt choice: (3.0705333693279604e+47, 442, 28)
baseline:  (3.074359572610869e+47, [452, 452, 452, 452, 452, 452, 452, 452, 452, 452, 452, 452, 452, 452, 452, 452, 452, 452, 452], 452, 2304)
best 5 choices:
(3.0701983630190156e+47, [441, 441, 441, 441, 441, 441, 441, 441, 441, 441, 441, 441, 441, 441, 441, 441, 441, 441, 441, 441, 441, 441, 441, 441, 441, 444, 445, 446, 447, 448, 449, 450, 452], 452, 2304)
(3.070210362232407e+47, [441, 441, 441, 441, 441, 441, 441, 441, 441, 441, 441, 441, 441, 441, 441, 441, 441, 441, 441, 441, 441, 441, 441, 441, 441, 441, 442, 445, 446, 447, 448, 449, 450, 452], 452, 2304)
(3.070212112932435e+47, [441, 441, 441, 441, 441, 441, 441, 441, 441, 441, 441, 441, 441, 441, 441, 441, 441, 441, 441, 441, 441, 441, 441, 441, 443, 444, 445, 447, 448, 450, 451, 452], 452, 2304)
(3.0702128635020084e+47, [441, 441, 441, 441, 441, 441, 441, 441, 441, 441, 441, 441, 441, 441, 441, 441, 441, 441, 441, 441, 441, 441, 441, 441, 441, 442, 444, 446, 447, 448, 449, 451, 452], 452, 2304)
(3.070213137461827e+47, [441, 441, 441, 441, 441, 441, 441, 441, 441, 441, 441, 441, 441, 441, 441, 441, 441, 441, 441, 441, 441, 441, 441, 441, 441, 442, 443, 444, 446, 447, 448, 449, 450, 452], 452, 2304)
end round with 8 suffixes


======== round 286 ========
todo suffixes: [[449, 452, 455], [448, 452, 455], [447, 452, 455], [451, 455], [450, 455], [454], [453], [451]]
cur_suffix:  [449, 452, 455]
bz: 444.
fisrt choice: (3.0707579602662155e+47, 444, 24)
baseline:  (3.074359572610869e+47, [452, 452, 452, 452, 452, 452, 452, 452, 452, 452, 452, 452, 452, 452, 452, 452, 452, 452, 452], 452, 2304)
best 5 choices:
(3.0701983630190156e+47, [441, 441, 441, 441, 441, 441, 441, 441, 441, 441, 441, 441, 441, 441, 441, 441, 441, 441, 441, 441, 441, 441, 441, 441, 441, 444, 445, 446, 447, 448, 449, 450, 452], 452, 2304)
(3.070210362232407e+47, [441, 441, 441, 441, 441, 441, 441, 441, 441, 441, 441, 441, 441, 441, 441, 441, 441, 441, 441, 441, 441, 441, 441, 441, 441, 441, 442, 445, 446, 447, 448, 449, 450, 452], 452, 2304)
(3.070212112932435e+47, [441, 441, 441, 441, 441, 441, 441, 441, 441, 441, 441, 441, 441, 441, 441, 441, 441, 441, 441, 441, 441, 441, 441, 441, 443, 444, 445, 447, 448, 450, 451, 452], 452, 2304)
(3.0702128635020084e+47, [441, 441, 441, 441, 441, 441, 441, 441, 441, 441, 441, 441, 441, 441, 441, 441, 441, 441, 441, 441, 441, 441, 441, 441, 441, 442, 444, 446, 447, 448, 449, 451, 452], 452, 2304)
(3.070213137461827e+47, [441, 441, 441, 441, 441, 441, 441, 441, 441, 441, 441, 441, 441, 441, 441, 441, 441, 441, 441, 441, 441, 441, 441, 441, 441, 442, 443, 444, 446, 447, 448, 449, 450, 452], 452, 2304)
end round with 7 suffixes


======== round 287 ========
todo suffixes: [[448, 452, 455], [447, 452, 455], [451, 455], [450, 455], [454], [453], [451]]
cur_suffix:  [448, 452, 455]
bz: 443.
iter:  27
bz: 444.
fisrt choice: (3.070725186022283e+47, 444, 24)
baseline:  (3.074359572610869e+47, [452, 452, 452, 452, 452, 452, 452, 452, 452, 452, 452, 452, 452, 452, 452, 452, 452, 452, 452], 452, 2304)
best 5 choices:
(3.0701983630190156e+47, [441, 441, 441, 441, 441, 441, 441, 441, 441, 441, 441, 441, 441, 441, 441, 441, 441, 441, 441, 441, 441, 441, 441, 441, 441, 444, 445, 446, 447, 448, 449, 450, 452], 452, 2304)
(3.070210362232407e+47, [441, 441, 441, 441, 441, 441, 441, 441, 441, 441, 441, 441, 441, 441, 441, 441, 441, 441, 441, 441, 441, 441, 441, 441, 441, 441, 442, 445, 446, 447, 448, 449, 450, 452], 452, 2304)
(3.070212112932435e+47, [441, 441, 441, 441, 441, 441, 441, 441, 441, 441, 441, 441, 441, 441, 441, 441, 441, 441, 441, 441, 441, 441, 441, 441, 443, 444, 445, 447, 448, 450, 451, 452], 452, 2304)
(3.0702128635020084e+47, [441, 441, 441, 441, 441, 441, 441, 441, 441, 441, 441, 441, 441, 441, 441, 441, 441, 441, 441, 441, 441, 441, 441, 441, 441, 442, 444, 446, 447, 448, 449, 451, 452], 452, 2304)
(3.070213137461827e+47, [441, 441, 441, 441, 441, 441, 441, 441, 441, 441, 441, 441, 441, 441, 441, 441, 441, 441, 441, 441, 441, 441, 441, 441, 441, 442, 443, 444, 446, 447, 448, 449, 450, 452], 452, 2304)
end round with 6 suffixes


======== round 288 ========
todo suffixes: [[447, 452, 455], [451, 455], [450, 455], [454], [453], [451]]
cur_suffix:  [447, 452, 455]
bz: 442.
iter:  29
bz: 443.
iter:  27
bz: 444.
fisrt choice: (3.0707601283056417e+47, 444, 25)
baseline:  (3.074359572610869e+47, [452, 452, 452, 452, 452, 452, 452, 452, 452, 452, 452, 452, 452, 452, 452, 452, 452, 452, 452], 452, 2304)
best 5 choices:
(3.0701983630190156e+47, [441, 441, 441, 441, 441, 441, 441, 441, 441, 441, 441, 441, 441, 441, 441, 441, 441, 441, 441, 441, 441, 441, 441, 441, 441, 444, 445, 446, 447, 448, 449, 450, 452], 452, 2304)
(3.070210362232407e+47, [441, 441, 441, 441, 441, 441, 441, 441, 441, 441, 441, 441, 441, 441, 441, 441, 441, 441, 441, 441, 441, 441, 441, 441, 441, 441, 442, 445, 446, 447, 448, 449, 450, 452], 452, 2304)
(3.070212112932435e+47, [441, 441, 441, 441, 441, 441, 441, 441, 441, 441, 441, 441, 441, 441, 441, 441, 441, 441, 441, 441, 441, 441, 441, 441, 443, 444, 445, 447, 448, 450, 451, 452], 452, 2304)
(3.0702128635020084e+47, [441, 441, 441, 441, 441, 441, 441, 441, 441, 441, 441, 441, 441, 441, 441, 441, 441, 441, 441, 441, 441, 441, 441, 441, 441, 442, 444, 446, 447, 448, 449, 451, 452], 452, 2304)
(3.070213137461827e+47, [441, 441, 441, 441, 441, 441, 441, 441, 441, 441, 441, 441, 441, 441, 441, 441, 441, 441, 441, 441, 441, 441, 441, 441, 441, 442, 443, 444, 446, 447, 448, 449, 450, 452], 452, 2304)
end round with 5 suffixes


======== round 289 ========
todo suffixes: [[451, 455], [450, 455], [454], [453], [451]]
cur_suffix:  [451, 455]
bz: 446.
fisrt choice: (3.071098742188925e+47, 446, 22)
baseline:  (3.074359572610869e+47, [452, 452, 452, 452, 452, 452, 452, 452, 452, 452, 452, 452, 452, 452, 452, 452, 452, 452, 452], 452, 2304)
best 5 choices:
(3.0701983630190156e+47, [441, 441, 441, 441, 441, 441, 441, 441, 441, 441, 441, 441, 441, 441, 441, 441, 441, 441, 441, 441, 441, 441, 441, 441, 441, 444, 445, 446, 447, 448, 449, 450, 452], 452, 2304)
(3.070210362232407e+47, [441, 441, 441, 441, 441, 441, 441, 441, 441, 441, 441, 441, 441, 441, 441, 441, 441, 441, 441, 441, 441, 441, 441, 441, 441, 441, 442, 445, 446, 447, 448, 449, 450, 452], 452, 2304)
(3.070212112932435e+47, [441, 441, 441, 441, 441, 441, 441, 441, 441, 441, 441, 441, 441, 441, 441, 441, 441, 441, 441, 441, 441, 441, 441, 441, 443, 444, 445, 447, 448, 450, 451, 452], 452, 2304)
(3.0702128635020084e+47, [441, 441, 441, 441, 441, 441, 441, 441, 441, 441, 441, 441, 441, 441, 441, 441, 441, 441, 441, 441, 441, 441, 441, 441, 441, 442, 444, 446, 447, 448, 449, 451, 452], 452, 2304)
(3.070213137461827e+47, [441, 441, 441, 441, 441, 441, 441, 441, 441, 441, 441, 441, 441, 441, 441, 441, 441, 441, 441, 441, 441, 441, 441, 441, 441, 442, 443, 444, 446, 447, 448, 449, 450, 452], 452, 2304)
end round with 8 suffixes


======== round 290 ========
todo suffixes: [[449, 451, 455], [448, 451, 455], [447, 451, 455], [446, 451, 455], [450, 455], [454], [453], [451]]
cur_suffix:  [449, 451, 455]
bz: 444.
fisrt choice: (3.0706967362283354e+47, 444, 24)
baseline:  (3.074359572610869e+47, [452, 452, 452, 452, 452, 452, 452, 452, 452, 452, 452, 452, 452, 452, 452, 452, 452, 452, 452], 452, 2304)
best 5 choices:
(3.0701983630190156e+47, [441, 441, 441, 441, 441, 441, 441, 441, 441, 441, 441, 441, 441, 441, 441, 441, 441, 441, 441, 441, 441, 441, 441, 441, 441, 444, 445, 446, 447, 448, 449, 450, 452], 452, 2304)
(3.070210362232407e+47, [441, 441, 441, 441, 441, 441, 441, 441, 441, 441, 441, 441, 441, 441, 441, 441, 441, 441, 441, 441, 441, 441, 441, 441, 441, 441, 442, 445, 446, 447, 448, 449, 450, 452], 452, 2304)
(3.070212112932435e+47, [441, 441, 441, 441, 441, 441, 441, 441, 441, 441, 441, 441, 441, 441, 441, 441, 441, 441, 441, 441, 441, 441, 441, 441, 443, 444, 445, 447, 448, 450, 451, 452], 452, 2304)
(3.0702128635020084e+47, [441, 441, 441, 441, 441, 441, 441, 441, 441, 441, 441, 441, 441, 441, 441, 441, 441, 441, 441, 441, 441, 441, 441, 441, 441, 442, 444, 446, 447, 448, 449, 451, 452], 452, 2304)
(3.070213137461827e+47, [441, 441, 441, 441, 441, 441, 441, 441, 441, 441, 441, 441, 441, 441, 441, 441, 441, 441, 441, 441, 441, 441, 441, 441, 441, 442, 443, 444, 446, 447, 448, 449, 450, 452], 452, 2304)
end round with 7 suffixes


======== round 291 ========
todo suffixes: [[448, 451, 455], [447, 451, 455], [446, 451, 455], [450, 455], [454], [453], [451]]
cur_suffix:  [448, 451, 455]
bz: 443.
iter:  27
bz: 444.
fisrt choice: (3.0707255162761892e+47, 444, 25)
baseline:  (3.074359572610869e+47, [452, 452, 452, 452, 452, 452, 452, 452, 452, 452, 452, 452, 452, 452, 452, 452, 452, 452, 452], 452, 2304)
best 5 choices:
(3.0701983630190156e+47, [441, 441, 441, 441, 441, 441, 441, 441, 441, 441, 441, 441, 441, 441, 441, 441, 441, 441, 441, 441, 441, 441, 441, 441, 441, 444, 445, 446, 447, 448, 449, 450, 452], 452, 2304)
(3.070210362232407e+47, [441, 441, 441, 441, 441, 441, 441, 441, 441, 441, 441, 441, 441, 441, 441, 441, 441, 441, 441, 441, 441, 441, 441, 441, 441, 441, 442, 445, 446, 447, 448, 449, 450, 452], 452, 2304)
(3.070212112932435e+47, [441, 441, 441, 441, 441, 441, 441, 441, 441, 441, 441, 441, 441, 441, 441, 441, 441, 441, 441, 441, 441, 441, 441, 441, 443, 444, 445, 447, 448, 450, 451, 452], 452, 2304)
(3.0702128635020084e+47, [441, 441, 441, 441, 441, 441, 441, 441, 441, 441, 441, 441, 441, 441, 441, 441, 441, 441, 441, 441, 441, 441, 441, 441, 441, 442, 444, 446, 447, 448, 449, 451, 452], 452, 2304)
(3.070213137461827e+47, [441, 441, 441, 441, 441, 441, 441, 441, 441, 441, 441, 441, 441, 441, 441, 441, 441, 441, 441, 441, 441, 441, 441, 441, 441, 442, 443, 444, 446, 447, 448, 449, 450, 452], 452, 2304)
end round with 6 suffixes


======== round 292 ========
todo suffixes: [[447, 451, 455], [446, 451, 455], [450, 455], [454], [453], [451]]
cur_suffix:  [447, 451, 455]
bz: 442.
iter:  29
bz: 443.
iter:  27
bz: 444.
fisrt choice: (3.0706989042677616e+47, 444, 25)
baseline:  (3.074359572610869e+47, [452, 452, 452, 452, 452, 452, 452, 452, 452, 452, 452, 452, 452, 452, 452, 452, 452, 452, 452], 452, 2304)
best 5 choices:
(3.0701983630190156e+47, [441, 441, 441, 441, 441, 441, 441, 441, 441, 441, 441, 441, 441, 441, 441, 441, 441, 441, 441, 441, 441, 441, 441, 441, 441, 444, 445, 446, 447, 448, 449, 450, 452], 452, 2304)
(3.070210362232407e+47, [441, 441, 441, 441, 441, 441, 441, 441, 441, 441, 441, 441, 441, 441, 441, 441, 441, 441, 441, 441, 441, 441, 441, 441, 441, 441, 442, 445, 446, 447, 448, 449, 450, 452], 452, 2304)
(3.070212112932435e+47, [441, 441, 441, 441, 441, 441, 441, 441, 441, 441, 441, 441, 441, 441, 441, 441, 441, 441, 441, 441, 441, 441, 441, 441, 443, 444, 445, 447, 448, 450, 451, 452], 452, 2304)
(3.0702128635020084e+47, [441, 441, 441, 441, 441, 441, 441, 441, 441, 441, 441, 441, 441, 441, 441, 441, 441, 441, 441, 441, 441, 441, 441, 441, 441, 442, 444, 446, 447, 448, 449, 451, 452], 452, 2304)
(3.070213137461827e+47, [441, 441, 441, 441, 441, 441, 441, 441, 441, 441, 441, 441, 441, 441, 441, 441, 441, 441, 441, 441, 441, 441, 441, 441, 441, 442, 443, 444, 446, 447, 448, 449, 450, 452], 452, 2304)
end round with 5 suffixes


======== round 293 ========
todo suffixes: [[446, 451, 455], [450, 455], [454], [453], [451]]
cur_suffix:  [446, 451, 455]
bz: 441.
iter:  26
bz: 442.
iter:  29
bz: 443.
iter:  27
bz: 444.
fisrt choice: (3.070738849957306e+47, 444, 26)
baseline:  (3.074359572610869e+47, [452, 452, 452, 452, 452, 452, 452, 452, 452, 452, 452, 452, 452, 452, 452, 452, 452, 452, 452], 452, 2304)
best 5 choices:
(3.0701983630190156e+47, [441, 441, 441, 441, 441, 441, 441, 441, 441, 441, 441, 441, 441, 441, 441, 441, 441, 441, 441, 441, 441, 441, 441, 441, 441, 444, 445, 446, 447, 448, 449, 450, 452], 452, 2304)
(3.070210362232407e+47, [441, 441, 441, 441, 441, 441, 441, 441, 441, 441, 441, 441, 441, 441, 441, 441, 441, 441, 441, 441, 441, 441, 441, 441, 441, 441, 442, 445, 446, 447, 448, 449, 450, 452], 452, 2304)
(3.070212112932435e+47, [441, 441, 441, 441, 441, 441, 441, 441, 441, 441, 441, 441, 441, 441, 441, 441, 441, 441, 441, 441, 441, 441, 441, 441, 443, 444, 445, 447, 448, 450, 451, 452], 452, 2304)
(3.0702128635020084e+47, [441, 441, 441, 441, 441, 441, 441, 441, 441, 441, 441, 441, 441, 441, 441, 441, 441, 441, 441, 441, 441, 441, 441, 441, 441, 442, 444, 446, 447, 448, 449, 451, 452], 452, 2304)
(3.070213137461827e+47, [441, 441, 441, 441, 441, 441, 441, 441, 441, 441, 441, 441, 441, 441, 441, 441, 441, 441, 441, 441, 441, 441, 441, 441, 441, 442, 443, 444, 446, 447, 448, 449, 450, 452], 452, 2304)
end round with 4 suffixes


======== round 294 ========
todo suffixes: [[450, 455], [454], [453], [451]]
cur_suffix:  [450, 455]
bz: 445.
iter:  24
bz: 446.
fisrt choice: (3.0711423787205607e+47, 446, 23)
baseline:  (3.074359572610869e+47, [452, 452, 452, 452, 452, 452, 452, 452, 452, 452, 452, 452, 452, 452, 452, 452, 452, 452, 452], 452, 2304)
best 5 choices:
(3.0701983630190156e+47, [441, 441, 441, 441, 441, 441, 441, 441, 441, 441, 441, 441, 441, 441, 441, 441, 441, 441, 441, 441, 441, 441, 441, 441, 441, 444, 445, 446, 447, 448, 449, 450, 452], 452, 2304)
(3.070210362232407e+47, [441, 441, 441, 441, 441, 441, 441, 441, 441, 441, 441, 441, 441, 441, 441, 441, 441, 441, 441, 441, 441, 441, 441, 441, 441, 441, 442, 445, 446, 447, 448, 449, 450, 452], 452, 2304)
(3.070212112932435e+47, [441, 441, 441, 441, 441, 441, 441, 441, 441, 441, 441, 441, 441, 441, 441, 441, 441, 441, 441, 441, 441, 441, 441, 441, 443, 444, 445, 447, 448, 450, 451, 452], 452, 2304)
(3.0702128635020084e+47, [441, 441, 441, 441, 441, 441, 441, 441, 441, 441, 441, 441, 441, 441, 441, 441, 441, 441, 441, 441, 441, 441, 441, 441, 441, 442, 444, 446, 447, 448, 449, 451, 452], 452, 2304)
(3.070213137461827e+47, [441, 441, 441, 441, 441, 441, 441, 441, 441, 441, 441, 441, 441, 441, 441, 441, 441, 441, 441, 441, 441, 441, 441, 441, 441, 442, 443, 444, 446, 447, 448, 449, 450, 452], 452, 2304)
end round with 7 suffixes


======== round 295 ========
todo suffixes: [[449, 450, 455], [448, 450, 455], [447, 450, 455], [446, 450, 455], [454], [453], [451]]
cur_suffix:  [449, 450, 455]
bz: 444.
fisrt choice: (3.070708579250897e+47, 444, 25)
baseline:  (3.074359572610869e+47, [452, 452, 452, 452, 452, 452, 452, 452, 452, 452, 452, 452, 452, 452, 452, 452, 452, 452, 452], 452, 2304)
best 5 choices:
(3.0701983630190156e+47, [441, 441, 441, 441, 441, 441, 441, 441, 441, 441, 441, 441, 441, 441, 441, 441, 441, 441, 441, 441, 441, 441, 441, 441, 441, 444, 445, 446, 447, 448, 449, 450, 452], 452, 2304)
(3.070210362232407e+47, [441, 441, 441, 441, 441, 441, 441, 441, 441, 441, 441, 441, 441, 441, 441, 441, 441, 441, 441, 441, 441, 441, 441, 441, 441, 441, 442, 445, 446, 447, 448, 449, 450, 452], 452, 2304)
(3.070212112932435e+47, [441, 441, 441, 441, 441, 441, 441, 441, 441, 441, 441, 441, 441, 441, 441, 441, 441, 441, 441, 441, 441, 441, 441, 441, 443, 444, 445, 447, 448, 450, 451, 452], 452, 2304)
(3.0702128635020084e+47, [441, 441, 441, 441, 441, 441, 441, 441, 441, 441, 441, 441, 441, 441, 441, 441, 441, 441, 441, 441, 441, 441, 441, 441, 441, 442, 444, 446, 447, 448, 449, 451, 452], 452, 2304)
(3.070213137461827e+47, [441, 441, 441, 441, 441, 441, 441, 441, 441, 441, 441, 441, 441, 441, 441, 441, 441, 441, 441, 441, 441, 441, 441, 441, 441, 442, 443, 444, 446, 447, 448, 449, 450, 452], 452, 2304)
end round with 6 suffixes


======== round 296 ========
todo suffixes: [[448, 450, 455], [447, 450, 455], [446, 450, 455], [454], [453], [451]]
cur_suffix:  [448, 450, 455]
bz: 443.
iter:  27
bz: 444.
fisrt choice: (3.070737359298751e+47, 444, 26)
baseline:  (3.074359572610869e+47, [452, 452, 452, 452, 452, 452, 452, 452, 452, 452, 452, 452, 452, 452, 452, 452, 452, 452, 452], 452, 2304)
best 5 choices:
(3.0701983630190156e+47, [441, 441, 441, 441, 441, 441, 441, 441, 441, 441, 441, 441, 441, 441, 441, 441, 441, 441, 441, 441, 441, 441, 441, 441, 441, 444, 445, 446, 447, 448, 449, 450, 452], 452, 2304)
(3.070210362232407e+47, [441, 441, 441, 441, 441, 441, 441, 441, 441, 441, 441, 441, 441, 441, 441, 441, 441, 441, 441, 441, 441, 441, 441, 441, 441, 441, 442, 445, 446, 447, 448, 449, 450, 452], 452, 2304)
(3.070212112932435e+47, [441, 441, 441, 441, 441, 441, 441, 441, 441, 441, 441, 441, 441, 441, 441, 441, 441, 441, 441, 441, 441, 441, 441, 441, 443, 444, 445, 447, 448, 450, 451, 452], 452, 2304)
(3.0702128635020084e+47, [441, 441, 441, 441, 441, 441, 441, 441, 441, 441, 441, 441, 441, 441, 441, 441, 441, 441, 441, 441, 441, 441, 441, 441, 441, 442, 444, 446, 447, 448, 449, 451, 452], 452, 2304)
(3.070213137461827e+47, [441, 441, 441, 441, 441, 441, 441, 441, 441, 441, 441, 441, 441, 441, 441, 441, 441, 441, 441, 441, 441, 441, 441, 441, 441, 442, 443, 444, 446, 447, 448, 449, 450, 452], 452, 2304)
end round with 5 suffixes


======== round 297 ========
todo suffixes: [[447, 450, 455], [446, 450, 455], [454], [453], [451]]
cur_suffix:  [447, 450, 455]
bz: 442.
iter:  29
bz: 443.
iter:  27
bz: 444.
fisrt choice: (3.0707107472903233e+47, 444, 26)
baseline:  (3.074359572610869e+47, [452, 452, 452, 452, 452, 452, 452, 452, 452, 452, 452, 452, 452, 452, 452, 452, 452, 452, 452], 452, 2304)
best 5 choices:
(3.0701983630190156e+47, [441, 441, 441, 441, 441, 441, 441, 441, 441, 441, 441, 441, 441, 441, 441, 441, 441, 441, 441, 441, 441, 441, 441, 441, 441, 444, 445, 446, 447, 448, 449, 450, 452], 452, 2304)
(3.070210362232407e+47, [441, 441, 441, 441, 441, 441, 441, 441, 441, 441, 441, 441, 441, 441, 441, 441, 441, 441, 441, 441, 441, 441, 441, 441, 441, 441, 442, 445, 446, 447, 448, 449, 450, 452], 452, 2304)
(3.070212112932435e+47, [441, 441, 441, 441, 441, 441, 441, 441, 441, 441, 441, 441, 441, 441, 441, 441, 441, 441, 441, 441, 441, 441, 441, 441, 443, 444, 445, 447, 448, 450, 451, 452], 452, 2304)
(3.0702128635020084e+47, [441, 441, 441, 441, 441, 441, 441, 441, 441, 441, 441, 441, 441, 441, 441, 441, 441, 441, 441, 441, 441, 441, 441, 441, 441, 442, 444, 446, 447, 448, 449, 451, 452], 452, 2304)
(3.070213137461827e+47, [441, 441, 441, 441, 441, 441, 441, 441, 441, 441, 441, 441, 441, 441, 441, 441, 441, 441, 441, 441, 441, 441, 441, 441, 441, 442, 443, 444, 446, 447, 448, 449, 450, 452], 452, 2304)
end round with 4 suffixes


======== round 298 ========
todo suffixes: [[446, 450, 455], [454], [453], [451]]
cur_suffix:  [446, 450, 455]
bz: 441.
iter:  26
bz: 442.
iter:  29
bz: 443.
iter:  27
bz: 444.
iter:  26
bz: 445.
fisrt choice: (3.0709079687345132e+47, 445, 24)
baseline:  (3.074359572610869e+47, [452, 452, 452, 452, 452, 452, 452, 452, 452, 452, 452, 452, 452, 452, 452, 452, 452, 452, 452], 452, 2304)
best 5 choices:
(3.0701983630190156e+47, [441, 441, 441, 441, 441, 441, 441, 441, 441, 441, 441, 441, 441, 441, 441, 441, 441, 441, 441, 441, 441, 441, 441, 441, 441, 444, 445, 446, 447, 448, 449, 450, 452], 452, 2304)
(3.070210362232407e+47, [441, 441, 441, 441, 441, 441, 441, 441, 441, 441, 441, 441, 441, 441, 441, 441, 441, 441, 441, 441, 441, 441, 441, 441, 441, 441, 442, 445, 446, 447, 448, 449, 450, 452], 452, 2304)
(3.070212112932435e+47, [441, 441, 441, 441, 441, 441, 441, 441, 441, 441, 441, 441, 441, 441, 441, 441, 441, 441, 441, 441, 441, 441, 441, 441, 443, 444, 445, 447, 448, 450, 451, 452], 452, 2304)
(3.0702128635020084e+47, [441, 441, 441, 441, 441, 441, 441, 441, 441, 441, 441, 441, 441, 441, 441, 441, 441, 441, 441, 441, 441, 441, 441, 441, 441, 442, 444, 446, 447, 448, 449, 451, 452], 452, 2304)
(3.070213137461827e+47, [441, 441, 441, 441, 441, 441, 441, 441, 441, 441, 441, 441, 441, 441, 441, 441, 441, 441, 441, 441, 441, 441, 441, 441, 441, 442, 443, 444, 446, 447, 448, 449, 450, 452], 452, 2304)
end round with 4 suffixes


======== round 299 ========
todo suffixes: [[445, 446, 450, 455], [454], [453], [451]]
cur_suffix:  [445, 446, 450, 455]
bz: 440.
iter:  26
bz: 441.
iter:  26
bz: 442.
iter:  29
bz: 443.
iter:  27
bz: 444.
fisrt choice: (3.0707033861309983e+47, 444, 25)
baseline:  (3.074359572610869e+47, [452, 452, 452, 452, 452, 452, 452, 452, 452, 452, 452, 452, 452, 452, 452, 452, 452, 452, 452], 452, 2304)
best 5 choices:
(3.0701983630190156e+47, [441, 441, 441, 441, 441, 441, 441, 441, 441, 441, 441, 441, 441, 441, 441, 441, 441, 441, 441, 441, 441, 441, 441, 441, 441, 444, 445, 446, 447, 448, 449, 450, 452], 452, 2304)
(3.070210362232407e+47, [441, 441, 441, 441, 441, 441, 441, 441, 441, 441, 441, 441, 441, 441, 441, 441, 441, 441, 441, 441, 441, 441, 441, 441, 441, 441, 442, 445, 446, 447, 448, 449, 450, 452], 452, 2304)
(3.070212112932435e+47, [441, 441, 441, 441, 441, 441, 441, 441, 441, 441, 441, 441, 441, 441, 441, 441, 441, 441, 441, 441, 441, 441, 441, 441, 443, 444, 445, 447, 448, 450, 451, 452], 452, 2304)
(3.0702128635020084e+47, [441, 441, 441, 441, 441, 441, 441, 441, 441, 441, 441, 441, 441, 441, 441, 441, 441, 441, 441, 441, 441, 441, 441, 441, 441, 442, 444, 446, 447, 448, 449, 451, 452], 452, 2304)
(3.070213137461827e+47, [441, 441, 441, 441, 441, 441, 441, 441, 441, 441, 441, 441, 441, 441, 441, 441, 441, 441, 441, 441, 441, 441, 441, 441, 441, 442, 443, 444, 446, 447, 448, 449, 450, 452], 452, 2304)
end round with 3 suffixes


======== round 300 ========
todo suffixes: [[454], [453], [451]]
cur_suffix:  [454]
bz: 449.
fisrt choice: (3.072153146713677e+47, 449, 20)
baseline:  (3.074359572610869e+47, [452, 452, 452, 452, 452, 452, 452, 452, 452, 452, 452, 452, 452, 452, 452, 452, 452, 452, 452], 452, 2304)
best 5 choices:
(3.0701983630190156e+47, [441, 441, 441, 441, 441, 441, 441, 441, 441, 441, 441, 441, 441, 441, 441, 441, 441, 441, 441, 441, 441, 441, 441, 441, 441, 444, 445, 446, 447, 448, 449, 450, 452], 452, 2304)
(3.070210362232407e+47, [441, 441, 441, 441, 441, 441, 441, 441, 441, 441, 441, 441, 441, 441, 441, 441, 441, 441, 441, 441, 441, 441, 441, 441, 441, 441, 442, 445, 446, 447, 448, 449, 450, 452], 452, 2304)
(3.070212112932435e+47, [441, 441, 441, 441, 441, 441, 441, 441, 441, 441, 441, 441, 441, 441, 441, 441, 441, 441, 441, 441, 441, 441, 441, 441, 443, 444, 445, 447, 448, 450, 451, 452], 452, 2304)
(3.0702128635020084e+47, [441, 441, 441, 441, 441, 441, 441, 441, 441, 441, 441, 441, 441, 441, 441, 441, 441, 441, 441, 441, 441, 441, 441, 441, 441, 442, 444, 446, 447, 448, 449, 451, 452], 452, 2304)
(3.070213137461827e+47, [441, 441, 441, 441, 441, 441, 441, 441, 441, 441, 441, 441, 441, 441, 441, 441, 441, 441, 441, 441, 441, 441, 441, 441, 441, 442, 443, 444, 446, 447, 448, 449, 450, 452], 452, 2304)
end round with 6 suffixes


======== round 301 ========
todo suffixes: [[452, 454], [451, 454], [450, 454], [449, 454], [453], [451]]
cur_suffix:  [452, 454]
bz: 447.
fisrt choice: (3.0714060198048607e+47, 447, 21)
baseline:  (3.074359572610869e+47, [452, 452, 452, 452, 452, 452, 452, 452, 452, 452, 452, 452, 452, 452, 452, 452, 452, 452, 452], 452, 2304)
best 5 choices:
(3.0701983630190156e+47, [441, 441, 441, 441, 441, 441, 441, 441, 441, 441, 441, 441, 441, 441, 441, 441, 441, 441, 441, 441, 441, 441, 441, 441, 441, 444, 445, 446, 447, 448, 449, 450, 452], 452, 2304)
(3.070210362232407e+47, [441, 441, 441, 441, 441, 441, 441, 441, 441, 441, 441, 441, 441, 441, 441, 441, 441, 441, 441, 441, 441, 441, 441, 441, 441, 441, 442, 445, 446, 447, 448, 449, 450, 452], 452, 2304)
(3.070212112932435e+47, [441, 441, 441, 441, 441, 441, 441, 441, 441, 441, 441, 441, 441, 441, 441, 441, 441, 441, 441, 441, 441, 441, 441, 441, 443, 444, 445, 447, 448, 450, 451, 452], 452, 2304)
(3.0702128635020084e+47, [441, 441, 441, 441, 441, 441, 441, 441, 441, 441, 441, 441, 441, 441, 441, 441, 441, 441, 441, 441, 441, 441, 441, 441, 441, 442, 444, 446, 447, 448, 449, 451, 452], 452, 2304)
(3.070213137461827e+47, [441, 441, 441, 441, 441, 441, 441, 441, 441, 441, 441, 441, 441, 441, 441, 441, 441, 441, 441, 441, 441, 441, 441, 441, 441, 442, 443, 444, 446, 447, 448, 449, 450, 452], 452, 2304)
end round with 9 suffixes


======== round 302 ========
todo suffixes: [[450, 452, 454], [449, 452, 454], [448, 452, 454], [447, 452, 454], [451, 454], [450, 454], [449, 454], [453], [451]]
cur_suffix:  [450, 452, 454]
bz: 445.
fisrt choice: (3.0708742799313676e+47, 445, 22)
baseline:  (3.074359572610869e+47, [452, 452, 452, 452, 452, 452, 452, 452, 452, 452, 452, 452, 452, 452, 452, 452, 452, 452, 452], 452, 2304)
best 5 choices:
(3.0701983630190156e+47, [441, 441, 441, 441, 441, 441, 441, 441, 441, 441, 441, 441, 441, 441, 441, 441, 441, 441, 441, 441, 441, 441, 441, 441, 441, 444, 445, 446, 447, 448, 449, 450, 452], 452, 2304)
(3.070210362232407e+47, [441, 441, 441, 441, 441, 441, 441, 441, 441, 441, 441, 441, 441, 441, 441, 441, 441, 441, 441, 441, 441, 441, 441, 441, 441, 441, 442, 445, 446, 447, 448, 449, 450, 452], 452, 2304)
(3.070212112932435e+47, [441, 441, 441, 441, 441, 441, 441, 441, 441, 441, 441, 441, 441, 441, 441, 441, 441, 441, 441, 441, 441, 441, 441, 441, 443, 444, 445, 447, 448, 450, 451, 452], 452, 2304)
(3.0702128635020084e+47, [441, 441, 441, 441, 441, 441, 441, 441, 441, 441, 441, 441, 441, 441, 441, 441, 441, 441, 441, 441, 441, 441, 441, 441, 441, 442, 444, 446, 447, 448, 449, 451, 452], 452, 2304)
(3.070213137461827e+47, [441, 441, 441, 441, 441, 441, 441, 441, 441, 441, 441, 441, 441, 441, 441, 441, 441, 441, 441, 441, 441, 441, 441, 441, 441, 442, 443, 444, 446, 447, 448, 449, 450, 452], 452, 2304)
end round with 12 suffixes


======== round 303 ========
todo suffixes: [[448, 450, 452, 454], [447, 450, 452, 454], [446, 450, 452, 454], [445, 450, 452, 454], [449, 452, 454], [448, 452, 454], [447, 452, 454], [451, 454], [450, 454], [449, 454], [453], [451]]
cur_suffix:  [448, 450, 452, 454]
bz: 443.
fisrt choice: (3.0705478556764624e+47, 443, 24)
baseline:  (3.074359572610869e+47, [452, 452, 452, 452, 452, 452, 452, 452, 452, 452, 452, 452, 452, 452, 452, 452, 452, 452, 452], 452, 2304)
best 5 choices:
(3.0701983630190156e+47, [441, 441, 441, 441, 441, 441, 441, 441, 441, 441, 441, 441, 441, 441, 441, 441, 441, 441, 441, 441, 441, 441, 441, 441, 441, 444, 445, 446, 447, 448, 449, 450, 452], 452, 2304)
(3.070210362232407e+47, [441, 441, 441, 441, 441, 441, 441, 441, 441, 441, 441, 441, 441, 441, 441, 441, 441, 441, 441, 441, 441, 441, 441, 441, 441, 441, 442, 445, 446, 447, 448, 449, 450, 452], 452, 2304)
(3.070212112932435e+47, [441, 441, 441, 441, 441, 441, 441, 441, 441, 441, 441, 441, 441, 441, 441, 441, 441, 441, 441, 441, 441, 441, 441, 441, 443, 444, 445, 447, 448, 450, 451, 452], 452, 2304)
(3.0702128635020084e+47, [441, 441, 441, 441, 441, 441, 441, 441, 441, 441, 441, 441, 441, 441, 441, 441, 441, 441, 441, 441, 441, 441, 441, 441, 441, 442, 444, 446, 447, 448, 449, 451, 452], 452, 2304)
(3.070213137461827e+47, [441, 441, 441, 441, 441, 441, 441, 441, 441, 441, 441, 441, 441, 441, 441, 441, 441, 441, 441, 441, 441, 441, 441, 441, 441, 442, 443, 444, 446, 447, 448, 449, 450, 452], 452, 2304)
end round with 11 suffixes


======== round 304 ========
todo suffixes: [[447, 450, 452, 454], [446, 450, 452, 454], [445, 450, 452, 454], [449, 452, 454], [448, 452, 454], [447, 452, 454], [451, 454], [450, 454], [449, 454], [453], [451]]
cur_suffix:  [447, 450, 452, 454]
bz: 442.
fisrt choice: (3.0704987356766663e+47, 442, 29)
baseline:  (3.074359572610869e+47, [452, 452, 452, 452, 452, 452, 452, 452, 452, 452, 452, 452, 452, 452, 452, 452, 452, 452, 452], 452, 2304)
best 5 choices:
(3.0701983630190156e+47, [441, 441, 441, 441, 441, 441, 441, 441, 441, 441, 441, 441, 441, 441, 441, 441, 441, 441, 441, 441, 441, 441, 441, 441, 441, 444, 445, 446, 447, 448, 449, 450, 452], 452, 2304)
(3.070210362232407e+47, [441, 441, 441, 441, 441, 441, 441, 441, 441, 441, 441, 441, 441, 441, 441, 441, 441, 441, 441, 441, 441, 441, 441, 441, 441, 441, 442, 445, 446, 447, 448, 449, 450, 452], 452, 2304)
(3.070212112932435e+47, [441, 441, 441, 441, 441, 441, 441, 441, 441, 441, 441, 441, 441, 441, 441, 441, 441, 441, 441, 441, 441, 441, 441, 441, 443, 444, 445, 447, 448, 450, 451, 452], 452, 2304)
(3.0702128635020084e+47, [441, 441, 441, 441, 441, 441, 441, 441, 441, 441, 441, 441, 441, 441, 441, 441, 441, 441, 441, 441, 441, 441, 441, 441, 441, 442, 444, 446, 447, 448, 449, 451, 452], 452, 2304)
(3.070213137461827e+47, [441, 441, 441, 441, 441, 441, 441, 441, 441, 441, 441, 441, 441, 441, 441, 441, 441, 441, 441, 441, 441, 441, 441, 441, 441, 442, 443, 444, 446, 447, 448, 449, 450, 452], 452, 2304)
end round with 10 suffixes


======== round 305 ========
todo suffixes: [[446, 450, 452, 454], [445, 450, 452, 454], [449, 452, 454], [448, 452, 454], [447, 452, 454], [451, 454], [450, 454], [449, 454], [453], [451]]
cur_suffix:  [446, 450, 452, 454]
bz: 441.
iter:  26
bz: 442.
iter:  29
bz: 443.
fisrt choice: (3.070549620294836e+47, 443, 25)
baseline:  (3.074359572610869e+47, [452, 452, 452, 452, 452, 452, 452, 452, 452, 452, 452, 452, 452, 452, 452, 452, 452, 452, 452], 452, 2304)
best 5 choices:
(3.0701983630190156e+47, [441, 441, 441, 441, 441, 441, 441, 441, 441, 441, 441, 441, 441, 441, 441, 441, 441, 441, 441, 441, 441, 441, 441, 441, 441, 444, 445, 446, 447, 448, 449, 450, 452], 452, 2304)
(3.070210362232407e+47, [441, 441, 441, 441, 441, 441, 441, 441, 441, 441, 441, 441, 441, 441, 441, 441, 441, 441, 441, 441, 441, 441, 441, 441, 441, 441, 442, 445, 446, 447, 448, 449, 450, 452], 452, 2304)
(3.070212112932435e+47, [441, 441, 441, 441, 441, 441, 441, 441, 441, 441, 441, 441, 441, 441, 441, 441, 441, 441, 441, 441, 441, 441, 441, 441, 443, 444, 445, 447, 448, 450, 451, 452], 452, 2304)
(3.0702128635020084e+47, [441, 441, 441, 441, 441, 441, 441, 441, 441, 441, 441, 441, 441, 441, 441, 441, 441, 441, 441, 441, 441, 441, 441, 441, 441, 442, 444, 446, 447, 448, 449, 451, 452], 452, 2304)
(3.070213137461827e+47, [441, 441, 441, 441, 441, 441, 441, 441, 441, 441, 441, 441, 441, 441, 441, 441, 441, 441, 441, 441, 441, 441, 441, 441, 441, 442, 443, 444, 446, 447, 448, 449, 450, 452], 452, 2304)
end round with 9 suffixes


======== round 306 ========
todo suffixes: [[445, 450, 452, 454], [449, 452, 454], [448, 452, 454], [447, 452, 454], [451, 454], [450, 454], [449, 454], [453], [451]]
cur_suffix:  [445, 450, 452, 454]
bz: 440.
iter:  26
bz: 441.
iter:  26
bz: 442.
iter:  29
bz: 443.
fisrt choice: (3.0705820594577224e+47, 443, 26)
baseline:  (3.074359572610869e+47, [452, 452, 452, 452, 452, 452, 452, 452, 452, 452, 452, 452, 452, 452, 452, 452, 452, 452, 452], 452, 2304)
best 5 choices:
(3.0701983630190156e+47, [441, 441, 441, 441, 441, 441, 441, 441, 441, 441, 441, 441, 441, 441, 441, 441, 441, 441, 441, 441, 441, 441, 441, 441, 441, 444, 445, 446, 447, 448, 449, 450, 452], 452, 2304)
(3.070210362232407e+47, [441, 441, 441, 441, 441, 441, 441, 441, 441, 441, 441, 441, 441, 441, 441, 441, 441, 441, 441, 441, 441, 441, 441, 441, 441, 441, 442, 445, 446, 447, 448, 449, 450, 452], 452, 2304)
(3.070212112932435e+47, [441, 441, 441, 441, 441, 441, 441, 441, 441, 441, 441, 441, 441, 441, 441, 441, 441, 441, 441, 441, 441, 441, 441, 441, 443, 444, 445, 447, 448, 450, 451, 452], 452, 2304)
(3.0702128635020084e+47, [441, 441, 441, 441, 441, 441, 441, 441, 441, 441, 441, 441, 441, 441, 441, 441, 441, 441, 441, 441, 441, 441, 441, 441, 441, 442, 444, 446, 447, 448, 449, 451, 452], 452, 2304)
(3.070213137461827e+47, [441, 441, 441, 441, 441, 441, 441, 441, 441, 441, 441, 441, 441, 441, 441, 441, 441, 441, 441, 441, 441, 441, 441, 441, 441, 442, 443, 444, 446, 447, 448, 449, 450, 452], 452, 2304)
end round with 8 suffixes


======== round 307 ========
todo suffixes: [[449, 452, 454], [448, 452, 454], [447, 452, 454], [451, 454], [450, 454], [449, 454], [453], [451]]
cur_suffix:  [449, 452, 454]
bz: 444.
fisrt choice: (3.0707051352898375e+47, 444, 25)
baseline:  (3.074359572610869e+47, [452, 452, 452, 452, 452, 452, 452, 452, 452, 452, 452, 452, 452, 452, 452, 452, 452, 452, 452], 452, 2304)
best 5 choices:
(3.0701983630190156e+47, [441, 441, 441, 441, 441, 441, 441, 441, 441, 441, 441, 441, 441, 441, 441, 441, 441, 441, 441, 441, 441, 441, 441, 441, 441, 444, 445, 446, 447, 448, 449, 450, 452], 452, 2304)
(3.070210362232407e+47, [441, 441, 441, 441, 441, 441, 441, 441, 441, 441, 441, 441, 441, 441, 441, 441, 441, 441, 441, 441, 441, 441, 441, 441, 441, 441, 442, 445, 446, 447, 448, 449, 450, 452], 452, 2304)
(3.070212112932435e+47, [441, 441, 441, 441, 441, 441, 441, 441, 441, 441, 441, 441, 441, 441, 441, 441, 441, 441, 441, 441, 441, 441, 441, 441, 443, 444, 445, 447, 448, 450, 451, 452], 452, 2304)
(3.0702128635020084e+47, [441, 441, 441, 441, 441, 441, 441, 441, 441, 441, 441, 441, 441, 441, 441, 441, 441, 441, 441, 441, 441, 441, 441, 441, 441, 442, 444, 446, 447, 448, 449, 451, 452], 452, 2304)
(3.070213137461827e+47, [441, 441, 441, 441, 441, 441, 441, 441, 441, 441, 441, 441, 441, 441, 441, 441, 441, 441, 441, 441, 441, 441, 441, 441, 441, 442, 443, 444, 446, 447, 448, 449, 450, 452], 452, 2304)
end round with 11 suffixes


======== round 308 ========
todo suffixes: [[447, 449, 452, 454], [446, 449, 452, 454], [445, 449, 452, 454], [444, 449, 452, 454], [448, 452, 454], [447, 452, 454], [451, 454], [450, 454], [449, 454], [453], [451]]
cur_suffix:  [447, 449, 452, 454]
bz: 442.
iter:  29
bz: 443.
fisrt choice: (3.0705308651243597e+47, 443, 25)
baseline:  (3.074359572610869e+47, [452, 452, 452, 452, 452, 452, 452, 452, 452, 452, 452, 452, 452, 452, 452, 452, 452, 452, 452], 452, 2304)
best 5 choices:
(3.0701983630190156e+47, [441, 441, 441, 441, 441, 441, 441, 441, 441, 441, 441, 441, 441, 441, 441, 441, 441, 441, 441, 441, 441, 441, 441, 441, 441, 444, 445, 446, 447, 448, 449, 450, 452], 452, 2304)
(3.070210362232407e+47, [441, 441, 441, 441, 441, 441, 441, 441, 441, 441, 441, 441, 441, 441, 441, 441, 441, 441, 441, 441, 441, 441, 441, 441, 441, 441, 442, 445, 446, 447, 448, 449, 450, 452], 452, 2304)
(3.070212112932435e+47, [441, 441, 441, 441, 441, 441, 441, 441, 441, 441, 441, 441, 441, 441, 441, 441, 441, 441, 441, 441, 441, 441, 441, 441, 443, 444, 445, 447, 448, 450, 451, 452], 452, 2304)
(3.0702128635020084e+47, [441, 441, 441, 441, 441, 441, 441, 441, 441, 441, 441, 441, 441, 441, 441, 441, 441, 441, 441, 441, 441, 441, 441, 441, 441, 442, 444, 446, 447, 448, 449, 451, 452], 452, 2304)
(3.070213137461827e+47, [441, 441, 441, 441, 441, 441, 441, 441, 441, 441, 441, 441, 441, 441, 441, 441, 441, 441, 441, 441, 441, 441, 441, 441, 441, 442, 443, 444, 446, 447, 448, 449, 450, 452], 452, 2304)
end round with 10 suffixes


======== round 309 ========
todo suffixes: [[446, 449, 452, 454], [445, 449, 452, 454], [444, 449, 452, 454], [448, 452, 454], [447, 452, 454], [451, 454], [450, 454], [449, 454], [453], [451]]
cur_suffix:  [446, 449, 452, 454]
bz: 441.
iter:  26
bz: 442.
iter:  29
bz: 443.
fisrt choice: (3.070559241751161e+47, 443, 26)
baseline:  (3.074359572610869e+47, [452, 452, 452, 452, 452, 452, 452, 452, 452, 452, 452, 452, 452, 452, 452, 452, 452, 452, 452], 452, 2304)
best 5 choices:
(3.0701983630190156e+47, [441, 441, 441, 441, 441, 441, 441, 441, 441, 441, 441, 441, 441, 441, 441, 441, 441, 441, 441, 441, 441, 441, 441, 441, 441, 444, 445, 446, 447, 448, 449, 450, 452], 452, 2304)
(3.070210362232407e+47, [441, 441, 441, 441, 441, 441, 441, 441, 441, 441, 441, 441, 441, 441, 441, 441, 441, 441, 441, 441, 441, 441, 441, 441, 441, 441, 442, 445, 446, 447, 448, 449, 450, 452], 452, 2304)
(3.070212112932435e+47, [441, 441, 441, 441, 441, 441, 441, 441, 441, 441, 441, 441, 441, 441, 441, 441, 441, 441, 441, 441, 441, 441, 441, 441, 443, 444, 445, 447, 448, 450, 451, 452], 452, 2304)
(3.0702128635020084e+47, [441, 441, 441, 441, 441, 441, 441, 441, 441, 441, 441, 441, 441, 441, 441, 441, 441, 441, 441, 441, 441, 441, 441, 441, 441, 442, 444, 446, 447, 448, 449, 451, 452], 452, 2304)
(3.070213137461827e+47, [441, 441, 441, 441, 441, 441, 441, 441, 441, 441, 441, 441, 441, 441, 441, 441, 441, 441, 441, 441, 441, 441, 441, 441, 441, 442, 443, 444, 446, 447, 448, 449, 450, 452], 452, 2304)
end round with 9 suffixes


======== round 310 ========
todo suffixes: [[445, 449, 452, 454], [444, 449, 452, 454], [448, 452, 454], [447, 452, 454], [451, 454], [450, 454], [449, 454], [453], [451]]
cur_suffix:  [445, 449, 452, 454]
bz: 440.
iter:  26
bz: 441.
iter:  26
bz: 442.
iter:  29
bz: 443.
fisrt choice: (3.070541695685004e+47, 443, 26)
baseline:  (3.074359572610869e+47, [452, 452, 452, 452, 452, 452, 452, 452, 452, 452, 452, 452, 452, 452, 452, 452, 452, 452, 452], 452, 2304)
best 5 choices:
(3.0701983630190156e+47, [441, 441, 441, 441, 441, 441, 441, 441, 441, 441, 441, 441, 441, 441, 441, 441, 441, 441, 441, 441, 441, 441, 441, 441, 441, 444, 445, 446, 447, 448, 449, 450, 452], 452, 2304)
(3.070210362232407e+47, [441, 441, 441, 441, 441, 441, 441, 441, 441, 441, 441, 441, 441, 441, 441, 441, 441, 441, 441, 441, 441, 441, 441, 441, 441, 441, 442, 445, 446, 447, 448, 449, 450, 452], 452, 2304)
(3.070212112932435e+47, [441, 441, 441, 441, 441, 441, 441, 441, 441, 441, 441, 441, 441, 441, 441, 441, 441, 441, 441, 441, 441, 441, 441, 441, 443, 444, 445, 447, 448, 450, 451, 452], 452, 2304)
(3.0702128635020084e+47, [441, 441, 441, 441, 441, 441, 441, 441, 441, 441, 441, 441, 441, 441, 441, 441, 441, 441, 441, 441, 441, 441, 441, 441, 441, 442, 444, 446, 447, 448, 449, 451, 452], 452, 2304)
(3.070213137461827e+47, [441, 441, 441, 441, 441, 441, 441, 441, 441, 441, 441, 441, 441, 441, 441, 441, 441, 441, 441, 441, 441, 441, 441, 441, 441, 442, 443, 444, 446, 447, 448, 449, 450, 452], 452, 2304)
end round with 8 suffixes


======== round 311 ========
todo suffixes: [[444, 449, 452, 454], [448, 452, 454], [447, 452, 454], [451, 454], [450, 454], [449, 454], [453], [451]]
cur_suffix:  [444, 449, 452, 454]
bz: 439.
iter:  24
bz: 440.
iter:  26
bz: 441.
iter:  26
bz: 442.
iter:  29
bz: 443.
fisrt choice: (3.0705774334711303e+47, 443, 27)
baseline:  (3.074359572610869e+47, [452, 452, 452, 452, 452, 452, 452, 452, 452, 452, 452, 452, 452, 452, 452, 452, 452, 452, 452], 452, 2304)
best 5 choices:
(3.0701983630190156e+47, [441, 441, 441, 441, 441, 441, 441, 441, 441, 441, 441, 441, 441, 441, 441, 441, 441, 441, 441, 441, 441, 441, 441, 441, 441, 444, 445, 446, 447, 448, 449, 450, 452], 452, 2304)
(3.070210362232407e+47, [441, 441, 441, 441, 441, 441, 441, 441, 441, 441, 441, 441, 441, 441, 441, 441, 441, 441, 441, 441, 441, 441, 441, 441, 441, 441, 442, 445, 446, 447, 448, 449, 450, 452], 452, 2304)
(3.070212112932435e+47, [441, 441, 441, 441, 441, 441, 441, 441, 441, 441, 441, 441, 441, 441, 441, 441, 441, 441, 441, 441, 441, 441, 441, 441, 443, 444, 445, 447, 448, 450, 451, 452], 452, 2304)
(3.0702128635020084e+47, [441, 441, 441, 441, 441, 441, 441, 441, 441, 441, 441, 441, 441, 441, 441, 441, 441, 441, 441, 441, 441, 441, 441, 441, 441, 442, 444, 446, 447, 448, 449, 451, 452], 452, 2304)
(3.070213137461827e+47, [441, 441, 441, 441, 441, 441, 441, 441, 441, 441, 441, 441, 441, 441, 441, 441, 441, 441, 441, 441, 441, 441, 441, 441, 441, 442, 443, 444, 446, 447, 448, 449, 450, 452], 452, 2304)
end round with 7 suffixes


======== round 312 ========
todo suffixes: [[448, 452, 454], [447, 452, 454], [451, 454], [450, 454], [449, 454], [453], [451]]
cur_suffix:  [448, 452, 454]
bz: 443.
iter:  27
bz: 444.
fisrt choice: (3.070672361045905e+47, 444, 25)
baseline:  (3.074359572610869e+47, [452, 452, 452, 452, 452, 452, 452, 452, 452, 452, 452, 452, 452, 452, 452, 452, 452, 452, 452], 452, 2304)
best 5 choices:
(3.0701983630190156e+47, [441, 441, 441, 441, 441, 441, 441, 441, 441, 441, 441, 441, 441, 441, 441, 441, 441, 441, 441, 441, 441, 441, 441, 441, 441, 444, 445, 446, 447, 448, 449, 450, 452], 452, 2304)
(3.070210362232407e+47, [441, 441, 441, 441, 441, 441, 441, 441, 441, 441, 441, 441, 441, 441, 441, 441, 441, 441, 441, 441, 441, 441, 441, 441, 441, 441, 442, 445, 446, 447, 448, 449, 450, 452], 452, 2304)
(3.070212112932435e+47, [441, 441, 441, 441, 441, 441, 441, 441, 441, 441, 441, 441, 441, 441, 441, 441, 441, 441, 441, 441, 441, 441, 441, 441, 443, 444, 445, 447, 448, 450, 451, 452], 452, 2304)
(3.0702128635020084e+47, [441, 441, 441, 441, 441, 441, 441, 441, 441, 441, 441, 441, 441, 441, 441, 441, 441, 441, 441, 441, 441, 441, 441, 441, 441, 442, 444, 446, 447, 448, 449, 451, 452], 452, 2304)
(3.070213137461827e+47, [441, 441, 441, 441, 441, 441, 441, 441, 441, 441, 441, 441, 441, 441, 441, 441, 441, 441, 441, 441, 441, 441, 441, 441, 441, 442, 443, 444, 446, 447, 448, 449, 450, 452], 452, 2304)
end round with 10 suffixes


======== round 313 ========
todo suffixes: [[447, 448, 452, 454], [446, 448, 452, 454], [445, 448, 452, 454], [444, 448, 452, 454], [447, 452, 454], [451, 454], [450, 454], [449, 454], [453], [451]]
cur_suffix:  [447, 448, 452, 454]
bz: 442.
iter:  29
bz: 443.
fisrt choice: (3.0705480761094703e+47, 443, 26)
baseline:  (3.074359572610869e+47, [452, 452, 452, 452, 452, 452, 452, 452, 452, 452, 452, 452, 452, 452, 452, 452, 452, 452, 452], 452, 2304)
best 5 choices:
(3.0701983630190156e+47, [441, 441, 441, 441, 441, 441, 441, 441, 441, 441, 441, 441, 441, 441, 441, 441, 441, 441, 441, 441, 441, 441, 441, 441, 441, 444, 445, 446, 447, 448, 449, 450, 452], 452, 2304)
(3.070210362232407e+47, [441, 441, 441, 441, 441, 441, 441, 441, 441, 441, 441, 441, 441, 441, 441, 441, 441, 441, 441, 441, 441, 441, 441, 441, 441, 441, 442, 445, 446, 447, 448, 449, 450, 452], 452, 2304)
(3.070212112932435e+47, [441, 441, 441, 441, 441, 441, 441, 441, 441, 441, 441, 441, 441, 441, 441, 441, 441, 441, 441, 441, 441, 441, 441, 441, 443, 444, 445, 447, 448, 450, 451, 452], 452, 2304)
(3.0702128635020084e+47, [441, 441, 441, 441, 441, 441, 441, 441, 441, 441, 441, 441, 441, 441, 441, 441, 441, 441, 441, 441, 441, 441, 441, 441, 441, 442, 444, 446, 447, 448, 449, 451, 452], 452, 2304)
(3.070213137461827e+47, [441, 441, 441, 441, 441, 441, 441, 441, 441, 441, 441, 441, 441, 441, 441, 441, 441, 441, 441, 441, 441, 441, 441, 441, 441, 442, 443, 444, 446, 447, 448, 449, 450, 452], 452, 2304)
end round with 9 suffixes


======== round 314 ========
todo suffixes: [[446, 448, 452, 454], [445, 448, 452, 454], [444, 448, 452, 454], [447, 452, 454], [451, 454], [450, 454], [449, 454], [453], [451]]
cur_suffix:  [446, 448, 452, 454]
bz: 441.
iter:  26
bz: 442.
iter:  29
bz: 443.
fisrt choice: (3.0705764527362716e+47, 443, 27)
baseline:  (3.074359572610869e+47, [452, 452, 452, 452, 452, 452, 452, 452, 452, 452, 452, 452, 452, 452, 452, 452, 452, 452, 452], 452, 2304)
best 5 choices:
(3.0701983630190156e+47, [441, 441, 441, 441, 441, 441, 441, 441, 441, 441, 441, 441, 441, 441, 441, 441, 441, 441, 441, 441, 441, 441, 441, 441, 441, 444, 445, 446, 447, 448, 449, 450, 452], 452, 2304)
(3.070210362232407e+47, [441, 441, 441, 441, 441, 441, 441, 441, 441, 441, 441, 441, 441, 441, 441, 441, 441, 441, 441, 441, 441, 441, 441, 441, 441, 441, 442, 445, 446, 447, 448, 449, 450, 452], 452, 2304)
(3.070212112932435e+47, [441, 441, 441, 441, 441, 441, 441, 441, 441, 441, 441, 441, 441, 441, 441, 441, 441, 441, 441, 441, 441, 441, 441, 441, 443, 444, 445, 447, 448, 450, 451, 452], 452, 2304)
(3.0702128635020084e+47, [441, 441, 441, 441, 441, 441, 441, 441, 441, 441, 441, 441, 441, 441, 441, 441, 441, 441, 441, 441, 441, 441, 441, 441, 441, 442, 444, 446, 447, 448, 449, 451, 452], 452, 2304)
(3.070213137461827e+47, [441, 441, 441, 441, 441, 441, 441, 441, 441, 441, 441, 441, 441, 441, 441, 441, 441, 441, 441, 441, 441, 441, 441, 441, 441, 442, 443, 444, 446, 447, 448, 449, 450, 452], 452, 2304)
end round with 8 suffixes


======== round 315 ========
todo suffixes: [[445, 448, 452, 454], [444, 448, 452, 454], [447, 452, 454], [451, 454], [450, 454], [449, 454], [453], [451]]
cur_suffix:  [445, 448, 452, 454]
bz: 440.
iter:  26
bz: 441.
iter:  26
bz: 442.
iter:  29
bz: 443.
fisrt choice: (3.0705589066701146e+47, 443, 27)
baseline:  (3.074359572610869e+47, [452, 452, 452, 452, 452, 452, 452, 452, 452, 452, 452, 452, 452, 452, 452, 452, 452, 452, 452], 452, 2304)
best 5 choices:
(3.0701983630190156e+47, [441, 441, 441, 441, 441, 441, 441, 441, 441, 441, 441, 441, 441, 441, 441, 441, 441, 441, 441, 441, 441, 441, 441, 441, 441, 444, 445, 446, 447, 448, 449, 450, 452], 452, 2304)
(3.070210362232407e+47, [441, 441, 441, 441, 441, 441, 441, 441, 441, 441, 441, 441, 441, 441, 441, 441, 441, 441, 441, 441, 441, 441, 441, 441, 441, 441, 442, 445, 446, 447, 448, 449, 450, 452], 452, 2304)
(3.070212112932435e+47, [441, 441, 441, 441, 441, 441, 441, 441, 441, 441, 441, 441, 441, 441, 441, 441, 441, 441, 441, 441, 441, 441, 441, 441, 443, 444, 445, 447, 448, 450, 451, 452], 452, 2304)
(3.0702128635020084e+47, [441, 441, 441, 441, 441, 441, 441, 441, 441, 441, 441, 441, 441, 441, 441, 441, 441, 441, 441, 441, 441, 441, 441, 441, 441, 442, 444, 446, 447, 448, 449, 451, 452], 452, 2304)
(3.070213137461827e+47, [441, 441, 441, 441, 441, 441, 441, 441, 441, 441, 441, 441, 441, 441, 441, 441, 441, 441, 441, 441, 441, 441, 441, 441, 441, 442, 443, 444, 446, 447, 448, 449, 450, 452], 452, 2304)
end round with 7 suffixes


======== round 316 ========
todo suffixes: [[444, 448, 452, 454], [447, 452, 454], [451, 454], [450, 454], [449, 454], [453], [451]]
cur_suffix:  [444, 448, 452, 454]
bz: 439.
iter:  24
bz: 440.
iter:  26
bz: 441.
iter:  26
bz: 442.
iter:  29
bz: 443.
iter:  27
fisrt choice: (-1, -1, -1)
baseline:  (3.074359572610869e+47, [452, 452, 452, 452, 452, 452, 452, 452, 452, 452, 452, 452, 452, 452, 452, 452, 452, 452, 452], 452, 2304)
the strategy is infeasible, continue


======== round 317 ========
todo suffixes: [[447, 452, 454], [451, 454], [450, 454], [449, 454], [453], [451]]
cur_suffix:  [447, 452, 454]
bz: 442.
iter:  29
bz: 443.
iter:  27
bz: 444.
fisrt choice: (3.0707073033292637e+47, 444, 26)
baseline:  (3.074359572610869e+47, [452, 452, 452, 452, 452, 452, 452, 452, 452, 452, 452, 452, 452, 452, 452, 452, 452, 452, 452], 452, 2304)
best 5 choices:
(3.0701983630190156e+47, [441, 441, 441, 441, 441, 441, 441, 441, 441, 441, 441, 441, 441, 441, 441, 441, 441, 441, 441, 441, 441, 441, 441, 441, 441, 444, 445, 446, 447, 448, 449, 450, 452], 452, 2304)
(3.070210362232407e+47, [441, 441, 441, 441, 441, 441, 441, 441, 441, 441, 441, 441, 441, 441, 441, 441, 441, 441, 441, 441, 441, 441, 441, 441, 441, 441, 442, 445, 446, 447, 448, 449, 450, 452], 452, 2304)
(3.070212112932435e+47, [441, 441, 441, 441, 441, 441, 441, 441, 441, 441, 441, 441, 441, 441, 441, 441, 441, 441, 441, 441, 441, 441, 441, 441, 443, 444, 445, 447, 448, 450, 451, 452], 452, 2304)
(3.0702128635020084e+47, [441, 441, 441, 441, 441, 441, 441, 441, 441, 441, 441, 441, 441, 441, 441, 441, 441, 441, 441, 441, 441, 441, 441, 441, 441, 442, 444, 446, 447, 448, 449, 451, 452], 452, 2304)
(3.070213137461827e+47, [441, 441, 441, 441, 441, 441, 441, 441, 441, 441, 441, 441, 441, 441, 441, 441, 441, 441, 441, 441, 441, 441, 441, 441, 441, 442, 443, 444, 446, 447, 448, 449, 450, 452], 452, 2304)
end round with 8 suffixes


======== round 318 ========
todo suffixes: [[446, 447, 452, 454], [445, 447, 452, 454], [444, 447, 452, 454], [451, 454], [450, 454], [449, 454], [453], [451]]
cur_suffix:  [446, 447, 452, 454]
bz: 441.
iter:  26
bz: 442.
iter:  29
bz: 443.
fisrt choice: (3.070549840727844e+47, 443, 27)
baseline:  (3.074359572610869e+47, [452, 452, 452, 452, 452, 452, 452, 452, 452, 452, 452, 452, 452, 452, 452, 452, 452, 452, 452], 452, 2304)
best 5 choices:
(3.0701983630190156e+47, [441, 441, 441, 441, 441, 441, 441, 441, 441, 441, 441, 441, 441, 441, 441, 441, 441, 441, 441, 441, 441, 441, 441, 441, 441, 444, 445, 446, 447, 448, 449, 450, 452], 452, 2304)
(3.070210362232407e+47, [441, 441, 441, 441, 441, 441, 441, 441, 441, 441, 441, 441, 441, 441, 441, 441, 441, 441, 441, 441, 441, 441, 441, 441, 441, 441, 442, 445, 446, 447, 448, 449, 450, 452], 452, 2304)
(3.070212112932435e+47, [441, 441, 441, 441, 441, 441, 441, 441, 441, 441, 441, 441, 441, 441, 441, 441, 441, 441, 441, 441, 441, 441, 441, 441, 443, 444, 445, 447, 448, 450, 451, 452], 452, 2304)
(3.0702128635020084e+47, [441, 441, 441, 441, 441, 441, 441, 441, 441, 441, 441, 441, 441, 441, 441, 441, 441, 441, 441, 441, 441, 441, 441, 441, 441, 442, 444, 446, 447, 448, 449, 451, 452], 452, 2304)
(3.070213137461827e+47, [441, 441, 441, 441, 441, 441, 441, 441, 441, 441, 441, 441, 441, 441, 441, 441, 441, 441, 441, 441, 441, 441, 441, 441, 441, 442, 443, 444, 446, 447, 448, 449, 450, 452], 452, 2304)
end round with 7 suffixes


======== round 319 ========
todo suffixes: [[445, 447, 452, 454], [444, 447, 452, 454], [451, 454], [450, 454], [449, 454], [453], [451]]
cur_suffix:  [445, 447, 452, 454]
bz: 440.
iter:  26
bz: 441.
iter:  26
bz: 442.
iter:  29
bz: 443.
iter:  27
bz: 444.
fisrt choice: (3.070659996480394e+47, 444, 24)
baseline:  (3.074359572610869e+47, [452, 452, 452, 452, 452, 452, 452, 452, 452, 452, 452, 452, 452, 452, 452, 452, 452, 452, 452], 452, 2304)
best 5 choices:
(3.0701983630190156e+47, [441, 441, 441, 441, 441, 441, 441, 441, 441, 441, 441, 441, 441, 441, 441, 441, 441, 441, 441, 441, 441, 441, 441, 441, 441, 444, 445, 446, 447, 448, 449, 450, 452], 452, 2304)
(3.070210362232407e+47, [441, 441, 441, 441, 441, 441, 441, 441, 441, 441, 441, 441, 441, 441, 441, 441, 441, 441, 441, 441, 441, 441, 441, 441, 441, 441, 442, 445, 446, 447, 448, 449, 450, 452], 452, 2304)
(3.070212112932435e+47, [441, 441, 441, 441, 441, 441, 441, 441, 441, 441, 441, 441, 441, 441, 441, 441, 441, 441, 441, 441, 441, 441, 441, 441, 443, 444, 445, 447, 448, 450, 451, 452], 452, 2304)
(3.0702128635020084e+47, [441, 441, 441, 441, 441, 441, 441, 441, 441, 441, 441, 441, 441, 441, 441, 441, 441, 441, 441, 441, 441, 441, 441, 441, 441, 442, 444, 446, 447, 448, 449, 451, 452], 452, 2304)
(3.070213137461827e+47, [441, 441, 441, 441, 441, 441, 441, 441, 441, 441, 441, 441, 441, 441, 441, 441, 441, 441, 441, 441, 441, 441, 441, 441, 441, 442, 443, 444, 446, 447, 448, 449, 450, 452], 452, 2304)
end round with 7 suffixes


======== round 320 ========
todo suffixes: [[444, 445, 447, 452, 454], [444, 447, 452, 454], [451, 454], [450, 454], [449, 454], [453], [451]]
cur_suffix:  [444, 445, 447, 452, 454]
bz: 439.
iter:  24
bz: 440.
iter:  26
bz: 441.
iter:  26
bz: 442.
iter:  29
bz: 443.
fisrt choice: (3.07054386372443e+47, 443, 26)
baseline:  (3.074359572610869e+47, [452, 452, 452, 452, 452, 452, 452, 452, 452, 452, 452, 452, 452, 452, 452, 452, 452, 452, 452], 452, 2304)
best 5 choices:
(3.0701983630190156e+47, [441, 441, 441, 441, 441, 441, 441, 441, 441, 441, 441, 441, 441, 441, 441, 441, 441, 441, 441, 441, 441, 441, 441, 441, 441, 444, 445, 446, 447, 448, 449, 450, 452], 452, 2304)
(3.070210362232407e+47, [441, 441, 441, 441, 441, 441, 441, 441, 441, 441, 441, 441, 441, 441, 441, 441, 441, 441, 441, 441, 441, 441, 441, 441, 441, 441, 442, 445, 446, 447, 448, 449, 450, 452], 452, 2304)
(3.070212112932435e+47, [441, 441, 441, 441, 441, 441, 441, 441, 441, 441, 441, 441, 441, 441, 441, 441, 441, 441, 441, 441, 441, 441, 441, 441, 443, 444, 445, 447, 448, 450, 451, 452], 452, 2304)
(3.0702128635020084e+47, [441, 441, 441, 441, 441, 441, 441, 441, 441, 441, 441, 441, 441, 441, 441, 441, 441, 441, 441, 441, 441, 441, 441, 441, 441, 442, 444, 446, 447, 448, 449, 451, 452], 452, 2304)
(3.070213137461827e+47, [441, 441, 441, 441, 441, 441, 441, 441, 441, 441, 441, 441, 441, 441, 441, 441, 441, 441, 441, 441, 441, 441, 441, 441, 441, 442, 443, 444, 446, 447, 448, 449, 450, 452], 452, 2304)
end round with 6 suffixes


======== round 321 ========
todo suffixes: [[444, 447, 452, 454], [451, 454], [450, 454], [449, 454], [453], [451]]
cur_suffix:  [444, 447, 452, 454]
bz: 439.
iter:  24
bz: 440.
iter:  26
bz: 441.
iter:  26
bz: 442.
iter:  29
bz: 443.
iter:  27
fisrt choice: (-1, -1, -1)
baseline:  (3.074359572610869e+47, [452, 452, 452, 452, 452, 452, 452, 452, 452, 452, 452, 452, 452, 452, 452, 452, 452, 452, 452], 452, 2304)
the strategy is infeasible, continue


======== round 322 ========
todo suffixes: [[451, 454], [450, 454], [449, 454], [453], [451]]
cur_suffix:  [451, 454]
bz: 446.
fisrt choice: (3.071077710721621e+47, 446, 23)
baseline:  (3.074359572610869e+47, [452, 452, 452, 452, 452, 452, 452, 452, 452, 452, 452, 452, 452, 452, 452, 452, 452, 452, 452], 452, 2304)
best 5 choices:
(3.0701983630190156e+47, [441, 441, 441, 441, 441, 441, 441, 441, 441, 441, 441, 441, 441, 441, 441, 441, 441, 441, 441, 441, 441, 441, 441, 441, 441, 444, 445, 446, 447, 448, 449, 450, 452], 452, 2304)
(3.070210362232407e+47, [441, 441, 441, 441, 441, 441, 441, 441, 441, 441, 441, 441, 441, 441, 441, 441, 441, 441, 441, 441, 441, 441, 441, 441, 441, 441, 442, 445, 446, 447, 448, 449, 450, 452], 452, 2304)
(3.070212112932435e+47, [441, 441, 441, 441, 441, 441, 441, 441, 441, 441, 441, 441, 441, 441, 441, 441, 441, 441, 441, 441, 441, 441, 441, 441, 443, 444, 445, 447, 448, 450, 451, 452], 452, 2304)
(3.0702128635020084e+47, [441, 441, 441, 441, 441, 441, 441, 441, 441, 441, 441, 441, 441, 441, 441, 441, 441, 441, 441, 441, 441, 441, 441, 441, 441, 442, 444, 446, 447, 448, 449, 451, 452], 452, 2304)
(3.070213137461827e+47, [441, 441, 441, 441, 441, 441, 441, 441, 441, 441, 441, 441, 441, 441, 441, 441, 441, 441, 441, 441, 441, 441, 441, 441, 441, 442, 443, 444, 446, 447, 448, 449, 450, 452], 452, 2304)
end round with 8 suffixes


======== round 323 ========
todo suffixes: [[449, 451, 454], [448, 451, 454], [447, 451, 454], [446, 451, 454], [450, 454], [449, 454], [453], [451]]
cur_suffix:  [449, 451, 454]
bz: 444.
fisrt choice: (3.0706439112519574e+47, 444, 25)
baseline:  (3.074359572610869e+47, [452, 452, 452, 452, 452, 452, 452, 452, 452, 452, 452, 452, 452, 452, 452, 452, 452, 452, 452], 452, 2304)
best 5 choices:
(3.0701983630190156e+47, [441, 441, 441, 441, 441, 441, 441, 441, 441, 441, 441, 441, 441, 441, 441, 441, 441, 441, 441, 441, 441, 441, 441, 441, 441, 444, 445, 446, 447, 448, 449, 450, 452], 452, 2304)
(3.070210362232407e+47, [441, 441, 441, 441, 441, 441, 441, 441, 441, 441, 441, 441, 441, 441, 441, 441, 441, 441, 441, 441, 441, 441, 441, 441, 441, 441, 442, 445, 446, 447, 448, 449, 450, 452], 452, 2304)
(3.070212112932435e+47, [441, 441, 441, 441, 441, 441, 441, 441, 441, 441, 441, 441, 441, 441, 441, 441, 441, 441, 441, 441, 441, 441, 441, 441, 443, 444, 445, 447, 448, 450, 451, 452], 452, 2304)
(3.0702128635020084e+47, [441, 441, 441, 441, 441, 441, 441, 441, 441, 441, 441, 441, 441, 441, 441, 441, 441, 441, 441, 441, 441, 441, 441, 441, 441, 442, 444, 446, 447, 448, 449, 451, 452], 452, 2304)
(3.070213137461827e+47, [441, 441, 441, 441, 441, 441, 441, 441, 441, 441, 441, 441, 441, 441, 441, 441, 441, 441, 441, 441, 441, 441, 441, 441, 441, 442, 443, 444, 446, 447, 448, 449, 450, 452], 452, 2304)
end round with 11 suffixes


======== round 324 ========
todo suffixes: [[447, 449, 451, 454], [446, 449, 451, 454], [445, 449, 451, 454], [444, 449, 451, 454], [448, 451, 454], [447, 451, 454], [446, 451, 454], [450, 454], [449, 454], [453], [451]]
cur_suffix:  [447, 449, 451, 454]
bz: 442.
iter:  29
bz: 443.
fisrt choice: (3.070519626315523e+47, 443, 26)
baseline:  (3.074359572610869e+47, [452, 452, 452, 452, 452, 452, 452, 452, 452, 452, 452, 452, 452, 452, 452, 452, 452, 452, 452], 452, 2304)
best 5 choices:
(3.0701983630190156e+47, [441, 441, 441, 441, 441, 441, 441, 441, 441, 441, 441, 441, 441, 441, 441, 441, 441, 441, 441, 441, 441, 441, 441, 441, 441, 444, 445, 446, 447, 448, 449, 450, 452], 452, 2304)
(3.070210362232407e+47, [441, 441, 441, 441, 441, 441, 441, 441, 441, 441, 441, 441, 441, 441, 441, 441, 441, 441, 441, 441, 441, 441, 441, 441, 441, 441, 442, 445, 446, 447, 448, 449, 450, 452], 452, 2304)
(3.070212112932435e+47, [441, 441, 441, 441, 441, 441, 441, 441, 441, 441, 441, 441, 441, 441, 441, 441, 441, 441, 441, 441, 441, 441, 441, 441, 443, 444, 445, 447, 448, 450, 451, 452], 452, 2304)
(3.0702128635020084e+47, [441, 441, 441, 441, 441, 441, 441, 441, 441, 441, 441, 441, 441, 441, 441, 441, 441, 441, 441, 441, 441, 441, 441, 441, 441, 442, 444, 446, 447, 448, 449, 451, 452], 452, 2304)
(3.070213137461827e+47, [441, 441, 441, 441, 441, 441, 441, 441, 441, 441, 441, 441, 441, 441, 441, 441, 441, 441, 441, 441, 441, 441, 441, 441, 441, 442, 443, 444, 446, 447, 448, 449, 450, 452], 452, 2304)
end round with 10 suffixes


======== round 325 ========
todo suffixes: [[446, 449, 451, 454], [445, 449, 451, 454], [444, 449, 451, 454], [448, 451, 454], [447, 451, 454], [446, 451, 454], [450, 454], [449, 454], [453], [451]]
cur_suffix:  [446, 449, 451, 454]
bz: 441.
iter:  26
bz: 442.
iter:  29
bz: 443.
fisrt choice: (3.070548002942324e+47, 443, 27)
baseline:  (3.074359572610869e+47, [452, 452, 452, 452, 452, 452, 452, 452, 452, 452, 452, 452, 452, 452, 452, 452, 452, 452, 452], 452, 2304)
best 5 choices:
(3.0701983630190156e+47, [441, 441, 441, 441, 441, 441, 441, 441, 441, 441, 441, 441, 441, 441, 441, 441, 441, 441, 441, 441, 441, 441, 441, 441, 441, 444, 445, 446, 447, 448, 449, 450, 452], 452, 2304)
(3.070210362232407e+47, [441, 441, 441, 441, 441, 441, 441, 441, 441, 441, 441, 441, 441, 441, 441, 441, 441, 441, 441, 441, 441, 441, 441, 441, 441, 441, 442, 445, 446, 447, 448, 449, 450, 452], 452, 2304)
(3.070212112932435e+47, [441, 441, 441, 441, 441, 441, 441, 441, 441, 441, 441, 441, 441, 441, 441, 441, 441, 441, 441, 441, 441, 441, 441, 441, 443, 444, 445, 447, 448, 450, 451, 452], 452, 2304)
(3.0702128635020084e+47, [441, 441, 441, 441, 441, 441, 441, 441, 441, 441, 441, 441, 441, 441, 441, 441, 441, 441, 441, 441, 441, 441, 441, 441, 441, 442, 444, 446, 447, 448, 449, 451, 452], 452, 2304)
(3.070213137461827e+47, [441, 441, 441, 441, 441, 441, 441, 441, 441, 441, 441, 441, 441, 441, 441, 441, 441, 441, 441, 441, 441, 441, 441, 441, 441, 442, 443, 444, 446, 447, 448, 449, 450, 452], 452, 2304)
end round with 9 suffixes


======== round 326 ========
todo suffixes: [[445, 449, 451, 454], [444, 449, 451, 454], [448, 451, 454], [447, 451, 454], [446, 451, 454], [450, 454], [449, 454], [453], [451]]
cur_suffix:  [445, 449, 451, 454]
bz: 440.
iter:  26
bz: 441.
iter:  26
bz: 442.
iter:  29
bz: 443.
iter:  27
bz: 444.
fisrt choice: (3.0706581586948743e+47, 444, 24)
baseline:  (3.074359572610869e+47, [452, 452, 452, 452, 452, 452, 452, 452, 452, 452, 452, 452, 452, 452, 452, 452, 452, 452, 452], 452, 2304)
best 5 choices:
(3.0701983630190156e+47, [441, 441, 441, 441, 441, 441, 441, 441, 441, 441, 441, 441, 441, 441, 441, 441, 441, 441, 441, 441, 441, 441, 441, 441, 441, 444, 445, 446, 447, 448, 449, 450, 452], 452, 2304)
(3.070210362232407e+47, [441, 441, 441, 441, 441, 441, 441, 441, 441, 441, 441, 441, 441, 441, 441, 441, 441, 441, 441, 441, 441, 441, 441, 441, 441, 441, 442, 445, 446, 447, 448, 449, 450, 452], 452, 2304)
(3.070212112932435e+47, [441, 441, 441, 441, 441, 441, 441, 441, 441, 441, 441, 441, 441, 441, 441, 441, 441, 441, 441, 441, 441, 441, 441, 441, 443, 444, 445, 447, 448, 450, 451, 452], 452, 2304)
(3.0702128635020084e+47, [441, 441, 441, 441, 441, 441, 441, 441, 441, 441, 441, 441, 441, 441, 441, 441, 441, 441, 441, 441, 441, 441, 441, 441, 441, 442, 444, 446, 447, 448, 449, 451, 452], 452, 2304)
(3.070213137461827e+47, [441, 441, 441, 441, 441, 441, 441, 441, 441, 441, 441, 441, 441, 441, 441, 441, 441, 441, 441, 441, 441, 441, 441, 441, 441, 442, 443, 444, 446, 447, 448, 449, 450, 452], 452, 2304)
end round with 9 suffixes


======== round 327 ========
todo suffixes: [[444, 445, 449, 451, 454], [444, 449, 451, 454], [448, 451, 454], [447, 451, 454], [446, 451, 454], [450, 454], [449, 454], [453], [451]]
cur_suffix:  [444, 445, 449, 451, 454]
bz: 439.
iter:  24
bz: 440.
iter:  26
bz: 441.
iter:  26
bz: 442.
iter:  29
bz: 443.
fisrt choice: (3.0705420259389103e+47, 443, 26)
baseline:  (3.074359572610869e+47, [452, 452, 452, 452, 452, 452, 452, 452, 452, 452, 452, 452, 452, 452, 452, 452, 452, 452, 452], 452, 2304)
best 5 choices:
(3.0701983630190156e+47, [441, 441, 441, 441, 441, 441, 441, 441, 441, 441, 441, 441, 441, 441, 441, 441, 441, 441, 441, 441, 441, 441, 441, 441, 441, 444, 445, 446, 447, 448, 449, 450, 452], 452, 2304)
(3.070210362232407e+47, [441, 441, 441, 441, 441, 441, 441, 441, 441, 441, 441, 441, 441, 441, 441, 441, 441, 441, 441, 441, 441, 441, 441, 441, 441, 441, 442, 445, 446, 447, 448, 449, 450, 452], 452, 2304)
(3.070212112932435e+47, [441, 441, 441, 441, 441, 441, 441, 441, 441, 441, 441, 441, 441, 441, 441, 441, 441, 441, 441, 441, 441, 441, 441, 441, 443, 444, 445, 447, 448, 450, 451, 452], 452, 2304)
(3.0702128635020084e+47, [441, 441, 441, 441, 441, 441, 441, 441, 441, 441, 441, 441, 441, 441, 441, 441, 441, 441, 441, 441, 441, 441, 441, 441, 441, 442, 444, 446, 447, 448, 449, 451, 452], 452, 2304)
(3.070213137461827e+47, [441, 441, 441, 441, 441, 441, 441, 441, 441, 441, 441, 441, 441, 441, 441, 441, 441, 441, 441, 441, 441, 441, 441, 441, 441, 442, 443, 444, 446, 447, 448, 449, 450, 452], 452, 2304)
end round with 8 suffixes


======== round 328 ========
todo suffixes: [[444, 449, 451, 454], [448, 451, 454], [447, 451, 454], [446, 451, 454], [450, 454], [449, 454], [453], [451]]
cur_suffix:  [444, 449, 451, 454]
bz: 439.
iter:  24
bz: 440.
iter:  26
bz: 441.
iter:  26
bz: 442.
iter:  29
bz: 443.
iter:  27
fisrt choice: (-1, -1, -1)
baseline:  (3.074359572610869e+47, [452, 452, 452, 452, 452, 452, 452, 452, 452, 452, 452, 452, 452, 452, 452, 452, 452, 452, 452], 452, 2304)
the strategy is infeasible, continue


======== round 329 ========
todo suffixes: [[448, 451, 454], [447, 451, 454], [446, 451, 454], [450, 454], [449, 454], [453], [451]]
cur_suffix:  [448, 451, 454]
bz: 443.
iter:  27
bz: 444.
fisrt choice: (3.070672691299811e+47, 444, 26)
baseline:  (3.074359572610869e+47, [452, 452, 452, 452, 452, 452, 452, 452, 452, 452, 452, 452, 452, 452, 452, 452, 452, 452, 452], 452, 2304)
best 5 choices:
(3.0701983630190156e+47, [441, 441, 441, 441, 441, 441, 441, 441, 441, 441, 441, 441, 441, 441, 441, 441, 441, 441, 441, 441, 441, 441, 441, 441, 441, 444, 445, 446, 447, 448, 449, 450, 452], 452, 2304)
(3.070210362232407e+47, [441, 441, 441, 441, 441, 441, 441, 441, 441, 441, 441, 441, 441, 441, 441, 441, 441, 441, 441, 441, 441, 441, 441, 441, 441, 441, 442, 445, 446, 447, 448, 449, 450, 452], 452, 2304)
(3.070212112932435e+47, [441, 441, 441, 441, 441, 441, 441, 441, 441, 441, 441, 441, 441, 441, 441, 441, 441, 441, 441, 441, 441, 441, 441, 441, 443, 444, 445, 447, 448, 450, 451, 452], 452, 2304)
(3.0702128635020084e+47, [441, 441, 441, 441, 441, 441, 441, 441, 441, 441, 441, 441, 441, 441, 441, 441, 441, 441, 441, 441, 441, 441, 441, 441, 441, 442, 444, 446, 447, 448, 449, 451, 452], 452, 2304)
(3.070213137461827e+47, [441, 441, 441, 441, 441, 441, 441, 441, 441, 441, 441, 441, 441, 441, 441, 441, 441, 441, 441, 441, 441, 441, 441, 441, 441, 442, 443, 444, 446, 447, 448, 449, 450, 452], 452, 2304)
end round with 10 suffixes


======== round 330 ========
todo suffixes: [[447, 448, 451, 454], [446, 448, 451, 454], [445, 448, 451, 454], [444, 448, 451, 454], [447, 451, 454], [446, 451, 454], [450, 454], [449, 454], [453], [451]]
cur_suffix:  [447, 448, 451, 454]
bz: 442.
iter:  29
bz: 443.
fisrt choice: (3.0705368373006334e+47, 443, 27)
baseline:  (3.074359572610869e+47, [452, 452, 452, 452, 452, 452, 452, 452, 452, 452, 452, 452, 452, 452, 452, 452, 452, 452, 452], 452, 2304)
best 5 choices:
(3.0701983630190156e+47, [441, 441, 441, 441, 441, 441, 441, 441, 441, 441, 441, 441, 441, 441, 441, 441, 441, 441, 441, 441, 441, 441, 441, 441, 441, 444, 445, 446, 447, 448, 449, 450, 452], 452, 2304)
(3.070210362232407e+47, [441, 441, 441, 441, 441, 441, 441, 441, 441, 441, 441, 441, 441, 441, 441, 441, 441, 441, 441, 441, 441, 441, 441, 441, 441, 441, 442, 445, 446, 447, 448, 449, 450, 452], 452, 2304)
(3.070212112932435e+47, [441, 441, 441, 441, 441, 441, 441, 441, 441, 441, 441, 441, 441, 441, 441, 441, 441, 441, 441, 441, 441, 441, 441, 441, 443, 444, 445, 447, 448, 450, 451, 452], 452, 2304)
(3.0702128635020084e+47, [441, 441, 441, 441, 441, 441, 441, 441, 441, 441, 441, 441, 441, 441, 441, 441, 441, 441, 441, 441, 441, 441, 441, 441, 441, 442, 444, 446, 447, 448, 449, 451, 452], 452, 2304)
(3.070213137461827e+47, [441, 441, 441, 441, 441, 441, 441, 441, 441, 441, 441, 441, 441, 441, 441, 441, 441, 441, 441, 441, 441, 441, 441, 441, 441, 442, 443, 444, 446, 447, 448, 449, 450, 452], 452, 2304)
end round with 9 suffixes


======== round 331 ========
todo suffixes: [[446, 448, 451, 454], [445, 448, 451, 454], [444, 448, 451, 454], [447, 451, 454], [446, 451, 454], [450, 454], [449, 454], [453], [451]]
cur_suffix:  [446, 448, 451, 454]
bz: 441.
iter:  26
bz: 442.
iter:  29
bz: 443.
iter:  27
bz: 444.
fisrt choice: (3.0706429305170986e+47, 444, 24)
baseline:  (3.074359572610869e+47, [452, 452, 452, 452, 452, 452, 452, 452, 452, 452, 452, 452, 452, 452, 452, 452, 452, 452, 452], 452, 2304)
best 5 choices:
(3.0701983630190156e+47, [441, 441, 441, 441, 441, 441, 441, 441, 441, 441, 441, 441, 441, 441, 441, 441, 441, 441, 441, 441, 441, 441, 441, 441, 441, 444, 445, 446, 447, 448, 449, 450, 452], 452, 2304)
(3.070210362232407e+47, [441, 441, 441, 441, 441, 441, 441, 441, 441, 441, 441, 441, 441, 441, 441, 441, 441, 441, 441, 441, 441, 441, 441, 441, 441, 441, 442, 445, 446, 447, 448, 449, 450, 452], 452, 2304)
(3.070212112932435e+47, [441, 441, 441, 441, 441, 441, 441, 441, 441, 441, 441, 441, 441, 441, 441, 441, 441, 441, 441, 441, 441, 441, 441, 441, 443, 444, 445, 447, 448, 450, 451, 452], 452, 2304)
(3.0702128635020084e+47, [441, 441, 441, 441, 441, 441, 441, 441, 441, 441, 441, 441, 441, 441, 441, 441, 441, 441, 441, 441, 441, 441, 441, 441, 441, 442, 444, 446, 447, 448, 449, 451, 452], 452, 2304)
(3.070213137461827e+47, [441, 441, 441, 441, 441, 441, 441, 441, 441, 441, 441, 441, 441, 441, 441, 441, 441, 441, 441, 441, 441, 441, 441, 441, 441, 442, 443, 444, 446, 447, 448, 449, 450, 452], 452, 2304)
end round with 10 suffixes


======== round 332 ========
todo suffixes: [[445, 446, 448, 451, 454], [444, 446, 448, 451, 454], [445, 448, 451, 454], [444, 448, 451, 454], [447, 451, 454], [446, 451, 454], [450, 454], [449, 454], [453], [451]]
cur_suffix:  [445, 446, 448, 451, 454]
bz: 440.
iter:  26
bz: 441.
iter:  26
bz: 442.
iter:  29
bz: 443.
fisrt choice: (3.0704910599750083e+47, 443, 25)
baseline:  (3.074359572610869e+47, [452, 452, 452, 452, 452, 452, 452, 452, 452, 452, 452, 452, 452, 452, 452, 452, 452, 452, 452], 452, 2304)
best 5 choices:
(3.0701983630190156e+47, [441, 441, 441, 441, 441, 441, 441, 441, 441, 441, 441, 441, 441, 441, 441, 441, 441, 441, 441, 441, 441, 441, 441, 441, 441, 444, 445, 446, 447, 448, 449, 450, 452], 452, 2304)
(3.070210362232407e+47, [441, 441, 441, 441, 441, 441, 441, 441, 441, 441, 441, 441, 441, 441, 441, 441, 441, 441, 441, 441, 441, 441, 441, 441, 441, 441, 442, 445, 446, 447, 448, 449, 450, 452], 452, 2304)
(3.070212112932435e+47, [441, 441, 441, 441, 441, 441, 441, 441, 441, 441, 441, 441, 441, 441, 441, 441, 441, 441, 441, 441, 441, 441, 441, 441, 443, 444, 445, 447, 448, 450, 451, 452], 452, 2304)
(3.0702128635020084e+47, [441, 441, 441, 441, 441, 441, 441, 441, 441, 441, 441, 441, 441, 441, 441, 441, 441, 441, 441, 441, 441, 441, 441, 441, 441, 442, 444, 446, 447, 448, 449, 451, 452], 452, 2304)
(3.070213137461827e+47, [441, 441, 441, 441, 441, 441, 441, 441, 441, 441, 441, 441, 441, 441, 441, 441, 441, 441, 441, 441, 441, 441, 441, 441, 441, 442, 443, 444, 446, 447, 448, 449, 450, 452], 452, 2304)
end round with 9 suffixes


======== round 333 ========
todo suffixes: [[444, 446, 448, 451, 454], [445, 448, 451, 454], [444, 448, 451, 454], [447, 451, 454], [446, 451, 454], [450, 454], [449, 454], [453], [451]]
cur_suffix:  [444, 446, 448, 451, 454]
bz: 439.
iter:  24
bz: 440.
iter:  26
bz: 441.
iter:  26
bz: 442.
iter:  29
bz: 443.
fisrt choice: (3.0705267977611347e+47, 443, 26)
baseline:  (3.074359572610869e+47, [452, 452, 452, 452, 452, 452, 452, 452, 452, 452, 452, 452, 452, 452, 452, 452, 452, 452, 452], 452, 2304)
best 5 choices:
(3.0701983630190156e+47, [441, 441, 441, 441, 441, 441, 441, 441, 441, 441, 441, 441, 441, 441, 441, 441, 441, 441, 441, 441, 441, 441, 441, 441, 441, 444, 445, 446, 447, 448, 449, 450, 452], 452, 2304)
(3.070210362232407e+47, [441, 441, 441, 441, 441, 441, 441, 441, 441, 441, 441, 441, 441, 441, 441, 441, 441, 441, 441, 441, 441, 441, 441, 441, 441, 441, 442, 445, 446, 447, 448, 449, 450, 452], 452, 2304)
(3.070212112932435e+47, [441, 441, 441, 441, 441, 441, 441, 441, 441, 441, 441, 441, 441, 441, 441, 441, 441, 441, 441, 441, 441, 441, 441, 441, 443, 444, 445, 447, 448, 450, 451, 452], 452, 2304)
(3.0702128635020084e+47, [441, 441, 441, 441, 441, 441, 441, 441, 441, 441, 441, 441, 441, 441, 441, 441, 441, 441, 441, 441, 441, 441, 441, 441, 441, 442, 444, 446, 447, 448, 449, 451, 452], 452, 2304)
(3.070213137461827e+47, [441, 441, 441, 441, 441, 441, 441, 441, 441, 441, 441, 441, 441, 441, 441, 441, 441, 441, 441, 441, 441, 441, 441, 441, 441, 442, 443, 444, 446, 447, 448, 449, 450, 452], 452, 2304)
end round with 8 suffixes


======== round 334 ========
todo suffixes: [[445, 448, 451, 454], [444, 448, 451, 454], [447, 451, 454], [446, 451, 454], [450, 454], [449, 454], [453], [451]]
cur_suffix:  [445, 448, 451, 454]
bz: 440.
iter:  26
bz: 441.
iter:  26
bz: 442.
iter:  29
bz: 443.
iter:  27
bz: 444.
fisrt choice: (3.070686938742728e+47, 444, 25)
baseline:  (3.074359572610869e+47, [452, 452, 452, 452, 452, 452, 452, 452, 452, 452, 452, 452, 452, 452, 452, 452, 452, 452, 452], 452, 2304)
best 5 choices:
(3.0701983630190156e+47, [441, 441, 441, 441, 441, 441, 441, 441, 441, 441, 441, 441, 441, 441, 441, 441, 441, 441, 441, 441, 441, 441, 441, 441, 441, 444, 445, 446, 447, 448, 449, 450, 452], 452, 2304)
(3.070210362232407e+47, [441, 441, 441, 441, 441, 441, 441, 441, 441, 441, 441, 441, 441, 441, 441, 441, 441, 441, 441, 441, 441, 441, 441, 441, 441, 441, 442, 445, 446, 447, 448, 449, 450, 452], 452, 2304)
(3.070212112932435e+47, [441, 441, 441, 441, 441, 441, 441, 441, 441, 441, 441, 441, 441, 441, 441, 441, 441, 441, 441, 441, 441, 441, 441, 441, 443, 444, 445, 447, 448, 450, 451, 452], 452, 2304)
(3.0702128635020084e+47, [441, 441, 441, 441, 441, 441, 441, 441, 441, 441, 441, 441, 441, 441, 441, 441, 441, 441, 441, 441, 441, 441, 441, 441, 441, 442, 444, 446, 447, 448, 449, 451, 452], 452, 2304)
(3.070213137461827e+47, [441, 441, 441, 441, 441, 441, 441, 441, 441, 441, 441, 441, 441, 441, 441, 441, 441, 441, 441, 441, 441, 441, 441, 441, 441, 442, 443, 444, 446, 447, 448, 449, 450, 452], 452, 2304)
end round with 8 suffixes


======== round 335 ========
todo suffixes: [[444, 445, 448, 451, 454], [444, 448, 451, 454], [447, 451, 454], [446, 451, 454], [450, 454], [449, 454], [453], [451]]
cur_suffix:  [444, 445, 448, 451, 454]
bz: 439.
iter:  24
bz: 440.
iter:  26
bz: 441.
iter:  26
bz: 442.
iter:  29
bz: 443.
fisrt choice: (3.070559236924021e+47, 443, 27)
baseline:  (3.074359572610869e+47, [452, 452, 452, 452, 452, 452, 452, 452, 452, 452, 452, 452, 452, 452, 452, 452, 452, 452, 452], 452, 2304)
best 5 choices:
(3.0701983630190156e+47, [441, 441, 441, 441, 441, 441, 441, 441, 441, 441, 441, 441, 441, 441, 441, 441, 441, 441, 441, 441, 441, 441, 441, 441, 441, 444, 445, 446, 447, 448, 449, 450, 452], 452, 2304)
(3.070210362232407e+47, [441, 441, 441, 441, 441, 441, 441, 441, 441, 441, 441, 441, 441, 441, 441, 441, 441, 441, 441, 441, 441, 441, 441, 441, 441, 441, 442, 445, 446, 447, 448, 449, 450, 452], 452, 2304)
(3.070212112932435e+47, [441, 441, 441, 441, 441, 441, 441, 441, 441, 441, 441, 441, 441, 441, 441, 441, 441, 441, 441, 441, 441, 441, 441, 441, 443, 444, 445, 447, 448, 450, 451, 452], 452, 2304)
(3.0702128635020084e+47, [441, 441, 441, 441, 441, 441, 441, 441, 441, 441, 441, 441, 441, 441, 441, 441, 441, 441, 441, 441, 441, 441, 441, 441, 441, 442, 444, 446, 447, 448, 449, 451, 452], 452, 2304)
(3.070213137461827e+47, [441, 441, 441, 441, 441, 441, 441, 441, 441, 441, 441, 441, 441, 441, 441, 441, 441, 441, 441, 441, 441, 441, 441, 441, 441, 442, 443, 444, 446, 447, 448, 449, 450, 452], 452, 2304)
end round with 7 suffixes


======== round 336 ========
todo suffixes: [[444, 448, 451, 454], [447, 451, 454], [446, 451, 454], [450, 454], [449, 454], [453], [451]]
cur_suffix:  [444, 448, 451, 454]
bz: 439.
iter:  24
bz: 440.
iter:  26
bz: 441.
iter:  26
bz: 442.
iter:  29
bz: 443.
iter:  27
fisrt choice: (-1, -1, -1)
baseline:  (3.074359572610869e+47, [452, 452, 452, 452, 452, 452, 452, 452, 452, 452, 452, 452, 452, 452, 452, 452, 452, 452, 452], 452, 2304)
the strategy is infeasible, continue


======== round 337 ========
todo suffixes: [[447, 451, 454], [446, 451, 454], [450, 454], [449, 454], [453], [451]]
cur_suffix:  [447, 451, 454]
bz: 442.
iter:  29
bz: 443.
iter:  27
bz: 444.
iter:  26
bz: 445.
fisrt choice: (3.0708649093378154e+47, 445, 24)
baseline:  (3.074359572610869e+47, [452, 452, 452, 452, 452, 452, 452, 452, 452, 452, 452, 452, 452, 452, 452, 452, 452, 452, 452], 452, 2304)
best 5 choices:
(3.0701983630190156e+47, [441, 441, 441, 441, 441, 441, 441, 441, 441, 441, 441, 441, 441, 441, 441, 441, 441, 441, 441, 441, 441, 441, 441, 441, 441, 444, 445, 446, 447, 448, 449, 450, 452], 452, 2304)
(3.070210362232407e+47, [441, 441, 441, 441, 441, 441, 441, 441, 441, 441, 441, 441, 441, 441, 441, 441, 441, 441, 441, 441, 441, 441, 441, 441, 441, 441, 442, 445, 446, 447, 448, 449, 450, 452], 452, 2304)
(3.070212112932435e+47, [441, 441, 441, 441, 441, 441, 441, 441, 441, 441, 441, 441, 441, 441, 441, 441, 441, 441, 441, 441, 441, 441, 441, 441, 443, 444, 445, 447, 448, 450, 451, 452], 452, 2304)
(3.0702128635020084e+47, [441, 441, 441, 441, 441, 441, 441, 441, 441, 441, 441, 441, 441, 441, 441, 441, 441, 441, 441, 441, 441, 441, 441, 441, 441, 442, 444, 446, 447, 448, 449, 451, 452], 452, 2304)
(3.070213137461827e+47, [441, 441, 441, 441, 441, 441, 441, 441, 441, 441, 441, 441, 441, 441, 441, 441, 441, 441, 441, 441, 441, 441, 441, 441, 441, 442, 443, 444, 446, 447, 448, 449, 450, 452], 452, 2304)
end round with 7 suffixes


======== round 338 ========
todo suffixes: [[446, 447, 451, 454], [445, 447, 451, 454], [446, 451, 454], [450, 454], [449, 454], [453], [451]]
cur_suffix:  [446, 447, 451, 454]
bz: 441.
iter:  26
bz: 442.
iter:  29
bz: 443.
iter:  27
bz: 444.
fisrt choice: (3.0706778728004575e+47, 444, 25)
baseline:  (3.074359572610869e+47, [452, 452, 452, 452, 452, 452, 452, 452, 452, 452, 452, 452, 452, 452, 452, 452, 452, 452, 452], 452, 2304)
best 5 choices:
(3.0701983630190156e+47, [441, 441, 441, 441, 441, 441, 441, 441, 441, 441, 441, 441, 441, 441, 441, 441, 441, 441, 441, 441, 441, 441, 441, 441, 441, 444, 445, 446, 447, 448, 449, 450, 452], 452, 2304)
(3.070210362232407e+47, [441, 441, 441, 441, 441, 441, 441, 441, 441, 441, 441, 441, 441, 441, 441, 441, 441, 441, 441, 441, 441, 441, 441, 441, 441, 441, 442, 445, 446, 447, 448, 449, 450, 452], 452, 2304)
(3.070212112932435e+47, [441, 441, 441, 441, 441, 441, 441, 441, 441, 441, 441, 441, 441, 441, 441, 441, 441, 441, 441, 441, 441, 441, 441, 441, 443, 444, 445, 447, 448, 450, 451, 452], 452, 2304)
(3.0702128635020084e+47, [441, 441, 441, 441, 441, 441, 441, 441, 441, 441, 441, 441, 441, 441, 441, 441, 441, 441, 441, 441, 441, 441, 441, 441, 441, 442, 444, 446, 447, 448, 449, 451, 452], 452, 2304)
(3.070213137461827e+47, [441, 441, 441, 441, 441, 441, 441, 441, 441, 441, 441, 441, 441, 441, 441, 441, 441, 441, 441, 441, 441, 441, 441, 441, 441, 442, 443, 444, 446, 447, 448, 449, 450, 452], 452, 2304)
end round with 8 suffixes


======== round 339 ========
todo suffixes: [[445, 446, 447, 451, 454], [444, 446, 447, 451, 454], [445, 447, 451, 454], [446, 451, 454], [450, 454], [449, 454], [453], [451]]
cur_suffix:  [445, 446, 447, 451, 454]
bz: 440.
iter:  26
bz: 441.
iter:  26
bz: 442.
iter:  29
bz: 443.
fisrt choice: (3.070514433195624e+47, 443, 26)
baseline:  (3.074359572610869e+47, [452, 452, 452, 452, 452, 452, 452, 452, 452, 452, 452, 452, 452, 452, 452, 452, 452, 452, 452], 452, 2304)
best 5 choices:
(3.0701983630190156e+47, [441, 441, 441, 441, 441, 441, 441, 441, 441, 441, 441, 441, 441, 441, 441, 441, 441, 441, 441, 441, 441, 441, 441, 441, 441, 444, 445, 446, 447, 448, 449, 450, 452], 452, 2304)
(3.070210362232407e+47, [441, 441, 441, 441, 441, 441, 441, 441, 441, 441, 441, 441, 441, 441, 441, 441, 441, 441, 441, 441, 441, 441, 441, 441, 441, 441, 442, 445, 446, 447, 448, 449, 450, 452], 452, 2304)
(3.070212112932435e+47, [441, 441, 441, 441, 441, 441, 441, 441, 441, 441, 441, 441, 441, 441, 441, 441, 441, 441, 441, 441, 441, 441, 441, 441, 443, 444, 445, 447, 448, 450, 451, 452], 452, 2304)
(3.0702128635020084e+47, [441, 441, 441, 441, 441, 441, 441, 441, 441, 441, 441, 441, 441, 441, 441, 441, 441, 441, 441, 441, 441, 441, 441, 441, 441, 442, 444, 446, 447, 448, 449, 451, 452], 452, 2304)
(3.070213137461827e+47, [441, 441, 441, 441, 441, 441, 441, 441, 441, 441, 441, 441, 441, 441, 441, 441, 441, 441, 441, 441, 441, 441, 441, 441, 441, 442, 443, 444, 446, 447, 448, 449, 450, 452], 452, 2304)
end round with 7 suffixes


======== round 340 ========
todo suffixes: [[444, 446, 447, 451, 454], [445, 447, 451, 454], [446, 451, 454], [450, 454], [449, 454], [453], [451]]
cur_suffix:  [444, 446, 447, 451, 454]
bz: 439.
iter:  24
bz: 440.
iter:  26
bz: 441.
iter:  26
bz: 442.
iter:  29
bz: 443.
fisrt choice: (3.0705501709817504e+47, 443, 27)
baseline:  (3.074359572610869e+47, [452, 452, 452, 452, 452, 452, 452, 452, 452, 452, 452, 452, 452, 452, 452, 452, 452, 452, 452], 452, 2304)
best 5 choices:
(3.0701983630190156e+47, [441, 441, 441, 441, 441, 441, 441, 441, 441, 441, 441, 441, 441, 441, 441, 441, 441, 441, 441, 441, 441, 441, 441, 441, 441, 444, 445, 446, 447, 448, 449, 450, 452], 452, 2304)
(3.070210362232407e+47, [441, 441, 441, 441, 441, 441, 441, 441, 441, 441, 441, 441, 441, 441, 441, 441, 441, 441, 441, 441, 441, 441, 441, 441, 441, 441, 442, 445, 446, 447, 448, 449, 450, 452], 452, 2304)
(3.070212112932435e+47, [441, 441, 441, 441, 441, 441, 441, 441, 441, 441, 441, 441, 441, 441, 441, 441, 441, 441, 441, 441, 441, 441, 441, 441, 443, 444, 445, 447, 448, 450, 451, 452], 452, 2304)
(3.0702128635020084e+47, [441, 441, 441, 441, 441, 441, 441, 441, 441, 441, 441, 441, 441, 441, 441, 441, 441, 441, 441, 441, 441, 441, 441, 441, 441, 442, 444, 446, 447, 448, 449, 451, 452], 452, 2304)
(3.070213137461827e+47, [441, 441, 441, 441, 441, 441, 441, 441, 441, 441, 441, 441, 441, 441, 441, 441, 441, 441, 441, 441, 441, 441, 441, 441, 441, 442, 443, 444, 446, 447, 448, 449, 450, 452], 452, 2304)
end round with 6 suffixes


======== round 341 ========
todo suffixes: [[445, 447, 451, 454], [446, 451, 454], [450, 454], [449, 454], [453], [451]]
cur_suffix:  [445, 447, 451, 454]
bz: 440.
iter:  26
bz: 441.
iter:  26
bz: 442.
iter:  29
bz: 443.
iter:  27
bz: 444.
fisrt choice: (3.0706603267343005e+47, 444, 25)
baseline:  (3.074359572610869e+47, [452, 452, 452, 452, 452, 452, 452, 452, 452, 452, 452, 452, 452, 452, 452, 452, 452, 452, 452], 452, 2304)
best 5 choices:
(3.0701983630190156e+47, [441, 441, 441, 441, 441, 441, 441, 441, 441, 441, 441, 441, 441, 441, 441, 441, 441, 441, 441, 441, 441, 441, 441, 441, 441, 444, 445, 446, 447, 448, 449, 450, 452], 452, 2304)
(3.070210362232407e+47, [441, 441, 441, 441, 441, 441, 441, 441, 441, 441, 441, 441, 441, 441, 441, 441, 441, 441, 441, 441, 441, 441, 441, 441, 441, 441, 442, 445, 446, 447, 448, 449, 450, 452], 452, 2304)
(3.070212112932435e+47, [441, 441, 441, 441, 441, 441, 441, 441, 441, 441, 441, 441, 441, 441, 441, 441, 441, 441, 441, 441, 441, 441, 441, 441, 443, 444, 445, 447, 448, 450, 451, 452], 452, 2304)
(3.0702128635020084e+47, [441, 441, 441, 441, 441, 441, 441, 441, 441, 441, 441, 441, 441, 441, 441, 441, 441, 441, 441, 441, 441, 441, 441, 441, 441, 442, 444, 446, 447, 448, 449, 451, 452], 452, 2304)
(3.070213137461827e+47, [441, 441, 441, 441, 441, 441, 441, 441, 441, 441, 441, 441, 441, 441, 441, 441, 441, 441, 441, 441, 441, 441, 441, 441, 441, 442, 443, 444, 446, 447, 448, 449, 450, 452], 452, 2304)
end round with 6 suffixes


======== round 342 ========
todo suffixes: [[444, 445, 447, 451, 454], [446, 451, 454], [450, 454], [449, 454], [453], [451]]
cur_suffix:  [444, 445, 447, 451, 454]
bz: 439.
iter:  24
bz: 440.
iter:  26
bz: 441.
iter:  26
bz: 442.
iter:  29
bz: 443.
iter:  27
fisrt choice: (-1, -1, -1)
baseline:  (3.074359572610869e+47, [452, 452, 452, 452, 452, 452, 452, 452, 452, 452, 452, 452, 452, 452, 452, 452, 452, 452, 452], 452, 2304)
the strategy is infeasible, continue


======== round 343 ========
todo suffixes: [[446, 451, 454], [450, 454], [449, 454], [453], [451]]
cur_suffix:  [446, 451, 454]
bz: 441.
iter:  26
bz: 442.
iter:  29
bz: 443.
iter:  27
bz: 444.
iter:  26
bz: 445.
fisrt choice: (3.0708433007355735e+47, 445, 24)
baseline:  (3.074359572610869e+47, [452, 452, 452, 452, 452, 452, 452, 452, 452, 452, 452, 452, 452, 452, 452, 452, 452, 452, 452], 452, 2304)
best 5 choices:
(3.0701983630190156e+47, [441, 441, 441, 441, 441, 441, 441, 441, 441, 441, 441, 441, 441, 441, 441, 441, 441, 441, 441, 441, 441, 441, 441, 441, 441, 444, 445, 446, 447, 448, 449, 450, 452], 452, 2304)
(3.070210362232407e+47, [441, 441, 441, 441, 441, 441, 441, 441, 441, 441, 441, 441, 441, 441, 441, 441, 441, 441, 441, 441, 441, 441, 441, 441, 441, 441, 442, 445, 446, 447, 448, 449, 450, 452], 452, 2304)
(3.070212112932435e+47, [441, 441, 441, 441, 441, 441, 441, 441, 441, 441, 441, 441, 441, 441, 441, 441, 441, 441, 441, 441, 441, 441, 441, 441, 443, 444, 445, 447, 448, 450, 451, 452], 452, 2304)
(3.0702128635020084e+47, [441, 441, 441, 441, 441, 441, 441, 441, 441, 441, 441, 441, 441, 441, 441, 441, 441, 441, 441, 441, 441, 441, 441, 441, 441, 442, 444, 446, 447, 448, 449, 451, 452], 452, 2304)
(3.070213137461827e+47, [441, 441, 441, 441, 441, 441, 441, 441, 441, 441, 441, 441, 441, 441, 441, 441, 441, 441, 441, 441, 441, 441, 441, 441, 441, 442, 443, 444, 446, 447, 448, 449, 450, 452], 452, 2304)
end round with 5 suffixes


======== round 344 ========
todo suffixes: [[445, 446, 451, 454], [450, 454], [449, 454], [453], [451]]
cur_suffix:  [445, 446, 451, 454]
bz: 440.
iter:  26
bz: 441.
iter:  26
bz: 442.
iter:  29
bz: 443.
iter:  27
bz: 444.
fisrt choice: (3.070700272423845e+47, 444, 26)
baseline:  (3.074359572610869e+47, [452, 452, 452, 452, 452, 452, 452, 452, 452, 452, 452, 452, 452, 452, 452, 452, 452, 452, 452], 452, 2304)
best 5 choices:
(3.0701983630190156e+47, [441, 441, 441, 441, 441, 441, 441, 441, 441, 441, 441, 441, 441, 441, 441, 441, 441, 441, 441, 441, 441, 441, 441, 441, 441, 444, 445, 446, 447, 448, 449, 450, 452], 452, 2304)
(3.070210362232407e+47, [441, 441, 441, 441, 441, 441, 441, 441, 441, 441, 441, 441, 441, 441, 441, 441, 441, 441, 441, 441, 441, 441, 441, 441, 441, 441, 442, 445, 446, 447, 448, 449, 450, 452], 452, 2304)
(3.070212112932435e+47, [441, 441, 441, 441, 441, 441, 441, 441, 441, 441, 441, 441, 441, 441, 441, 441, 441, 441, 441, 441, 441, 441, 441, 441, 443, 444, 445, 447, 448, 450, 451, 452], 452, 2304)
(3.0702128635020084e+47, [441, 441, 441, 441, 441, 441, 441, 441, 441, 441, 441, 441, 441, 441, 441, 441, 441, 441, 441, 441, 441, 441, 441, 441, 441, 442, 444, 446, 447, 448, 449, 451, 452], 452, 2304)
(3.070213137461827e+47, [441, 441, 441, 441, 441, 441, 441, 441, 441, 441, 441, 441, 441, 441, 441, 441, 441, 441, 441, 441, 441, 441, 441, 441, 441, 442, 443, 444, 446, 447, 448, 449, 450, 452], 452, 2304)
end round with 5 suffixes


======== round 345 ========
todo suffixes: [[444, 445, 446, 451, 454], [450, 454], [449, 454], [453], [451]]
cur_suffix:  [444, 445, 446, 451, 454]
bz: 439.
iter:  24
bz: 440.
iter:  26
bz: 441.
iter:  26
bz: 442.
iter:  29
bz: 443.
iter:  27
fisrt choice: (-1, -1, -1)
baseline:  (3.074359572610869e+47, [452, 452, 452, 452, 452, 452, 452, 452, 452, 452, 452, 452, 452, 452, 452, 452, 452, 452, 452], 452, 2304)
the strategy is infeasible, continue


======== round 346 ========
todo suffixes: [[450, 454], [449, 454], [453], [451]]
cur_suffix:  [450, 454]
bz: 445.
iter:  24
bz: 446.
fisrt choice: (3.0710279994523962e+47, 446, 23)
baseline:  (3.074359572610869e+47, [452, 452, 452, 452, 452, 452, 452, 452, 452, 452, 452, 452, 452, 452, 452, 452, 452, 452, 452], 452, 2304)
best 5 choices:
(3.0701983630190156e+47, [441, 441, 441, 441, 441, 441, 441, 441, 441, 441, 441, 441, 441, 441, 441, 441, 441, 441, 441, 441, 441, 441, 441, 441, 441, 444, 445, 446, 447, 448, 449, 450, 452], 452, 2304)
(3.070210362232407e+47, [441, 441, 441, 441, 441, 441, 441, 441, 441, 441, 441, 441, 441, 441, 441, 441, 441, 441, 441, 441, 441, 441, 441, 441, 441, 441, 442, 445, 446, 447, 448, 449, 450, 452], 452, 2304)
(3.070212112932435e+47, [441, 441, 441, 441, 441, 441, 441, 441, 441, 441, 441, 441, 441, 441, 441, 441, 441, 441, 441, 441, 441, 441, 441, 441, 443, 444, 445, 447, 448, 450, 451, 452], 452, 2304)
(3.0702128635020084e+47, [441, 441, 441, 441, 441, 441, 441, 441, 441, 441, 441, 441, 441, 441, 441, 441, 441, 441, 441, 441, 441, 441, 441, 441, 441, 442, 444, 446, 447, 448, 449, 451, 452], 452, 2304)
(3.070213137461827e+47, [441, 441, 441, 441, 441, 441, 441, 441, 441, 441, 441, 441, 441, 441, 441, 441, 441, 441, 441, 441, 441, 441, 441, 441, 441, 442, 443, 444, 446, 447, 448, 449, 450, 452], 452, 2304)
end round with 7 suffixes


======== round 347 ========
todo suffixes: [[449, 450, 454], [448, 450, 454], [447, 450, 454], [446, 450, 454], [449, 454], [453], [451]]
cur_suffix:  [449, 450, 454]
bz: 444.
fisrt choice: (3.070655754274519e+47, 444, 26)
baseline:  (3.074359572610869e+47, [452, 452, 452, 452, 452, 452, 452, 452, 452, 452, 452, 452, 452, 452, 452, 452, 452, 452, 452], 452, 2304)
best 5 choices:
(3.0701983630190156e+47, [441, 441, 441, 441, 441, 441, 441, 441, 441, 441, 441, 441, 441, 441, 441, 441, 441, 441, 441, 441, 441, 441, 441, 441, 441, 444, 445, 446, 447, 448, 449, 450, 452], 452, 2304)
(3.070210362232407e+47, [441, 441, 441, 441, 441, 441, 441, 441, 441, 441, 441, 441, 441, 441, 441, 441, 441, 441, 441, 441, 441, 441, 441, 441, 441, 441, 442, 445, 446, 447, 448, 449, 450, 452], 452, 2304)
(3.070212112932435e+47, [441, 441, 441, 441, 441, 441, 441, 441, 441, 441, 441, 441, 441, 441, 441, 441, 441, 441, 441, 441, 441, 441, 441, 441, 443, 444, 445, 447, 448, 450, 451, 452], 452, 2304)
(3.0702128635020084e+47, [441, 441, 441, 441, 441, 441, 441, 441, 441, 441, 441, 441, 441, 441, 441, 441, 441, 441, 441, 441, 441, 441, 441, 441, 441, 442, 444, 446, 447, 448, 449, 451, 452], 452, 2304)
(3.070213137461827e+47, [441, 441, 441, 441, 441, 441, 441, 441, 441, 441, 441, 441, 441, 441, 441, 441, 441, 441, 441, 441, 441, 441, 441, 441, 441, 442, 443, 444, 446, 447, 448, 449, 450, 452], 452, 2304)
end round with 10 suffixes


======== round 348 ========
todo suffixes: [[447, 449, 450, 454], [446, 449, 450, 454], [445, 449, 450, 454], [444, 449, 450, 454], [448, 450, 454], [447, 450, 454], [446, 450, 454], [449, 454], [453], [451]]
cur_suffix:  [447, 449, 450, 454]
bz: 442.
iter:  29
bz: 443.
fisrt choice: (3.0705199002753413e+47, 443, 27)
baseline:  (3.074359572610869e+47, [452, 452, 452, 452, 452, 452, 452, 452, 452, 452, 452, 452, 452, 452, 452, 452, 452, 452, 452], 452, 2304)
best 5 choices:
(3.0701983630190156e+47, [441, 441, 441, 441, 441, 441, 441, 441, 441, 441, 441, 441, 441, 441, 441, 441, 441, 441, 441, 441, 441, 441, 441, 441, 441, 444, 445, 446, 447, 448, 449, 450, 452], 452, 2304)
(3.070210362232407e+47, [441, 441, 441, 441, 441, 441, 441, 441, 441, 441, 441, 441, 441, 441, 441, 441, 441, 441, 441, 441, 441, 441, 441, 441, 441, 441, 442, 445, 446, 447, 448, 449, 450, 452], 452, 2304)
(3.070212112932435e+47, [441, 441, 441, 441, 441, 441, 441, 441, 441, 441, 441, 441, 441, 441, 441, 441, 441, 441, 441, 441, 441, 441, 441, 441, 443, 444, 445, 447, 448, 450, 451, 452], 452, 2304)
(3.0702128635020084e+47, [441, 441, 441, 441, 441, 441, 441, 441, 441, 441, 441, 441, 441, 441, 441, 441, 441, 441, 441, 441, 441, 441, 441, 441, 441, 442, 444, 446, 447, 448, 449, 451, 452], 452, 2304)
(3.070213137461827e+47, [441, 441, 441, 441, 441, 441, 441, 441, 441, 441, 441, 441, 441, 441, 441, 441, 441, 441, 441, 441, 441, 441, 441, 441, 441, 442, 443, 444, 446, 447, 448, 449, 450, 452], 452, 2304)
end round with 9 suffixes


======== round 349 ========
todo suffixes: [[446, 449, 450, 454], [445, 449, 450, 454], [444, 449, 450, 454], [448, 450, 454], [447, 450, 454], [446, 450, 454], [449, 454], [453], [451]]
cur_suffix:  [446, 449, 450, 454]
bz: 441.
iter:  26
bz: 442.
iter:  29
bz: 443.
iter:  27
bz: 444.
fisrt choice: (3.0706259934918065e+47, 444, 24)
baseline:  (3.074359572610869e+47, [452, 452, 452, 452, 452, 452, 452, 452, 452, 452, 452, 452, 452, 452, 452, 452, 452, 452, 452], 452, 2304)
best 5 choices:
(3.0701983630190156e+47, [441, 441, 441, 441, 441, 441, 441, 441, 441, 441, 441, 441, 441, 441, 441, 441, 441, 441, 441, 441, 441, 441, 441, 441, 441, 444, 445, 446, 447, 448, 449, 450, 452], 452, 2304)
(3.070210362232407e+47, [441, 441, 441, 441, 441, 441, 441, 441, 441, 441, 441, 441, 441, 441, 441, 441, 441, 441, 441, 441, 441, 441, 441, 441, 441, 441, 442, 445, 446, 447, 448, 449, 450, 452], 452, 2304)
(3.070212112932435e+47, [441, 441, 441, 441, 441, 441, 441, 441, 441, 441, 441, 441, 441, 441, 441, 441, 441, 441, 441, 441, 441, 441, 441, 441, 443, 444, 445, 447, 448, 450, 451, 452], 452, 2304)
(3.0702128635020084e+47, [441, 441, 441, 441, 441, 441, 441, 441, 441, 441, 441, 441, 441, 441, 441, 441, 441, 441, 441, 441, 441, 441, 441, 441, 441, 442, 444, 446, 447, 448, 449, 451, 452], 452, 2304)
(3.070213137461827e+47, [441, 441, 441, 441, 441, 441, 441, 441, 441, 441, 441, 441, 441, 441, 441, 441, 441, 441, 441, 441, 441, 441, 441, 441, 441, 442, 443, 444, 446, 447, 448, 449, 450, 452], 452, 2304)
end round with 10 suffixes


======== round 350 ========
todo suffixes: [[445, 446, 449, 450, 454], [444, 446, 449, 450, 454], [445, 449, 450, 454], [444, 449, 450, 454], [448, 450, 454], [447, 450, 454], [446, 450, 454], [449, 454], [453], [451]]
cur_suffix:  [445, 446, 449, 450, 454]
bz: 440.
iter:  26
bz: 441.
iter:  26
bz: 442.
iter:  29
bz: 443.
fisrt choice: (3.0705241081787595e+47, 443, 26)
baseline:  (3.074359572610869e+47, [452, 452, 452, 452, 452, 452, 452, 452, 452, 452, 452, 452, 452, 452, 452, 452, 452, 452, 452], 452, 2304)
best 5 choices:
(3.0701983630190156e+47, [441, 441, 441, 441, 441, 441, 441, 441, 441, 441, 441, 441, 441, 441, 441, 441, 441, 441, 441, 441, 441, 441, 441, 441, 441, 444, 445, 446, 447, 448, 449, 450, 452], 452, 2304)
(3.070210362232407e+47, [441, 441, 441, 441, 441, 441, 441, 441, 441, 441, 441, 441, 441, 441, 441, 441, 441, 441, 441, 441, 441, 441, 441, 441, 441, 441, 442, 445, 446, 447, 448, 449, 450, 452], 452, 2304)
(3.070212112932435e+47, [441, 441, 441, 441, 441, 441, 441, 441, 441, 441, 441, 441, 441, 441, 441, 441, 441, 441, 441, 441, 441, 441, 441, 441, 443, 444, 445, 447, 448, 450, 451, 452], 452, 2304)
(3.0702128635020084e+47, [441, 441, 441, 441, 441, 441, 441, 441, 441, 441, 441, 441, 441, 441, 441, 441, 441, 441, 441, 441, 441, 441, 441, 441, 441, 442, 444, 446, 447, 448, 449, 451, 452], 452, 2304)
(3.070213137461827e+47, [441, 441, 441, 441, 441, 441, 441, 441, 441, 441, 441, 441, 441, 441, 441, 441, 441, 441, 441, 441, 441, 441, 441, 441, 441, 442, 443, 444, 446, 447, 448, 449, 450, 452], 452, 2304)
end round with 9 suffixes


======== round 351 ========
todo suffixes: [[444, 446, 449, 450, 454], [445, 449, 450, 454], [444, 449, 450, 454], [448, 450, 454], [447, 450, 454], [446, 450, 454], [449, 454], [453], [451]]
cur_suffix:  [444, 446, 449, 450, 454]
bz: 439.
iter:  24
bz: 440.
iter:  26
bz: 441.
iter:  26
bz: 442.
iter:  29
bz: 443.
fisrt choice: (3.0705098607358426e+47, 443, 26)
baseline:  (3.074359572610869e+47, [452, 452, 452, 452, 452, 452, 452, 452, 452, 452, 452, 452, 452, 452, 452, 452, 452, 452, 452], 452, 2304)
best 5 choices:
(3.0701983630190156e+47, [441, 441, 441, 441, 441, 441, 441, 441, 441, 441, 441, 441, 441, 441, 441, 441, 441, 441, 441, 441, 441, 441, 441, 441, 441, 444, 445, 446, 447, 448, 449, 450, 452], 452, 2304)
(3.070210362232407e+47, [441, 441, 441, 441, 441, 441, 441, 441, 441, 441, 441, 441, 441, 441, 441, 441, 441, 441, 441, 441, 441, 441, 441, 441, 441, 441, 442, 445, 446, 447, 448, 449, 450, 452], 452, 2304)
(3.070212112932435e+47, [441, 441, 441, 441, 441, 441, 441, 441, 441, 441, 441, 441, 441, 441, 441, 441, 441, 441, 441, 441, 441, 441, 441, 441, 443, 444, 445, 447, 448, 450, 451, 452], 452, 2304)
(3.0702128635020084e+47, [441, 441, 441, 441, 441, 441, 441, 441, 441, 441, 441, 441, 441, 441, 441, 441, 441, 441, 441, 441, 441, 441, 441, 441, 441, 442, 444, 446, 447, 448, 449, 451, 452], 452, 2304)
(3.070213137461827e+47, [441, 441, 441, 441, 441, 441, 441, 441, 441, 441, 441, 441, 441, 441, 441, 441, 441, 441, 441, 441, 441, 441, 441, 441, 441, 442, 443, 444, 446, 447, 448, 449, 450, 452], 452, 2304)
end round with 8 suffixes


======== round 352 ========
todo suffixes: [[445, 449, 450, 454], [444, 449, 450, 454], [448, 450, 454], [447, 450, 454], [446, 450, 454], [449, 454], [453], [451]]
cur_suffix:  [445, 449, 450, 454]
bz: 440.
iter:  26
bz: 441.
iter:  26
bz: 442.
iter:  29
bz: 443.
iter:  27
bz: 444.
fisrt choice: (3.070670001717436e+47, 444, 25)
baseline:  (3.074359572610869e+47, [452, 452, 452, 452, 452, 452, 452, 452, 452, 452, 452, 452, 452, 452, 452, 452, 452, 452, 452], 452, 2304)
best 5 choices:
(3.0701983630190156e+47, [441, 441, 441, 441, 441, 441, 441, 441, 441, 441, 441, 441, 441, 441, 441, 441, 441, 441, 441, 441, 441, 441, 441, 441, 441, 444, 445, 446, 447, 448, 449, 450, 452], 452, 2304)
(3.070210362232407e+47, [441, 441, 441, 441, 441, 441, 441, 441, 441, 441, 441, 441, 441, 441, 441, 441, 441, 441, 441, 441, 441, 441, 441, 441, 441, 441, 442, 445, 446, 447, 448, 449, 450, 452], 452, 2304)
(3.070212112932435e+47, [441, 441, 441, 441, 441, 441, 441, 441, 441, 441, 441, 441, 441, 441, 441, 441, 441, 441, 441, 441, 441, 441, 441, 441, 443, 444, 445, 447, 448, 450, 451, 452], 452, 2304)
(3.0702128635020084e+47, [441, 441, 441, 441, 441, 441, 441, 441, 441, 441, 441, 441, 441, 441, 441, 441, 441, 441, 441, 441, 441, 441, 441, 441, 441, 442, 444, 446, 447, 448, 449, 451, 452], 452, 2304)
(3.070213137461827e+47, [441, 441, 441, 441, 441, 441, 441, 441, 441, 441, 441, 441, 441, 441, 441, 441, 441, 441, 441, 441, 441, 441, 441, 441, 441, 442, 443, 444, 446, 447, 448, 449, 450, 452], 452, 2304)
end round with 8 suffixes


======== round 353 ========
todo suffixes: [[444, 445, 449, 450, 454], [444, 449, 450, 454], [448, 450, 454], [447, 450, 454], [446, 450, 454], [449, 454], [453], [451]]
cur_suffix:  [444, 445, 449, 450, 454]
bz: 439.
iter:  24
bz: 440.
iter:  26
bz: 441.
iter:  26
bz: 442.
iter:  29
bz: 443.
fisrt choice: (3.070542299898729e+47, 443, 27)
baseline:  (3.074359572610869e+47, [452, 452, 452, 452, 452, 452, 452, 452, 452, 452, 452, 452, 452, 452, 452, 452, 452, 452, 452], 452, 2304)
best 5 choices:
(3.0701983630190156e+47, [441, 441, 441, 441, 441, 441, 441, 441, 441, 441, 441, 441, 441, 441, 441, 441, 441, 441, 441, 441, 441, 441, 441, 441, 441, 444, 445, 446, 447, 448, 449, 450, 452], 452, 2304)
(3.070210362232407e+47, [441, 441, 441, 441, 441, 441, 441, 441, 441, 441, 441, 441, 441, 441, 441, 441, 441, 441, 441, 441, 441, 441, 441, 441, 441, 441, 442, 445, 446, 447, 448, 449, 450, 452], 452, 2304)
(3.070212112932435e+47, [441, 441, 441, 441, 441, 441, 441, 441, 441, 441, 441, 441, 441, 441, 441, 441, 441, 441, 441, 441, 441, 441, 441, 441, 443, 444, 445, 447, 448, 450, 451, 452], 452, 2304)
(3.0702128635020084e+47, [441, 441, 441, 441, 441, 441, 441, 441, 441, 441, 441, 441, 441, 441, 441, 441, 441, 441, 441, 441, 441, 441, 441, 441, 441, 442, 444, 446, 447, 448, 449, 451, 452], 452, 2304)
(3.070213137461827e+47, [441, 441, 441, 441, 441, 441, 441, 441, 441, 441, 441, 441, 441, 441, 441, 441, 441, 441, 441, 441, 441, 441, 441, 441, 441, 442, 443, 444, 446, 447, 448, 449, 450, 452], 452, 2304)
end round with 7 suffixes


======== round 354 ========
todo suffixes: [[444, 449, 450, 454], [448, 450, 454], [447, 450, 454], [446, 450, 454], [449, 454], [453], [451]]
cur_suffix:  [444, 449, 450, 454]
bz: 439.
iter:  24
bz: 440.
iter:  26
bz: 441.
iter:  26
bz: 442.
iter:  29
bz: 443.
iter:  27
fisrt choice: (-1, -1, -1)
baseline:  (3.074359572610869e+47, [452, 452, 452, 452, 452, 452, 452, 452, 452, 452, 452, 452, 452, 452, 452, 452, 452, 452, 452], 452, 2304)
the strategy is infeasible, continue


======== round 355 ========
todo suffixes: [[448, 450, 454], [447, 450, 454], [446, 450, 454], [449, 454], [453], [451]]
cur_suffix:  [448, 450, 454]
bz: 443.
iter:  27
bz: 444.
iter:  26
bz: 445.
fisrt choice: (3.0708418100770183e+47, 445, 24)
baseline:  (3.074359572610869e+47, [452, 452, 452, 452, 452, 452, 452, 452, 452, 452, 452, 452, 452, 452, 452, 452, 452, 452, 452], 452, 2304)
best 5 choices:
(3.0701983630190156e+47, [441, 441, 441, 441, 441, 441, 441, 441, 441, 441, 441, 441, 441, 441, 441, 441, 441, 441, 441, 441, 441, 441, 441, 441, 441, 444, 445, 446, 447, 448, 449, 450, 452], 452, 2304)
(3.070210362232407e+47, [441, 441, 441, 441, 441, 441, 441, 441, 441, 441, 441, 441, 441, 441, 441, 441, 441, 441, 441, 441, 441, 441, 441, 441, 441, 441, 442, 445, 446, 447, 448, 449, 450, 452], 452, 2304)
(3.070212112932435e+47, [441, 441, 441, 441, 441, 441, 441, 441, 441, 441, 441, 441, 441, 441, 441, 441, 441, 441, 441, 441, 441, 441, 441, 441, 443, 444, 445, 447, 448, 450, 451, 452], 452, 2304)
(3.0702128635020084e+47, [441, 441, 441, 441, 441, 441, 441, 441, 441, 441, 441, 441, 441, 441, 441, 441, 441, 441, 441, 441, 441, 441, 441, 441, 441, 442, 444, 446, 447, 448, 449, 451, 452], 452, 2304)
(3.070213137461827e+47, [441, 441, 441, 441, 441, 441, 441, 441, 441, 441, 441, 441, 441, 441, 441, 441, 441, 441, 441, 441, 441, 441, 441, 441, 441, 442, 443, 444, 446, 447, 448, 449, 450, 452], 452, 2304)
end round with 8 suffixes


======== round 356 ========
todo suffixes: [[447, 448, 450, 454], [446, 448, 450, 454], [445, 448, 450, 454], [447, 450, 454], [446, 450, 454], [449, 454], [453], [451]]
cur_suffix:  [447, 448, 450, 454]
bz: 442.
iter:  29
bz: 443.
iter:  27
bz: 444.
fisrt choice: (3.070614827850116e+47, 444, 24)
baseline:  (3.074359572610869e+47, [452, 452, 452, 452, 452, 452, 452, 452, 452, 452, 452, 452, 452, 452, 452, 452, 452, 452, 452], 452, 2304)
best 5 choices:
(3.0701983630190156e+47, [441, 441, 441, 441, 441, 441, 441, 441, 441, 441, 441, 441, 441, 441, 441, 441, 441, 441, 441, 441, 441, 441, 441, 441, 441, 444, 445, 446, 447, 448, 449, 450, 452], 452, 2304)
(3.070210362232407e+47, [441, 441, 441, 441, 441, 441, 441, 441, 441, 441, 441, 441, 441, 441, 441, 441, 441, 441, 441, 441, 441, 441, 441, 441, 441, 441, 442, 445, 446, 447, 448, 449, 450, 452], 452, 2304)
(3.070212112932435e+47, [441, 441, 441, 441, 441, 441, 441, 441, 441, 441, 441, 441, 441, 441, 441, 441, 441, 441, 441, 441, 441, 441, 441, 441, 443, 444, 445, 447, 448, 450, 451, 452], 452, 2304)
(3.0702128635020084e+47, [441, 441, 441, 441, 441, 441, 441, 441, 441, 441, 441, 441, 441, 441, 441, 441, 441, 441, 441, 441, 441, 441, 441, 441, 441, 442, 444, 446, 447, 448, 449, 451, 452], 452, 2304)
(3.070213137461827e+47, [441, 441, 441, 441, 441, 441, 441, 441, 441, 441, 441, 441, 441, 441, 441, 441, 441, 441, 441, 441, 441, 441, 441, 441, 441, 442, 443, 444, 446, 447, 448, 449, 450, 452], 452, 2304)
end round with 10 suffixes


======== round 357 ========
todo suffixes: [[446, 447, 448, 450, 454], [445, 447, 448, 450, 454], [444, 447, 448, 450, 454], [446, 448, 450, 454], [445, 448, 450, 454], [447, 450, 454], [446, 450, 454], [449, 454], [453], [451]]
cur_suffix:  [446, 447, 448, 450, 454]
bz: 441.
iter:  26
bz: 442.
iter:  29
bz: 443.
fisrt choice: (3.0704805033741825e+47, 443, 25)
baseline:  (3.074359572610869e+47, [452, 452, 452, 452, 452, 452, 452, 452, 452, 452, 452, 452, 452, 452, 452, 452, 452, 452, 452], 452, 2304)
best 5 choices:
(3.0701983630190156e+47, [441, 441, 441, 441, 441, 441, 441, 441, 441, 441, 441, 441, 441, 441, 441, 441, 441, 441, 441, 441, 441, 441, 441, 441, 441, 444, 445, 446, 447, 448, 449, 450, 452], 452, 2304)
(3.070210362232407e+47, [441, 441, 441, 441, 441, 441, 441, 441, 441, 441, 441, 441, 441, 441, 441, 441, 441, 441, 441, 441, 441, 441, 441, 441, 441, 441, 442, 445, 446, 447, 448, 449, 450, 452], 452, 2304)
(3.070212112932435e+47, [441, 441, 441, 441, 441, 441, 441, 441, 441, 441, 441, 441, 441, 441, 441, 441, 441, 441, 441, 441, 441, 441, 441, 441, 443, 444, 445, 447, 448, 450, 451, 452], 452, 2304)
(3.0702128635020084e+47, [441, 441, 441, 441, 441, 441, 441, 441, 441, 441, 441, 441, 441, 441, 441, 441, 441, 441, 441, 441, 441, 441, 441, 441, 441, 442, 444, 446, 447, 448, 449, 451, 452], 452, 2304)
(3.070213137461827e+47, [441, 441, 441, 441, 441, 441, 441, 441, 441, 441, 441, 441, 441, 441, 441, 441, 441, 441, 441, 441, 441, 441, 441, 441, 441, 442, 443, 444, 446, 447, 448, 449, 450, 452], 452, 2304)
end round with 9 suffixes


======== round 358 ========
todo suffixes: [[445, 447, 448, 450, 454], [444, 447, 448, 450, 454], [446, 448, 450, 454], [445, 448, 450, 454], [447, 450, 454], [446, 450, 454], [449, 454], [453], [451]]
cur_suffix:  [445, 447, 448, 450, 454]
bz: 440.
iter:  26
bz: 441.
iter:  26
bz: 442.
iter:  29
bz: 443.
fisrt choice: (3.0705129425370687e+47, 443, 26)
baseline:  (3.074359572610869e+47, [452, 452, 452, 452, 452, 452, 452, 452, 452, 452, 452, 452, 452, 452, 452, 452, 452, 452, 452], 452, 2304)
best 5 choices:
(3.0701983630190156e+47, [441, 441, 441, 441, 441, 441, 441, 441, 441, 441, 441, 441, 441, 441, 441, 441, 441, 441, 441, 441, 441, 441, 441, 441, 441, 444, 445, 446, 447, 448, 449, 450, 452], 452, 2304)
(3.070210362232407e+47, [441, 441, 441, 441, 441, 441, 441, 441, 441, 441, 441, 441, 441, 441, 441, 441, 441, 441, 441, 441, 441, 441, 441, 441, 441, 441, 442, 445, 446, 447, 448, 449, 450, 452], 452, 2304)
(3.070212112932435e+47, [441, 441, 441, 441, 441, 441, 441, 441, 441, 441, 441, 441, 441, 441, 441, 441, 441, 441, 441, 441, 441, 441, 441, 441, 443, 444, 445, 447, 448, 450, 451, 452], 452, 2304)
(3.0702128635020084e+47, [441, 441, 441, 441, 441, 441, 441, 441, 441, 441, 441, 441, 441, 441, 441, 441, 441, 441, 441, 441, 441, 441, 441, 441, 441, 442, 444, 446, 447, 448, 449, 451, 452], 452, 2304)
(3.070213137461827e+47, [441, 441, 441, 441, 441, 441, 441, 441, 441, 441, 441, 441, 441, 441, 441, 441, 441, 441, 441, 441, 441, 441, 441, 441, 441, 442, 443, 444, 446, 447, 448, 449, 450, 452], 452, 2304)
end round with 8 suffixes


======== round 359 ========
todo suffixes: [[444, 447, 448, 450, 454], [446, 448, 450, 454], [445, 448, 450, 454], [447, 450, 454], [446, 450, 454], [449, 454], [453], [451]]
cur_suffix:  [444, 447, 448, 450, 454]
bz: 439.
iter:  24
bz: 440.
iter:  26
bz: 441.
iter:  26
bz: 442.
iter:  29
bz: 443.
fisrt choice: (3.070498695094152e+47, 443, 26)
baseline:  (3.074359572610869e+47, [452, 452, 452, 452, 452, 452, 452, 452, 452, 452, 452, 452, 452, 452, 452, 452, 452, 452, 452], 452, 2304)
best 5 choices:
(3.0701983630190156e+47, [441, 441, 441, 441, 441, 441, 441, 441, 441, 441, 441, 441, 441, 441, 441, 441, 441, 441, 441, 441, 441, 441, 441, 441, 441, 444, 445, 446, 447, 448, 449, 450, 452], 452, 2304)
(3.070210362232407e+47, [441, 441, 441, 441, 441, 441, 441, 441, 441, 441, 441, 441, 441, 441, 441, 441, 441, 441, 441, 441, 441, 441, 441, 441, 441, 441, 442, 445, 446, 447, 448, 449, 450, 452], 452, 2304)
(3.070212112932435e+47, [441, 441, 441, 441, 441, 441, 441, 441, 441, 441, 441, 441, 441, 441, 441, 441, 441, 441, 441, 441, 441, 441, 441, 441, 443, 444, 445, 447, 448, 450, 451, 452], 452, 2304)
(3.0702128635020084e+47, [441, 441, 441, 441, 441, 441, 441, 441, 441, 441, 441, 441, 441, 441, 441, 441, 441, 441, 441, 441, 441, 441, 441, 441, 441, 442, 444, 446, 447, 448, 449, 451, 452], 452, 2304)
(3.070213137461827e+47, [441, 441, 441, 441, 441, 441, 441, 441, 441, 441, 441, 441, 441, 441, 441, 441, 441, 441, 441, 441, 441, 441, 441, 441, 441, 442, 443, 444, 446, 447, 448, 449, 450, 452], 452, 2304)
end round with 7 suffixes


======== round 360 ========
todo suffixes: [[446, 448, 450, 454], [445, 448, 450, 454], [447, 450, 454], [446, 450, 454], [449, 454], [453], [451]]
cur_suffix:  [446, 448, 450, 454]
bz: 441.
iter:  26
bz: 442.
iter:  29
bz: 443.
iter:  27
bz: 444.
fisrt choice: (3.0706547735396603e+47, 444, 25)
baseline:  (3.074359572610869e+47, [452, 452, 452, 452, 452, 452, 452, 452, 452, 452, 452, 452, 452, 452, 452, 452, 452, 452, 452], 452, 2304)
best 5 choices:
(3.0701983630190156e+47, [441, 441, 441, 441, 441, 441, 441, 441, 441, 441, 441, 441, 441, 441, 441, 441, 441, 441, 441, 441, 441, 441, 441, 441, 441, 444, 445, 446, 447, 448, 449, 450, 452], 452, 2304)
(3.070210362232407e+47, [441, 441, 441, 441, 441, 441, 441, 441, 441, 441, 441, 441, 441, 441, 441, 441, 441, 441, 441, 441, 441, 441, 441, 441, 441, 441, 442, 445, 446, 447, 448, 449, 450, 452], 452, 2304)
(3.070212112932435e+47, [441, 441, 441, 441, 441, 441, 441, 441, 441, 441, 441, 441, 441, 441, 441, 441, 441, 441, 441, 441, 441, 441, 441, 441, 443, 444, 445, 447, 448, 450, 451, 452], 452, 2304)
(3.0702128635020084e+47, [441, 441, 441, 441, 441, 441, 441, 441, 441, 441, 441, 441, 441, 441, 441, 441, 441, 441, 441, 441, 441, 441, 441, 441, 441, 442, 444, 446, 447, 448, 449, 451, 452], 452, 2304)
(3.070213137461827e+47, [441, 441, 441, 441, 441, 441, 441, 441, 441, 441, 441, 441, 441, 441, 441, 441, 441, 441, 441, 441, 441, 441, 441, 441, 441, 442, 443, 444, 446, 447, 448, 449, 450, 452], 452, 2304)
end round with 8 suffixes


======== round 361 ========
todo suffixes: [[445, 446, 448, 450, 454], [444, 446, 448, 450, 454], [445, 448, 450, 454], [447, 450, 454], [446, 450, 454], [449, 454], [453], [451]]
cur_suffix:  [445, 446, 448, 450, 454]
bz: 440.
iter:  26
bz: 441.
iter:  26
bz: 442.
iter:  29
bz: 443.
fisrt choice: (3.070491333934827e+47, 443, 26)
baseline:  (3.074359572610869e+47, [452, 452, 452, 452, 452, 452, 452, 452, 452, 452, 452, 452, 452, 452, 452, 452, 452, 452, 452], 452, 2304)
best 5 choices:
(3.0701983630190156e+47, [441, 441, 441, 441, 441, 441, 441, 441, 441, 441, 441, 441, 441, 441, 441, 441, 441, 441, 441, 441, 441, 441, 441, 441, 441, 444, 445, 446, 447, 448, 449, 450, 452], 452, 2304)
(3.070210362232407e+47, [441, 441, 441, 441, 441, 441, 441, 441, 441, 441, 441, 441, 441, 441, 441, 441, 441, 441, 441, 441, 441, 441, 441, 441, 441, 441, 442, 445, 446, 447, 448, 449, 450, 452], 452, 2304)
(3.070212112932435e+47, [441, 441, 441, 441, 441, 441, 441, 441, 441, 441, 441, 441, 441, 441, 441, 441, 441, 441, 441, 441, 441, 441, 441, 441, 443, 444, 445, 447, 448, 450, 451, 452], 452, 2304)
(3.0702128635020084e+47, [441, 441, 441, 441, 441, 441, 441, 441, 441, 441, 441, 441, 441, 441, 441, 441, 441, 441, 441, 441, 441, 441, 441, 441, 441, 442, 444, 446, 447, 448, 449, 451, 452], 452, 2304)
(3.070213137461827e+47, [441, 441, 441, 441, 441, 441, 441, 441, 441, 441, 441, 441, 441, 441, 441, 441, 441, 441, 441, 441, 441, 441, 441, 441, 441, 442, 443, 444, 446, 447, 448, 449, 450, 452], 452, 2304)
end round with 7 suffixes


======== round 362 ========
todo suffixes: [[444, 446, 448, 450, 454], [445, 448, 450, 454], [447, 450, 454], [446, 450, 454], [449, 454], [453], [451]]
cur_suffix:  [444, 446, 448, 450, 454]
bz: 439.
iter:  24
bz: 440.
iter:  26
bz: 441.
iter:  26
bz: 442.
iter:  29
bz: 443.
fisrt choice: (3.070527071720953e+47, 443, 27)
baseline:  (3.074359572610869e+47, [452, 452, 452, 452, 452, 452, 452, 452, 452, 452, 452, 452, 452, 452, 452, 452, 452, 452, 452], 452, 2304)
best 5 choices:
(3.0701983630190156e+47, [441, 441, 441, 441, 441, 441, 441, 441, 441, 441, 441, 441, 441, 441, 441, 441, 441, 441, 441, 441, 441, 441, 441, 441, 441, 444, 445, 446, 447, 448, 449, 450, 452], 452, 2304)
(3.070210362232407e+47, [441, 441, 441, 441, 441, 441, 441, 441, 441, 441, 441, 441, 441, 441, 441, 441, 441, 441, 441, 441, 441, 441, 441, 441, 441, 441, 442, 445, 446, 447, 448, 449, 450, 452], 452, 2304)
(3.070212112932435e+47, [441, 441, 441, 441, 441, 441, 441, 441, 441, 441, 441, 441, 441, 441, 441, 441, 441, 441, 441, 441, 441, 441, 441, 441, 443, 444, 445, 447, 448, 450, 451, 452], 452, 2304)
(3.0702128635020084e+47, [441, 441, 441, 441, 441, 441, 441, 441, 441, 441, 441, 441, 441, 441, 441, 441, 441, 441, 441, 441, 441, 441, 441, 441, 441, 442, 444, 446, 447, 448, 449, 451, 452], 452, 2304)
(3.070213137461827e+47, [441, 441, 441, 441, 441, 441, 441, 441, 441, 441, 441, 441, 441, 441, 441, 441, 441, 441, 441, 441, 441, 441, 441, 441, 441, 442, 443, 444, 446, 447, 448, 449, 450, 452], 452, 2304)
end round with 6 suffixes


======== round 363 ========
todo suffixes: [[445, 448, 450, 454], [447, 450, 454], [446, 450, 454], [449, 454], [453], [451]]
cur_suffix:  [445, 448, 450, 454]
bz: 440.
iter:  26
bz: 441.
iter:  26
bz: 442.
iter:  29
bz: 443.
iter:  27
bz: 444.
fisrt choice: (3.0706372274735033e+47, 444, 25)
baseline:  (3.074359572610869e+47, [452, 452, 452, 452, 452, 452, 452, 452, 452, 452, 452, 452, 452, 452, 452, 452, 452, 452, 452], 452, 2304)
best 5 choices:
(3.0701983630190156e+47, [441, 441, 441, 441, 441, 441, 441, 441, 441, 441, 441, 441, 441, 441, 441, 441, 441, 441, 441, 441, 441, 441, 441, 441, 441, 444, 445, 446, 447, 448, 449, 450, 452], 452, 2304)
(3.070210362232407e+47, [441, 441, 441, 441, 441, 441, 441, 441, 441, 441, 441, 441, 441, 441, 441, 441, 441, 441, 441, 441, 441, 441, 441, 441, 441, 441, 442, 445, 446, 447, 448, 449, 450, 452], 452, 2304)
(3.070212112932435e+47, [441, 441, 441, 441, 441, 441, 441, 441, 441, 441, 441, 441, 441, 441, 441, 441, 441, 441, 441, 441, 441, 441, 441, 441, 443, 444, 445, 447, 448, 450, 451, 452], 452, 2304)
(3.0702128635020084e+47, [441, 441, 441, 441, 441, 441, 441, 441, 441, 441, 441, 441, 441, 441, 441, 441, 441, 441, 441, 441, 441, 441, 441, 441, 441, 442, 444, 446, 447, 448, 449, 451, 452], 452, 2304)
(3.070213137461827e+47, [441, 441, 441, 441, 441, 441, 441, 441, 441, 441, 441, 441, 441, 441, 441, 441, 441, 441, 441, 441, 441, 441, 441, 441, 441, 442, 443, 444, 446, 447, 448, 449, 450, 452], 452, 2304)
end round with 6 suffixes


======== round 364 ========
todo suffixes: [[444, 445, 448, 450, 454], [447, 450, 454], [446, 450, 454], [449, 454], [453], [451]]
cur_suffix:  [444, 445, 448, 450, 454]
bz: 439.
iter:  24
bz: 440.
iter:  26
bz: 441.
iter:  26
bz: 442.
iter:  29
bz: 443.
iter:  27
fisrt choice: (-1, -1, -1)
baseline:  (3.074359572610869e+47, [452, 452, 452, 452, 452, 452, 452, 452, 452, 452, 452, 452, 452, 452, 452, 452, 452, 452, 452], 452, 2304)
the strategy is infeasible, continue


======== round 365 ========
todo suffixes: [[447, 450, 454], [446, 450, 454], [449, 454], [453], [451]]
cur_suffix:  [447, 450, 454]
bz: 442.
iter:  29
bz: 443.
iter:  27
bz: 444.
iter:  26
bz: 445.
fisrt choice: (3.0708151980685907e+47, 445, 24)
baseline:  (3.074359572610869e+47, [452, 452, 452, 452, 452, 452, 452, 452, 452, 452, 452, 452, 452, 452, 452, 452, 452, 452, 452], 452, 2304)
best 5 choices:
(3.0701983630190156e+47, [441, 441, 441, 441, 441, 441, 441, 441, 441, 441, 441, 441, 441, 441, 441, 441, 441, 441, 441, 441, 441, 441, 441, 441, 441, 444, 445, 446, 447, 448, 449, 450, 452], 452, 2304)
(3.070210362232407e+47, [441, 441, 441, 441, 441, 441, 441, 441, 441, 441, 441, 441, 441, 441, 441, 441, 441, 441, 441, 441, 441, 441, 441, 441, 441, 441, 442, 445, 446, 447, 448, 449, 450, 452], 452, 2304)
(3.070212112932435e+47, [441, 441, 441, 441, 441, 441, 441, 441, 441, 441, 441, 441, 441, 441, 441, 441, 441, 441, 441, 441, 441, 441, 441, 441, 443, 444, 445, 447, 448, 450, 451, 452], 452, 2304)
(3.0702128635020084e+47, [441, 441, 441, 441, 441, 441, 441, 441, 441, 441, 441, 441, 441, 441, 441, 441, 441, 441, 441, 441, 441, 441, 441, 441, 441, 442, 444, 446, 447, 448, 449, 451, 452], 452, 2304)
(3.070213137461827e+47, [441, 441, 441, 441, 441, 441, 441, 441, 441, 441, 441, 441, 441, 441, 441, 441, 441, 441, 441, 441, 441, 441, 441, 441, 441, 442, 443, 444, 446, 447, 448, 449, 450, 452], 452, 2304)
end round with 6 suffixes


======== round 366 ========
todo suffixes: [[446, 447, 450, 454], [445, 447, 450, 454], [446, 450, 454], [449, 454], [453], [451]]
cur_suffix:  [446, 447, 450, 454]
bz: 441.
iter:  26
bz: 442.
iter:  29
bz: 443.
iter:  27
bz: 444.
fisrt choice: (3.0706281615312327e+47, 444, 25)
baseline:  (3.074359572610869e+47, [452, 452, 452, 452, 452, 452, 452, 452, 452, 452, 452, 452, 452, 452, 452, 452, 452, 452, 452], 452, 2304)
best 5 choices:
(3.0701983630190156e+47, [441, 441, 441, 441, 441, 441, 441, 441, 441, 441, 441, 441, 441, 441, 441, 441, 441, 441, 441, 441, 441, 441, 441, 441, 441, 444, 445, 446, 447, 448, 449, 450, 452], 452, 2304)
(3.070210362232407e+47, [441, 441, 441, 441, 441, 441, 441, 441, 441, 441, 441, 441, 441, 441, 441, 441, 441, 441, 441, 441, 441, 441, 441, 441, 441, 441, 442, 445, 446, 447, 448, 449, 450, 452], 452, 2304)
(3.070212112932435e+47, [441, 441, 441, 441, 441, 441, 441, 441, 441, 441, 441, 441, 441, 441, 441, 441, 441, 441, 441, 441, 441, 441, 441, 441, 443, 444, 445, 447, 448, 450, 451, 452], 452, 2304)
(3.0702128635020084e+47, [441, 441, 441, 441, 441, 441, 441, 441, 441, 441, 441, 441, 441, 441, 441, 441, 441, 441, 441, 441, 441, 441, 441, 441, 441, 442, 444, 446, 447, 448, 449, 451, 452], 452, 2304)
(3.070213137461827e+47, [441, 441, 441, 441, 441, 441, 441, 441, 441, 441, 441, 441, 441, 441, 441, 441, 441, 441, 441, 441, 441, 441, 441, 441, 441, 442, 443, 444, 446, 447, 448, 449, 450, 452], 452, 2304)
end round with 7 suffixes


======== round 367 ========
todo suffixes: [[445, 446, 447, 450, 454], [444, 446, 447, 450, 454], [445, 447, 450, 454], [446, 450, 454], [449, 454], [453], [451]]
cur_suffix:  [445, 446, 447, 450, 454]
bz: 440.
iter:  26
bz: 441.
iter:  26
bz: 442.
iter:  29
bz: 443.
fisrt choice: (3.0705147071554425e+47, 443, 27)
baseline:  (3.074359572610869e+47, [452, 452, 452, 452, 452, 452, 452, 452, 452, 452, 452, 452, 452, 452, 452, 452, 452, 452, 452], 452, 2304)
best 5 choices:
(3.0701983630190156e+47, [441, 441, 441, 441, 441, 441, 441, 441, 441, 441, 441, 441, 441, 441, 441, 441, 441, 441, 441, 441, 441, 441, 441, 441, 441, 444, 445, 446, 447, 448, 449, 450, 452], 452, 2304)
(3.070210362232407e+47, [441, 441, 441, 441, 441, 441, 441, 441, 441, 441, 441, 441, 441, 441, 441, 441, 441, 441, 441, 441, 441, 441, 441, 441, 441, 441, 442, 445, 446, 447, 448, 449, 450, 452], 452, 2304)
(3.070212112932435e+47, [441, 441, 441, 441, 441, 441, 441, 441, 441, 441, 441, 441, 441, 441, 441, 441, 441, 441, 441, 441, 441, 441, 441, 441, 443, 444, 445, 447, 448, 450, 451, 452], 452, 2304)
(3.0702128635020084e+47, [441, 441, 441, 441, 441, 441, 441, 441, 441, 441, 441, 441, 441, 441, 441, 441, 441, 441, 441, 441, 441, 441, 441, 441, 441, 442, 444, 446, 447, 448, 449, 451, 452], 452, 2304)
(3.070213137461827e+47, [441, 441, 441, 441, 441, 441, 441, 441, 441, 441, 441, 441, 441, 441, 441, 441, 441, 441, 441, 441, 441, 441, 441, 441, 441, 442, 443, 444, 446, 447, 448, 449, 450, 452], 452, 2304)
end round with 6 suffixes


======== round 368 ========
todo suffixes: [[444, 446, 447, 450, 454], [445, 447, 450, 454], [446, 450, 454], [449, 454], [453], [451]]
cur_suffix:  [444, 446, 447, 450, 454]
bz: 439.
iter:  24
bz: 440.
iter:  26
bz: 441.
iter:  26
bz: 442.
iter:  29
bz: 443.
iter:  27
fisrt choice: (-1, -1, -1)
baseline:  (3.074359572610869e+47, [452, 452, 452, 452, 452, 452, 452, 452, 452, 452, 452, 452, 452, 452, 452, 452, 452, 452, 452], 452, 2304)
the strategy is infeasible, continue


======== round 369 ========
todo suffixes: [[445, 447, 450, 454], [446, 450, 454], [449, 454], [453], [451]]
cur_suffix:  [445, 447, 450, 454]
bz: 440.
iter:  26
bz: 441.
iter:  26
bz: 442.
iter:  29
bz: 443.
iter:  27
bz: 444.
fisrt choice: (3.070672169756862e+47, 444, 26)
baseline:  (3.074359572610869e+47, [452, 452, 452, 452, 452, 452, 452, 452, 452, 452, 452, 452, 452, 452, 452, 452, 452, 452, 452], 452, 2304)
best 5 choices:
(3.0701983630190156e+47, [441, 441, 441, 441, 441, 441, 441, 441, 441, 441, 441, 441, 441, 441, 441, 441, 441, 441, 441, 441, 441, 441, 441, 441, 441, 444, 445, 446, 447, 448, 449, 450, 452], 452, 2304)
(3.070210362232407e+47, [441, 441, 441, 441, 441, 441, 441, 441, 441, 441, 441, 441, 441, 441, 441, 441, 441, 441, 441, 441, 441, 441, 441, 441, 441, 441, 442, 445, 446, 447, 448, 449, 450, 452], 452, 2304)
(3.070212112932435e+47, [441, 441, 441, 441, 441, 441, 441, 441, 441, 441, 441, 441, 441, 441, 441, 441, 441, 441, 441, 441, 441, 441, 441, 441, 443, 444, 445, 447, 448, 450, 451, 452], 452, 2304)
(3.0702128635020084e+47, [441, 441, 441, 441, 441, 441, 441, 441, 441, 441, 441, 441, 441, 441, 441, 441, 441, 441, 441, 441, 441, 441, 441, 441, 441, 442, 444, 446, 447, 448, 449, 451, 452], 452, 2304)
(3.070213137461827e+47, [441, 441, 441, 441, 441, 441, 441, 441, 441, 441, 441, 441, 441, 441, 441, 441, 441, 441, 441, 441, 441, 441, 441, 441, 441, 442, 443, 444, 446, 447, 448, 449, 450, 452], 452, 2304)
end round with 5 suffixes


======== round 370 ========
todo suffixes: [[444, 445, 447, 450, 454], [446, 450, 454], [449, 454], [453], [451]]
cur_suffix:  [444, 445, 447, 450, 454]
bz: 439.
iter:  24
bz: 440.
iter:  26
bz: 441.
iter:  26
bz: 442.
iter:  29
bz: 443.
iter:  27
fisrt choice: (-1, -1, -1)
baseline:  (3.074359572610869e+47, [452, 452, 452, 452, 452, 452, 452, 452, 452, 452, 452, 452, 452, 452, 452, 452, 452, 452, 452], 452, 2304)
the strategy is infeasible, continue


======== round 371 ========
todo suffixes: [[446, 450, 454], [449, 454], [453], [451]]
cur_suffix:  [446, 450, 454]
bz: 441.
iter:  26
bz: 442.
iter:  29
bz: 443.
iter:  27
bz: 444.
iter:  26
bz: 445.
iter:  24
fisrt choice: (-1, -1, -1)
baseline:  (3.074359572610869e+47, [452, 452, 452, 452, 452, 452, 452, 452, 452, 452, 452, 452, 452, 452, 452, 452, 452, 452, 452], 452, 2304)
the strategy is infeasible, continue


======== round 372 ========
todo suffixes: [[449, 454], [453], [451]]
cur_suffix:  [449, 454]
bz: 444.
iter:  26
bz: 445.
iter:  24
bz: 446.
iter:  23
bz: 447.
fisrt choice: (3.0713696771281397e+47, 447, 22)
baseline:  (3.074359572610869e+47, [452, 452, 452, 452, 452, 452, 452, 452, 452, 452, 452, 452, 452, 452, 452, 452, 452, 452, 452], 452, 2304)
best 5 choices:
(3.0701983630190156e+47, [441, 441, 441, 441, 441, 441, 441, 441, 441, 441, 441, 441, 441, 441, 441, 441, 441, 441, 441, 441, 441, 441, 441, 441, 441, 444, 445, 446, 447, 448, 449, 450, 452], 452, 2304)
(3.070210362232407e+47, [441, 441, 441, 441, 441, 441, 441, 441, 441, 441, 441, 441, 441, 441, 441, 441, 441, 441, 441, 441, 441, 441, 441, 441, 441, 441, 442, 445, 446, 447, 448, 449, 450, 452], 452, 2304)
(3.070212112932435e+47, [441, 441, 441, 441, 441, 441, 441, 441, 441, 441, 441, 441, 441, 441, 441, 441, 441, 441, 441, 441, 441, 441, 441, 441, 443, 444, 445, 447, 448, 450, 451, 452], 452, 2304)
(3.0702128635020084e+47, [441, 441, 441, 441, 441, 441, 441, 441, 441, 441, 441, 441, 441, 441, 441, 441, 441, 441, 441, 441, 441, 441, 441, 441, 441, 442, 444, 446, 447, 448, 449, 451, 452], 452, 2304)
(3.070213137461827e+47, [441, 441, 441, 441, 441, 441, 441, 441, 441, 441, 441, 441, 441, 441, 441, 441, 441, 441, 441, 441, 441, 441, 441, 441, 441, 442, 443, 444, 446, 447, 448, 449, 450, 452], 452, 2304)
end round with 4 suffixes


======== round 373 ========
todo suffixes: [[448, 449, 454], [447, 449, 454], [453], [451]]
cur_suffix:  [448, 449, 454]
bz: 443.
iter:  27
bz: 444.
iter:  26
bz: 445.
fisrt choice: (3.0708014463043e+47, 445, 24)
baseline:  (3.074359572610869e+47, [452, 452, 452, 452, 452, 452, 452, 452, 452, 452, 452, 452, 452, 452, 452, 452, 452, 452, 452], 452, 2304)
best 5 choices:
(3.0701983630190156e+47, [441, 441, 441, 441, 441, 441, 441, 441, 441, 441, 441, 441, 441, 441, 441, 441, 441, 441, 441, 441, 441, 441, 441, 441, 441, 444, 445, 446, 447, 448, 449, 450, 452], 452, 2304)
(3.070210362232407e+47, [441, 441, 441, 441, 441, 441, 441, 441, 441, 441, 441, 441, 441, 441, 441, 441, 441, 441, 441, 441, 441, 441, 441, 441, 441, 441, 442, 445, 446, 447, 448, 449, 450, 452], 452, 2304)
(3.070212112932435e+47, [441, 441, 441, 441, 441, 441, 441, 441, 441, 441, 441, 441, 441, 441, 441, 441, 441, 441, 441, 441, 441, 441, 441, 441, 443, 444, 445, 447, 448, 450, 451, 452], 452, 2304)
(3.0702128635020084e+47, [441, 441, 441, 441, 441, 441, 441, 441, 441, 441, 441, 441, 441, 441, 441, 441, 441, 441, 441, 441, 441, 441, 441, 441, 441, 442, 444, 446, 447, 448, 449, 451, 452], 452, 2304)
(3.070213137461827e+47, [441, 441, 441, 441, 441, 441, 441, 441, 441, 441, 441, 441, 441, 441, 441, 441, 441, 441, 441, 441, 441, 441, 441, 441, 441, 442, 443, 444, 446, 447, 448, 449, 450, 452], 452, 2304)
end round with 6 suffixes


======== round 374 ========
todo suffixes: [[447, 448, 449, 454], [446, 448, 449, 454], [445, 448, 449, 454], [447, 449, 454], [453], [451]]
cur_suffix:  [447, 448, 449, 454]
bz: 442.
iter:  29
bz: 443.
iter:  27
bz: 444.
fisrt choice: (3.0706360183691838e+47, 444, 25)
baseline:  (3.074359572610869e+47, [452, 452, 452, 452, 452, 452, 452, 452, 452, 452, 452, 452, 452, 452, 452, 452, 452, 452, 452], 452, 2304)
best 5 choices:
(3.0701983630190156e+47, [441, 441, 441, 441, 441, 441, 441, 441, 441, 441, 441, 441, 441, 441, 441, 441, 441, 441, 441, 441, 441, 441, 441, 441, 441, 444, 445, 446, 447, 448, 449, 450, 452], 452, 2304)
(3.070210362232407e+47, [441, 441, 441, 441, 441, 441, 441, 441, 441, 441, 441, 441, 441, 441, 441, 441, 441, 441, 441, 441, 441, 441, 441, 441, 441, 441, 442, 445, 446, 447, 448, 449, 450, 452], 452, 2304)
(3.070212112932435e+47, [441, 441, 441, 441, 441, 441, 441, 441, 441, 441, 441, 441, 441, 441, 441, 441, 441, 441, 441, 441, 441, 441, 441, 441, 443, 444, 445, 447, 448, 450, 451, 452], 452, 2304)
(3.0702128635020084e+47, [441, 441, 441, 441, 441, 441, 441, 441, 441, 441, 441, 441, 441, 441, 441, 441, 441, 441, 441, 441, 441, 441, 441, 441, 441, 442, 444, 446, 447, 448, 449, 451, 452], 452, 2304)
(3.070213137461827e+47, [441, 441, 441, 441, 441, 441, 441, 441, 441, 441, 441, 441, 441, 441, 441, 441, 441, 441, 441, 441, 441, 441, 441, 441, 441, 442, 443, 444, 446, 447, 448, 449, 450, 452], 452, 2304)
end round with 8 suffixes


======== round 375 ========
todo suffixes: [[446, 447, 448, 449, 454], [445, 447, 448, 449, 454], [444, 447, 448, 449, 454], [446, 448, 449, 454], [445, 448, 449, 454], [447, 449, 454], [453], [451]]
cur_suffix:  [446, 447, 448, 449, 454]
bz: 441.
iter:  26
bz: 442.
iter:  29
bz: 443.
fisrt choice: (3.0704901248305073e+47, 443, 26)
baseline:  (3.074359572610869e+47, [452, 452, 452, 452, 452, 452, 452, 452, 452, 452, 452, 452, 452, 452, 452, 452, 452, 452, 452], 452, 2304)
best 5 choices:
(3.0701983630190156e+47, [441, 441, 441, 441, 441, 441, 441, 441, 441, 441, 441, 441, 441, 441, 441, 441, 441, 441, 441, 441, 441, 441, 441, 441, 441, 444, 445, 446, 447, 448, 449, 450, 452], 452, 2304)
(3.070210362232407e+47, [441, 441, 441, 441, 441, 441, 441, 441, 441, 441, 441, 441, 441, 441, 441, 441, 441, 441, 441, 441, 441, 441, 441, 441, 441, 441, 442, 445, 446, 447, 448, 449, 450, 452], 452, 2304)
(3.070212112932435e+47, [441, 441, 441, 441, 441, 441, 441, 441, 441, 441, 441, 441, 441, 441, 441, 441, 441, 441, 441, 441, 441, 441, 441, 441, 443, 444, 445, 447, 448, 450, 451, 452], 452, 2304)
(3.0702128635020084e+47, [441, 441, 441, 441, 441, 441, 441, 441, 441, 441, 441, 441, 441, 441, 441, 441, 441, 441, 441, 441, 441, 441, 441, 441, 441, 442, 444, 446, 447, 448, 449, 451, 452], 452, 2304)
(3.070213137461827e+47, [441, 441, 441, 441, 441, 441, 441, 441, 441, 441, 441, 441, 441, 441, 441, 441, 441, 441, 441, 441, 441, 441, 441, 441, 441, 442, 443, 444, 446, 447, 448, 449, 450, 452], 452, 2304)
end round with 7 suffixes


======== round 376 ========
todo suffixes: [[445, 447, 448, 449, 454], [444, 447, 448, 449, 454], [446, 448, 449, 454], [445, 448, 449, 454], [447, 449, 454], [453], [451]]
cur_suffix:  [445, 447, 448, 449, 454]
bz: 440.
iter:  26
bz: 441.
iter:  26
bz: 442.
iter:  29
bz: 443.
fisrt choice: (3.0705225639933935e+47, 443, 27)
baseline:  (3.074359572610869e+47, [452, 452, 452, 452, 452, 452, 452, 452, 452, 452, 452, 452, 452, 452, 452, 452, 452, 452, 452], 452, 2304)
best 5 choices:
(3.0701983630190156e+47, [441, 441, 441, 441, 441, 441, 441, 441, 441, 441, 441, 441, 441, 441, 441, 441, 441, 441, 441, 441, 441, 441, 441, 441, 441, 444, 445, 446, 447, 448, 449, 450, 452], 452, 2304)
(3.070210362232407e+47, [441, 441, 441, 441, 441, 441, 441, 441, 441, 441, 441, 441, 441, 441, 441, 441, 441, 441, 441, 441, 441, 441, 441, 441, 441, 441, 442, 445, 446, 447, 448, 449, 450, 452], 452, 2304)
(3.070212112932435e+47, [441, 441, 441, 441, 441, 441, 441, 441, 441, 441, 441, 441, 441, 441, 441, 441, 441, 441, 441, 441, 441, 441, 441, 441, 443, 444, 445, 447, 448, 450, 451, 452], 452, 2304)
(3.0702128635020084e+47, [441, 441, 441, 441, 441, 441, 441, 441, 441, 441, 441, 441, 441, 441, 441, 441, 441, 441, 441, 441, 441, 441, 441, 441, 441, 442, 444, 446, 447, 448, 449, 451, 452], 452, 2304)
(3.070213137461827e+47, [441, 441, 441, 441, 441, 441, 441, 441, 441, 441, 441, 441, 441, 441, 441, 441, 441, 441, 441, 441, 441, 441, 441, 441, 441, 442, 443, 444, 446, 447, 448, 449, 450, 452], 452, 2304)
end round with 6 suffixes


======== round 377 ========
todo suffixes: [[444, 447, 448, 449, 454], [446, 448, 449, 454], [445, 448, 449, 454], [447, 449, 454], [453], [451]]
cur_suffix:  [444, 447, 448, 449, 454]
bz: 439.
iter:  24
bz: 440.
iter:  26
bz: 441.
iter:  26
bz: 442.
iter:  29
bz: 443.
iter:  27
fisrt choice: (-1, -1, -1)
baseline:  (3.074359572610869e+47, [452, 452, 452, 452, 452, 452, 452, 452, 452, 452, 452, 452, 452, 452, 452, 452, 452, 452, 452], 452, 2304)
the strategy is infeasible, continue


======== round 378 ========
todo suffixes: [[446, 448, 449, 454], [445, 448, 449, 454], [447, 449, 454], [453], [451]]
cur_suffix:  [446, 448, 449, 454]
bz: 441.
iter:  26
bz: 442.
iter:  29
bz: 443.
iter:  27
bz: 444.
fisrt choice: (3.0706759640587283e+47, 444, 26)
baseline:  (3.074359572610869e+47, [452, 452, 452, 452, 452, 452, 452, 452, 452, 452, 452, 452, 452, 452, 452, 452, 452, 452, 452], 452, 2304)
best 5 choices:
(3.0701983630190156e+47, [441, 441, 441, 441, 441, 441, 441, 441, 441, 441, 441, 441, 441, 441, 441, 441, 441, 441, 441, 441, 441, 441, 441, 441, 441, 444, 445, 446, 447, 448, 449, 450, 452], 452, 2304)
(3.070210362232407e+47, [441, 441, 441, 441, 441, 441, 441, 441, 441, 441, 441, 441, 441, 441, 441, 441, 441, 441, 441, 441, 441, 441, 441, 441, 441, 441, 442, 445, 446, 447, 448, 449, 450, 452], 452, 2304)
(3.070212112932435e+47, [441, 441, 441, 441, 441, 441, 441, 441, 441, 441, 441, 441, 441, 441, 441, 441, 441, 441, 441, 441, 441, 441, 441, 441, 443, 444, 445, 447, 448, 450, 451, 452], 452, 2304)
(3.0702128635020084e+47, [441, 441, 441, 441, 441, 441, 441, 441, 441, 441, 441, 441, 441, 441, 441, 441, 441, 441, 441, 441, 441, 441, 441, 441, 441, 442, 444, 446, 447, 448, 449, 451, 452], 452, 2304)
(3.070213137461827e+47, [441, 441, 441, 441, 441, 441, 441, 441, 441, 441, 441, 441, 441, 441, 441, 441, 441, 441, 441, 441, 441, 441, 441, 441, 441, 442, 443, 444, 446, 447, 448, 449, 450, 452], 452, 2304)
end round with 6 suffixes


======== round 379 ========
todo suffixes: [[445, 446, 448, 449, 454], [444, 446, 448, 449, 454], [445, 448, 449, 454], [447, 449, 454], [453], [451]]
cur_suffix:  [445, 446, 448, 449, 454]
bz: 440.
iter:  26
bz: 441.
iter:  26
bz: 442.
iter:  29
bz: 443.
iter:  27
bz: 444.
fisrt choice: (3.0706286572098587e+47, 444, 24)
baseline:  (3.074359572610869e+47, [452, 452, 452, 452, 452, 452, 452, 452, 452, 452, 452, 452, 452, 452, 452, 452, 452, 452, 452], 452, 2304)
best 5 choices:
(3.0701983630190156e+47, [441, 441, 441, 441, 441, 441, 441, 441, 441, 441, 441, 441, 441, 441, 441, 441, 441, 441, 441, 441, 441, 441, 441, 441, 441, 444, 445, 446, 447, 448, 449, 450, 452], 452, 2304)
(3.070210362232407e+47, [441, 441, 441, 441, 441, 441, 441, 441, 441, 441, 441, 441, 441, 441, 441, 441, 441, 441, 441, 441, 441, 441, 441, 441, 441, 441, 442, 445, 446, 447, 448, 449, 450, 452], 452, 2304)
(3.070212112932435e+47, [441, 441, 441, 441, 441, 441, 441, 441, 441, 441, 441, 441, 441, 441, 441, 441, 441, 441, 441, 441, 441, 441, 441, 441, 443, 444, 445, 447, 448, 450, 451, 452], 452, 2304)
(3.0702128635020084e+47, [441, 441, 441, 441, 441, 441, 441, 441, 441, 441, 441, 441, 441, 441, 441, 441, 441, 441, 441, 441, 441, 441, 441, 441, 441, 442, 444, 446, 447, 448, 449, 451, 452], 452, 2304)
(3.070213137461827e+47, [441, 441, 441, 441, 441, 441, 441, 441, 441, 441, 441, 441, 441, 441, 441, 441, 441, 441, 441, 441, 441, 441, 441, 441, 441, 442, 443, 444, 446, 447, 448, 449, 450, 452], 452, 2304)
end round with 6 suffixes


======== round 380 ========
todo suffixes: [[444, 445, 446, 448, 449, 454], [444, 446, 448, 449, 454], [445, 448, 449, 454], [447, 449, 454], [453], [451]]
cur_suffix:  [444, 445, 446, 448, 449, 454]
bz: 439.
iter:  24
bz: 440.
iter:  26
bz: 441.
iter:  26
bz: 442.
iter:  29
bz: 443.
fisrt choice: (3.070512524453895e+47, 443, 26)
baseline:  (3.074359572610869e+47, [452, 452, 452, 452, 452, 452, 452, 452, 452, 452, 452, 452, 452, 452, 452, 452, 452, 452, 452], 452, 2304)
best 5 choices:
(3.0701983630190156e+47, [441, 441, 441, 441, 441, 441, 441, 441, 441, 441, 441, 441, 441, 441, 441, 441, 441, 441, 441, 441, 441, 441, 441, 441, 441, 444, 445, 446, 447, 448, 449, 450, 452], 452, 2304)
(3.070210362232407e+47, [441, 441, 441, 441, 441, 441, 441, 441, 441, 441, 441, 441, 441, 441, 441, 441, 441, 441, 441, 441, 441, 441, 441, 441, 441, 441, 442, 445, 446, 447, 448, 449, 450, 452], 452, 2304)
(3.070212112932435e+47, [441, 441, 441, 441, 441, 441, 441, 441, 441, 441, 441, 441, 441, 441, 441, 441, 441, 441, 441, 441, 441, 441, 441, 441, 443, 444, 445, 447, 448, 450, 451, 452], 452, 2304)
(3.0702128635020084e+47, [441, 441, 441, 441, 441, 441, 441, 441, 441, 441, 441, 441, 441, 441, 441, 441, 441, 441, 441, 441, 441, 441, 441, 441, 441, 442, 444, 446, 447, 448, 449, 451, 452], 452, 2304)
(3.070213137461827e+47, [441, 441, 441, 441, 441, 441, 441, 441, 441, 441, 441, 441, 441, 441, 441, 441, 441, 441, 441, 441, 441, 441, 441, 441, 441, 442, 443, 444, 446, 447, 448, 449, 450, 452], 452, 2304)
end round with 5 suffixes


======== round 381 ========
todo suffixes: [[444, 446, 448, 449, 454], [445, 448, 449, 454], [447, 449, 454], [453], [451]]
cur_suffix:  [444, 446, 448, 449, 454]
bz: 439.
iter:  24
bz: 440.
iter:  26
bz: 441.
iter:  26
bz: 442.
iter:  29
bz: 443.
iter:  27
fisrt choice: (-1, -1, -1)
baseline:  (3.074359572610869e+47, [452, 452, 452, 452, 452, 452, 452, 452, 452, 452, 452, 452, 452, 452, 452, 452, 452, 452, 452], 452, 2304)
the strategy is infeasible, continue


======== round 382 ========
todo suffixes: [[445, 448, 449, 454], [447, 449, 454], [453], [451]]
cur_suffix:  [445, 448, 449, 454]
bz: 440.
iter:  26
bz: 441.
iter:  26
bz: 442.
iter:  29
bz: 443.
iter:  27
bz: 444.
fisrt choice: (3.0706584179925713e+47, 444, 26)
baseline:  (3.074359572610869e+47, [452, 452, 452, 452, 452, 452, 452, 452, 452, 452, 452, 452, 452, 452, 452, 452, 452, 452, 452], 452, 2304)
best 5 choices:
(3.0701983630190156e+47, [441, 441, 441, 441, 441, 441, 441, 441, 441, 441, 441, 441, 441, 441, 441, 441, 441, 441, 441, 441, 441, 441, 441, 441, 441, 444, 445, 446, 447, 448, 449, 450, 452], 452, 2304)
(3.070210362232407e+47, [441, 441, 441, 441, 441, 441, 441, 441, 441, 441, 441, 441, 441, 441, 441, 441, 441, 441, 441, 441, 441, 441, 441, 441, 441, 441, 442, 445, 446, 447, 448, 449, 450, 452], 452, 2304)
(3.070212112932435e+47, [441, 441, 441, 441, 441, 441, 441, 441, 441, 441, 441, 441, 441, 441, 441, 441, 441, 441, 441, 441, 441, 441, 441, 441, 443, 444, 445, 447, 448, 450, 451, 452], 452, 2304)
(3.0702128635020084e+47, [441, 441, 441, 441, 441, 441, 441, 441, 441, 441, 441, 441, 441, 441, 441, 441, 441, 441, 441, 441, 441, 441, 441, 441, 441, 442, 444, 446, 447, 448, 449, 451, 452], 452, 2304)
(3.070213137461827e+47, [441, 441, 441, 441, 441, 441, 441, 441, 441, 441, 441, 441, 441, 441, 441, 441, 441, 441, 441, 441, 441, 441, 441, 441, 441, 442, 443, 444, 446, 447, 448, 449, 450, 452], 452, 2304)
end round with 4 suffixes


======== round 383 ========
todo suffixes: [[444, 445, 448, 449, 454], [447, 449, 454], [453], [451]]
cur_suffix:  [444, 445, 448, 449, 454]
bz: 439.
iter:  24
bz: 440.
iter:  26
bz: 441.
iter:  26
bz: 442.
iter:  29
bz: 443.
iter:  27
fisrt choice: (-1, -1, -1)
baseline:  (3.074359572610869e+47, [452, 452, 452, 452, 452, 452, 452, 452, 452, 452, 452, 452, 452, 452, 452, 452, 452, 452, 452], 452, 2304)
the strategy is infeasible, continue


======== round 384 ========
todo suffixes: [[447, 449, 454], [453], [451]]
cur_suffix:  [447, 449, 454]
bz: 442.
iter:  29
bz: 443.
iter:  27
bz: 444.
iter:  26
bz: 445.
iter:  24
bz: 446.
fisrt choice: (3.0710092442819197e+47, 446, 22)
baseline:  (3.074359572610869e+47, [452, 452, 452, 452, 452, 452, 452, 452, 452, 452, 452, 452, 452, 452, 452, 452, 452, 452, 452], 452, 2304)
best 5 choices:
(3.0701983630190156e+47, [441, 441, 441, 441, 441, 441, 441, 441, 441, 441, 441, 441, 441, 441, 441, 441, 441, 441, 441, 441, 441, 441, 441, 441, 441, 444, 445, 446, 447, 448, 449, 450, 452], 452, 2304)
(3.070210362232407e+47, [441, 441, 441, 441, 441, 441, 441, 441, 441, 441, 441, 441, 441, 441, 441, 441, 441, 441, 441, 441, 441, 441, 441, 441, 441, 441, 442, 445, 446, 447, 448, 449, 450, 452], 452, 2304)
(3.070212112932435e+47, [441, 441, 441, 441, 441, 441, 441, 441, 441, 441, 441, 441, 441, 441, 441, 441, 441, 441, 441, 441, 441, 441, 441, 441, 443, 444, 445, 447, 448, 450, 451, 452], 452, 2304)
(3.0702128635020084e+47, [441, 441, 441, 441, 441, 441, 441, 441, 441, 441, 441, 441, 441, 441, 441, 441, 441, 441, 441, 441, 441, 441, 441, 441, 441, 442, 444, 446, 447, 448, 449, 451, 452], 452, 2304)
(3.070213137461827e+47, [441, 441, 441, 441, 441, 441, 441, 441, 441, 441, 441, 441, 441, 441, 441, 441, 441, 441, 441, 441, 441, 441, 441, 441, 441, 442, 443, 444, 446, 447, 448, 449, 450, 452], 452, 2304)
end round with 3 suffixes


======== round 385 ========
todo suffixes: [[446, 447, 449, 454], [453], [451]]
cur_suffix:  [446, 447, 449, 454]
bz: 441.
iter:  26
bz: 442.
iter:  29
bz: 443.
iter:  27
bz: 444.
fisrt choice: (3.0706493520503007e+47, 444, 26)
baseline:  (3.074359572610869e+47, [452, 452, 452, 452, 452, 452, 452, 452, 452, 452, 452, 452, 452, 452, 452, 452, 452, 452, 452], 452, 2304)
best 5 choices:
(3.0701983630190156e+47, [441, 441, 441, 441, 441, 441, 441, 441, 441, 441, 441, 441, 441, 441, 441, 441, 441, 441, 441, 441, 441, 441, 441, 441, 441, 444, 445, 446, 447, 448, 449, 450, 452], 452, 2304)
(3.070210362232407e+47, [441, 441, 441, 441, 441, 441, 441, 441, 441, 441, 441, 441, 441, 441, 441, 441, 441, 441, 441, 441, 441, 441, 441, 441, 441, 441, 442, 445, 446, 447, 448, 449, 450, 452], 452, 2304)
(3.070212112932435e+47, [441, 441, 441, 441, 441, 441, 441, 441, 441, 441, 441, 441, 441, 441, 441, 441, 441, 441, 441, 441, 441, 441, 441, 441, 443, 444, 445, 447, 448, 450, 451, 452], 452, 2304)
(3.0702128635020084e+47, [441, 441, 441, 441, 441, 441, 441, 441, 441, 441, 441, 441, 441, 441, 441, 441, 441, 441, 441, 441, 441, 441, 441, 441, 441, 442, 444, 446, 447, 448, 449, 451, 452], 452, 2304)
(3.070213137461827e+47, [441, 441, 441, 441, 441, 441, 441, 441, 441, 441, 441, 441, 441, 441, 441, 441, 441, 441, 441, 441, 441, 441, 441, 441, 441, 442, 443, 444, 446, 447, 448, 449, 450, 452], 452, 2304)
end round with 4 suffixes


======== round 386 ========
todo suffixes: [[445, 446, 447, 449, 454], [444, 446, 447, 449, 454], [453], [451]]
cur_suffix:  [445, 446, 447, 449, 454]
bz: 440.
iter:  26
bz: 441.
iter:  26
bz: 442.
iter:  29
bz: 443.
iter:  27
bz: 444.
fisrt choice: (3.0706635994932176e+47, 444, 25)
baseline:  (3.074359572610869e+47, [452, 452, 452, 452, 452, 452, 452, 452, 452, 452, 452, 452, 452, 452, 452, 452, 452, 452, 452], 452, 2304)
best 5 choices:
(3.0701983630190156e+47, [441, 441, 441, 441, 441, 441, 441, 441, 441, 441, 441, 441, 441, 441, 441, 441, 441, 441, 441, 441, 441, 441, 441, 441, 441, 444, 445, 446, 447, 448, 449, 450, 452], 452, 2304)
(3.070210362232407e+47, [441, 441, 441, 441, 441, 441, 441, 441, 441, 441, 441, 441, 441, 441, 441, 441, 441, 441, 441, 441, 441, 441, 441, 441, 441, 441, 442, 445, 446, 447, 448, 449, 450, 452], 452, 2304)
(3.070212112932435e+47, [441, 441, 441, 441, 441, 441, 441, 441, 441, 441, 441, 441, 441, 441, 441, 441, 441, 441, 441, 441, 441, 441, 441, 441, 443, 444, 445, 447, 448, 450, 451, 452], 452, 2304)
(3.0702128635020084e+47, [441, 441, 441, 441, 441, 441, 441, 441, 441, 441, 441, 441, 441, 441, 441, 441, 441, 441, 441, 441, 441, 441, 441, 441, 441, 442, 444, 446, 447, 448, 449, 451, 452], 452, 2304)
(3.070213137461827e+47, [441, 441, 441, 441, 441, 441, 441, 441, 441, 441, 441, 441, 441, 441, 441, 441, 441, 441, 441, 441, 441, 441, 441, 441, 441, 442, 443, 444, 446, 447, 448, 449, 450, 452], 452, 2304)
end round with 4 suffixes


======== round 387 ========
todo suffixes: [[444, 445, 446, 447, 449, 454], [444, 446, 447, 449, 454], [453], [451]]
cur_suffix:  [444, 445, 446, 447, 449, 454]
bz: 439.
iter:  24
bz: 440.
iter:  26
bz: 441.
iter:  26
bz: 442.
iter:  29
bz: 443.
fisrt choice: (3.0705358976745105e+47, 443, 27)
baseline:  (3.074359572610869e+47, [452, 452, 452, 452, 452, 452, 452, 452, 452, 452, 452, 452, 452, 452, 452, 452, 452, 452, 452], 452, 2304)
best 5 choices:
(3.0701983630190156e+47, [441, 441, 441, 441, 441, 441, 441, 441, 441, 441, 441, 441, 441, 441, 441, 441, 441, 441, 441, 441, 441, 441, 441, 441, 441, 444, 445, 446, 447, 448, 449, 450, 452], 452, 2304)
(3.070210362232407e+47, [441, 441, 441, 441, 441, 441, 441, 441, 441, 441, 441, 441, 441, 441, 441, 441, 441, 441, 441, 441, 441, 441, 441, 441, 441, 441, 442, 445, 446, 447, 448, 449, 450, 452], 452, 2304)
(3.070212112932435e+47, [441, 441, 441, 441, 441, 441, 441, 441, 441, 441, 441, 441, 441, 441, 441, 441, 441, 441, 441, 441, 441, 441, 441, 441, 443, 444, 445, 447, 448, 450, 451, 452], 452, 2304)
(3.0702128635020084e+47, [441, 441, 441, 441, 441, 441, 441, 441, 441, 441, 441, 441, 441, 441, 441, 441, 441, 441, 441, 441, 441, 441, 441, 441, 441, 442, 444, 446, 447, 448, 449, 451, 452], 452, 2304)
(3.070213137461827e+47, [441, 441, 441, 441, 441, 441, 441, 441, 441, 441, 441, 441, 441, 441, 441, 441, 441, 441, 441, 441, 441, 441, 441, 441, 441, 442, 443, 444, 446, 447, 448, 449, 450, 452], 452, 2304)
end round with 3 suffixes


======== round 388 ========
todo suffixes: [[444, 446, 447, 449, 454], [453], [451]]
cur_suffix:  [444, 446, 447, 449, 454]
bz: 439.
iter:  24
bz: 440.
iter:  26
bz: 441.
iter:  26
bz: 442.
iter:  29
bz: 443.
iter:  27
fisrt choice: (-1, -1, -1)
baseline:  (3.074359572610869e+47, [452, 452, 452, 452, 452, 452, 452, 452, 452, 452, 452, 452, 452, 452, 452, 452, 452, 452, 452], 452, 2304)
the strategy is infeasible, continue


======== round 389 ========
todo suffixes: [[453], [451]]
cur_suffix:  [453]
bz: 448.
fisrt choice: (3.071687930205051e+47, 448, 22)
baseline:  (3.074359572610869e+47, [452, 452, 452, 452, 452, 452, 452, 452, 452, 452, 452, 452, 452, 452, 452, 452, 452, 452, 452], 452, 2304)
best 5 choices:
(3.0701983630190156e+47, [441, 441, 441, 441, 441, 441, 441, 441, 441, 441, 441, 441, 441, 441, 441, 441, 441, 441, 441, 441, 441, 441, 441, 441, 441, 444, 445, 446, 447, 448, 449, 450, 452], 452, 2304)
(3.070210362232407e+47, [441, 441, 441, 441, 441, 441, 441, 441, 441, 441, 441, 441, 441, 441, 441, 441, 441, 441, 441, 441, 441, 441, 441, 441, 441, 441, 442, 445, 446, 447, 448, 449, 450, 452], 452, 2304)
(3.070212112932435e+47, [441, 441, 441, 441, 441, 441, 441, 441, 441, 441, 441, 441, 441, 441, 441, 441, 441, 441, 441, 441, 441, 441, 441, 441, 443, 444, 445, 447, 448, 450, 451, 452], 452, 2304)
(3.0702128635020084e+47, [441, 441, 441, 441, 441, 441, 441, 441, 441, 441, 441, 441, 441, 441, 441, 441, 441, 441, 441, 441, 441, 441, 441, 441, 441, 442, 444, 446, 447, 448, 449, 451, 452], 452, 2304)
(3.070213137461827e+47, [441, 441, 441, 441, 441, 441, 441, 441, 441, 441, 441, 441, 441, 441, 441, 441, 441, 441, 441, 441, 441, 441, 441, 441, 441, 442, 443, 444, 446, 447, 448, 449, 450, 452], 452, 2304)
end round with 5 suffixes


======== round 390 ========
todo suffixes: [[451, 453], [450, 453], [449, 453], [448, 453], [451]]
cur_suffix:  [451, 453]
bz: 446.
iter:  23
bz: 447.
fisrt choice: (3.0713668837170503e+47, 447, 22)
baseline:  (3.074359572610869e+47, [452, 452, 452, 452, 452, 452, 452, 452, 452, 452, 452, 452, 452, 452, 452, 452, 452, 452, 452], 452, 2304)
best 5 choices:
(3.0701983630190156e+47, [441, 441, 441, 441, 441, 441, 441, 441, 441, 441, 441, 441, 441, 441, 441, 441, 441, 441, 441, 441, 441, 441, 441, 441, 441, 444, 445, 446, 447, 448, 449, 450, 452], 452, 2304)
(3.070210362232407e+47, [441, 441, 441, 441, 441, 441, 441, 441, 441, 441, 441, 441, 441, 441, 441, 441, 441, 441, 441, 441, 441, 441, 441, 441, 441, 441, 442, 445, 446, 447, 448, 449, 450, 452], 452, 2304)
(3.070212112932435e+47, [441, 441, 441, 441, 441, 441, 441, 441, 441, 441, 441, 441, 441, 441, 441, 441, 441, 441, 441, 441, 441, 441, 441, 441, 443, 444, 445, 447, 448, 450, 451, 452], 452, 2304)
(3.0702128635020084e+47, [441, 441, 441, 441, 441, 441, 441, 441, 441, 441, 441, 441, 441, 441, 441, 441, 441, 441, 441, 441, 441, 441, 441, 441, 441, 442, 444, 446, 447, 448, 449, 451, 452], 452, 2304)
(3.070213137461827e+47, [441, 441, 441, 441, 441, 441, 441, 441, 441, 441, 441, 441, 441, 441, 441, 441, 441, 441, 441, 441, 441, 441, 441, 441, 441, 442, 443, 444, 446, 447, 448, 449, 450, 452], 452, 2304)
end round with 8 suffixes


======== round 391 ========
todo suffixes: [[450, 451, 453], [449, 451, 453], [448, 451, 453], [447, 451, 453], [450, 453], [449, 453], [448, 453], [451]]
cur_suffix:  [450, 451, 453]
bz: 445.
fisrt choice: (3.0707959891751582e+47, 445, 23)
baseline:  (3.074359572610869e+47, [452, 452, 452, 452, 452, 452, 452, 452, 452, 452, 452, 452, 452, 452, 452, 452, 452, 452, 452], 452, 2304)
best 5 choices:
(3.0701983630190156e+47, [441, 441, 441, 441, 441, 441, 441, 441, 441, 441, 441, 441, 441, 441, 441, 441, 441, 441, 441, 441, 441, 441, 441, 441, 441, 444, 445, 446, 447, 448, 449, 450, 452], 452, 2304)
(3.070210362232407e+47, [441, 441, 441, 441, 441, 441, 441, 441, 441, 441, 441, 441, 441, 441, 441, 441, 441, 441, 441, 441, 441, 441, 441, 441, 441, 441, 442, 445, 446, 447, 448, 449, 450, 452], 452, 2304)
(3.070212112932435e+47, [441, 441, 441, 441, 441, 441, 441, 441, 441, 441, 441, 441, 441, 441, 441, 441, 441, 441, 441, 441, 441, 441, 441, 441, 443, 444, 445, 447, 448, 450, 451, 452], 452, 2304)
(3.0702128635020084e+47, [441, 441, 441, 441, 441, 441, 441, 441, 441, 441, 441, 441, 441, 441, 441, 441, 441, 441, 441, 441, 441, 441, 441, 441, 441, 442, 444, 446, 447, 448, 449, 451, 452], 452, 2304)
(3.070213137461827e+47, [441, 441, 441, 441, 441, 441, 441, 441, 441, 441, 441, 441, 441, 441, 441, 441, 441, 441, 441, 441, 441, 441, 441, 441, 441, 442, 443, 444, 446, 447, 448, 449, 450, 452], 452, 2304)
end round with 11 suffixes


======== round 392 ========
todo suffixes: [[448, 450, 451, 453], [447, 450, 451, 453], [446, 450, 451, 453], [445, 450, 451, 453], [449, 451, 453], [448, 451, 453], [447, 451, 453], [450, 453], [449, 453], [448, 453], [451]]
cur_suffix:  [448, 450, 451, 453]
bz: 443.
fisrt choice: (3.0704937336436362e+47, 443, 26)
baseline:  (3.074359572610869e+47, [452, 452, 452, 452, 452, 452, 452, 452, 452, 452, 452, 452, 452, 452, 452, 452, 452, 452, 452], 452, 2304)
best 5 choices:
(3.0701983630190156e+47, [441, 441, 441, 441, 441, 441, 441, 441, 441, 441, 441, 441, 441, 441, 441, 441, 441, 441, 441, 441, 441, 441, 441, 441, 441, 444, 445, 446, 447, 448, 449, 450, 452], 452, 2304)
(3.070210362232407e+47, [441, 441, 441, 441, 441, 441, 441, 441, 441, 441, 441, 441, 441, 441, 441, 441, 441, 441, 441, 441, 441, 441, 441, 441, 441, 441, 442, 445, 446, 447, 448, 449, 450, 452], 452, 2304)
(3.070212112932435e+47, [441, 441, 441, 441, 441, 441, 441, 441, 441, 441, 441, 441, 441, 441, 441, 441, 441, 441, 441, 441, 441, 441, 441, 441, 443, 444, 445, 447, 448, 450, 451, 452], 452, 2304)
(3.0702128635020084e+47, [441, 441, 441, 441, 441, 441, 441, 441, 441, 441, 441, 441, 441, 441, 441, 441, 441, 441, 441, 441, 441, 441, 441, 441, 441, 442, 444, 446, 447, 448, 449, 451, 452], 452, 2304)
(3.070213137461827e+47, [441, 441, 441, 441, 441, 441, 441, 441, 441, 441, 441, 441, 441, 441, 441, 441, 441, 441, 441, 441, 441, 441, 441, 441, 441, 442, 443, 444, 446, 447, 448, 449, 450, 452], 452, 2304)
end round with 14 suffixes


======== round 393 ========
todo suffixes: [[446, 448, 450, 451, 453], [445, 448, 450, 451, 453], [444, 448, 450, 451, 453], [443, 448, 450, 451, 453], [447, 450, 451, 453], [446, 450, 451, 453], [445, 450, 451, 453], [449, 451, 453], [448, 451, 453], [447, 451, 453], [450, 453], [449, 453], [448, 453], [451]]
cur_suffix:  [446, 448, 450, 451, 453]
bz: 441.
iter:  26
bz: 442.
fisrt choice: (3.0703834210980988e+47, 442, 27)
baseline:  (3.074359572610869e+47, [452, 452, 452, 452, 452, 452, 452, 452, 452, 452, 452, 452, 452, 452, 452, 452, 452, 452, 452], 452, 2304)
best 5 choices:
(3.0701983630190156e+47, [441, 441, 441, 441, 441, 441, 441, 441, 441, 441, 441, 441, 441, 441, 441, 441, 441, 441, 441, 441, 441, 441, 441, 441, 441, 444, 445, 446, 447, 448, 449, 450, 452], 452, 2304)
(3.070210362232407e+47, [441, 441, 441, 441, 441, 441, 441, 441, 441, 441, 441, 441, 441, 441, 441, 441, 441, 441, 441, 441, 441, 441, 441, 441, 441, 441, 442, 445, 446, 447, 448, 449, 450, 452], 452, 2304)
(3.070212112932435e+47, [441, 441, 441, 441, 441, 441, 441, 441, 441, 441, 441, 441, 441, 441, 441, 441, 441, 441, 441, 441, 441, 441, 441, 441, 443, 444, 445, 447, 448, 450, 451, 452], 452, 2304)
(3.0702128635020084e+47, [441, 441, 441, 441, 441, 441, 441, 441, 441, 441, 441, 441, 441, 441, 441, 441, 441, 441, 441, 441, 441, 441, 441, 441, 441, 442, 444, 446, 447, 448, 449, 451, 452], 452, 2304)
(3.070213137461827e+47, [441, 441, 441, 441, 441, 441, 441, 441, 441, 441, 441, 441, 441, 441, 441, 441, 441, 441, 441, 441, 441, 441, 441, 441, 441, 442, 443, 444, 446, 447, 448, 449, 450, 452], 452, 2304)
end round with 13 suffixes


======== round 394 ========
todo suffixes: [[445, 448, 450, 451, 453], [444, 448, 450, 451, 453], [443, 448, 450, 451, 453], [447, 450, 451, 453], [446, 450, 451, 453], [445, 450, 451, 453], [449, 451, 453], [448, 451, 453], [447, 451, 453], [450, 453], [449, 453], [448, 453], [451]]
cur_suffix:  [445, 448, 450, 451, 453]
bz: 440.
iter:  26
bz: 441.
iter:  26
bz: 442.
fisrt choice: (3.070406465980413e+47, 442, 28)
baseline:  (3.074359572610869e+47, [452, 452, 452, 452, 452, 452, 452, 452, 452, 452, 452, 452, 452, 452, 452, 452, 452, 452, 452], 452, 2304)
best 5 choices:
(3.0701983630190156e+47, [441, 441, 441, 441, 441, 441, 441, 441, 441, 441, 441, 441, 441, 441, 441, 441, 441, 441, 441, 441, 441, 441, 441, 441, 441, 444, 445, 446, 447, 448, 449, 450, 452], 452, 2304)
(3.070210362232407e+47, [441, 441, 441, 441, 441, 441, 441, 441, 441, 441, 441, 441, 441, 441, 441, 441, 441, 441, 441, 441, 441, 441, 441, 441, 441, 441, 442, 445, 446, 447, 448, 449, 450, 452], 452, 2304)
(3.070212112932435e+47, [441, 441, 441, 441, 441, 441, 441, 441, 441, 441, 441, 441, 441, 441, 441, 441, 441, 441, 441, 441, 441, 441, 441, 441, 443, 444, 445, 447, 448, 450, 451, 452], 452, 2304)
(3.0702128635020084e+47, [441, 441, 441, 441, 441, 441, 441, 441, 441, 441, 441, 441, 441, 441, 441, 441, 441, 441, 441, 441, 441, 441, 441, 441, 441, 442, 444, 446, 447, 448, 449, 451, 452], 452, 2304)
(3.070213137461827e+47, [441, 441, 441, 441, 441, 441, 441, 441, 441, 441, 441, 441, 441, 441, 441, 441, 441, 441, 441, 441, 441, 441, 441, 441, 441, 442, 443, 444, 446, 447, 448, 449, 450, 452], 452, 2304)
end round with 12 suffixes


======== round 395 ========
todo suffixes: [[444, 448, 450, 451, 453], [443, 448, 450, 451, 453], [447, 450, 451, 453], [446, 450, 451, 453], [445, 450, 451, 453], [449, 451, 453], [448, 451, 453], [447, 451, 453], [450, 453], [449, 453], [448, 453], [451]]
cur_suffix:  [444, 448, 450, 451, 453]
bz: 439.
iter:  24
bz: 440.
iter:  26
bz: 441.
iter:  26
bz: 442.
fisrt choice: (3.0704328094859676e+47, 442, 29)
baseline:  (3.074359572610869e+47, [452, 452, 452, 452, 452, 452, 452, 452, 452, 452, 452, 452, 452, 452, 452, 452, 452, 452, 452], 452, 2304)
best 5 choices:
(3.0701983630190156e+47, [441, 441, 441, 441, 441, 441, 441, 441, 441, 441, 441, 441, 441, 441, 441, 441, 441, 441, 441, 441, 441, 441, 441, 441, 441, 444, 445, 446, 447, 448, 449, 450, 452], 452, 2304)
(3.070210362232407e+47, [441, 441, 441, 441, 441, 441, 441, 441, 441, 441, 441, 441, 441, 441, 441, 441, 441, 441, 441, 441, 441, 441, 441, 441, 441, 441, 442, 445, 446, 447, 448, 449, 450, 452], 452, 2304)
(3.070212112932435e+47, [441, 441, 441, 441, 441, 441, 441, 441, 441, 441, 441, 441, 441, 441, 441, 441, 441, 441, 441, 441, 441, 441, 441, 441, 443, 444, 445, 447, 448, 450, 451, 452], 452, 2304)
(3.0702128635020084e+47, [441, 441, 441, 441, 441, 441, 441, 441, 441, 441, 441, 441, 441, 441, 441, 441, 441, 441, 441, 441, 441, 441, 441, 441, 441, 442, 444, 446, 447, 448, 449, 451, 452], 452, 2304)
(3.070213137461827e+47, [441, 441, 441, 441, 441, 441, 441, 441, 441, 441, 441, 441, 441, 441, 441, 441, 441, 441, 441, 441, 441, 441, 441, 441, 441, 442, 443, 444, 446, 447, 448, 449, 450, 452], 452, 2304)
end round with 11 suffixes


======== round 396 ========
todo suffixes: [[443, 448, 450, 451, 453], [447, 450, 451, 453], [446, 450, 451, 453], [445, 450, 451, 453], [449, 451, 453], [448, 451, 453], [447, 451, 453], [450, 453], [449, 453], [448, 453], [451]]
cur_suffix:  [443, 448, 450, 451, 453]
bz: 438.
iter:  24
bz: 439.
iter:  24
bz: 440.
iter:  26
bz: 441.
iter:  26
bz: 442.
iter:  29
fisrt choice: (-1, -1, -1)
baseline:  (3.074359572610869e+47, [452, 452, 452, 452, 452, 452, 452, 452, 452, 452, 452, 452, 452, 452, 452, 452, 452, 452, 452], 452, 2304)
the strategy is infeasible, continue


======== round 397 ========
todo suffixes: [[447, 450, 451, 453], [446, 450, 451, 453], [445, 450, 451, 453], [449, 451, 453], [448, 451, 453], [447, 451, 453], [450, 453], [449, 453], [448, 453], [451]]
cur_suffix:  [447, 450, 451, 453]
bz: 442.
iter:  29
bz: 443.
fisrt choice: (3.070517106864252e+47, 443, 27)
baseline:  (3.074359572610869e+47, [452, 452, 452, 452, 452, 452, 452, 452, 452, 452, 452, 452, 452, 452, 452, 452, 452, 452, 452], 452, 2304)
best 5 choices:
(3.0701983630190156e+47, [441, 441, 441, 441, 441, 441, 441, 441, 441, 441, 441, 441, 441, 441, 441, 441, 441, 441, 441, 441, 441, 441, 441, 441, 441, 444, 445, 446, 447, 448, 449, 450, 452], 452, 2304)
(3.070210362232407e+47, [441, 441, 441, 441, 441, 441, 441, 441, 441, 441, 441, 441, 441, 441, 441, 441, 441, 441, 441, 441, 441, 441, 441, 441, 441, 441, 442, 445, 446, 447, 448, 449, 450, 452], 452, 2304)
(3.070212112932435e+47, [441, 441, 441, 441, 441, 441, 441, 441, 441, 441, 441, 441, 441, 441, 441, 441, 441, 441, 441, 441, 441, 441, 441, 441, 443, 444, 445, 447, 448, 450, 451, 452], 452, 2304)
(3.0702128635020084e+47, [441, 441, 441, 441, 441, 441, 441, 441, 441, 441, 441, 441, 441, 441, 441, 441, 441, 441, 441, 441, 441, 441, 441, 441, 441, 442, 444, 446, 447, 448, 449, 451, 452], 452, 2304)
(3.070213137461827e+47, [441, 441, 441, 441, 441, 441, 441, 441, 441, 441, 441, 441, 441, 441, 441, 441, 441, 441, 441, 441, 441, 441, 441, 441, 441, 442, 443, 444, 446, 447, 448, 449, 450, 452], 452, 2304)
end round with 13 suffixes


======== round 398 ========
todo suffixes: [[446, 447, 450, 451, 453], [445, 447, 450, 451, 453], [444, 447, 450, 451, 453], [443, 447, 450, 451, 453], [446, 450, 451, 453], [445, 450, 451, 453], [449, 451, 453], [448, 451, 453], [447, 451, 453], [450, 453], [449, 453], [448, 453], [451]]
cur_suffix:  [446, 447, 450, 451, 453]
bz: 441.
iter:  26
bz: 442.
fisrt choice: (3.0703974000381426e+47, 442, 28)
baseline:  (3.074359572610869e+47, [452, 452, 452, 452, 452, 452, 452, 452, 452, 452, 452, 452, 452, 452, 452, 452, 452, 452, 452], 452, 2304)
best 5 choices:
(3.0701983630190156e+47, [441, 441, 441, 441, 441, 441, 441, 441, 441, 441, 441, 441, 441, 441, 441, 441, 441, 441, 441, 441, 441, 441, 441, 441, 441, 444, 445, 446, 447, 448, 449, 450, 452], 452, 2304)
(3.070210362232407e+47, [441, 441, 441, 441, 441, 441, 441, 441, 441, 441, 441, 441, 441, 441, 441, 441, 441, 441, 441, 441, 441, 441, 441, 441, 441, 441, 442, 445, 446, 447, 448, 449, 450, 452], 452, 2304)
(3.070212112932435e+47, [441, 441, 441, 441, 441, 441, 441, 441, 441, 441, 441, 441, 441, 441, 441, 441, 441, 441, 441, 441, 441, 441, 441, 441, 443, 444, 445, 447, 448, 450, 451, 452], 452, 2304)
(3.0702128635020084e+47, [441, 441, 441, 441, 441, 441, 441, 441, 441, 441, 441, 441, 441, 441, 441, 441, 441, 441, 441, 441, 441, 441, 441, 441, 441, 442, 444, 446, 447, 448, 449, 451, 452], 452, 2304)
(3.070213137461827e+47, [441, 441, 441, 441, 441, 441, 441, 441, 441, 441, 441, 441, 441, 441, 441, 441, 441, 441, 441, 441, 441, 441, 441, 441, 441, 442, 443, 444, 446, 447, 448, 449, 450, 452], 452, 2304)
end round with 12 suffixes


======== round 399 ========
todo suffixes: [[445, 447, 450, 451, 453], [444, 447, 450, 451, 453], [443, 447, 450, 451, 453], [446, 450, 451, 453], [445, 450, 451, 453], [449, 451, 453], [448, 451, 453], [447, 451, 453], [450, 453], [449, 453], [448, 453], [451]]
cur_suffix:  [445, 447, 450, 451, 453]
bz: 440.
iter:  26
bz: 441.
iter:  26
bz: 442.
fisrt choice: (3.070420444920457e+47, 442, 29)
baseline:  (3.074359572610869e+47, [452, 452, 452, 452, 452, 452, 452, 452, 452, 452, 452, 452, 452, 452, 452, 452, 452, 452, 452], 452, 2304)
best 5 choices:
(3.0701983630190156e+47, [441, 441, 441, 441, 441, 441, 441, 441, 441, 441, 441, 441, 441, 441, 441, 441, 441, 441, 441, 441, 441, 441, 441, 441, 441, 444, 445, 446, 447, 448, 449, 450, 452], 452, 2304)
(3.070210362232407e+47, [441, 441, 441, 441, 441, 441, 441, 441, 441, 441, 441, 441, 441, 441, 441, 441, 441, 441, 441, 441, 441, 441, 441, 441, 441, 441, 442, 445, 446, 447, 448, 449, 450, 452], 452, 2304)
(3.070212112932435e+47, [441, 441, 441, 441, 441, 441, 441, 441, 441, 441, 441, 441, 441, 441, 441, 441, 441, 441, 441, 441, 441, 441, 441, 441, 443, 444, 445, 447, 448, 450, 451, 452], 452, 2304)
(3.0702128635020084e+47, [441, 441, 441, 441, 441, 441, 441, 441, 441, 441, 441, 441, 441, 441, 441, 441, 441, 441, 441, 441, 441, 441, 441, 441, 441, 442, 444, 446, 447, 448, 449, 451, 452], 452, 2304)
(3.070213137461827e+47, [441, 441, 441, 441, 441, 441, 441, 441, 441, 441, 441, 441, 441, 441, 441, 441, 441, 441, 441, 441, 441, 441, 441, 441, 441, 442, 443, 444, 446, 447, 448, 449, 450, 452], 452, 2304)
end round with 11 suffixes


======== round 400 ========
todo suffixes: [[444, 447, 450, 451, 453], [443, 447, 450, 451, 453], [446, 450, 451, 453], [445, 450, 451, 453], [449, 451, 453], [448, 451, 453], [447, 451, 453], [450, 453], [449, 453], [448, 453], [451]]
cur_suffix:  [444, 447, 450, 451, 453]
bz: 439.
iter:  24
bz: 440.
iter:  26
bz: 441.
iter:  26
bz: 442.
iter:  29
bz: 443.
fisrt choice: (3.070478690697952e+47, 443, 25)
baseline:  (3.074359572610869e+47, [452, 452, 452, 452, 452, 452, 452, 452, 452, 452, 452, 452, 452, 452, 452, 452, 452, 452, 452], 452, 2304)
best 5 choices:
(3.0701983630190156e+47, [441, 441, 441, 441, 441, 441, 441, 441, 441, 441, 441, 441, 441, 441, 441, 441, 441, 441, 441, 441, 441, 441, 441, 441, 441, 444, 445, 446, 447, 448, 449, 450, 452], 452, 2304)
(3.070210362232407e+47, [441, 441, 441, 441, 441, 441, 441, 441, 441, 441, 441, 441, 441, 441, 441, 441, 441, 441, 441, 441, 441, 441, 441, 441, 441, 441, 442, 445, 446, 447, 448, 449, 450, 452], 452, 2304)
(3.070212112932435e+47, [441, 441, 441, 441, 441, 441, 441, 441, 441, 441, 441, 441, 441, 441, 441, 441, 441, 441, 441, 441, 441, 441, 441, 441, 443, 444, 445, 447, 448, 450, 451, 452], 452, 2304)
(3.0702128635020084e+47, [441, 441, 441, 441, 441, 441, 441, 441, 441, 441, 441, 441, 441, 441, 441, 441, 441, 441, 441, 441, 441, 441, 441, 441, 441, 442, 444, 446, 447, 448, 449, 451, 452], 452, 2304)
(3.070213137461827e+47, [441, 441, 441, 441, 441, 441, 441, 441, 441, 441, 441, 441, 441, 441, 441, 441, 441, 441, 441, 441, 441, 441, 441, 441, 441, 442, 443, 444, 446, 447, 448, 449, 450, 452], 452, 2304)
end round with 11 suffixes


======== round 401 ========
todo suffixes: [[443, 444, 447, 450, 451, 453], [443, 447, 450, 451, 453], [446, 450, 451, 453], [445, 450, 451, 453], [449, 451, 453], [448, 451, 453], [447, 451, 453], [450, 453], [449, 453], [448, 453], [451]]
cur_suffix:  [443, 444, 447, 450, 451, 453]
bz: 438.
iter:  24
bz: 439.
iter:  24
bz: 440.
iter:  26
bz: 441.
iter:  26
bz: 442.
fisrt choice: (3.070415591758112e+47, 442, 28)
baseline:  (3.074359572610869e+47, [452, 452, 452, 452, 452, 452, 452, 452, 452, 452, 452, 452, 452, 452, 452, 452, 452, 452, 452], 452, 2304)
best 5 choices:
(3.0701983630190156e+47, [441, 441, 441, 441, 441, 441, 441, 441, 441, 441, 441, 441, 441, 441, 441, 441, 441, 441, 441, 441, 441, 441, 441, 441, 441, 444, 445, 446, 447, 448, 449, 450, 452], 452, 2304)
(3.070210362232407e+47, [441, 441, 441, 441, 441, 441, 441, 441, 441, 441, 441, 441, 441, 441, 441, 441, 441, 441, 441, 441, 441, 441, 441, 441, 441, 441, 442, 445, 446, 447, 448, 449, 450, 452], 452, 2304)
(3.070212112932435e+47, [441, 441, 441, 441, 441, 441, 441, 441, 441, 441, 441, 441, 441, 441, 441, 441, 441, 441, 441, 441, 441, 441, 441, 441, 443, 444, 445, 447, 448, 450, 451, 452], 452, 2304)
(3.0702128635020084e+47, [441, 441, 441, 441, 441, 441, 441, 441, 441, 441, 441, 441, 441, 441, 441, 441, 441, 441, 441, 441, 441, 441, 441, 441, 441, 442, 444, 446, 447, 448, 449, 451, 452], 452, 2304)
(3.070213137461827e+47, [441, 441, 441, 441, 441, 441, 441, 441, 441, 441, 441, 441, 441, 441, 441, 441, 441, 441, 441, 441, 441, 441, 441, 441, 441, 442, 443, 444, 446, 447, 448, 449, 450, 452], 452, 2304)
end round with 10 suffixes


======== round 402 ========
todo suffixes: [[443, 447, 450, 451, 453], [446, 450, 451, 453], [445, 450, 451, 453], [449, 451, 453], [448, 451, 453], [447, 451, 453], [450, 453], [449, 453], [448, 453], [451]]
cur_suffix:  [443, 447, 450, 451, 453]
bz: 438.
iter:  24
bz: 439.
iter:  24
bz: 440.
iter:  26
bz: 441.
iter:  26
bz: 442.
iter:  29
fisrt choice: (-1, -1, -1)
baseline:  (3.074359572610869e+47, [452, 452, 452, 452, 452, 452, 452, 452, 452, 452, 452, 452, 452, 452, 452, 452, 452, 452, 452], 452, 2304)
the strategy is infeasible, continue


======== round 403 ========
todo suffixes: [[446, 450, 451, 453], [445, 450, 451, 453], [449, 451, 453], [448, 451, 453], [447, 451, 453], [450, 453], [449, 453], [448, 453], [451]]
cur_suffix:  [446, 450, 451, 453]
bz: 441.
iter:  26
bz: 442.
iter:  29
bz: 443.
iter:  27
bz: 444.
fisrt choice: (3.070623200080717e+47, 444, 24)
baseline:  (3.074359572610869e+47, [452, 452, 452, 452, 452, 452, 452, 452, 452, 452, 452, 452, 452, 452, 452, 452, 452, 452, 452], 452, 2304)
best 5 choices:
(3.0701983630190156e+47, [441, 441, 441, 441, 441, 441, 441, 441, 441, 441, 441, 441, 441, 441, 441, 441, 441, 441, 441, 441, 441, 441, 441, 441, 441, 444, 445, 446, 447, 448, 449, 450, 452], 452, 2304)
(3.070210362232407e+47, [441, 441, 441, 441, 441, 441, 441, 441, 441, 441, 441, 441, 441, 441, 441, 441, 441, 441, 441, 441, 441, 441, 441, 441, 441, 441, 442, 445, 446, 447, 448, 449, 450, 452], 452, 2304)
(3.070212112932435e+47, [441, 441, 441, 441, 441, 441, 441, 441, 441, 441, 441, 441, 441, 441, 441, 441, 441, 441, 441, 441, 441, 441, 441, 441, 443, 444, 445, 447, 448, 450, 451, 452], 452, 2304)
(3.0702128635020084e+47, [441, 441, 441, 441, 441, 441, 441, 441, 441, 441, 441, 441, 441, 441, 441, 441, 441, 441, 441, 441, 441, 441, 441, 441, 441, 442, 444, 446, 447, 448, 449, 451, 452], 452, 2304)
(3.070213137461827e+47, [441, 441, 441, 441, 441, 441, 441, 441, 441, 441, 441, 441, 441, 441, 441, 441, 441, 441, 441, 441, 441, 441, 441, 441, 441, 442, 443, 444, 446, 447, 448, 449, 450, 452], 452, 2304)
end round with 10 suffixes


======== round 404 ========
todo suffixes: [[445, 446, 450, 451, 453], [444, 446, 450, 451, 453], [445, 450, 451, 453], [449, 451, 453], [448, 451, 453], [447, 451, 453], [450, 453], [449, 453], [448, 453], [451]]
cur_suffix:  [445, 446, 450, 451, 453]
bz: 440.
iter:  26
bz: 441.
iter:  26
bz: 442.
iter:  29
bz: 443.
fisrt choice: (3.070471329538627e+47, 443, 25)
baseline:  (3.074359572610869e+47, [452, 452, 452, 452, 452, 452, 452, 452, 452, 452, 452, 452, 452, 452, 452, 452, 452, 452, 452], 452, 2304)
best 5 choices:
(3.0701983630190156e+47, [441, 441, 441, 441, 441, 441, 441, 441, 441, 441, 441, 441, 441, 441, 441, 441, 441, 441, 441, 441, 441, 441, 441, 441, 441, 444, 445, 446, 447, 448, 449, 450, 452], 452, 2304)
(3.070210362232407e+47, [441, 441, 441, 441, 441, 441, 441, 441, 441, 441, 441, 441, 441, 441, 441, 441, 441, 441, 441, 441, 441, 441, 441, 441, 441, 441, 442, 445, 446, 447, 448, 449, 450, 452], 452, 2304)
(3.070212112932435e+47, [441, 441, 441, 441, 441, 441, 441, 441, 441, 441, 441, 441, 441, 441, 441, 441, 441, 441, 441, 441, 441, 441, 441, 441, 443, 444, 445, 447, 448, 450, 451, 452], 452, 2304)
(3.0702128635020084e+47, [441, 441, 441, 441, 441, 441, 441, 441, 441, 441, 441, 441, 441, 441, 441, 441, 441, 441, 441, 441, 441, 441, 441, 441, 441, 442, 444, 446, 447, 448, 449, 451, 452], 452, 2304)
(3.070213137461827e+47, [441, 441, 441, 441, 441, 441, 441, 441, 441, 441, 441, 441, 441, 441, 441, 441, 441, 441, 441, 441, 441, 441, 441, 441, 441, 442, 443, 444, 446, 447, 448, 449, 450, 452], 452, 2304)
end round with 11 suffixes


======== round 405 ========
todo suffixes: [[444, 445, 446, 450, 451, 453], [443, 445, 446, 450, 451, 453], [444, 446, 450, 451, 453], [445, 450, 451, 453], [449, 451, 453], [448, 451, 453], [447, 451, 453], [450, 453], [449, 453], [448, 453], [451]]
cur_suffix:  [444, 445, 446, 450, 451, 453]
bz: 439.
iter:  24
bz: 440.
iter:  26
bz: 441.
iter:  26
bz: 442.
fisrt choice: (3.07041979966153e+47, 442, 28)
baseline:  (3.074359572610869e+47, [452, 452, 452, 452, 452, 452, 452, 452, 452, 452, 452, 452, 452, 452, 452, 452, 452, 452, 452], 452, 2304)
best 5 choices:
(3.0701983630190156e+47, [441, 441, 441, 441, 441, 441, 441, 441, 441, 441, 441, 441, 441, 441, 441, 441, 441, 441, 441, 441, 441, 441, 441, 441, 441, 444, 445, 446, 447, 448, 449, 450, 452], 452, 2304)
(3.070210362232407e+47, [441, 441, 441, 441, 441, 441, 441, 441, 441, 441, 441, 441, 441, 441, 441, 441, 441, 441, 441, 441, 441, 441, 441, 441, 441, 441, 442, 445, 446, 447, 448, 449, 450, 452], 452, 2304)
(3.070212112932435e+47, [441, 441, 441, 441, 441, 441, 441, 441, 441, 441, 441, 441, 441, 441, 441, 441, 441, 441, 441, 441, 441, 441, 441, 441, 443, 444, 445, 447, 448, 450, 451, 452], 452, 2304)
(3.0702128635020084e+47, [441, 441, 441, 441, 441, 441, 441, 441, 441, 441, 441, 441, 441, 441, 441, 441, 441, 441, 441, 441, 441, 441, 441, 441, 441, 442, 444, 446, 447, 448, 449, 451, 452], 452, 2304)
(3.070213137461827e+47, [441, 441, 441, 441, 441, 441, 441, 441, 441, 441, 441, 441, 441, 441, 441, 441, 441, 441, 441, 441, 441, 441, 441, 441, 441, 442, 443, 444, 446, 447, 448, 449, 450, 452], 452, 2304)
end round with 10 suffixes


======== round 406 ========
todo suffixes: [[443, 445, 446, 450, 451, 453], [444, 446, 450, 451, 453], [445, 450, 451, 453], [449, 451, 453], [448, 451, 453], [447, 451, 453], [450, 453], [449, 453], [448, 453], [451]]
cur_suffix:  [443, 445, 446, 450, 451, 453]
bz: 438.
iter:  24
bz: 439.
iter:  24
bz: 440.
iter:  26
bz: 441.
iter:  26
bz: 442.
fisrt choice: (3.070448821547258e+47, 442, 29)
baseline:  (3.074359572610869e+47, [452, 452, 452, 452, 452, 452, 452, 452, 452, 452, 452, 452, 452, 452, 452, 452, 452, 452, 452], 452, 2304)
best 5 choices:
(3.0701983630190156e+47, [441, 441, 441, 441, 441, 441, 441, 441, 441, 441, 441, 441, 441, 441, 441, 441, 441, 441, 441, 441, 441, 441, 441, 441, 441, 444, 445, 446, 447, 448, 449, 450, 452], 452, 2304)
(3.070210362232407e+47, [441, 441, 441, 441, 441, 441, 441, 441, 441, 441, 441, 441, 441, 441, 441, 441, 441, 441, 441, 441, 441, 441, 441, 441, 441, 441, 442, 445, 446, 447, 448, 449, 450, 452], 452, 2304)
(3.070212112932435e+47, [441, 441, 441, 441, 441, 441, 441, 441, 441, 441, 441, 441, 441, 441, 441, 441, 441, 441, 441, 441, 441, 441, 441, 441, 443, 444, 445, 447, 448, 450, 451, 452], 452, 2304)
(3.0702128635020084e+47, [441, 441, 441, 441, 441, 441, 441, 441, 441, 441, 441, 441, 441, 441, 441, 441, 441, 441, 441, 441, 441, 441, 441, 441, 441, 442, 444, 446, 447, 448, 449, 451, 452], 452, 2304)
(3.070213137461827e+47, [441, 441, 441, 441, 441, 441, 441, 441, 441, 441, 441, 441, 441, 441, 441, 441, 441, 441, 441, 441, 441, 441, 441, 441, 441, 442, 443, 444, 446, 447, 448, 449, 450, 452], 452, 2304)
end round with 9 suffixes


======== round 407 ========
todo suffixes: [[444, 446, 450, 451, 453], [445, 450, 451, 453], [449, 451, 453], [448, 451, 453], [447, 451, 453], [450, 453], [449, 453], [448, 453], [451]]
cur_suffix:  [444, 446, 450, 451, 453]
bz: 439.
iter:  24
bz: 440.
iter:  26
bz: 441.
iter:  26
bz: 442.
iter:  29
bz: 443.
fisrt choice: (3.070507067324753e+47, 443, 26)
baseline:  (3.074359572610869e+47, [452, 452, 452, 452, 452, 452, 452, 452, 452, 452, 452, 452, 452, 452, 452, 452, 452, 452, 452], 452, 2304)
best 5 choices:
(3.0701983630190156e+47, [441, 441, 441, 441, 441, 441, 441, 441, 441, 441, 441, 441, 441, 441, 441, 441, 441, 441, 441, 441, 441, 441, 441, 441, 441, 444, 445, 446, 447, 448, 449, 450, 452], 452, 2304)
(3.070210362232407e+47, [441, 441, 441, 441, 441, 441, 441, 441, 441, 441, 441, 441, 441, 441, 441, 441, 441, 441, 441, 441, 441, 441, 441, 441, 441, 441, 442, 445, 446, 447, 448, 449, 450, 452], 452, 2304)
(3.070212112932435e+47, [441, 441, 441, 441, 441, 441, 441, 441, 441, 441, 441, 441, 441, 441, 441, 441, 441, 441, 441, 441, 441, 441, 441, 441, 443, 444, 445, 447, 448, 450, 451, 452], 452, 2304)
(3.0702128635020084e+47, [441, 441, 441, 441, 441, 441, 441, 441, 441, 441, 441, 441, 441, 441, 441, 441, 441, 441, 441, 441, 441, 441, 441, 441, 441, 442, 444, 446, 447, 448, 449, 451, 452], 452, 2304)
(3.070213137461827e+47, [441, 441, 441, 441, 441, 441, 441, 441, 441, 441, 441, 441, 441, 441, 441, 441, 441, 441, 441, 441, 441, 441, 441, 441, 441, 442, 443, 444, 446, 447, 448, 449, 450, 452], 452, 2304)
end round with 9 suffixes


======== round 408 ========
todo suffixes: [[443, 444, 446, 450, 451, 453], [445, 450, 451, 453], [449, 451, 453], [448, 451, 453], [447, 451, 453], [450, 453], [449, 453], [448, 453], [451]]
cur_suffix:  [443, 444, 446, 450, 451, 453]
bz: 438.
iter:  24
bz: 439.
iter:  24
bz: 440.
iter:  26
bz: 441.
iter:  26
bz: 442.
iter:  29
fisrt choice: (-1, -1, -1)
baseline:  (3.074359572610869e+47, [452, 452, 452, 452, 452, 452, 452, 452, 452, 452, 452, 452, 452, 452, 452, 452, 452, 452, 452], 452, 2304)
the strategy is infeasible, continue


======== round 409 ========
todo suffixes: [[445, 450, 451, 453], [449, 451, 453], [448, 451, 453], [447, 451, 453], [450, 453], [449, 453], [448, 453], [451]]
cur_suffix:  [445, 450, 451, 453]
bz: 440.
iter:  26
bz: 441.
iter:  26
bz: 442.
iter:  29
bz: 443.
iter:  27
bz: 444.
fisrt choice: (3.0706672083063465e+47, 444, 25)
baseline:  (3.074359572610869e+47, [452, 452, 452, 452, 452, 452, 452, 452, 452, 452, 452, 452, 452, 452, 452, 452, 452, 452, 452], 452, 2304)
best 5 choices:
(3.0701983630190156e+47, [441, 441, 441, 441, 441, 441, 441, 441, 441, 441, 441, 441, 441, 441, 441, 441, 441, 441, 441, 441, 441, 441, 441, 441, 441, 444, 445, 446, 447, 448, 449, 450, 452], 452, 2304)
(3.070210362232407e+47, [441, 441, 441, 441, 441, 441, 441, 441, 441, 441, 441, 441, 441, 441, 441, 441, 441, 441, 441, 441, 441, 441, 441, 441, 441, 441, 442, 445, 446, 447, 448, 449, 450, 452], 452, 2304)
(3.070212112932435e+47, [441, 441, 441, 441, 441, 441, 441, 441, 441, 441, 441, 441, 441, 441, 441, 441, 441, 441, 441, 441, 441, 441, 441, 441, 443, 444, 445, 447, 448, 450, 451, 452], 452, 2304)
(3.0702128635020084e+47, [441, 441, 441, 441, 441, 441, 441, 441, 441, 441, 441, 441, 441, 441, 441, 441, 441, 441, 441, 441, 441, 441, 441, 441, 441, 442, 444, 446, 447, 448, 449, 451, 452], 452, 2304)
(3.070213137461827e+47, [441, 441, 441, 441, 441, 441, 441, 441, 441, 441, 441, 441, 441, 441, 441, 441, 441, 441, 441, 441, 441, 441, 441, 441, 441, 442, 443, 444, 446, 447, 448, 449, 450, 452], 452, 2304)
end round with 8 suffixes


======== round 410 ========
todo suffixes: [[444, 445, 450, 451, 453], [449, 451, 453], [448, 451, 453], [447, 451, 453], [450, 453], [449, 453], [448, 453], [451]]
cur_suffix:  [444, 445, 450, 451, 453]
bz: 439.
iter:  24
bz: 440.
iter:  26
bz: 441.
iter:  26
bz: 442.
iter:  29
bz: 443.
fisrt choice: (3.0705395064876394e+47, 443, 27)
baseline:  (3.074359572610869e+47, [452, 452, 452, 452, 452, 452, 452, 452, 452, 452, 452, 452, 452, 452, 452, 452, 452, 452, 452], 452, 2304)
best 5 choices:
(3.0701983630190156e+47, [441, 441, 441, 441, 441, 441, 441, 441, 441, 441, 441, 441, 441, 441, 441, 441, 441, 441, 441, 441, 441, 441, 441, 441, 441, 444, 445, 446, 447, 448, 449, 450, 452], 452, 2304)
(3.070210362232407e+47, [441, 441, 441, 441, 441, 441, 441, 441, 441, 441, 441, 441, 441, 441, 441, 441, 441, 441, 441, 441, 441, 441, 441, 441, 441, 441, 442, 445, 446, 447, 448, 449, 450, 452], 452, 2304)
(3.070212112932435e+47, [441, 441, 441, 441, 441, 441, 441, 441, 441, 441, 441, 441, 441, 441, 441, 441, 441, 441, 441, 441, 441, 441, 441, 441, 443, 444, 445, 447, 448, 450, 451, 452], 452, 2304)
(3.0702128635020084e+47, [441, 441, 441, 441, 441, 441, 441, 441, 441, 441, 441, 441, 441, 441, 441, 441, 441, 441, 441, 441, 441, 441, 441, 441, 441, 442, 444, 446, 447, 448, 449, 451, 452], 452, 2304)
(3.070213137461827e+47, [441, 441, 441, 441, 441, 441, 441, 441, 441, 441, 441, 441, 441, 441, 441, 441, 441, 441, 441, 441, 441, 441, 441, 441, 441, 442, 443, 444, 446, 447, 448, 449, 450, 452], 452, 2304)
end round with 8 suffixes


======== round 411 ========
todo suffixes: [[443, 444, 445, 450, 451, 453], [449, 451, 453], [448, 451, 453], [447, 451, 453], [450, 453], [449, 453], [448, 453], [451]]
cur_suffix:  [443, 444, 445, 450, 451, 453]
bz: 438.
iter:  24
bz: 439.
iter:  24
bz: 440.
iter:  26
bz: 441.
iter:  26
bz: 442.
iter:  29
fisrt choice: (-1, -1, -1)
baseline:  (3.074359572610869e+47, [452, 452, 452, 452, 452, 452, 452, 452, 452, 452, 452, 452, 452, 452, 452, 452, 452, 452, 452], 452, 2304)
the strategy is infeasible, continue


======== round 412 ========
todo suffixes: [[449, 451, 453], [448, 451, 453], [447, 451, 453], [450, 453], [449, 453], [448, 453], [451]]
cur_suffix:  [449, 451, 453]
bz: 444.
iter:  26
bz: 445.
fisrt choice: (3.070831427137143e+47, 445, 24)
baseline:  (3.074359572610869e+47, [452, 452, 452, 452, 452, 452, 452, 452, 452, 452, 452, 452, 452, 452, 452, 452, 452, 452, 452], 452, 2304)
best 5 choices:
(3.0701983630190156e+47, [441, 441, 441, 441, 441, 441, 441, 441, 441, 441, 441, 441, 441, 441, 441, 441, 441, 441, 441, 441, 441, 441, 441, 441, 441, 444, 445, 446, 447, 448, 449, 450, 452], 452, 2304)
(3.070210362232407e+47, [441, 441, 441, 441, 441, 441, 441, 441, 441, 441, 441, 441, 441, 441, 441, 441, 441, 441, 441, 441, 441, 441, 441, 441, 441, 441, 442, 445, 446, 447, 448, 449, 450, 452], 452, 2304)
(3.070212112932435e+47, [441, 441, 441, 441, 441, 441, 441, 441, 441, 441, 441, 441, 441, 441, 441, 441, 441, 441, 441, 441, 441, 441, 441, 441, 443, 444, 445, 447, 448, 450, 451, 452], 452, 2304)
(3.0702128635020084e+47, [441, 441, 441, 441, 441, 441, 441, 441, 441, 441, 441, 441, 441, 441, 441, 441, 441, 441, 441, 441, 441, 441, 441, 441, 441, 442, 444, 446, 447, 448, 449, 451, 452], 452, 2304)
(3.070213137461827e+47, [441, 441, 441, 441, 441, 441, 441, 441, 441, 441, 441, 441, 441, 441, 441, 441, 441, 441, 441, 441, 441, 441, 441, 441, 441, 442, 443, 444, 446, 447, 448, 449, 450, 452], 452, 2304)
end round with 10 suffixes


======== round 413 ========
todo suffixes: [[448, 449, 451, 453], [447, 449, 451, 453], [446, 449, 451, 453], [445, 449, 451, 453], [448, 451, 453], [447, 451, 453], [450, 453], [449, 453], [448, 453], [451]]
cur_suffix:  [448, 449, 451, 453]
bz: 443.
fisrt choice: (3.070503355099961e+47, 443, 27)
baseline:  (3.074359572610869e+47, [452, 452, 452, 452, 452, 452, 452, 452, 452, 452, 452, 452, 452, 452, 452, 452, 452, 452, 452], 452, 2304)
best 5 choices:
(3.0701983630190156e+47, [441, 441, 441, 441, 441, 441, 441, 441, 441, 441, 441, 441, 441, 441, 441, 441, 441, 441, 441, 441, 441, 441, 441, 441, 441, 444, 445, 446, 447, 448, 449, 450, 452], 452, 2304)
(3.070210362232407e+47, [441, 441, 441, 441, 441, 441, 441, 441, 441, 441, 441, 441, 441, 441, 441, 441, 441, 441, 441, 441, 441, 441, 441, 441, 441, 441, 442, 445, 446, 447, 448, 449, 450, 452], 452, 2304)
(3.070212112932435e+47, [441, 441, 441, 441, 441, 441, 441, 441, 441, 441, 441, 441, 441, 441, 441, 441, 441, 441, 441, 441, 441, 441, 441, 441, 443, 444, 445, 447, 448, 450, 451, 452], 452, 2304)
(3.0702128635020084e+47, [441, 441, 441, 441, 441, 441, 441, 441, 441, 441, 441, 441, 441, 441, 441, 441, 441, 441, 441, 441, 441, 441, 441, 441, 441, 442, 444, 446, 447, 448, 449, 451, 452], 452, 2304)
(3.070213137461827e+47, [441, 441, 441, 441, 441, 441, 441, 441, 441, 441, 441, 441, 441, 441, 441, 441, 441, 441, 441, 441, 441, 441, 441, 441, 441, 442, 443, 444, 446, 447, 448, 449, 450, 452], 452, 2304)
end round with 13 suffixes


======== round 414 ========
todo suffixes: [[446, 448, 449, 451, 453], [445, 448, 449, 451, 453], [444, 448, 449, 451, 453], [443, 448, 449, 451, 453], [447, 449, 451, 453], [446, 449, 451, 453], [445, 449, 451, 453], [448, 451, 453], [447, 451, 453], [450, 453], [449, 453], [448, 453], [451]]
cur_suffix:  [446, 448, 449, 451, 453]
bz: 441.
iter:  26
bz: 442.
fisrt choice: (3.0703836482738517e+47, 442, 28)
baseline:  (3.074359572610869e+47, [452, 452, 452, 452, 452, 452, 452, 452, 452, 452, 452, 452, 452, 452, 452, 452, 452, 452, 452], 452, 2304)
best 5 choices:
(3.0701983630190156e+47, [441, 441, 441, 441, 441, 441, 441, 441, 441, 441, 441, 441, 441, 441, 441, 441, 441, 441, 441, 441, 441, 441, 441, 441, 441, 444, 445, 446, 447, 448, 449, 450, 452], 452, 2304)
(3.070210362232407e+47, [441, 441, 441, 441, 441, 441, 441, 441, 441, 441, 441, 441, 441, 441, 441, 441, 441, 441, 441, 441, 441, 441, 441, 441, 441, 441, 442, 445, 446, 447, 448, 449, 450, 452], 452, 2304)
(3.070212112932435e+47, [441, 441, 441, 441, 441, 441, 441, 441, 441, 441, 441, 441, 441, 441, 441, 441, 441, 441, 441, 441, 441, 441, 441, 441, 443, 444, 445, 447, 448, 450, 451, 452], 452, 2304)
(3.0702128635020084e+47, [441, 441, 441, 441, 441, 441, 441, 441, 441, 441, 441, 441, 441, 441, 441, 441, 441, 441, 441, 441, 441, 441, 441, 441, 441, 442, 444, 446, 447, 448, 449, 451, 452], 452, 2304)
(3.070213137461827e+47, [441, 441, 441, 441, 441, 441, 441, 441, 441, 441, 441, 441, 441, 441, 441, 441, 441, 441, 441, 441, 441, 441, 441, 441, 441, 442, 443, 444, 446, 447, 448, 449, 450, 452], 452, 2304)
end round with 12 suffixes


======== round 415 ========
todo suffixes: [[445, 448, 449, 451, 453], [444, 448, 449, 451, 453], [443, 448, 449, 451, 453], [447, 449, 451, 453], [446, 449, 451, 453], [445, 449, 451, 453], [448, 451, 453], [447, 451, 453], [450, 453], [449, 453], [448, 453], [451]]
cur_suffix:  [445, 448, 449, 451, 453]
bz: 440.
iter:  26
bz: 441.
iter:  26
bz: 442.
fisrt choice: (3.070406693156166e+47, 442, 29)
baseline:  (3.074359572610869e+47, [452, 452, 452, 452, 452, 452, 452, 452, 452, 452, 452, 452, 452, 452, 452, 452, 452, 452, 452], 452, 2304)
best 5 choices:
(3.0701983630190156e+47, [441, 441, 441, 441, 441, 441, 441, 441, 441, 441, 441, 441, 441, 441, 441, 441, 441, 441, 441, 441, 441, 441, 441, 441, 441, 444, 445, 446, 447, 448, 449, 450, 452], 452, 2304)
(3.070210362232407e+47, [441, 441, 441, 441, 441, 441, 441, 441, 441, 441, 441, 441, 441, 441, 441, 441, 441, 441, 441, 441, 441, 441, 441, 441, 441, 441, 442, 445, 446, 447, 448, 449, 450, 452], 452, 2304)
(3.070212112932435e+47, [441, 441, 441, 441, 441, 441, 441, 441, 441, 441, 441, 441, 441, 441, 441, 441, 441, 441, 441, 441, 441, 441, 441, 441, 443, 444, 445, 447, 448, 450, 451, 452], 452, 2304)
(3.0702128635020084e+47, [441, 441, 441, 441, 441, 441, 441, 441, 441, 441, 441, 441, 441, 441, 441, 441, 441, 441, 441, 441, 441, 441, 441, 441, 441, 442, 444, 446, 447, 448, 449, 451, 452], 452, 2304)
(3.070213137461827e+47, [441, 441, 441, 441, 441, 441, 441, 441, 441, 441, 441, 441, 441, 441, 441, 441, 441, 441, 441, 441, 441, 441, 441, 441, 441, 442, 443, 444, 446, 447, 448, 449, 450, 452], 452, 2304)
end round with 11 suffixes


======== round 416 ========
todo suffixes: [[444, 448, 449, 451, 453], [443, 448, 449, 451, 453], [447, 449, 451, 453], [446, 449, 451, 453], [445, 449, 451, 453], [448, 451, 453], [447, 451, 453], [450, 453], [449, 453], [448, 453], [451]]
cur_suffix:  [444, 448, 449, 451, 453]
bz: 439.
iter:  24
bz: 440.
iter:  26
bz: 441.
iter:  26
bz: 442.
iter:  29
bz: 443.
fisrt choice: (3.070464938933661e+47, 443, 25)
baseline:  (3.074359572610869e+47, [452, 452, 452, 452, 452, 452, 452, 452, 452, 452, 452, 452, 452, 452, 452, 452, 452, 452, 452], 452, 2304)
best 5 choices:
(3.0701983630190156e+47, [441, 441, 441, 441, 441, 441, 441, 441, 441, 441, 441, 441, 441, 441, 441, 441, 441, 441, 441, 441, 441, 441, 441, 441, 441, 444, 445, 446, 447, 448, 449, 450, 452], 452, 2304)
(3.070210362232407e+47, [441, 441, 441, 441, 441, 441, 441, 441, 441, 441, 441, 441, 441, 441, 441, 441, 441, 441, 441, 441, 441, 441, 441, 441, 441, 441, 442, 445, 446, 447, 448, 449, 450, 452], 452, 2304)
(3.070212112932435e+47, [441, 441, 441, 441, 441, 441, 441, 441, 441, 441, 441, 441, 441, 441, 441, 441, 441, 441, 441, 441, 441, 441, 441, 441, 443, 444, 445, 447, 448, 450, 451, 452], 452, 2304)
(3.0702128635020084e+47, [441, 441, 441, 441, 441, 441, 441, 441, 441, 441, 441, 441, 441, 441, 441, 441, 441, 441, 441, 441, 441, 441, 441, 441, 441, 442, 444, 446, 447, 448, 449, 451, 452], 452, 2304)
(3.070213137461827e+47, [441, 441, 441, 441, 441, 441, 441, 441, 441, 441, 441, 441, 441, 441, 441, 441, 441, 441, 441, 441, 441, 441, 441, 441, 441, 442, 443, 444, 446, 447, 448, 449, 450, 452], 452, 2304)
end round with 11 suffixes


======== round 417 ========
todo suffixes: [[443, 444, 448, 449, 451, 453], [443, 448, 449, 451, 453], [447, 449, 451, 453], [446, 449, 451, 453], [445, 449, 451, 453], [448, 451, 453], [447, 451, 453], [450, 453], [449, 453], [448, 453], [451]]
cur_suffix:  [443, 444, 448, 449, 451, 453]
bz: 438.
iter:  24
bz: 439.
iter:  24
bz: 440.
iter:  26
bz: 441.
iter:  26
bz: 442.
fisrt choice: (3.0704424309422924e+47, 442, 29)
baseline:  (3.074359572610869e+47, [452, 452, 452, 452, 452, 452, 452, 452, 452, 452, 452, 452, 452, 452, 452, 452, 452, 452, 452], 452, 2304)
best 5 choices:
(3.0701983630190156e+47, [441, 441, 441, 441, 441, 441, 441, 441, 441, 441, 441, 441, 441, 441, 441, 441, 441, 441, 441, 441, 441, 441, 441, 441, 441, 444, 445, 446, 447, 448, 449, 450, 452], 452, 2304)
(3.070210362232407e+47, [441, 441, 441, 441, 441, 441, 441, 441, 441, 441, 441, 441, 441, 441, 441, 441, 441, 441, 441, 441, 441, 441, 441, 441, 441, 441, 442, 445, 446, 447, 448, 449, 450, 452], 452, 2304)
(3.070212112932435e+47, [441, 441, 441, 441, 441, 441, 441, 441, 441, 441, 441, 441, 441, 441, 441, 441, 441, 441, 441, 441, 441, 441, 441, 441, 443, 444, 445, 447, 448, 450, 451, 452], 452, 2304)
(3.0702128635020084e+47, [441, 441, 441, 441, 441, 441, 441, 441, 441, 441, 441, 441, 441, 441, 441, 441, 441, 441, 441, 441, 441, 441, 441, 441, 441, 442, 444, 446, 447, 448, 449, 451, 452], 452, 2304)
(3.070213137461827e+47, [441, 441, 441, 441, 441, 441, 441, 441, 441, 441, 441, 441, 441, 441, 441, 441, 441, 441, 441, 441, 441, 441, 441, 441, 441, 442, 443, 444, 446, 447, 448, 449, 450, 452], 452, 2304)
end round with 10 suffixes


======== round 418 ========
todo suffixes: [[443, 448, 449, 451, 453], [447, 449, 451, 453], [446, 449, 451, 453], [445, 449, 451, 453], [448, 451, 453], [447, 451, 453], [450, 453], [449, 453], [448, 453], [451]]
cur_suffix:  [443, 448, 449, 451, 453]
bz: 438.
iter:  24
bz: 439.
iter:  24
bz: 440.
iter:  26
bz: 441.
iter:  26
bz: 442.
iter:  29
fisrt choice: (-1, -1, -1)
baseline:  (3.074359572610869e+47, [452, 452, 452, 452, 452, 452, 452, 452, 452, 452, 452, 452, 452, 452, 452, 452, 452, 452, 452], 452, 2304)
the strategy is infeasible, continue


======== round 419 ========
todo suffixes: [[447, 449, 451, 453], [446, 449, 451, 453], [445, 449, 451, 453], [448, 451, 453], [447, 451, 453], [450, 453], [449, 453], [448, 453], [451]]
cur_suffix:  [447, 449, 451, 453]
bz: 442.
iter:  29
bz: 443.
iter:  27
bz: 444.
fisrt choice: (3.0706044449102406e+47, 444, 24)
baseline:  (3.074359572610869e+47, [452, 452, 452, 452, 452, 452, 452, 452, 452, 452, 452, 452, 452, 452, 452, 452, 452, 452, 452], 452, 2304)
best 5 choices:
(3.0701983630190156e+47, [441, 441, 441, 441, 441, 441, 441, 441, 441, 441, 441, 441, 441, 441, 441, 441, 441, 441, 441, 441, 441, 441, 441, 441, 441, 444, 445, 446, 447, 448, 449, 450, 452], 452, 2304)
(3.070210362232407e+47, [441, 441, 441, 441, 441, 441, 441, 441, 441, 441, 441, 441, 441, 441, 441, 441, 441, 441, 441, 441, 441, 441, 441, 441, 441, 441, 442, 445, 446, 447, 448, 449, 450, 452], 452, 2304)
(3.070212112932435e+47, [441, 441, 441, 441, 441, 441, 441, 441, 441, 441, 441, 441, 441, 441, 441, 441, 441, 441, 441, 441, 441, 441, 441, 441, 443, 444, 445, 447, 448, 450, 451, 452], 452, 2304)
(3.0702128635020084e+47, [441, 441, 441, 441, 441, 441, 441, 441, 441, 441, 441, 441, 441, 441, 441, 441, 441, 441, 441, 441, 441, 441, 441, 441, 441, 442, 444, 446, 447, 448, 449, 451, 452], 452, 2304)
(3.070213137461827e+47, [441, 441, 441, 441, 441, 441, 441, 441, 441, 441, 441, 441, 441, 441, 441, 441, 441, 441, 441, 441, 441, 441, 441, 441, 441, 442, 443, 444, 446, 447, 448, 449, 450, 452], 452, 2304)
end round with 11 suffixes


======== round 420 ========
todo suffixes: [[446, 447, 449, 451, 453], [445, 447, 449, 451, 453], [444, 447, 449, 451, 453], [446, 449, 451, 453], [445, 449, 451, 453], [448, 451, 453], [447, 451, 453], [450, 453], [449, 453], [448, 453], [451]]
cur_suffix:  [446, 447, 449, 451, 453]
bz: 441.
iter:  26
bz: 442.
iter:  29
bz: 443.
fisrt choice: (3.0704701204343073e+47, 443, 25)
baseline:  (3.074359572610869e+47, [452, 452, 452, 452, 452, 452, 452, 452, 452, 452, 452, 452, 452, 452, 452, 452, 452, 452, 452], 452, 2304)
best 5 choices:
(3.0701983630190156e+47, [441, 441, 441, 441, 441, 441, 441, 441, 441, 441, 441, 441, 441, 441, 441, 441, 441, 441, 441, 441, 441, 441, 441, 441, 441, 444, 445, 446, 447, 448, 449, 450, 452], 452, 2304)
(3.070210362232407e+47, [441, 441, 441, 441, 441, 441, 441, 441, 441, 441, 441, 441, 441, 441, 441, 441, 441, 441, 441, 441, 441, 441, 441, 441, 441, 441, 442, 445, 446, 447, 448, 449, 450, 452], 452, 2304)
(3.070212112932435e+47, [441, 441, 441, 441, 441, 441, 441, 441, 441, 441, 441, 441, 441, 441, 441, 441, 441, 441, 441, 441, 441, 441, 441, 441, 443, 444, 445, 447, 448, 450, 451, 452], 452, 2304)
(3.0702128635020084e+47, [441, 441, 441, 441, 441, 441, 441, 441, 441, 441, 441, 441, 441, 441, 441, 441, 441, 441, 441, 441, 441, 441, 441, 441, 441, 442, 444, 446, 447, 448, 449, 451, 452], 452, 2304)
(3.070213137461827e+47, [441, 441, 441, 441, 441, 441, 441, 441, 441, 441, 441, 441, 441, 441, 441, 441, 441, 441, 441, 441, 441, 441, 441, 441, 441, 442, 443, 444, 446, 447, 448, 449, 450, 452], 452, 2304)
end round with 13 suffixes


======== round 421 ========
todo suffixes: [[445, 446, 447, 449, 451, 453], [444, 446, 447, 449, 451, 453], [443, 446, 447, 449, 451, 453], [445, 447, 449, 451, 453], [444, 447, 449, 451, 453], [446, 449, 451, 453], [445, 449, 451, 453], [448, 451, 453], [447, 451, 453], [450, 453], [449, 453], [448, 453], [451]]
cur_suffix:  [445, 446, 447, 449, 451, 453]
bz: 440.
iter:  26
bz: 441.
iter:  26
bz: 442.
fisrt choice: (3.0703516561031847e+47, 442, 26)
baseline:  (3.074359572610869e+47, [452, 452, 452, 452, 452, 452, 452, 452, 452, 452, 452, 452, 452, 452, 452, 452, 452, 452, 452], 452, 2304)
best 5 choices:
(3.0701983630190156e+47, [441, 441, 441, 441, 441, 441, 441, 441, 441, 441, 441, 441, 441, 441, 441, 441, 441, 441, 441, 441, 441, 441, 441, 441, 441, 444, 445, 446, 447, 448, 449, 450, 452], 452, 2304)
(3.070210362232407e+47, [441, 441, 441, 441, 441, 441, 441, 441, 441, 441, 441, 441, 441, 441, 441, 441, 441, 441, 441, 441, 441, 441, 441, 441, 441, 441, 442, 445, 446, 447, 448, 449, 450, 452], 452, 2304)
(3.070212112932435e+47, [441, 441, 441, 441, 441, 441, 441, 441, 441, 441, 441, 441, 441, 441, 441, 441, 441, 441, 441, 441, 441, 441, 441, 441, 443, 444, 445, 447, 448, 450, 451, 452], 452, 2304)
(3.0702128635020084e+47, [441, 441, 441, 441, 441, 441, 441, 441, 441, 441, 441, 441, 441, 441, 441, 441, 441, 441, 441, 441, 441, 441, 441, 441, 441, 442, 444, 446, 447, 448, 449, 451, 452], 452, 2304)
(3.070213137461827e+47, [441, 441, 441, 441, 441, 441, 441, 441, 441, 441, 441, 441, 441, 441, 441, 441, 441, 441, 441, 441, 441, 441, 441, 441, 441, 442, 443, 444, 446, 447, 448, 449, 450, 452], 452, 2304)
end round with 12 suffixes


======== round 422 ========
todo suffixes: [[444, 446, 447, 449, 451, 453], [443, 446, 447, 449, 451, 453], [445, 447, 449, 451, 453], [444, 447, 449, 451, 453], [446, 449, 451, 453], [445, 449, 451, 453], [448, 451, 453], [447, 451, 453], [450, 453], [449, 453], [448, 453], [451]]
cur_suffix:  [444, 446, 447, 449, 451, 453]
bz: 439.
iter:  24
bz: 440.
iter:  26
bz: 441.
iter:  26
bz: 442.
fisrt choice: (3.0703779996087392e+47, 442, 27)
baseline:  (3.074359572610869e+47, [452, 452, 452, 452, 452, 452, 452, 452, 452, 452, 452, 452, 452, 452, 452, 452, 452, 452, 452], 452, 2304)
best 5 choices:
(3.0701983630190156e+47, [441, 441, 441, 441, 441, 441, 441, 441, 441, 441, 441, 441, 441, 441, 441, 441, 441, 441, 441, 441, 441, 441, 441, 441, 441, 444, 445, 446, 447, 448, 449, 450, 452], 452, 2304)
(3.070210362232407e+47, [441, 441, 441, 441, 441, 441, 441, 441, 441, 441, 441, 441, 441, 441, 441, 441, 441, 441, 441, 441, 441, 441, 441, 441, 441, 441, 442, 445, 446, 447, 448, 449, 450, 452], 452, 2304)
(3.070212112932435e+47, [441, 441, 441, 441, 441, 441, 441, 441, 441, 441, 441, 441, 441, 441, 441, 441, 441, 441, 441, 441, 441, 441, 441, 441, 443, 444, 445, 447, 448, 450, 451, 452], 452, 2304)
(3.0702128635020084e+47, [441, 441, 441, 441, 441, 441, 441, 441, 441, 441, 441, 441, 441, 441, 441, 441, 441, 441, 441, 441, 441, 441, 441, 441, 441, 442, 444, 446, 447, 448, 449, 451, 452], 452, 2304)
(3.070213137461827e+47, [441, 441, 441, 441, 441, 441, 441, 441, 441, 441, 441, 441, 441, 441, 441, 441, 441, 441, 441, 441, 441, 441, 441, 441, 441, 442, 443, 444, 446, 447, 448, 449, 450, 452], 452, 2304)
end round with 11 suffixes


======== round 423 ========
todo suffixes: [[443, 446, 447, 449, 451, 453], [445, 447, 449, 451, 453], [444, 447, 449, 451, 453], [446, 449, 451, 453], [445, 449, 451, 453], [448, 451, 453], [447, 451, 453], [450, 453], [449, 453], [448, 453], [451]]
cur_suffix:  [443, 446, 447, 449, 451, 453]
bz: 438.
iter:  24
bz: 439.
iter:  24
bz: 440.
iter:  26
bz: 441.
iter:  26
bz: 442.
fisrt choice: (3.0704070214944673e+47, 442, 28)
baseline:  (3.074359572610869e+47, [452, 452, 452, 452, 452, 452, 452, 452, 452, 452, 452, 452, 452, 452, 452, 452, 452, 452, 452], 452, 2304)
best 5 choices:
(3.0701983630190156e+47, [441, 441, 441, 441, 441, 441, 441, 441, 441, 441, 441, 441, 441, 441, 441, 441, 441, 441, 441, 441, 441, 441, 441, 441, 441, 444, 445, 446, 447, 448, 449, 450, 452], 452, 2304)
(3.070210362232407e+47, [441, 441, 441, 441, 441, 441, 441, 441, 441, 441, 441, 441, 441, 441, 441, 441, 441, 441, 441, 441, 441, 441, 441, 441, 441, 441, 442, 445, 446, 447, 448, 449, 450, 452], 452, 2304)
(3.070212112932435e+47, [441, 441, 441, 441, 441, 441, 441, 441, 441, 441, 441, 441, 441, 441, 441, 441, 441, 441, 441, 441, 441, 441, 441, 441, 443, 444, 445, 447, 448, 450, 451, 452], 452, 2304)
(3.0702128635020084e+47, [441, 441, 441, 441, 441, 441, 441, 441, 441, 441, 441, 441, 441, 441, 441, 441, 441, 441, 441, 441, 441, 441, 441, 441, 441, 442, 444, 446, 447, 448, 449, 451, 452], 452, 2304)
(3.070213137461827e+47, [441, 441, 441, 441, 441, 441, 441, 441, 441, 441, 441, 441, 441, 441, 441, 441, 441, 441, 441, 441, 441, 441, 441, 441, 441, 442, 443, 444, 446, 447, 448, 449, 450, 452], 452, 2304)
end round with 10 suffixes


======== round 424 ========
todo suffixes: [[445, 447, 449, 451, 453], [444, 447, 449, 451, 453], [446, 449, 451, 453], [445, 449, 451, 453], [448, 451, 453], [447, 451, 453], [450, 453], [449, 453], [448, 453], [451]]
cur_suffix:  [445, 447, 449, 451, 453]
bz: 440.
iter:  26
bz: 441.
iter:  26
bz: 442.
iter:  29
bz: 443.
fisrt choice: (3.0705025595971935e+47, 443, 26)
baseline:  (3.074359572610869e+47, [452, 452, 452, 452, 452, 452, 452, 452, 452, 452, 452, 452, 452, 452, 452, 452, 452, 452, 452], 452, 2304)
best 5 choices:
(3.0701983630190156e+47, [441, 441, 441, 441, 441, 441, 441, 441, 441, 441, 441, 441, 441, 441, 441, 441, 441, 441, 441, 441, 441, 441, 441, 441, 441, 444, 445, 446, 447, 448, 449, 450, 452], 452, 2304)
(3.070210362232407e+47, [441, 441, 441, 441, 441, 441, 441, 441, 441, 441, 441, 441, 441, 441, 441, 441, 441, 441, 441, 441, 441, 441, 441, 441, 441, 441, 442, 445, 446, 447, 448, 449, 450, 452], 452, 2304)
(3.070212112932435e+47, [441, 441, 441, 441, 441, 441, 441, 441, 441, 441, 441, 441, 441, 441, 441, 441, 441, 441, 441, 441, 441, 441, 441, 441, 443, 444, 445, 447, 448, 450, 451, 452], 452, 2304)
(3.0702128635020084e+47, [441, 441, 441, 441, 441, 441, 441, 441, 441, 441, 441, 441, 441, 441, 441, 441, 441, 441, 441, 441, 441, 441, 441, 441, 441, 442, 444, 446, 447, 448, 449, 451, 452], 452, 2304)
(3.070213137461827e+47, [441, 441, 441, 441, 441, 441, 441, 441, 441, 441, 441, 441, 441, 441, 441, 441, 441, 441, 441, 441, 441, 441, 441, 441, 441, 442, 443, 444, 446, 447, 448, 449, 450, 452], 452, 2304)
end round with 11 suffixes


======== round 425 ========
todo suffixes: [[444, 445, 447, 449, 451, 453], [443, 445, 447, 449, 451, 453], [444, 447, 449, 451, 453], [446, 449, 451, 453], [445, 449, 451, 453], [448, 451, 453], [447, 451, 453], [450, 453], [449, 453], [448, 453], [451]]
cur_suffix:  [444, 445, 447, 449, 451, 453]
bz: 439.
iter:  24
bz: 440.
iter:  26
bz: 441.
iter:  26
bz: 442.
fisrt choice: (3.0704010444910535e+47, 442, 28)
baseline:  (3.074359572610869e+47, [452, 452, 452, 452, 452, 452, 452, 452, 452, 452, 452, 452, 452, 452, 452, 452, 452, 452, 452], 452, 2304)
best 5 choices:
(3.0701983630190156e+47, [441, 441, 441, 441, 441, 441, 441, 441, 441, 441, 441, 441, 441, 441, 441, 441, 441, 441, 441, 441, 441, 441, 441, 441, 441, 444, 445, 446, 447, 448, 449, 450, 452], 452, 2304)
(3.070210362232407e+47, [441, 441, 441, 441, 441, 441, 441, 441, 441, 441, 441, 441, 441, 441, 441, 441, 441, 441, 441, 441, 441, 441, 441, 441, 441, 441, 442, 445, 446, 447, 448, 449, 450, 452], 452, 2304)
(3.070212112932435e+47, [441, 441, 441, 441, 441, 441, 441, 441, 441, 441, 441, 441, 441, 441, 441, 441, 441, 441, 441, 441, 441, 441, 441, 441, 443, 444, 445, 447, 448, 450, 451, 452], 452, 2304)
(3.0702128635020084e+47, [441, 441, 441, 441, 441, 441, 441, 441, 441, 441, 441, 441, 441, 441, 441, 441, 441, 441, 441, 441, 441, 441, 441, 441, 441, 442, 444, 446, 447, 448, 449, 451, 452], 452, 2304)
(3.070213137461827e+47, [441, 441, 441, 441, 441, 441, 441, 441, 441, 441, 441, 441, 441, 441, 441, 441, 441, 441, 441, 441, 441, 441, 441, 441, 441, 442, 443, 444, 446, 447, 448, 449, 450, 452], 452, 2304)
end round with 10 suffixes


======== round 426 ========
todo suffixes: [[443, 445, 447, 449, 451, 453], [444, 447, 449, 451, 453], [446, 449, 451, 453], [445, 449, 451, 453], [448, 451, 453], [447, 451, 453], [450, 453], [449, 453], [448, 453], [451]]
cur_suffix:  [443, 445, 447, 449, 451, 453]
bz: 438.
iter:  24
bz: 439.
iter:  24
bz: 440.
iter:  26
bz: 441.
iter:  26
bz: 442.
fisrt choice: (3.0704300663767817e+47, 442, 29)
baseline:  (3.074359572610869e+47, [452, 452, 452, 452, 452, 452, 452, 452, 452, 452, 452, 452, 452, 452, 452, 452, 452, 452, 452], 452, 2304)
best 5 choices:
(3.0701983630190156e+47, [441, 441, 441, 441, 441, 441, 441, 441, 441, 441, 441, 441, 441, 441, 441, 441, 441, 441, 441, 441, 441, 441, 441, 441, 441, 444, 445, 446, 447, 448, 449, 450, 452], 452, 2304)
(3.070210362232407e+47, [441, 441, 441, 441, 441, 441, 441, 441, 441, 441, 441, 441, 441, 441, 441, 441, 441, 441, 441, 441, 441, 441, 441, 441, 441, 441, 442, 445, 446, 447, 448, 449, 450, 452], 452, 2304)
(3.070212112932435e+47, [441, 441, 441, 441, 441, 441, 441, 441, 441, 441, 441, 441, 441, 441, 441, 441, 441, 441, 441, 441, 441, 441, 441, 441, 443, 444, 445, 447, 448, 450, 451, 452], 452, 2304)
(3.0702128635020084e+47, [441, 441, 441, 441, 441, 441, 441, 441, 441, 441, 441, 441, 441, 441, 441, 441, 441, 441, 441, 441, 441, 441, 441, 441, 441, 442, 444, 446, 447, 448, 449, 451, 452], 452, 2304)
(3.070213137461827e+47, [441, 441, 441, 441, 441, 441, 441, 441, 441, 441, 441, 441, 441, 441, 441, 441, 441, 441, 441, 441, 441, 441, 441, 441, 441, 442, 443, 444, 446, 447, 448, 449, 450, 452], 452, 2304)
end round with 9 suffixes


======== round 427 ========
todo suffixes: [[444, 447, 449, 451, 453], [446, 449, 451, 453], [445, 449, 451, 453], [448, 451, 453], [447, 451, 453], [450, 453], [449, 453], [448, 453], [451]]
cur_suffix:  [444, 447, 449, 451, 453]
bz: 439.
iter:  24
bz: 440.
iter:  26
bz: 441.
iter:  26
bz: 442.
iter:  29
bz: 443.
fisrt choice: (3.0704883121542767e+47, 443, 26)
baseline:  (3.074359572610869e+47, [452, 452, 452, 452, 452, 452, 452, 452, 452, 452, 452, 452, 452, 452, 452, 452, 452, 452, 452], 452, 2304)
best 5 choices:
(3.0701983630190156e+47, [441, 441, 441, 441, 441, 441, 441, 441, 441, 441, 441, 441, 441, 441, 441, 441, 441, 441, 441, 441, 441, 441, 441, 441, 441, 444, 445, 446, 447, 448, 449, 450, 452], 452, 2304)
(3.070210362232407e+47, [441, 441, 441, 441, 441, 441, 441, 441, 441, 441, 441, 441, 441, 441, 441, 441, 441, 441, 441, 441, 441, 441, 441, 441, 441, 441, 442, 445, 446, 447, 448, 449, 450, 452], 452, 2304)
(3.070212112932435e+47, [441, 441, 441, 441, 441, 441, 441, 441, 441, 441, 441, 441, 441, 441, 441, 441, 441, 441, 441, 441, 441, 441, 441, 441, 443, 444, 445, 447, 448, 450, 451, 452], 452, 2304)
(3.0702128635020084e+47, [441, 441, 441, 441, 441, 441, 441, 441, 441, 441, 441, 441, 441, 441, 441, 441, 441, 441, 441, 441, 441, 441, 441, 441, 441, 442, 444, 446, 447, 448, 449, 451, 452], 452, 2304)
(3.070213137461827e+47, [441, 441, 441, 441, 441, 441, 441, 441, 441, 441, 441, 441, 441, 441, 441, 441, 441, 441, 441, 441, 441, 441, 441, 441, 441, 442, 443, 444, 446, 447, 448, 449, 450, 452], 452, 2304)
end round with 9 suffixes


======== round 428 ========
todo suffixes: [[443, 444, 447, 449, 451, 453], [446, 449, 451, 453], [445, 449, 451, 453], [448, 451, 453], [447, 451, 453], [450, 453], [449, 453], [448, 453], [451]]
cur_suffix:  [443, 444, 447, 449, 451, 453]
bz: 438.
iter:  24
bz: 439.
iter:  24
bz: 440.
iter:  26
bz: 441.
iter:  26
bz: 442.
iter:  29
fisrt choice: (-1, -1, -1)
baseline:  (3.074359572610869e+47, [452, 452, 452, 452, 452, 452, 452, 452, 452, 452, 452, 452, 452, 452, 452, 452, 452, 452, 452], 452, 2304)
the strategy is infeasible, continue


======== round 429 ========
todo suffixes: [[446, 449, 451, 453], [445, 449, 451, 453], [448, 451, 453], [447, 451, 453], [450, 453], [449, 453], [448, 453], [451]]
cur_suffix:  [446, 449, 451, 453]
bz: 441.
iter:  26
bz: 442.
iter:  29
bz: 443.
iter:  27
bz: 444.
fisrt choice: (3.070644390599785e+47, 444, 25)
baseline:  (3.074359572610869e+47, [452, 452, 452, 452, 452, 452, 452, 452, 452, 452, 452, 452, 452, 452, 452, 452, 452, 452, 452], 452, 2304)
best 5 choices:
(3.0701983630190156e+47, [441, 441, 441, 441, 441, 441, 441, 441, 441, 441, 441, 441, 441, 441, 441, 441, 441, 441, 441, 441, 441, 441, 441, 441, 441, 444, 445, 446, 447, 448, 449, 450, 452], 452, 2304)
(3.070210362232407e+47, [441, 441, 441, 441, 441, 441, 441, 441, 441, 441, 441, 441, 441, 441, 441, 441, 441, 441, 441, 441, 441, 441, 441, 441, 441, 441, 442, 445, 446, 447, 448, 449, 450, 452], 452, 2304)
(3.070212112932435e+47, [441, 441, 441, 441, 441, 441, 441, 441, 441, 441, 441, 441, 441, 441, 441, 441, 441, 441, 441, 441, 441, 441, 441, 441, 443, 444, 445, 447, 448, 450, 451, 452], 452, 2304)
(3.0702128635020084e+47, [441, 441, 441, 441, 441, 441, 441, 441, 441, 441, 441, 441, 441, 441, 441, 441, 441, 441, 441, 441, 441, 441, 441, 441, 441, 442, 444, 446, 447, 448, 449, 451, 452], 452, 2304)
(3.070213137461827e+47, [441, 441, 441, 441, 441, 441, 441, 441, 441, 441, 441, 441, 441, 441, 441, 441, 441, 441, 441, 441, 441, 441, 441, 441, 441, 442, 443, 444, 446, 447, 448, 449, 450, 452], 452, 2304)
end round with 9 suffixes


======== round 430 ========
todo suffixes: [[445, 446, 449, 451, 453], [444, 446, 449, 451, 453], [445, 449, 451, 453], [448, 451, 453], [447, 451, 453], [450, 453], [449, 453], [448, 453], [451]]
cur_suffix:  [445, 446, 449, 451, 453]
bz: 440.
iter:  26
bz: 441.
iter:  26
bz: 442.
iter:  29
bz: 443.
fisrt choice: (3.0704809509949516e+47, 443, 26)
baseline:  (3.074359572610869e+47, [452, 452, 452, 452, 452, 452, 452, 452, 452, 452, 452, 452, 452, 452, 452, 452, 452, 452, 452], 452, 2304)
best 5 choices:
(3.0701983630190156e+47, [441, 441, 441, 441, 441, 441, 441, 441, 441, 441, 441, 441, 441, 441, 441, 441, 441, 441, 441, 441, 441, 441, 441, 441, 441, 444, 445, 446, 447, 448, 449, 450, 452], 452, 2304)
(3.070210362232407e+47, [441, 441, 441, 441, 441, 441, 441, 441, 441, 441, 441, 441, 441, 441, 441, 441, 441, 441, 441, 441, 441, 441, 441, 441, 441, 441, 442, 445, 446, 447, 448, 449, 450, 452], 452, 2304)
(3.070212112932435e+47, [441, 441, 441, 441, 441, 441, 441, 441, 441, 441, 441, 441, 441, 441, 441, 441, 441, 441, 441, 441, 441, 441, 441, 441, 443, 444, 445, 447, 448, 450, 451, 452], 452, 2304)
(3.0702128635020084e+47, [441, 441, 441, 441, 441, 441, 441, 441, 441, 441, 441, 441, 441, 441, 441, 441, 441, 441, 441, 441, 441, 441, 441, 441, 441, 442, 444, 446, 447, 448, 449, 451, 452], 452, 2304)
(3.070213137461827e+47, [441, 441, 441, 441, 441, 441, 441, 441, 441, 441, 441, 441, 441, 441, 441, 441, 441, 441, 441, 441, 441, 441, 441, 441, 441, 442, 443, 444, 446, 447, 448, 449, 450, 452], 452, 2304)
end round with 10 suffixes


======== round 431 ========
todo suffixes: [[444, 445, 446, 449, 451, 453], [443, 445, 446, 449, 451, 453], [444, 446, 449, 451, 453], [445, 449, 451, 453], [448, 451, 453], [447, 451, 453], [450, 453], [449, 453], [448, 453], [451]]
cur_suffix:  [444, 445, 446, 449, 451, 453]
bz: 439.
iter:  24
bz: 440.
iter:  26
bz: 441.
iter:  26
bz: 442.
fisrt choice: (3.070420026837283e+47, 442, 29)
baseline:  (3.074359572610869e+47, [452, 452, 452, 452, 452, 452, 452, 452, 452, 452, 452, 452, 452, 452, 452, 452, 452, 452, 452], 452, 2304)
best 5 choices:
(3.0701983630190156e+47, [441, 441, 441, 441, 441, 441, 441, 441, 441, 441, 441, 441, 441, 441, 441, 441, 441, 441, 441, 441, 441, 441, 441, 441, 441, 444, 445, 446, 447, 448, 449, 450, 452], 452, 2304)
(3.070210362232407e+47, [441, 441, 441, 441, 441, 441, 441, 441, 441, 441, 441, 441, 441, 441, 441, 441, 441, 441, 441, 441, 441, 441, 441, 441, 441, 441, 442, 445, 446, 447, 448, 449, 450, 452], 452, 2304)
(3.070212112932435e+47, [441, 441, 441, 441, 441, 441, 441, 441, 441, 441, 441, 441, 441, 441, 441, 441, 441, 441, 441, 441, 441, 441, 441, 441, 443, 444, 445, 447, 448, 450, 451, 452], 452, 2304)
(3.0702128635020084e+47, [441, 441, 441, 441, 441, 441, 441, 441, 441, 441, 441, 441, 441, 441, 441, 441, 441, 441, 441, 441, 441, 441, 441, 441, 441, 442, 444, 446, 447, 448, 449, 451, 452], 452, 2304)
(3.070213137461827e+47, [441, 441, 441, 441, 441, 441, 441, 441, 441, 441, 441, 441, 441, 441, 441, 441, 441, 441, 441, 441, 441, 441, 441, 441, 441, 442, 443, 444, 446, 447, 448, 449, 450, 452], 452, 2304)
end round with 9 suffixes


======== round 432 ========
todo suffixes: [[443, 445, 446, 449, 451, 453], [444, 446, 449, 451, 453], [445, 449, 451, 453], [448, 451, 453], [447, 451, 453], [450, 453], [449, 453], [448, 453], [451]]
cur_suffix:  [443, 445, 446, 449, 451, 453]
bz: 438.
iter:  24
bz: 439.
iter:  24
bz: 440.
iter:  26
bz: 441.
iter:  26
bz: 442.
iter:  29
fisrt choice: (-1, -1, -1)
baseline:  (3.074359572610869e+47, [452, 452, 452, 452, 452, 452, 452, 452, 452, 452, 452, 452, 452, 452, 452, 452, 452, 452, 452], 452, 2304)
the strategy is infeasible, continue


======== round 433 ========
todo suffixes: [[444, 446, 449, 451, 453], [445, 449, 451, 453], [448, 451, 453], [447, 451, 453], [450, 453], [449, 453], [448, 453], [451]]
cur_suffix:  [444, 446, 449, 451, 453]
bz: 439.
iter:  24
bz: 440.
iter:  26
bz: 441.
iter:  26
bz: 442.
iter:  29
bz: 443.
fisrt choice: (3.070516688781078e+47, 443, 27)
baseline:  (3.074359572610869e+47, [452, 452, 452, 452, 452, 452, 452, 452, 452, 452, 452, 452, 452, 452, 452, 452, 452, 452, 452], 452, 2304)
best 5 choices:
(3.0701983630190156e+47, [441, 441, 441, 441, 441, 441, 441, 441, 441, 441, 441, 441, 441, 441, 441, 441, 441, 441, 441, 441, 441, 441, 441, 441, 441, 444, 445, 446, 447, 448, 449, 450, 452], 452, 2304)
(3.070210362232407e+47, [441, 441, 441, 441, 441, 441, 441, 441, 441, 441, 441, 441, 441, 441, 441, 441, 441, 441, 441, 441, 441, 441, 441, 441, 441, 441, 442, 445, 446, 447, 448, 449, 450, 452], 452, 2304)
(3.070212112932435e+47, [441, 441, 441, 441, 441, 441, 441, 441, 441, 441, 441, 441, 441, 441, 441, 441, 441, 441, 441, 441, 441, 441, 441, 441, 443, 444, 445, 447, 448, 450, 451, 452], 452, 2304)
(3.0702128635020084e+47, [441, 441, 441, 441, 441, 441, 441, 441, 441, 441, 441, 441, 441, 441, 441, 441, 441, 441, 441, 441, 441, 441, 441, 441, 441, 442, 444, 446, 447, 448, 449, 451, 452], 452, 2304)
(3.070213137461827e+47, [441, 441, 441, 441, 441, 441, 441, 441, 441, 441, 441, 441, 441, 441, 441, 441, 441, 441, 441, 441, 441, 441, 441, 441, 441, 442, 443, 444, 446, 447, 448, 449, 450, 452], 452, 2304)
end round with 8 suffixes


======== round 434 ========
todo suffixes: [[443, 444, 446, 449, 451, 453], [445, 449, 451, 453], [448, 451, 453], [447, 451, 453], [450, 453], [449, 453], [448, 453], [451]]
cur_suffix:  [443, 444, 446, 449, 451, 453]
bz: 438.
iter:  24
bz: 439.
iter:  24
bz: 440.
iter:  26
bz: 441.
iter:  26
bz: 442.
iter:  29
fisrt choice: (-1, -1, -1)
baseline:  (3.074359572610869e+47, [452, 452, 452, 452, 452, 452, 452, 452, 452, 452, 452, 452, 452, 452, 452, 452, 452, 452, 452], 452, 2304)
the strategy is infeasible, continue


======== round 435 ========
todo suffixes: [[445, 449, 451, 453], [448, 451, 453], [447, 451, 453], [450, 453], [449, 453], [448, 453], [451]]
cur_suffix:  [445, 449, 451, 453]
bz: 440.
iter:  26
bz: 441.
iter:  26
bz: 442.
iter:  29
bz: 443.
iter:  27
bz: 444.
fisrt choice: (3.070626844533628e+47, 444, 25)
baseline:  (3.074359572610869e+47, [452, 452, 452, 452, 452, 452, 452, 452, 452, 452, 452, 452, 452, 452, 452, 452, 452, 452, 452], 452, 2304)
best 5 choices:
(3.0701983630190156e+47, [441, 441, 441, 441, 441, 441, 441, 441, 441, 441, 441, 441, 441, 441, 441, 441, 441, 441, 441, 441, 441, 441, 441, 441, 441, 444, 445, 446, 447, 448, 449, 450, 452], 452, 2304)
(3.070210362232407e+47, [441, 441, 441, 441, 441, 441, 441, 441, 441, 441, 441, 441, 441, 441, 441, 441, 441, 441, 441, 441, 441, 441, 441, 441, 441, 441, 442, 445, 446, 447, 448, 449, 450, 452], 452, 2304)
(3.070212112932435e+47, [441, 441, 441, 441, 441, 441, 441, 441, 441, 441, 441, 441, 441, 441, 441, 441, 441, 441, 441, 441, 441, 441, 441, 441, 443, 444, 445, 447, 448, 450, 451, 452], 452, 2304)
(3.0702128635020084e+47, [441, 441, 441, 441, 441, 441, 441, 441, 441, 441, 441, 441, 441, 441, 441, 441, 441, 441, 441, 441, 441, 441, 441, 441, 441, 442, 444, 446, 447, 448, 449, 451, 452], 452, 2304)
(3.070213137461827e+47, [441, 441, 441, 441, 441, 441, 441, 441, 441, 441, 441, 441, 441, 441, 441, 441, 441, 441, 441, 441, 441, 441, 441, 441, 441, 442, 443, 444, 446, 447, 448, 449, 450, 452], 452, 2304)
end round with 7 suffixes


======== round 436 ========
todo suffixes: [[444, 445, 449, 451, 453], [448, 451, 453], [447, 451, 453], [450, 453], [449, 453], [448, 453], [451]]
cur_suffix:  [444, 445, 449, 451, 453]
bz: 439.
iter:  24
bz: 440.
iter:  26
bz: 441.
iter:  26
bz: 442.
iter:  29
bz: 443.
iter:  27
fisrt choice: (-1, -1, -1)
baseline:  (3.074359572610869e+47, [452, 452, 452, 452, 452, 452, 452, 452, 452, 452, 452, 452, 452, 452, 452, 452, 452, 452, 452], 452, 2304)
the strategy is infeasible, continue


======== round 437 ========
todo suffixes: [[448, 451, 453], [447, 451, 453], [450, 453], [449, 453], [448, 453], [451]]
cur_suffix:  [448, 451, 453]
bz: 443.
iter:  27
bz: 444.
iter:  26
bz: 445.
fisrt choice: (3.0707986528932104e+47, 445, 24)
baseline:  (3.074359572610869e+47, [452, 452, 452, 452, 452, 452, 452, 452, 452, 452, 452, 452, 452, 452, 452, 452, 452, 452, 452], 452, 2304)
best 5 choices:
(3.0701983630190156e+47, [441, 441, 441, 441, 441, 441, 441, 441, 441, 441, 441, 441, 441, 441, 441, 441, 441, 441, 441, 441, 441, 441, 441, 441, 441, 444, 445, 446, 447, 448, 449, 450, 452], 452, 2304)
(3.070210362232407e+47, [441, 441, 441, 441, 441, 441, 441, 441, 441, 441, 441, 441, 441, 441, 441, 441, 441, 441, 441, 441, 441, 441, 441, 441, 441, 441, 442, 445, 446, 447, 448, 449, 450, 452], 452, 2304)
(3.070212112932435e+47, [441, 441, 441, 441, 441, 441, 441, 441, 441, 441, 441, 441, 441, 441, 441, 441, 441, 441, 441, 441, 441, 441, 441, 441, 443, 444, 445, 447, 448, 450, 451, 452], 452, 2304)
(3.0702128635020084e+47, [441, 441, 441, 441, 441, 441, 441, 441, 441, 441, 441, 441, 441, 441, 441, 441, 441, 441, 441, 441, 441, 441, 441, 441, 441, 442, 444, 446, 447, 448, 449, 451, 452], 452, 2304)
(3.070213137461827e+47, [441, 441, 441, 441, 441, 441, 441, 441, 441, 441, 441, 441, 441, 441, 441, 441, 441, 441, 441, 441, 441, 441, 441, 441, 441, 442, 443, 444, 446, 447, 448, 449, 450, 452], 452, 2304)
end round with 8 suffixes


======== round 438 ========
todo suffixes: [[447, 448, 451, 453], [446, 448, 451, 453], [445, 448, 451, 453], [447, 451, 453], [450, 453], [449, 453], [448, 453], [451]]
cur_suffix:  [447, 448, 451, 453]
bz: 442.
iter:  29
bz: 443.
iter:  27
bz: 444.
fisrt choice: (3.0706332249580944e+47, 444, 25)
baseline:  (3.074359572610869e+47, [452, 452, 452, 452, 452, 452, 452, 452, 452, 452, 452, 452, 452, 452, 452, 452, 452, 452, 452], 452, 2304)
best 5 choices:
(3.0701983630190156e+47, [441, 441, 441, 441, 441, 441, 441, 441, 441, 441, 441, 441, 441, 441, 441, 441, 441, 441, 441, 441, 441, 441, 441, 441, 441, 444, 445, 446, 447, 448, 449, 450, 452], 452, 2304)
(3.070210362232407e+47, [441, 441, 441, 441, 441, 441, 441, 441, 441, 441, 441, 441, 441, 441, 441, 441, 441, 441, 441, 441, 441, 441, 441, 441, 441, 441, 442, 445, 446, 447, 448, 449, 450, 452], 452, 2304)
(3.070212112932435e+47, [441, 441, 441, 441, 441, 441, 441, 441, 441, 441, 441, 441, 441, 441, 441, 441, 441, 441, 441, 441, 441, 441, 441, 441, 443, 444, 445, 447, 448, 450, 451, 452], 452, 2304)
(3.0702128635020084e+47, [441, 441, 441, 441, 441, 441, 441, 441, 441, 441, 441, 441, 441, 441, 441, 441, 441, 441, 441, 441, 441, 441, 441, 441, 441, 442, 444, 446, 447, 448, 449, 451, 452], 452, 2304)
(3.070213137461827e+47, [441, 441, 441, 441, 441, 441, 441, 441, 441, 441, 441, 441, 441, 441, 441, 441, 441, 441, 441, 441, 441, 441, 441, 441, 441, 442, 443, 444, 446, 447, 448, 449, 450, 452], 452, 2304)
end round with 10 suffixes


======== round 439 ========
todo suffixes: [[446, 447, 448, 451, 453], [445, 447, 448, 451, 453], [444, 447, 448, 451, 453], [446, 448, 451, 453], [445, 448, 451, 453], [447, 451, 453], [450, 453], [449, 453], [448, 453], [451]]
cur_suffix:  [446, 447, 448, 451, 453]
bz: 441.
iter:  26
bz: 442.
iter:  29
bz: 443.
fisrt choice: (3.070487331419418e+47, 443, 26)
baseline:  (3.074359572610869e+47, [452, 452, 452, 452, 452, 452, 452, 452, 452, 452, 452, 452, 452, 452, 452, 452, 452, 452, 452], 452, 2304)
best 5 choices:
(3.0701983630190156e+47, [441, 441, 441, 441, 441, 441, 441, 441, 441, 441, 441, 441, 441, 441, 441, 441, 441, 441, 441, 441, 441, 441, 441, 441, 441, 444, 445, 446, 447, 448, 449, 450, 452], 452, 2304)
(3.070210362232407e+47, [441, 441, 441, 441, 441, 441, 441, 441, 441, 441, 441, 441, 441, 441, 441, 441, 441, 441, 441, 441, 441, 441, 441, 441, 441, 441, 442, 445, 446, 447, 448, 449, 450, 452], 452, 2304)
(3.070212112932435e+47, [441, 441, 441, 441, 441, 441, 441, 441, 441, 441, 441, 441, 441, 441, 441, 441, 441, 441, 441, 441, 441, 441, 441, 441, 443, 444, 445, 447, 448, 450, 451, 452], 452, 2304)
(3.0702128635020084e+47, [441, 441, 441, 441, 441, 441, 441, 441, 441, 441, 441, 441, 441, 441, 441, 441, 441, 441, 441, 441, 441, 441, 441, 441, 441, 442, 444, 446, 447, 448, 449, 451, 452], 452, 2304)
(3.070213137461827e+47, [441, 441, 441, 441, 441, 441, 441, 441, 441, 441, 441, 441, 441, 441, 441, 441, 441, 441, 441, 441, 441, 441, 441, 441, 441, 442, 443, 444, 446, 447, 448, 449, 450, 452], 452, 2304)
end round with 12 suffixes


======== round 440 ========
todo suffixes: [[445, 446, 447, 448, 451, 453], [444, 446, 447, 448, 451, 453], [443, 446, 447, 448, 451, 453], [445, 447, 448, 451, 453], [444, 447, 448, 451, 453], [446, 448, 451, 453], [445, 448, 451, 453], [447, 451, 453], [450, 453], [449, 453], [448, 453], [451]]
cur_suffix:  [445, 446, 447, 448, 451, 453]
bz: 440.
iter:  26
bz: 441.
iter:  26
bz: 442.
fisrt choice: (3.0703594728077234e+47, 442, 27)
baseline:  (3.074359572610869e+47, [452, 452, 452, 452, 452, 452, 452, 452, 452, 452, 452, 452, 452, 452, 452, 452, 452, 452, 452], 452, 2304)
best 5 choices:
(3.0701983630190156e+47, [441, 441, 441, 441, 441, 441, 441, 441, 441, 441, 441, 441, 441, 441, 441, 441, 441, 441, 441, 441, 441, 441, 441, 441, 441, 444, 445, 446, 447, 448, 449, 450, 452], 452, 2304)
(3.070210362232407e+47, [441, 441, 441, 441, 441, 441, 441, 441, 441, 441, 441, 441, 441, 441, 441, 441, 441, 441, 441, 441, 441, 441, 441, 441, 441, 441, 442, 445, 446, 447, 448, 449, 450, 452], 452, 2304)
(3.070212112932435e+47, [441, 441, 441, 441, 441, 441, 441, 441, 441, 441, 441, 441, 441, 441, 441, 441, 441, 441, 441, 441, 441, 441, 441, 441, 443, 444, 445, 447, 448, 450, 451, 452], 452, 2304)
(3.0702128635020084e+47, [441, 441, 441, 441, 441, 441, 441, 441, 441, 441, 441, 441, 441, 441, 441, 441, 441, 441, 441, 441, 441, 441, 441, 441, 441, 442, 444, 446, 447, 448, 449, 451, 452], 452, 2304)
(3.070213137461827e+47, [441, 441, 441, 441, 441, 441, 441, 441, 441, 441, 441, 441, 441, 441, 441, 441, 441, 441, 441, 441, 441, 441, 441, 441, 441, 442, 443, 444, 446, 447, 448, 449, 450, 452], 452, 2304)
end round with 11 suffixes


======== round 441 ========
todo suffixes: [[444, 446, 447, 448, 451, 453], [443, 446, 447, 448, 451, 453], [445, 447, 448, 451, 453], [444, 447, 448, 451, 453], [446, 448, 451, 453], [445, 448, 451, 453], [447, 451, 453], [450, 453], [449, 453], [448, 453], [451]]
cur_suffix:  [444, 446, 447, 448, 451, 453]
bz: 439.
iter:  24
bz: 440.
iter:  26
bz: 441.
iter:  26
bz: 442.
fisrt choice: (3.070385816313278e+47, 442, 28)
baseline:  (3.074359572610869e+47, [452, 452, 452, 452, 452, 452, 452, 452, 452, 452, 452, 452, 452, 452, 452, 452, 452, 452, 452], 452, 2304)
best 5 choices:
(3.0701983630190156e+47, [441, 441, 441, 441, 441, 441, 441, 441, 441, 441, 441, 441, 441, 441, 441, 441, 441, 441, 441, 441, 441, 441, 441, 441, 441, 444, 445, 446, 447, 448, 449, 450, 452], 452, 2304)
(3.070210362232407e+47, [441, 441, 441, 441, 441, 441, 441, 441, 441, 441, 441, 441, 441, 441, 441, 441, 441, 441, 441, 441, 441, 441, 441, 441, 441, 441, 442, 445, 446, 447, 448, 449, 450, 452], 452, 2304)
(3.070212112932435e+47, [441, 441, 441, 441, 441, 441, 441, 441, 441, 441, 441, 441, 441, 441, 441, 441, 441, 441, 441, 441, 441, 441, 441, 441, 443, 444, 445, 447, 448, 450, 451, 452], 452, 2304)
(3.0702128635020084e+47, [441, 441, 441, 441, 441, 441, 441, 441, 441, 441, 441, 441, 441, 441, 441, 441, 441, 441, 441, 441, 441, 441, 441, 441, 441, 442, 444, 446, 447, 448, 449, 451, 452], 452, 2304)
(3.070213137461827e+47, [441, 441, 441, 441, 441, 441, 441, 441, 441, 441, 441, 441, 441, 441, 441, 441, 441, 441, 441, 441, 441, 441, 441, 441, 441, 442, 443, 444, 446, 447, 448, 449, 450, 452], 452, 2304)
end round with 10 suffixes


======== round 442 ========
todo suffixes: [[443, 446, 447, 448, 451, 453], [445, 447, 448, 451, 453], [444, 447, 448, 451, 453], [446, 448, 451, 453], [445, 448, 451, 453], [447, 451, 453], [450, 453], [449, 453], [448, 453], [451]]
cur_suffix:  [443, 446, 447, 448, 451, 453]
bz: 438.
iter:  24
bz: 439.
iter:  24
bz: 440.
iter:  26
bz: 441.
iter:  26
bz: 442.
fisrt choice: (3.070414838199006e+47, 442, 29)
baseline:  (3.074359572610869e+47, [452, 452, 452, 452, 452, 452, 452, 452, 452, 452, 452, 452, 452, 452, 452, 452, 452, 452, 452], 452, 2304)
best 5 choices:
(3.0701983630190156e+47, [441, 441, 441, 441, 441, 441, 441, 441, 441, 441, 441, 441, 441, 441, 441, 441, 441, 441, 441, 441, 441, 441, 441, 441, 441, 444, 445, 446, 447, 448, 449, 450, 452], 452, 2304)
(3.070210362232407e+47, [441, 441, 441, 441, 441, 441, 441, 441, 441, 441, 441, 441, 441, 441, 441, 441, 441, 441, 441, 441, 441, 441, 441, 441, 441, 441, 442, 445, 446, 447, 448, 449, 450, 452], 452, 2304)
(3.070212112932435e+47, [441, 441, 441, 441, 441, 441, 441, 441, 441, 441, 441, 441, 441, 441, 441, 441, 441, 441, 441, 441, 441, 441, 441, 441, 443, 444, 445, 447, 448, 450, 451, 452], 452, 2304)
(3.0702128635020084e+47, [441, 441, 441, 441, 441, 441, 441, 441, 441, 441, 441, 441, 441, 441, 441, 441, 441, 441, 441, 441, 441, 441, 441, 441, 441, 442, 444, 446, 447, 448, 449, 451, 452], 452, 2304)
(3.070213137461827e+47, [441, 441, 441, 441, 441, 441, 441, 441, 441, 441, 441, 441, 441, 441, 441, 441, 441, 441, 441, 441, 441, 441, 441, 441, 441, 442, 443, 444, 446, 447, 448, 449, 450, 452], 452, 2304)
end round with 9 suffixes


======== round 443 ========
todo suffixes: [[445, 447, 448, 451, 453], [444, 447, 448, 451, 453], [446, 448, 451, 453], [445, 448, 451, 453], [447, 451, 453], [450, 453], [449, 453], [448, 453], [451]]
cur_suffix:  [445, 447, 448, 451, 453]
bz: 440.
iter:  26
bz: 441.
iter:  26
bz: 442.
iter:  29
bz: 443.
fisrt choice: (3.070469785353261e+47, 443, 26)
baseline:  (3.074359572610869e+47, [452, 452, 452, 452, 452, 452, 452, 452, 452, 452, 452, 452, 452, 452, 452, 452, 452, 452, 452], 452, 2304)
best 5 choices:
(3.0701983630190156e+47, [441, 441, 441, 441, 441, 441, 441, 441, 441, 441, 441, 441, 441, 441, 441, 441, 441, 441, 441, 441, 441, 441, 441, 441, 441, 444, 445, 446, 447, 448, 449, 450, 452], 452, 2304)
(3.070210362232407e+47, [441, 441, 441, 441, 441, 441, 441, 441, 441, 441, 441, 441, 441, 441, 441, 441, 441, 441, 441, 441, 441, 441, 441, 441, 441, 441, 442, 445, 446, 447, 448, 449, 450, 452], 452, 2304)
(3.070212112932435e+47, [441, 441, 441, 441, 441, 441, 441, 441, 441, 441, 441, 441, 441, 441, 441, 441, 441, 441, 441, 441, 441, 441, 441, 441, 443, 444, 445, 447, 448, 450, 451, 452], 452, 2304)
(3.0702128635020084e+47, [441, 441, 441, 441, 441, 441, 441, 441, 441, 441, 441, 441, 441, 441, 441, 441, 441, 441, 441, 441, 441, 441, 441, 441, 441, 442, 444, 446, 447, 448, 449, 451, 452], 452, 2304)
(3.070213137461827e+47, [441, 441, 441, 441, 441, 441, 441, 441, 441, 441, 441, 441, 441, 441, 441, 441, 441, 441, 441, 441, 441, 441, 441, 441, 441, 442, 443, 444, 446, 447, 448, 449, 450, 452], 452, 2304)
end round with 10 suffixes


======== round 444 ========
todo suffixes: [[444, 445, 447, 448, 451, 453], [443, 445, 447, 448, 451, 453], [444, 447, 448, 451, 453], [446, 448, 451, 453], [445, 448, 451, 453], [447, 451, 453], [450, 453], [449, 453], [448, 453], [451]]
cur_suffix:  [444, 445, 447, 448, 451, 453]
bz: 439.
iter:  24
bz: 440.
iter:  26
bz: 441.
iter:  26
bz: 442.
fisrt choice: (3.0704088611955922e+47, 442, 29)
baseline:  (3.074359572610869e+47, [452, 452, 452, 452, 452, 452, 452, 452, 452, 452, 452, 452, 452, 452, 452, 452, 452, 452, 452], 452, 2304)
best 5 choices:
(3.0701983630190156e+47, [441, 441, 441, 441, 441, 441, 441, 441, 441, 441, 441, 441, 441, 441, 441, 441, 441, 441, 441, 441, 441, 441, 441, 441, 441, 444, 445, 446, 447, 448, 449, 450, 452], 452, 2304)
(3.070210362232407e+47, [441, 441, 441, 441, 441, 441, 441, 441, 441, 441, 441, 441, 441, 441, 441, 441, 441, 441, 441, 441, 441, 441, 441, 441, 441, 441, 442, 445, 446, 447, 448, 449, 450, 452], 452, 2304)
(3.070212112932435e+47, [441, 441, 441, 441, 441, 441, 441, 441, 441, 441, 441, 441, 441, 441, 441, 441, 441, 441, 441, 441, 441, 441, 441, 441, 443, 444, 445, 447, 448, 450, 451, 452], 452, 2304)
(3.0702128635020084e+47, [441, 441, 441, 441, 441, 441, 441, 441, 441, 441, 441, 441, 441, 441, 441, 441, 441, 441, 441, 441, 441, 441, 441, 441, 441, 442, 444, 446, 447, 448, 449, 451, 452], 452, 2304)
(3.070213137461827e+47, [441, 441, 441, 441, 441, 441, 441, 441, 441, 441, 441, 441, 441, 441, 441, 441, 441, 441, 441, 441, 441, 441, 441, 441, 441, 442, 443, 444, 446, 447, 448, 449, 450, 452], 452, 2304)
end round with 9 suffixes


======== round 445 ========
todo suffixes: [[443, 445, 447, 448, 451, 453], [444, 447, 448, 451, 453], [446, 448, 451, 453], [445, 448, 451, 453], [447, 451, 453], [450, 453], [449, 453], [448, 453], [451]]
cur_suffix:  [443, 445, 447, 448, 451, 453]
bz: 438.
iter:  24
bz: 439.
iter:  24
bz: 440.
iter:  26
bz: 441.
iter:  26
bz: 442.
iter:  29
fisrt choice: (-1, -1, -1)
baseline:  (3.074359572610869e+47, [452, 452, 452, 452, 452, 452, 452, 452, 452, 452, 452, 452, 452, 452, 452, 452, 452, 452, 452], 452, 2304)
the strategy is infeasible, continue


======== round 446 ========
todo suffixes: [[444, 447, 448, 451, 453], [446, 448, 451, 453], [445, 448, 451, 453], [447, 451, 453], [450, 453], [449, 453], [448, 453], [451]]
cur_suffix:  [444, 447, 448, 451, 453]
bz: 439.
iter:  24
bz: 440.
iter:  26
bz: 441.
iter:  26
bz: 442.
iter:  29
bz: 443.
fisrt choice: (3.0705055231393873e+47, 443, 27)
baseline:  (3.074359572610869e+47, [452, 452, 452, 452, 452, 452, 452, 452, 452, 452, 452, 452, 452, 452, 452, 452, 452, 452, 452], 452, 2304)
best 5 choices:
(3.0701983630190156e+47, [441, 441, 441, 441, 441, 441, 441, 441, 441, 441, 441, 441, 441, 441, 441, 441, 441, 441, 441, 441, 441, 441, 441, 441, 441, 444, 445, 446, 447, 448, 449, 450, 452], 452, 2304)
(3.070210362232407e+47, [441, 441, 441, 441, 441, 441, 441, 441, 441, 441, 441, 441, 441, 441, 441, 441, 441, 441, 441, 441, 441, 441, 441, 441, 441, 441, 442, 445, 446, 447, 448, 449, 450, 452], 452, 2304)
(3.070212112932435e+47, [441, 441, 441, 441, 441, 441, 441, 441, 441, 441, 441, 441, 441, 441, 441, 441, 441, 441, 441, 441, 441, 441, 441, 441, 443, 444, 445, 447, 448, 450, 451, 452], 452, 2304)
(3.0702128635020084e+47, [441, 441, 441, 441, 441, 441, 441, 441, 441, 441, 441, 441, 441, 441, 441, 441, 441, 441, 441, 441, 441, 441, 441, 441, 441, 442, 444, 446, 447, 448, 449, 451, 452], 452, 2304)
(3.070213137461827e+47, [441, 441, 441, 441, 441, 441, 441, 441, 441, 441, 441, 441, 441, 441, 441, 441, 441, 441, 441, 441, 441, 441, 441, 441, 441, 442, 443, 444, 446, 447, 448, 449, 450, 452], 452, 2304)
end round with 8 suffixes


======== round 447 ========
todo suffixes: [[443, 444, 447, 448, 451, 453], [446, 448, 451, 453], [445, 448, 451, 453], [447, 451, 453], [450, 453], [449, 453], [448, 453], [451]]
cur_suffix:  [443, 444, 447, 448, 451, 453]
bz: 438.
iter:  24
bz: 439.
iter:  24
bz: 440.
iter:  26
bz: 441.
iter:  26
bz: 442.
iter:  29
fisrt choice: (-1, -1, -1)
baseline:  (3.074359572610869e+47, [452, 452, 452, 452, 452, 452, 452, 452, 452, 452, 452, 452, 452, 452, 452, 452, 452, 452, 452], 452, 2304)
the strategy is infeasible, continue


======== round 448 ========
todo suffixes: [[446, 448, 451, 453], [445, 448, 451, 453], [447, 451, 453], [450, 453], [449, 453], [448, 453], [451]]
cur_suffix:  [446, 448, 451, 453]
bz: 441.
iter:  26
bz: 442.
iter:  29
bz: 443.
iter:  27
bz: 444.
fisrt choice: (3.0706116163558525e+47, 444, 25)
baseline:  (3.074359572610869e+47, [452, 452, 452, 452, 452, 452, 452, 452, 452, 452, 452, 452, 452, 452, 452, 452, 452, 452, 452], 452, 2304)
best 5 choices:
(3.0701983630190156e+47, [441, 441, 441, 441, 441, 441, 441, 441, 441, 441, 441, 441, 441, 441, 441, 441, 441, 441, 441, 441, 441, 441, 441, 441, 441, 444, 445, 446, 447, 448, 449, 450, 452], 452, 2304)
(3.070210362232407e+47, [441, 441, 441, 441, 441, 441, 441, 441, 441, 441, 441, 441, 441, 441, 441, 441, 441, 441, 441, 441, 441, 441, 441, 441, 441, 441, 442, 445, 446, 447, 448, 449, 450, 452], 452, 2304)
(3.070212112932435e+47, [441, 441, 441, 441, 441, 441, 441, 441, 441, 441, 441, 441, 441, 441, 441, 441, 441, 441, 441, 441, 441, 441, 441, 441, 443, 444, 445, 447, 448, 450, 451, 452], 452, 2304)
(3.0702128635020084e+47, [441, 441, 441, 441, 441, 441, 441, 441, 441, 441, 441, 441, 441, 441, 441, 441, 441, 441, 441, 441, 441, 441, 441, 441, 441, 442, 444, 446, 447, 448, 449, 451, 452], 452, 2304)
(3.070213137461827e+47, [441, 441, 441, 441, 441, 441, 441, 441, 441, 441, 441, 441, 441, 441, 441, 441, 441, 441, 441, 441, 441, 441, 441, 441, 441, 442, 443, 444, 446, 447, 448, 449, 450, 452], 452, 2304)
end round with 8 suffixes


======== round 449 ========
todo suffixes: [[445, 446, 448, 451, 453], [444, 446, 448, 451, 453], [445, 448, 451, 453], [447, 451, 453], [450, 453], [449, 453], [448, 453], [451]]
cur_suffix:  [445, 446, 448, 451, 453]
bz: 440.
iter:  26
bz: 441.
iter:  26
bz: 442.
iter:  29
bz: 443.
fisrt choice: (3.070498161980062e+47, 443, 27)
baseline:  (3.074359572610869e+47, [452, 452, 452, 452, 452, 452, 452, 452, 452, 452, 452, 452, 452, 452, 452, 452, 452, 452, 452], 452, 2304)
best 5 choices:
(3.0701983630190156e+47, [441, 441, 441, 441, 441, 441, 441, 441, 441, 441, 441, 441, 441, 441, 441, 441, 441, 441, 441, 441, 441, 441, 441, 441, 441, 444, 445, 446, 447, 448, 449, 450, 452], 452, 2304)
(3.070210362232407e+47, [441, 441, 441, 441, 441, 441, 441, 441, 441, 441, 441, 441, 441, 441, 441, 441, 441, 441, 441, 441, 441, 441, 441, 441, 441, 441, 442, 445, 446, 447, 448, 449, 450, 452], 452, 2304)
(3.070212112932435e+47, [441, 441, 441, 441, 441, 441, 441, 441, 441, 441, 441, 441, 441, 441, 441, 441, 441, 441, 441, 441, 441, 441, 441, 441, 443, 444, 445, 447, 448, 450, 451, 452], 452, 2304)
(3.0702128635020084e+47, [441, 441, 441, 441, 441, 441, 441, 441, 441, 441, 441, 441, 441, 441, 441, 441, 441, 441, 441, 441, 441, 441, 441, 441, 441, 442, 444, 446, 447, 448, 449, 451, 452], 452, 2304)
(3.070213137461827e+47, [441, 441, 441, 441, 441, 441, 441, 441, 441, 441, 441, 441, 441, 441, 441, 441, 441, 441, 441, 441, 441, 441, 441, 441, 441, 442, 443, 444, 446, 447, 448, 449, 450, 452], 452, 2304)
end round with 9 suffixes


======== round 450 ========
todo suffixes: [[444, 445, 446, 448, 451, 453], [443, 445, 446, 448, 451, 453], [444, 446, 448, 451, 453], [445, 448, 451, 453], [447, 451, 453], [450, 453], [449, 453], [448, 453], [451]]
cur_suffix:  [444, 445, 446, 448, 451, 453]
bz: 439.
iter:  24
bz: 440.
iter:  26
bz: 441.
iter:  26
bz: 442.
iter:  29
bz: 443.
fisrt choice: (3.0705097310428054e+47, 443, 26)
baseline:  (3.074359572610869e+47, [452, 452, 452, 452, 452, 452, 452, 452, 452, 452, 452, 452, 452, 452, 452, 452, 452, 452, 452], 452, 2304)
best 5 choices:
(3.0701983630190156e+47, [441, 441, 441, 441, 441, 441, 441, 441, 441, 441, 441, 441, 441, 441, 441, 441, 441, 441, 441, 441, 441, 441, 441, 441, 441, 444, 445, 446, 447, 448, 449, 450, 452], 452, 2304)
(3.070210362232407e+47, [441, 441, 441, 441, 441, 441, 441, 441, 441, 441, 441, 441, 441, 441, 441, 441, 441, 441, 441, 441, 441, 441, 441, 441, 441, 441, 442, 445, 446, 447, 448, 449, 450, 452], 452, 2304)
(3.070212112932435e+47, [441, 441, 441, 441, 441, 441, 441, 441, 441, 441, 441, 441, 441, 441, 441, 441, 441, 441, 441, 441, 441, 441, 441, 441, 443, 444, 445, 447, 448, 450, 451, 452], 452, 2304)
(3.0702128635020084e+47, [441, 441, 441, 441, 441, 441, 441, 441, 441, 441, 441, 441, 441, 441, 441, 441, 441, 441, 441, 441, 441, 441, 441, 441, 441, 442, 444, 446, 447, 448, 449, 451, 452], 452, 2304)
(3.070213137461827e+47, [441, 441, 441, 441, 441, 441, 441, 441, 441, 441, 441, 441, 441, 441, 441, 441, 441, 441, 441, 441, 441, 441, 441, 441, 441, 442, 443, 444, 446, 447, 448, 449, 450, 452], 452, 2304)
end round with 9 suffixes


======== round 451 ========
todo suffixes: [[443, 444, 445, 446, 448, 451, 453], [443, 445, 446, 448, 451, 453], [444, 446, 448, 451, 453], [445, 448, 451, 453], [447, 451, 453], [450, 453], [449, 453], [448, 453], [451]]
cur_suffix:  [443, 444, 445, 446, 448, 451, 453]
bz: 438.
iter:  24
bz: 439.
iter:  24
bz: 440.
iter:  26
bz: 441.
iter:  26
bz: 442.
fisrt choice: (3.0704372378223935e+47, 442, 29)
baseline:  (3.074359572610869e+47, [452, 452, 452, 452, 452, 452, 452, 452, 452, 452, 452, 452, 452, 452, 452, 452, 452, 452, 452], 452, 2304)
best 5 choices:
(3.0701983630190156e+47, [441, 441, 441, 441, 441, 441, 441, 441, 441, 441, 441, 441, 441, 441, 441, 441, 441, 441, 441, 441, 441, 441, 441, 441, 441, 444, 445, 446, 447, 448, 449, 450, 452], 452, 2304)
(3.070210362232407e+47, [441, 441, 441, 441, 441, 441, 441, 441, 441, 441, 441, 441, 441, 441, 441, 441, 441, 441, 441, 441, 441, 441, 441, 441, 441, 441, 442, 445, 446, 447, 448, 449, 450, 452], 452, 2304)
(3.070212112932435e+47, [441, 441, 441, 441, 441, 441, 441, 441, 441, 441, 441, 441, 441, 441, 441, 441, 441, 441, 441, 441, 441, 441, 441, 441, 443, 444, 445, 447, 448, 450, 451, 452], 452, 2304)
(3.0702128635020084e+47, [441, 441, 441, 441, 441, 441, 441, 441, 441, 441, 441, 441, 441, 441, 441, 441, 441, 441, 441, 441, 441, 441, 441, 441, 441, 442, 444, 446, 447, 448, 449, 451, 452], 452, 2304)
(3.070213137461827e+47, [441, 441, 441, 441, 441, 441, 441, 441, 441, 441, 441, 441, 441, 441, 441, 441, 441, 441, 441, 441, 441, 441, 441, 441, 441, 442, 443, 444, 446, 447, 448, 449, 450, 452], 452, 2304)
end round with 8 suffixes


======== round 452 ========
todo suffixes: [[443, 445, 446, 448, 451, 453], [444, 446, 448, 451, 453], [445, 448, 451, 453], [447, 451, 453], [450, 453], [449, 453], [448, 453], [451]]
cur_suffix:  [443, 445, 446, 448, 451, 453]
bz: 438.
iter:  24
bz: 439.
iter:  24
bz: 440.
iter:  26
bz: 441.
iter:  26
bz: 442.
iter:  29
fisrt choice: (-1, -1, -1)
baseline:  (3.074359572610869e+47, [452, 452, 452, 452, 452, 452, 452, 452, 452, 452, 452, 452, 452, 452, 452, 452, 452, 452, 452], 452, 2304)
the strategy is infeasible, continue


======== round 453 ========
todo suffixes: [[444, 446, 448, 451, 453], [445, 448, 451, 453], [447, 451, 453], [450, 453], [449, 453], [448, 453], [451]]
cur_suffix:  [444, 446, 448, 451, 453]
bz: 439.
iter:  24
bz: 440.
iter:  26
bz: 441.
iter:  26
bz: 442.
iter:  29
bz: 443.
iter:  27
fisrt choice: (-1, -1, -1)
baseline:  (3.074359572610869e+47, [452, 452, 452, 452, 452, 452, 452, 452, 452, 452, 452, 452, 452, 452, 452, 452, 452, 452, 452], 452, 2304)
the strategy is infeasible, continue


======== round 454 ========
todo suffixes: [[445, 448, 451, 453], [447, 451, 453], [450, 453], [449, 453], [448, 453], [451]]
cur_suffix:  [445, 448, 451, 453]
bz: 440.
iter:  26
bz: 441.
iter:  26
bz: 442.
iter:  29
bz: 443.
iter:  27
bz: 444.
fisrt choice: (3.070655624581482e+47, 444, 26)
baseline:  (3.074359572610869e+47, [452, 452, 452, 452, 452, 452, 452, 452, 452, 452, 452, 452, 452, 452, 452, 452, 452, 452, 452], 452, 2304)
best 5 choices:
(3.0701983630190156e+47, [441, 441, 441, 441, 441, 441, 441, 441, 441, 441, 441, 441, 441, 441, 441, 441, 441, 441, 441, 441, 441, 441, 441, 441, 441, 444, 445, 446, 447, 448, 449, 450, 452], 452, 2304)
(3.070210362232407e+47, [441, 441, 441, 441, 441, 441, 441, 441, 441, 441, 441, 441, 441, 441, 441, 441, 441, 441, 441, 441, 441, 441, 441, 441, 441, 441, 442, 445, 446, 447, 448, 449, 450, 452], 452, 2304)
(3.070212112932435e+47, [441, 441, 441, 441, 441, 441, 441, 441, 441, 441, 441, 441, 441, 441, 441, 441, 441, 441, 441, 441, 441, 441, 441, 441, 443, 444, 445, 447, 448, 450, 451, 452], 452, 2304)
(3.0702128635020084e+47, [441, 441, 441, 441, 441, 441, 441, 441, 441, 441, 441, 441, 441, 441, 441, 441, 441, 441, 441, 441, 441, 441, 441, 441, 441, 442, 444, 446, 447, 448, 449, 451, 452], 452, 2304)
(3.070213137461827e+47, [441, 441, 441, 441, 441, 441, 441, 441, 441, 441, 441, 441, 441, 441, 441, 441, 441, 441, 441, 441, 441, 441, 441, 441, 441, 442, 443, 444, 446, 447, 448, 449, 450, 452], 452, 2304)
end round with 6 suffixes


======== round 455 ========
todo suffixes: [[444, 445, 448, 451, 453], [447, 451, 453], [450, 453], [449, 453], [448, 453], [451]]
cur_suffix:  [444, 445, 448, 451, 453]
bz: 439.
iter:  24
bz: 440.
iter:  26
bz: 441.
iter:  26
bz: 442.
iter:  29
bz: 443.
iter:  27
fisrt choice: (-1, -1, -1)
baseline:  (3.074359572610869e+47, [452, 452, 452, 452, 452, 452, 452, 452, 452, 452, 452, 452, 452, 452, 452, 452, 452, 452, 452], 452, 2304)
the strategy is infeasible, continue


======== round 456 ========
todo suffixes: [[447, 451, 453], [450, 453], [449, 453], [448, 453], [451]]
cur_suffix:  [447, 451, 453]
bz: 442.
iter:  29
bz: 443.
iter:  27
bz: 444.
iter:  26
bz: 445.
fisrt choice: (3.070772040884783e+47, 445, 24)
baseline:  (3.074359572610869e+47, [452, 452, 452, 452, 452, 452, 452, 452, 452, 452, 452, 452, 452, 452, 452, 452, 452, 452, 452], 452, 2304)
best 5 choices:
(3.0701983630190156e+47, [441, 441, 441, 441, 441, 441, 441, 441, 441, 441, 441, 441, 441, 441, 441, 441, 441, 441, 441, 441, 441, 441, 441, 441, 441, 444, 445, 446, 447, 448, 449, 450, 452], 452, 2304)
(3.070210362232407e+47, [441, 441, 441, 441, 441, 441, 441, 441, 441, 441, 441, 441, 441, 441, 441, 441, 441, 441, 441, 441, 441, 441, 441, 441, 441, 441, 442, 445, 446, 447, 448, 449, 450, 452], 452, 2304)
(3.070212112932435e+47, [441, 441, 441, 441, 441, 441, 441, 441, 441, 441, 441, 441, 441, 441, 441, 441, 441, 441, 441, 441, 441, 441, 441, 441, 443, 444, 445, 447, 448, 450, 451, 452], 452, 2304)
(3.0702128635020084e+47, [441, 441, 441, 441, 441, 441, 441, 441, 441, 441, 441, 441, 441, 441, 441, 441, 441, 441, 441, 441, 441, 441, 441, 441, 441, 442, 444, 446, 447, 448, 449, 451, 452], 452, 2304)
(3.070213137461827e+47, [441, 441, 441, 441, 441, 441, 441, 441, 441, 441, 441, 441, 441, 441, 441, 441, 441, 441, 441, 441, 441, 441, 441, 441, 441, 442, 443, 444, 446, 447, 448, 449, 450, 452], 452, 2304)
end round with 6 suffixes


======== round 457 ========
todo suffixes: [[446, 447, 451, 453], [445, 447, 451, 453], [450, 453], [449, 453], [448, 453], [451]]
cur_suffix:  [446, 447, 451, 453]
bz: 441.
iter:  26
bz: 442.
iter:  29
bz: 443.
iter:  27
bz: 444.
fisrt choice: (3.0706465586392113e+47, 444, 26)
baseline:  (3.074359572610869e+47, [452, 452, 452, 452, 452, 452, 452, 452, 452, 452, 452, 452, 452, 452, 452, 452, 452, 452, 452], 452, 2304)
best 5 choices:
(3.0701983630190156e+47, [441, 441, 441, 441, 441, 441, 441, 441, 441, 441, 441, 441, 441, 441, 441, 441, 441, 441, 441, 441, 441, 441, 441, 441, 441, 444, 445, 446, 447, 448, 449, 450, 452], 452, 2304)
(3.070210362232407e+47, [441, 441, 441, 441, 441, 441, 441, 441, 441, 441, 441, 441, 441, 441, 441, 441, 441, 441, 441, 441, 441, 441, 441, 441, 441, 441, 442, 445, 446, 447, 448, 449, 450, 452], 452, 2304)
(3.070212112932435e+47, [441, 441, 441, 441, 441, 441, 441, 441, 441, 441, 441, 441, 441, 441, 441, 441, 441, 441, 441, 441, 441, 441, 441, 441, 443, 444, 445, 447, 448, 450, 451, 452], 452, 2304)
(3.0702128635020084e+47, [441, 441, 441, 441, 441, 441, 441, 441, 441, 441, 441, 441, 441, 441, 441, 441, 441, 441, 441, 441, 441, 441, 441, 441, 441, 442, 444, 446, 447, 448, 449, 451, 452], 452, 2304)
(3.070213137461827e+47, [441, 441, 441, 441, 441, 441, 441, 441, 441, 441, 441, 441, 441, 441, 441, 441, 441, 441, 441, 441, 441, 441, 441, 441, 441, 442, 443, 444, 446, 447, 448, 449, 450, 452], 452, 2304)
end round with 7 suffixes


======== round 458 ========
todo suffixes: [[445, 446, 447, 451, 453], [444, 446, 447, 451, 453], [445, 447, 451, 453], [450, 453], [449, 453], [448, 453], [451]]
cur_suffix:  [445, 446, 447, 451, 453]
bz: 440.
iter:  26
bz: 441.
iter:  26
bz: 442.
iter:  29
bz: 443.
iter:  27
bz: 444.
fisrt choice: (3.0705992517903418e+47, 444, 24)
baseline:  (3.074359572610869e+47, [452, 452, 452, 452, 452, 452, 452, 452, 452, 452, 452, 452, 452, 452, 452, 452, 452, 452, 452], 452, 2304)
best 5 choices:
(3.0701983630190156e+47, [441, 441, 441, 441, 441, 441, 441, 441, 441, 441, 441, 441, 441, 441, 441, 441, 441, 441, 441, 441, 441, 441, 441, 441, 441, 444, 445, 446, 447, 448, 449, 450, 452], 452, 2304)
(3.070210362232407e+47, [441, 441, 441, 441, 441, 441, 441, 441, 441, 441, 441, 441, 441, 441, 441, 441, 441, 441, 441, 441, 441, 441, 441, 441, 441, 441, 442, 445, 446, 447, 448, 449, 450, 452], 452, 2304)
(3.070212112932435e+47, [441, 441, 441, 441, 441, 441, 441, 441, 441, 441, 441, 441, 441, 441, 441, 441, 441, 441, 441, 441, 441, 441, 441, 441, 443, 444, 445, 447, 448, 450, 451, 452], 452, 2304)
(3.0702128635020084e+47, [441, 441, 441, 441, 441, 441, 441, 441, 441, 441, 441, 441, 441, 441, 441, 441, 441, 441, 441, 441, 441, 441, 441, 441, 441, 442, 444, 446, 447, 448, 449, 451, 452], 452, 2304)
(3.070213137461827e+47, [441, 441, 441, 441, 441, 441, 441, 441, 441, 441, 441, 441, 441, 441, 441, 441, 441, 441, 441, 441, 441, 441, 441, 441, 441, 442, 443, 444, 446, 447, 448, 449, 450, 452], 452, 2304)
end round with 7 suffixes


======== round 459 ========
todo suffixes: [[444, 445, 446, 447, 451, 453], [444, 446, 447, 451, 453], [445, 447, 451, 453], [450, 453], [449, 453], [448, 453], [451]]
cur_suffix:  [444, 445, 446, 447, 451, 453]
bz: 439.
iter:  24
bz: 440.
iter:  26
bz: 441.
iter:  26
bz: 442.
iter:  29
bz: 443.
fisrt choice: (3.070533104263421e+47, 443, 27)
baseline:  (3.074359572610869e+47, [452, 452, 452, 452, 452, 452, 452, 452, 452, 452, 452, 452, 452, 452, 452, 452, 452, 452, 452], 452, 2304)
best 5 choices:
(3.0701983630190156e+47, [441, 441, 441, 441, 441, 441, 441, 441, 441, 441, 441, 441, 441, 441, 441, 441, 441, 441, 441, 441, 441, 441, 441, 441, 441, 444, 445, 446, 447, 448, 449, 450, 452], 452, 2304)
(3.070210362232407e+47, [441, 441, 441, 441, 441, 441, 441, 441, 441, 441, 441, 441, 441, 441, 441, 441, 441, 441, 441, 441, 441, 441, 441, 441, 441, 441, 442, 445, 446, 447, 448, 449, 450, 452], 452, 2304)
(3.070212112932435e+47, [441, 441, 441, 441, 441, 441, 441, 441, 441, 441, 441, 441, 441, 441, 441, 441, 441, 441, 441, 441, 441, 441, 441, 441, 443, 444, 445, 447, 448, 450, 451, 452], 452, 2304)
(3.0702128635020084e+47, [441, 441, 441, 441, 441, 441, 441, 441, 441, 441, 441, 441, 441, 441, 441, 441, 441, 441, 441, 441, 441, 441, 441, 441, 441, 442, 444, 446, 447, 448, 449, 451, 452], 452, 2304)
(3.070213137461827e+47, [441, 441, 441, 441, 441, 441, 441, 441, 441, 441, 441, 441, 441, 441, 441, 441, 441, 441, 441, 441, 441, 441, 441, 441, 441, 442, 443, 444, 446, 447, 448, 449, 450, 452], 452, 2304)
end round with 7 suffixes


======== round 460 ========
todo suffixes: [[443, 444, 445, 446, 447, 451, 453], [444, 446, 447, 451, 453], [445, 447, 451, 453], [450, 453], [449, 453], [448, 453], [451]]
cur_suffix:  [443, 444, 445, 446, 447, 451, 453]
bz: 438.
iter:  24
bz: 439.
iter:  24
bz: 440.
iter:  26
bz: 441.
iter:  26
bz: 442.
iter:  29
fisrt choice: (-1, -1, -1)
baseline:  (3.074359572610869e+47, [452, 452, 452, 452, 452, 452, 452, 452, 452, 452, 452, 452, 452, 452, 452, 452, 452, 452, 452], 452, 2304)
the strategy is infeasible, continue


======== round 461 ========
todo suffixes: [[444, 446, 447, 451, 453], [445, 447, 451, 453], [450, 453], [449, 453], [448, 453], [451]]
cur_suffix:  [444, 446, 447, 451, 453]
bz: 439.
iter:  24
bz: 440.
iter:  26
bz: 441.
iter:  26
bz: 442.
iter:  29
bz: 443.
iter:  27
fisrt choice: (-1, -1, -1)
baseline:  (3.074359572610869e+47, [452, 452, 452, 452, 452, 452, 452, 452, 452, 452, 452, 452, 452, 452, 452, 452, 452, 452, 452], 452, 2304)
the strategy is infeasible, continue


======== round 462 ========
todo suffixes: [[445, 447, 451, 453], [450, 453], [449, 453], [448, 453], [451]]
cur_suffix:  [445, 447, 451, 453]
bz: 440.
iter:  26
bz: 441.
iter:  26
bz: 442.
iter:  29
bz: 443.
iter:  27
bz: 444.
fisrt choice: (3.0706290125730543e+47, 444, 26)
baseline:  (3.074359572610869e+47, [452, 452, 452, 452, 452, 452, 452, 452, 452, 452, 452, 452, 452, 452, 452, 452, 452, 452, 452], 452, 2304)
best 5 choices:
(3.0701983630190156e+47, [441, 441, 441, 441, 441, 441, 441, 441, 441, 441, 441, 441, 441, 441, 441, 441, 441, 441, 441, 441, 441, 441, 441, 441, 441, 444, 445, 446, 447, 448, 449, 450, 452], 452, 2304)
(3.070210362232407e+47, [441, 441, 441, 441, 441, 441, 441, 441, 441, 441, 441, 441, 441, 441, 441, 441, 441, 441, 441, 441, 441, 441, 441, 441, 441, 441, 442, 445, 446, 447, 448, 449, 450, 452], 452, 2304)
(3.070212112932435e+47, [441, 441, 441, 441, 441, 441, 441, 441, 441, 441, 441, 441, 441, 441, 441, 441, 441, 441, 441, 441, 441, 441, 441, 441, 443, 444, 445, 447, 448, 450, 451, 452], 452, 2304)
(3.0702128635020084e+47, [441, 441, 441, 441, 441, 441, 441, 441, 441, 441, 441, 441, 441, 441, 441, 441, 441, 441, 441, 441, 441, 441, 441, 441, 441, 442, 444, 446, 447, 448, 449, 451, 452], 452, 2304)
(3.070213137461827e+47, [441, 441, 441, 441, 441, 441, 441, 441, 441, 441, 441, 441, 441, 441, 441, 441, 441, 441, 441, 441, 441, 441, 441, 441, 441, 442, 443, 444, 446, 447, 448, 449, 450, 452], 452, 2304)
end round with 5 suffixes


======== round 463 ========
todo suffixes: [[444, 445, 447, 451, 453], [450, 453], [449, 453], [448, 453], [451]]
cur_suffix:  [444, 445, 447, 451, 453]
bz: 439.
iter:  24
bz: 440.
iter:  26
bz: 441.
iter:  26
bz: 442.
iter:  29
bz: 443.
iter:  27
fisrt choice: (-1, -1, -1)
baseline:  (3.074359572610869e+47, [452, 452, 452, 452, 452, 452, 452, 452, 452, 452, 452, 452, 452, 452, 452, 452, 452, 452, 452], 452, 2304)
the strategy is infeasible, continue


======== round 464 ========
todo suffixes: [[450, 453], [449, 453], [448, 453], [451]]
cur_suffix:  [450, 453]
bz: 445.
iter:  24
bz: 446.
iter:  23
bz: 447.
fisrt choice: (3.0713171724478255e+47, 447, 22)
baseline:  (3.074359572610869e+47, [452, 452, 452, 452, 452, 452, 452, 452, 452, 452, 452, 452, 452, 452, 452, 452, 452, 452, 452], 452, 2304)
best 5 choices:
(3.0701983630190156e+47, [441, 441, 441, 441, 441, 441, 441, 441, 441, 441, 441, 441, 441, 441, 441, 441, 441, 441, 441, 441, 441, 441, 441, 441, 441, 444, 445, 446, 447, 448, 449, 450, 452], 452, 2304)
(3.070210362232407e+47, [441, 441, 441, 441, 441, 441, 441, 441, 441, 441, 441, 441, 441, 441, 441, 441, 441, 441, 441, 441, 441, 441, 441, 441, 441, 441, 442, 445, 446, 447, 448, 449, 450, 452], 452, 2304)
(3.070212112932435e+47, [441, 441, 441, 441, 441, 441, 441, 441, 441, 441, 441, 441, 441, 441, 441, 441, 441, 441, 441, 441, 441, 441, 441, 441, 443, 444, 445, 447, 448, 450, 451, 452], 452, 2304)
(3.0702128635020084e+47, [441, 441, 441, 441, 441, 441, 441, 441, 441, 441, 441, 441, 441, 441, 441, 441, 441, 441, 441, 441, 441, 441, 441, 441, 441, 442, 444, 446, 447, 448, 449, 451, 452], 452, 2304)
(3.070213137461827e+47, [441, 441, 441, 441, 441, 441, 441, 441, 441, 441, 441, 441, 441, 441, 441, 441, 441, 441, 441, 441, 441, 441, 441, 441, 441, 442, 443, 444, 446, 447, 448, 449, 450, 452], 452, 2304)
end round with 6 suffixes


======== round 465 ========
todo suffixes: [[449, 450, 453], [448, 450, 453], [447, 450, 453], [449, 453], [448, 453], [451]]
cur_suffix:  [449, 450, 453]
bz: 444.
iter:  26
bz: 445.
fisrt choice: (3.0707817158679183e+47, 445, 24)
baseline:  (3.074359572610869e+47, [452, 452, 452, 452, 452, 452, 452, 452, 452, 452, 452, 452, 452, 452, 452, 452, 452, 452, 452], 452, 2304)
best 5 choices:
(3.0701983630190156e+47, [441, 441, 441, 441, 441, 441, 441, 441, 441, 441, 441, 441, 441, 441, 441, 441, 441, 441, 441, 441, 441, 441, 441, 441, 441, 444, 445, 446, 447, 448, 449, 450, 452], 452, 2304)
(3.070210362232407e+47, [441, 441, 441, 441, 441, 441, 441, 441, 441, 441, 441, 441, 441, 441, 441, 441, 441, 441, 441, 441, 441, 441, 441, 441, 441, 441, 442, 445, 446, 447, 448, 449, 450, 452], 452, 2304)
(3.070212112932435e+47, [441, 441, 441, 441, 441, 441, 441, 441, 441, 441, 441, 441, 441, 441, 441, 441, 441, 441, 441, 441, 441, 441, 441, 441, 443, 444, 445, 447, 448, 450, 451, 452], 452, 2304)
(3.0702128635020084e+47, [441, 441, 441, 441, 441, 441, 441, 441, 441, 441, 441, 441, 441, 441, 441, 441, 441, 441, 441, 441, 441, 441, 441, 441, 441, 442, 444, 446, 447, 448, 449, 451, 452], 452, 2304)
(3.070213137461827e+47, [441, 441, 441, 441, 441, 441, 441, 441, 441, 441, 441, 441, 441, 441, 441, 441, 441, 441, 441, 441, 441, 441, 441, 441, 441, 442, 443, 444, 446, 447, 448, 449, 450, 452], 452, 2304)
end round with 9 suffixes


======== round 466 ========
todo suffixes: [[448, 449, 450, 453], [447, 449, 450, 453], [446, 449, 450, 453], [445, 449, 450, 453], [448, 450, 453], [447, 450, 453], [449, 453], [448, 453], [451]]
cur_suffix:  [448, 449, 450, 453]
bz: 443.
iter:  27
bz: 444.
fisrt choice: (3.0705813456494434e+47, 444, 24)
baseline:  (3.074359572610869e+47, [452, 452, 452, 452, 452, 452, 452, 452, 452, 452, 452, 452, 452, 452, 452, 452, 452, 452, 452], 452, 2304)
best 5 choices:
(3.0701983630190156e+47, [441, 441, 441, 441, 441, 441, 441, 441, 441, 441, 441, 441, 441, 441, 441, 441, 441, 441, 441, 441, 441, 441, 441, 441, 441, 444, 445, 446, 447, 448, 449, 450, 452], 452, 2304)
(3.070210362232407e+47, [441, 441, 441, 441, 441, 441, 441, 441, 441, 441, 441, 441, 441, 441, 441, 441, 441, 441, 441, 441, 441, 441, 441, 441, 441, 441, 442, 445, 446, 447, 448, 449, 450, 452], 452, 2304)
(3.070212112932435e+47, [441, 441, 441, 441, 441, 441, 441, 441, 441, 441, 441, 441, 441, 441, 441, 441, 441, 441, 441, 441, 441, 441, 441, 441, 443, 444, 445, 447, 448, 450, 451, 452], 452, 2304)
(3.0702128635020084e+47, [441, 441, 441, 441, 441, 441, 441, 441, 441, 441, 441, 441, 441, 441, 441, 441, 441, 441, 441, 441, 441, 441, 441, 441, 441, 442, 444, 446, 447, 448, 449, 451, 452], 452, 2304)
(3.070213137461827e+47, [441, 441, 441, 441, 441, 441, 441, 441, 441, 441, 441, 441, 441, 441, 441, 441, 441, 441, 441, 441, 441, 441, 441, 441, 441, 442, 443, 444, 446, 447, 448, 449, 450, 452], 452, 2304)
end round with 12 suffixes


======== round 467 ========
todo suffixes: [[447, 448, 449, 450, 453], [446, 448, 449, 450, 453], [445, 448, 449, 450, 453], [444, 448, 449, 450, 453], [447, 449, 450, 453], [446, 449, 450, 453], [445, 449, 450, 453], [448, 450, 453], [447, 450, 453], [449, 453], [448, 453], [451]]
cur_suffix:  [447, 448, 449, 450, 453]
bz: 442.
fisrt choice: (3.07039613655534e+47, 442, 29)
baseline:  (3.074359572610869e+47, [452, 452, 452, 452, 452, 452, 452, 452, 452, 452, 452, 452, 452, 452, 452, 452, 452, 452, 452], 452, 2304)
best 5 choices:
(3.0701983630190156e+47, [441, 441, 441, 441, 441, 441, 441, 441, 441, 441, 441, 441, 441, 441, 441, 441, 441, 441, 441, 441, 441, 441, 441, 441, 441, 444, 445, 446, 447, 448, 449, 450, 452], 452, 2304)
(3.070210362232407e+47, [441, 441, 441, 441, 441, 441, 441, 441, 441, 441, 441, 441, 441, 441, 441, 441, 441, 441, 441, 441, 441, 441, 441, 441, 441, 441, 442, 445, 446, 447, 448, 449, 450, 452], 452, 2304)
(3.070212112932435e+47, [441, 441, 441, 441, 441, 441, 441, 441, 441, 441, 441, 441, 441, 441, 441, 441, 441, 441, 441, 441, 441, 441, 441, 441, 443, 444, 445, 447, 448, 450, 451, 452], 452, 2304)
(3.0702128635020084e+47, [441, 441, 441, 441, 441, 441, 441, 441, 441, 441, 441, 441, 441, 441, 441, 441, 441, 441, 441, 441, 441, 441, 441, 441, 441, 442, 444, 446, 447, 448, 449, 451, 452], 452, 2304)
(3.070213137461827e+47, [441, 441, 441, 441, 441, 441, 441, 441, 441, 441, 441, 441, 441, 441, 441, 441, 441, 441, 441, 441, 441, 441, 441, 441, 441, 442, 443, 444, 446, 447, 448, 449, 450, 452], 452, 2304)
end round with 11 suffixes


======== round 468 ========
todo suffixes: [[446, 448, 449, 450, 453], [445, 448, 449, 450, 453], [444, 448, 449, 450, 453], [447, 449, 450, 453], [446, 449, 450, 453], [445, 449, 450, 453], [448, 450, 453], [447, 450, 453], [449, 453], [448, 453], [451]]
cur_suffix:  [446, 448, 449, 450, 453]
bz: 441.
iter:  26
bz: 442.
iter:  29
bz: 443.
fisrt choice: (3.07044702117351e+47, 443, 25)
baseline:  (3.074359572610869e+47, [452, 452, 452, 452, 452, 452, 452, 452, 452, 452, 452, 452, 452, 452, 452, 452, 452, 452, 452], 452, 2304)
best 5 choices:
(3.0701983630190156e+47, [441, 441, 441, 441, 441, 441, 441, 441, 441, 441, 441, 441, 441, 441, 441, 441, 441, 441, 441, 441, 441, 441, 441, 441, 441, 444, 445, 446, 447, 448, 449, 450, 452], 452, 2304)
(3.070210362232407e+47, [441, 441, 441, 441, 441, 441, 441, 441, 441, 441, 441, 441, 441, 441, 441, 441, 441, 441, 441, 441, 441, 441, 441, 441, 441, 441, 442, 445, 446, 447, 448, 449, 450, 452], 452, 2304)
(3.070212112932435e+47, [441, 441, 441, 441, 441, 441, 441, 441, 441, 441, 441, 441, 441, 441, 441, 441, 441, 441, 441, 441, 441, 441, 441, 441, 443, 444, 445, 447, 448, 450, 451, 452], 452, 2304)
(3.0702128635020084e+47, [441, 441, 441, 441, 441, 441, 441, 441, 441, 441, 441, 441, 441, 441, 441, 441, 441, 441, 441, 441, 441, 441, 441, 441, 441, 442, 444, 446, 447, 448, 449, 451, 452], 452, 2304)
(3.070213137461827e+47, [441, 441, 441, 441, 441, 441, 441, 441, 441, 441, 441, 441, 441, 441, 441, 441, 441, 441, 441, 441, 441, 441, 441, 441, 441, 442, 443, 444, 446, 447, 448, 449, 450, 452], 452, 2304)
end round with 13 suffixes


======== round 469 ========
todo suffixes: [[445, 446, 448, 449, 450, 453], [444, 446, 448, 449, 450, 453], [443, 446, 448, 449, 450, 453], [445, 448, 449, 450, 453], [444, 448, 449, 450, 453], [447, 449, 450, 453], [446, 449, 450, 453], [445, 449, 450, 453], [448, 450, 453], [447, 450, 453], [449, 453], [448, 453], [451]]
cur_suffix:  [445, 446, 448, 449, 450, 453]
bz: 440.
iter:  26
bz: 441.
iter:  26
bz: 442.
fisrt choice: (3.0703285568423875e+47, 442, 26)
baseline:  (3.074359572610869e+47, [452, 452, 452, 452, 452, 452, 452, 452, 452, 452, 452, 452, 452, 452, 452, 452, 452, 452, 452], 452, 2304)
best 5 choices:
(3.0701983630190156e+47, [441, 441, 441, 441, 441, 441, 441, 441, 441, 441, 441, 441, 441, 441, 441, 441, 441, 441, 441, 441, 441, 441, 441, 441, 441, 444, 445, 446, 447, 448, 449, 450, 452], 452, 2304)
(3.070210362232407e+47, [441, 441, 441, 441, 441, 441, 441, 441, 441, 441, 441, 441, 441, 441, 441, 441, 441, 441, 441, 441, 441, 441, 441, 441, 441, 441, 442, 445, 446, 447, 448, 449, 450, 452], 452, 2304)
(3.070212112932435e+47, [441, 441, 441, 441, 441, 441, 441, 441, 441, 441, 441, 441, 441, 441, 441, 441, 441, 441, 441, 441, 441, 441, 441, 441, 443, 444, 445, 447, 448, 450, 451, 452], 452, 2304)
(3.0702128635020084e+47, [441, 441, 441, 441, 441, 441, 441, 441, 441, 441, 441, 441, 441, 441, 441, 441, 441, 441, 441, 441, 441, 441, 441, 441, 441, 442, 444, 446, 447, 448, 449, 451, 452], 452, 2304)
(3.070213137461827e+47, [441, 441, 441, 441, 441, 441, 441, 441, 441, 441, 441, 441, 441, 441, 441, 441, 441, 441, 441, 441, 441, 441, 441, 441, 441, 442, 443, 444, 446, 447, 448, 449, 450, 452], 452, 2304)
end round with 12 suffixes


======== round 470 ========
todo suffixes: [[444, 446, 448, 449, 450, 453], [443, 446, 448, 449, 450, 453], [445, 448, 449, 450, 453], [444, 448, 449, 450, 453], [447, 449, 450, 453], [446, 449, 450, 453], [445, 449, 450, 453], [448, 450, 453], [447, 450, 453], [449, 453], [448, 453], [451]]
cur_suffix:  [444, 446, 448, 449, 450, 453]
bz: 439.
iter:  24
bz: 440.
iter:  26
bz: 441.
iter:  26
bz: 442.
fisrt choice: (3.070354900347942e+47, 442, 27)
baseline:  (3.074359572610869e+47, [452, 452, 452, 452, 452, 452, 452, 452, 452, 452, 452, 452, 452, 452, 452, 452, 452, 452, 452], 452, 2304)
best 5 choices:
(3.0701983630190156e+47, [441, 441, 441, 441, 441, 441, 441, 441, 441, 441, 441, 441, 441, 441, 441, 441, 441, 441, 441, 441, 441, 441, 441, 441, 441, 444, 445, 446, 447, 448, 449, 450, 452], 452, 2304)
(3.070210362232407e+47, [441, 441, 441, 441, 441, 441, 441, 441, 441, 441, 441, 441, 441, 441, 441, 441, 441, 441, 441, 441, 441, 441, 441, 441, 441, 441, 442, 445, 446, 447, 448, 449, 450, 452], 452, 2304)
(3.070212112932435e+47, [441, 441, 441, 441, 441, 441, 441, 441, 441, 441, 441, 441, 441, 441, 441, 441, 441, 441, 441, 441, 441, 441, 441, 441, 443, 444, 445, 447, 448, 450, 451, 452], 452, 2304)
(3.0702128635020084e+47, [441, 441, 441, 441, 441, 441, 441, 441, 441, 441, 441, 441, 441, 441, 441, 441, 441, 441, 441, 441, 441, 441, 441, 441, 441, 442, 444, 446, 447, 448, 449, 451, 452], 452, 2304)
(3.070213137461827e+47, [441, 441, 441, 441, 441, 441, 441, 441, 441, 441, 441, 441, 441, 441, 441, 441, 441, 441, 441, 441, 441, 441, 441, 441, 441, 442, 443, 444, 446, 447, 448, 449, 450, 452], 452, 2304)
end round with 11 suffixes


======== round 471 ========
todo suffixes: [[443, 446, 448, 449, 450, 453], [445, 448, 449, 450, 453], [444, 448, 449, 450, 453], [447, 449, 450, 453], [446, 449, 450, 453], [445, 449, 450, 453], [448, 450, 453], [447, 450, 453], [449, 453], [448, 453], [451]]
cur_suffix:  [443, 446, 448, 449, 450, 453]
bz: 438.
iter:  24
bz: 439.
iter:  24
bz: 440.
iter:  26
bz: 441.
iter:  26
bz: 442.
fisrt choice: (3.07038392223367e+47, 442, 28)
baseline:  (3.074359572610869e+47, [452, 452, 452, 452, 452, 452, 452, 452, 452, 452, 452, 452, 452, 452, 452, 452, 452, 452, 452], 452, 2304)
best 5 choices:
(3.0701983630190156e+47, [441, 441, 441, 441, 441, 441, 441, 441, 441, 441, 441, 441, 441, 441, 441, 441, 441, 441, 441, 441, 441, 441, 441, 441, 441, 444, 445, 446, 447, 448, 449, 450, 452], 452, 2304)
(3.070210362232407e+47, [441, 441, 441, 441, 441, 441, 441, 441, 441, 441, 441, 441, 441, 441, 441, 441, 441, 441, 441, 441, 441, 441, 441, 441, 441, 441, 442, 445, 446, 447, 448, 449, 450, 452], 452, 2304)
(3.070212112932435e+47, [441, 441, 441, 441, 441, 441, 441, 441, 441, 441, 441, 441, 441, 441, 441, 441, 441, 441, 441, 441, 441, 441, 441, 441, 443, 444, 445, 447, 448, 450, 451, 452], 452, 2304)
(3.0702128635020084e+47, [441, 441, 441, 441, 441, 441, 441, 441, 441, 441, 441, 441, 441, 441, 441, 441, 441, 441, 441, 441, 441, 441, 441, 441, 441, 442, 444, 446, 447, 448, 449, 451, 452], 452, 2304)
(3.070213137461827e+47, [441, 441, 441, 441, 441, 441, 441, 441, 441, 441, 441, 441, 441, 441, 441, 441, 441, 441, 441, 441, 441, 441, 441, 441, 441, 442, 443, 444, 446, 447, 448, 449, 450, 452], 452, 2304)
end round with 10 suffixes


======== round 472 ========
todo suffixes: [[445, 448, 449, 450, 453], [444, 448, 449, 450, 453], [447, 449, 450, 453], [446, 449, 450, 453], [445, 449, 450, 453], [448, 450, 453], [447, 450, 453], [449, 453], [448, 453], [451]]
cur_suffix:  [445, 448, 449, 450, 453]
bz: 440.
iter:  26
bz: 441.
iter:  26
bz: 442.
iter:  29
bz: 443.
fisrt choice: (3.0704794603363964e+47, 443, 26)
baseline:  (3.074359572610869e+47, [452, 452, 452, 452, 452, 452, 452, 452, 452, 452, 452, 452, 452, 452, 452, 452, 452, 452, 452], 452, 2304)
best 5 choices:
(3.0701983630190156e+47, [441, 441, 441, 441, 441, 441, 441, 441, 441, 441, 441, 441, 441, 441, 441, 441, 441, 441, 441, 441, 441, 441, 441, 441, 441, 444, 445, 446, 447, 448, 449, 450, 452], 452, 2304)
(3.070210362232407e+47, [441, 441, 441, 441, 441, 441, 441, 441, 441, 441, 441, 441, 441, 441, 441, 441, 441, 441, 441, 441, 441, 441, 441, 441, 441, 441, 442, 445, 446, 447, 448, 449, 450, 452], 452, 2304)
(3.070212112932435e+47, [441, 441, 441, 441, 441, 441, 441, 441, 441, 441, 441, 441, 441, 441, 441, 441, 441, 441, 441, 441, 441, 441, 441, 441, 443, 444, 445, 447, 448, 450, 451, 452], 452, 2304)
(3.0702128635020084e+47, [441, 441, 441, 441, 441, 441, 441, 441, 441, 441, 441, 441, 441, 441, 441, 441, 441, 441, 441, 441, 441, 441, 441, 441, 441, 442, 444, 446, 447, 448, 449, 451, 452], 452, 2304)
(3.070213137461827e+47, [441, 441, 441, 441, 441, 441, 441, 441, 441, 441, 441, 441, 441, 441, 441, 441, 441, 441, 441, 441, 441, 441, 441, 441, 441, 442, 443, 444, 446, 447, 448, 449, 450, 452], 452, 2304)
end round with 11 suffixes


======== round 473 ========
todo suffixes: [[444, 445, 448, 449, 450, 453], [443, 445, 448, 449, 450, 453], [444, 448, 449, 450, 453], [447, 449, 450, 453], [446, 449, 450, 453], [445, 449, 450, 453], [448, 450, 453], [447, 450, 453], [449, 453], [448, 453], [451]]
cur_suffix:  [444, 445, 448, 449, 450, 453]
bz: 439.
iter:  24
bz: 440.
iter:  26
bz: 441.
iter:  26
bz: 442.
fisrt choice: (3.0703779452302564e+47, 442, 28)
baseline:  (3.074359572610869e+47, [452, 452, 452, 452, 452, 452, 452, 452, 452, 452, 452, 452, 452, 452, 452, 452, 452, 452, 452], 452, 2304)
best 5 choices:
(3.0701983630190156e+47, [441, 441, 441, 441, 441, 441, 441, 441, 441, 441, 441, 441, 441, 441, 441, 441, 441, 441, 441, 441, 441, 441, 441, 441, 441, 444, 445, 446, 447, 448, 449, 450, 452], 452, 2304)
(3.070210362232407e+47, [441, 441, 441, 441, 441, 441, 441, 441, 441, 441, 441, 441, 441, 441, 441, 441, 441, 441, 441, 441, 441, 441, 441, 441, 441, 441, 442, 445, 446, 447, 448, 449, 450, 452], 452, 2304)
(3.070212112932435e+47, [441, 441, 441, 441, 441, 441, 441, 441, 441, 441, 441, 441, 441, 441, 441, 441, 441, 441, 441, 441, 441, 441, 441, 441, 443, 444, 445, 447, 448, 450, 451, 452], 452, 2304)
(3.0702128635020084e+47, [441, 441, 441, 441, 441, 441, 441, 441, 441, 441, 441, 441, 441, 441, 441, 441, 441, 441, 441, 441, 441, 441, 441, 441, 441, 442, 444, 446, 447, 448, 449, 451, 452], 452, 2304)
(3.070213137461827e+47, [441, 441, 441, 441, 441, 441, 441, 441, 441, 441, 441, 441, 441, 441, 441, 441, 441, 441, 441, 441, 441, 441, 441, 441, 441, 442, 443, 444, 446, 447, 448, 449, 450, 452], 452, 2304)
end round with 10 suffixes


======== round 474 ========
todo suffixes: [[443, 445, 448, 449, 450, 453], [444, 448, 449, 450, 453], [447, 449, 450, 453], [446, 449, 450, 453], [445, 449, 450, 453], [448, 450, 453], [447, 450, 453], [449, 453], [448, 453], [451]]
cur_suffix:  [443, 445, 448, 449, 450, 453]
bz: 438.
iter:  24
bz: 439.
iter:  24
bz: 440.
iter:  26
bz: 441.
iter:  26
bz: 442.
iter:  29
fisrt choice: (-1, -1, -1)
baseline:  (3.074359572610869e+47, [452, 452, 452, 452, 452, 452, 452, 452, 452, 452, 452, 452, 452, 452, 452, 452, 452, 452, 452], 452, 2304)
the strategy is infeasible, continue


======== round 475 ========
todo suffixes: [[444, 448, 449, 450, 453], [447, 449, 450, 453], [446, 449, 450, 453], [445, 449, 450, 453], [448, 450, 453], [447, 450, 453], [449, 453], [448, 453], [451]]
cur_suffix:  [444, 448, 449, 450, 453]
bz: 439.
iter:  24
bz: 440.
iter:  26
bz: 441.
iter:  26
bz: 442.
iter:  29
bz: 443.
fisrt choice: (3.0704652128934795e+47, 443, 26)
baseline:  (3.074359572610869e+47, [452, 452, 452, 452, 452, 452, 452, 452, 452, 452, 452, 452, 452, 452, 452, 452, 452, 452, 452], 452, 2304)
best 5 choices:
(3.0701983630190156e+47, [441, 441, 441, 441, 441, 441, 441, 441, 441, 441, 441, 441, 441, 441, 441, 441, 441, 441, 441, 441, 441, 441, 441, 441, 441, 444, 445, 446, 447, 448, 449, 450, 452], 452, 2304)
(3.070210362232407e+47, [441, 441, 441, 441, 441, 441, 441, 441, 441, 441, 441, 441, 441, 441, 441, 441, 441, 441, 441, 441, 441, 441, 441, 441, 441, 441, 442, 445, 446, 447, 448, 449, 450, 452], 452, 2304)
(3.070212112932435e+47, [441, 441, 441, 441, 441, 441, 441, 441, 441, 441, 441, 441, 441, 441, 441, 441, 441, 441, 441, 441, 441, 441, 441, 441, 443, 444, 445, 447, 448, 450, 451, 452], 452, 2304)
(3.0702128635020084e+47, [441, 441, 441, 441, 441, 441, 441, 441, 441, 441, 441, 441, 441, 441, 441, 441, 441, 441, 441, 441, 441, 441, 441, 441, 441, 442, 444, 446, 447, 448, 449, 451, 452], 452, 2304)
(3.070213137461827e+47, [441, 441, 441, 441, 441, 441, 441, 441, 441, 441, 441, 441, 441, 441, 441, 441, 441, 441, 441, 441, 441, 441, 441, 441, 441, 442, 443, 444, 446, 447, 448, 449, 450, 452], 452, 2304)
end round with 9 suffixes


======== round 476 ========
todo suffixes: [[443, 444, 448, 449, 450, 453], [447, 449, 450, 453], [446, 449, 450, 453], [445, 449, 450, 453], [448, 450, 453], [447, 450, 453], [449, 453], [448, 453], [451]]
cur_suffix:  [443, 444, 448, 449, 450, 453]
bz: 438.
iter:  24
bz: 439.
iter:  24
bz: 440.
iter:  26
bz: 441.
iter:  26
bz: 442.
iter:  29
fisrt choice: (-1, -1, -1)
baseline:  (3.074359572610869e+47, [452, 452, 452, 452, 452, 452, 452, 452, 452, 452, 452, 452, 452, 452, 452, 452, 452, 452, 452], 452, 2304)
the strategy is infeasible, continue


======== round 477 ========
todo suffixes: [[447, 449, 450, 453], [446, 449, 450, 453], [445, 449, 450, 453], [448, 450, 453], [447, 450, 453], [449, 453], [448, 453], [451]]
cur_suffix:  [447, 449, 450, 453]
bz: 442.
iter:  29
bz: 443.
iter:  27
bz: 444.
fisrt choice: (3.0706162879328023e+47, 444, 25)
baseline:  (3.074359572610869e+47, [452, 452, 452, 452, 452, 452, 452, 452, 452, 452, 452, 452, 452, 452, 452, 452, 452, 452, 452], 452, 2304)
best 5 choices:
(3.0701983630190156e+47, [441, 441, 441, 441, 441, 441, 441, 441, 441, 441, 441, 441, 441, 441, 441, 441, 441, 441, 441, 441, 441, 441, 441, 441, 441, 444, 445, 446, 447, 448, 449, 450, 452], 452, 2304)
(3.070210362232407e+47, [441, 441, 441, 441, 441, 441, 441, 441, 441, 441, 441, 441, 441, 441, 441, 441, 441, 441, 441, 441, 441, 441, 441, 441, 441, 441, 442, 445, 446, 447, 448, 449, 450, 452], 452, 2304)
(3.070212112932435e+47, [441, 441, 441, 441, 441, 441, 441, 441, 441, 441, 441, 441, 441, 441, 441, 441, 441, 441, 441, 441, 441, 441, 441, 441, 443, 444, 445, 447, 448, 450, 451, 452], 452, 2304)
(3.0702128635020084e+47, [441, 441, 441, 441, 441, 441, 441, 441, 441, 441, 441, 441, 441, 441, 441, 441, 441, 441, 441, 441, 441, 441, 441, 441, 441, 442, 444, 446, 447, 448, 449, 451, 452], 452, 2304)
(3.070213137461827e+47, [441, 441, 441, 441, 441, 441, 441, 441, 441, 441, 441, 441, 441, 441, 441, 441, 441, 441, 441, 441, 441, 441, 441, 441, 441, 442, 443, 444, 446, 447, 448, 449, 450, 452], 452, 2304)
end round with 10 suffixes


======== round 478 ========
todo suffixes: [[446, 447, 449, 450, 453], [445, 447, 449, 450, 453], [444, 447, 449, 450, 453], [446, 449, 450, 453], [445, 449, 450, 453], [448, 450, 453], [447, 450, 453], [449, 453], [448, 453], [451]]
cur_suffix:  [446, 447, 449, 450, 453]
bz: 441.
iter:  26
bz: 442.
iter:  29
bz: 443.
fisrt choice: (3.0704703943941258e+47, 443, 26)
baseline:  (3.074359572610869e+47, [452, 452, 452, 452, 452, 452, 452, 452, 452, 452, 452, 452, 452, 452, 452, 452, 452, 452, 452], 452, 2304)
best 5 choices:
(3.0701983630190156e+47, [441, 441, 441, 441, 441, 441, 441, 441, 441, 441, 441, 441, 441, 441, 441, 441, 441, 441, 441, 441, 441, 441, 441, 441, 441, 444, 445, 446, 447, 448, 449, 450, 452], 452, 2304)
(3.070210362232407e+47, [441, 441, 441, 441, 441, 441, 441, 441, 441, 441, 441, 441, 441, 441, 441, 441, 441, 441, 441, 441, 441, 441, 441, 441, 441, 441, 442, 445, 446, 447, 448, 449, 450, 452], 452, 2304)
(3.070212112932435e+47, [441, 441, 441, 441, 441, 441, 441, 441, 441, 441, 441, 441, 441, 441, 441, 441, 441, 441, 441, 441, 441, 441, 441, 441, 443, 444, 445, 447, 448, 450, 451, 452], 452, 2304)
(3.0702128635020084e+47, [441, 441, 441, 441, 441, 441, 441, 441, 441, 441, 441, 441, 441, 441, 441, 441, 441, 441, 441, 441, 441, 441, 441, 441, 441, 442, 444, 446, 447, 448, 449, 451, 452], 452, 2304)
(3.070213137461827e+47, [441, 441, 441, 441, 441, 441, 441, 441, 441, 441, 441, 441, 441, 441, 441, 441, 441, 441, 441, 441, 441, 441, 441, 441, 441, 442, 443, 444, 446, 447, 448, 449, 450, 452], 452, 2304)
end round with 12 suffixes


======== round 479 ========
todo suffixes: [[445, 446, 447, 449, 450, 453], [444, 446, 447, 449, 450, 453], [443, 446, 447, 449, 450, 453], [445, 447, 449, 450, 453], [444, 447, 449, 450, 453], [446, 449, 450, 453], [445, 449, 450, 453], [448, 450, 453], [447, 450, 453], [449, 453], [448, 453], [451]]
cur_suffix:  [445, 446, 447, 449, 450, 453]
bz: 440.
iter:  26
bz: 441.
iter:  26
bz: 442.
fisrt choice: (3.0703831267309027e+47, 442, 28)
baseline:  (3.074359572610869e+47, [452, 452, 452, 452, 452, 452, 452, 452, 452, 452, 452, 452, 452, 452, 452, 452, 452, 452, 452], 452, 2304)
best 5 choices:
(3.0701983630190156e+47, [441, 441, 441, 441, 441, 441, 441, 441, 441, 441, 441, 441, 441, 441, 441, 441, 441, 441, 441, 441, 441, 441, 441, 441, 441, 444, 445, 446, 447, 448, 449, 450, 452], 452, 2304)
(3.070210362232407e+47, [441, 441, 441, 441, 441, 441, 441, 441, 441, 441, 441, 441, 441, 441, 441, 441, 441, 441, 441, 441, 441, 441, 441, 441, 441, 441, 442, 445, 446, 447, 448, 449, 450, 452], 452, 2304)
(3.070212112932435e+47, [441, 441, 441, 441, 441, 441, 441, 441, 441, 441, 441, 441, 441, 441, 441, 441, 441, 441, 441, 441, 441, 441, 441, 441, 443, 444, 445, 447, 448, 450, 451, 452], 452, 2304)
(3.0702128635020084e+47, [441, 441, 441, 441, 441, 441, 441, 441, 441, 441, 441, 441, 441, 441, 441, 441, 441, 441, 441, 441, 441, 441, 441, 441, 441, 442, 444, 446, 447, 448, 449, 451, 452], 452, 2304)
(3.070213137461827e+47, [441, 441, 441, 441, 441, 441, 441, 441, 441, 441, 441, 441, 441, 441, 441, 441, 441, 441, 441, 441, 441, 441, 441, 441, 441, 442, 443, 444, 446, 447, 448, 449, 450, 452], 452, 2304)
end round with 11 suffixes


======== round 480 ========
todo suffixes: [[444, 446, 447, 449, 450, 453], [443, 446, 447, 449, 450, 453], [445, 447, 449, 450, 453], [444, 447, 449, 450, 453], [446, 449, 450, 453], [445, 449, 450, 453], [448, 450, 453], [447, 450, 453], [449, 453], [448, 453], [451]]
cur_suffix:  [444, 446, 447, 449, 450, 453]
bz: 439.
iter:  24
bz: 440.
iter:  26
bz: 441.
iter:  26
bz: 442.
fisrt choice: (3.070409470236457e+47, 442, 29)
baseline:  (3.074359572610869e+47, [452, 452, 452, 452, 452, 452, 452, 452, 452, 452, 452, 452, 452, 452, 452, 452, 452, 452, 452], 452, 2304)
best 5 choices:
(3.0701983630190156e+47, [441, 441, 441, 441, 441, 441, 441, 441, 441, 441, 441, 441, 441, 441, 441, 441, 441, 441, 441, 441, 441, 441, 441, 441, 441, 444, 445, 446, 447, 448, 449, 450, 452], 452, 2304)
(3.070210362232407e+47, [441, 441, 441, 441, 441, 441, 441, 441, 441, 441, 441, 441, 441, 441, 441, 441, 441, 441, 441, 441, 441, 441, 441, 441, 441, 441, 442, 445, 446, 447, 448, 449, 450, 452], 452, 2304)
(3.070212112932435e+47, [441, 441, 441, 441, 441, 441, 441, 441, 441, 441, 441, 441, 441, 441, 441, 441, 441, 441, 441, 441, 441, 441, 441, 441, 443, 444, 445, 447, 448, 450, 451, 452], 452, 2304)
(3.0702128635020084e+47, [441, 441, 441, 441, 441, 441, 441, 441, 441, 441, 441, 441, 441, 441, 441, 441, 441, 441, 441, 441, 441, 441, 441, 441, 441, 442, 444, 446, 447, 448, 449, 451, 452], 452, 2304)
(3.070213137461827e+47, [441, 441, 441, 441, 441, 441, 441, 441, 441, 441, 441, 441, 441, 441, 441, 441, 441, 441, 441, 441, 441, 441, 441, 441, 441, 442, 443, 444, 446, 447, 448, 449, 450, 452], 452, 2304)
end round with 10 suffixes


======== round 481 ========
todo suffixes: [[443, 446, 447, 449, 450, 453], [445, 447, 449, 450, 453], [444, 447, 449, 450, 453], [446, 449, 450, 453], [445, 449, 450, 453], [448, 450, 453], [447, 450, 453], [449, 453], [448, 453], [451]]
cur_suffix:  [443, 446, 447, 449, 450, 453]
bz: 438.
iter:  24
bz: 439.
iter:  24
bz: 440.
iter:  26
bz: 441.
iter:  26
bz: 442.
iter:  29
fisrt choice: (-1, -1, -1)
baseline:  (3.074359572610869e+47, [452, 452, 452, 452, 452, 452, 452, 452, 452, 452, 452, 452, 452, 452, 452, 452, 452, 452, 452], 452, 2304)
the strategy is infeasible, continue


======== round 482 ========
todo suffixes: [[445, 447, 449, 450, 453], [444, 447, 449, 450, 453], [446, 449, 450, 453], [445, 449, 450, 453], [448, 450, 453], [447, 450, 453], [449, 453], [448, 453], [451]]
cur_suffix:  [445, 447, 449, 450, 453]
bz: 440.
iter:  26
bz: 441.
iter:  26
bz: 442.
iter:  29
bz: 443.
fisrt choice: (3.070502833557012e+47, 443, 27)
baseline:  (3.074359572610869e+47, [452, 452, 452, 452, 452, 452, 452, 452, 452, 452, 452, 452, 452, 452, 452, 452, 452, 452, 452], 452, 2304)
best 5 choices:
(3.0701983630190156e+47, [441, 441, 441, 441, 441, 441, 441, 441, 441, 441, 441, 441, 441, 441, 441, 441, 441, 441, 441, 441, 441, 441, 441, 441, 441, 444, 445, 446, 447, 448, 449, 450, 452], 452, 2304)
(3.070210362232407e+47, [441, 441, 441, 441, 441, 441, 441, 441, 441, 441, 441, 441, 441, 441, 441, 441, 441, 441, 441, 441, 441, 441, 441, 441, 441, 441, 442, 445, 446, 447, 448, 449, 450, 452], 452, 2304)
(3.070212112932435e+47, [441, 441, 441, 441, 441, 441, 441, 441, 441, 441, 441, 441, 441, 441, 441, 441, 441, 441, 441, 441, 441, 441, 441, 441, 443, 444, 445, 447, 448, 450, 451, 452], 452, 2304)
(3.0702128635020084e+47, [441, 441, 441, 441, 441, 441, 441, 441, 441, 441, 441, 441, 441, 441, 441, 441, 441, 441, 441, 441, 441, 441, 441, 441, 441, 442, 444, 446, 447, 448, 449, 451, 452], 452, 2304)
(3.070213137461827e+47, [441, 441, 441, 441, 441, 441, 441, 441, 441, 441, 441, 441, 441, 441, 441, 441, 441, 441, 441, 441, 441, 441, 441, 441, 441, 442, 443, 444, 446, 447, 448, 449, 450, 452], 452, 2304)
end round with 10 suffixes


======== round 483 ========
todo suffixes: [[444, 445, 447, 449, 450, 453], [443, 445, 447, 449, 450, 453], [444, 447, 449, 450, 453], [446, 449, 450, 453], [445, 449, 450, 453], [448, 450, 453], [447, 450, 453], [449, 453], [448, 453], [451]]
cur_suffix:  [444, 445, 447, 449, 450, 453]
bz: 439.
iter:  24
bz: 440.
iter:  26
bz: 441.
iter:  26
bz: 442.
iter:  29
bz: 443.
fisrt choice: (3.070464417390712e+47, 443, 25)
baseline:  (3.074359572610869e+47, [452, 452, 452, 452, 452, 452, 452, 452, 452, 452, 452, 452, 452, 452, 452, 452, 452, 452, 452], 452, 2304)
best 5 choices:
(3.0701983630190156e+47, [441, 441, 441, 441, 441, 441, 441, 441, 441, 441, 441, 441, 441, 441, 441, 441, 441, 441, 441, 441, 441, 441, 441, 441, 441, 444, 445, 446, 447, 448, 449, 450, 452], 452, 2304)
(3.070210362232407e+47, [441, 441, 441, 441, 441, 441, 441, 441, 441, 441, 441, 441, 441, 441, 441, 441, 441, 441, 441, 441, 441, 441, 441, 441, 441, 441, 442, 445, 446, 447, 448, 449, 450, 452], 452, 2304)
(3.070212112932435e+47, [441, 441, 441, 441, 441, 441, 441, 441, 441, 441, 441, 441, 441, 441, 441, 441, 441, 441, 441, 441, 441, 441, 441, 441, 443, 444, 445, 447, 448, 450, 451, 452], 452, 2304)
(3.0702128635020084e+47, [441, 441, 441, 441, 441, 441, 441, 441, 441, 441, 441, 441, 441, 441, 441, 441, 441, 441, 441, 441, 441, 441, 441, 441, 441, 442, 444, 446, 447, 448, 449, 451, 452], 452, 2304)
(3.070213137461827e+47, [441, 441, 441, 441, 441, 441, 441, 441, 441, 441, 441, 441, 441, 441, 441, 441, 441, 441, 441, 441, 441, 441, 441, 441, 441, 442, 443, 444, 446, 447, 448, 449, 450, 452], 452, 2304)
end round with 10 suffixes


======== round 484 ========
todo suffixes: [[443, 444, 445, 447, 449, 450, 453], [443, 445, 447, 449, 450, 453], [444, 447, 449, 450, 453], [446, 449, 450, 453], [445, 449, 450, 453], [448, 450, 453], [447, 450, 453], [449, 453], [448, 453], [451]]
cur_suffix:  [443, 444, 445, 447, 449, 450, 453]
bz: 438.
iter:  24
bz: 439.
iter:  24
bz: 440.
iter:  26
bz: 441.
iter:  26
bz: 442.
fisrt choice: (3.070401318450872e+47, 442, 28)
baseline:  (3.074359572610869e+47, [452, 452, 452, 452, 452, 452, 452, 452, 452, 452, 452, 452, 452, 452, 452, 452, 452, 452, 452], 452, 2304)
best 5 choices:
(3.0701983630190156e+47, [441, 441, 441, 441, 441, 441, 441, 441, 441, 441, 441, 441, 441, 441, 441, 441, 441, 441, 441, 441, 441, 441, 441, 441, 441, 444, 445, 446, 447, 448, 449, 450, 452], 452, 2304)
(3.070210362232407e+47, [441, 441, 441, 441, 441, 441, 441, 441, 441, 441, 441, 441, 441, 441, 441, 441, 441, 441, 441, 441, 441, 441, 441, 441, 441, 441, 442, 445, 446, 447, 448, 449, 450, 452], 452, 2304)
(3.070212112932435e+47, [441, 441, 441, 441, 441, 441, 441, 441, 441, 441, 441, 441, 441, 441, 441, 441, 441, 441, 441, 441, 441, 441, 441, 441, 443, 444, 445, 447, 448, 450, 451, 452], 452, 2304)
(3.0702128635020084e+47, [441, 441, 441, 441, 441, 441, 441, 441, 441, 441, 441, 441, 441, 441, 441, 441, 441, 441, 441, 441, 441, 441, 441, 441, 441, 442, 444, 446, 447, 448, 449, 451, 452], 452, 2304)
(3.070213137461827e+47, [441, 441, 441, 441, 441, 441, 441, 441, 441, 441, 441, 441, 441, 441, 441, 441, 441, 441, 441, 441, 441, 441, 441, 441, 441, 442, 443, 444, 446, 447, 448, 449, 450, 452], 452, 2304)
end round with 9 suffixes


======== round 485 ========
todo suffixes: [[443, 445, 447, 449, 450, 453], [444, 447, 449, 450, 453], [446, 449, 450, 453], [445, 449, 450, 453], [448, 450, 453], [447, 450, 453], [449, 453], [448, 453], [451]]
cur_suffix:  [443, 445, 447, 449, 450, 453]
bz: 438.
iter:  24
bz: 439.
iter:  24
bz: 440.
iter:  26
bz: 441.
iter:  26
bz: 442.
iter:  29
fisrt choice: (-1, -1, -1)
baseline:  (3.074359572610869e+47, [452, 452, 452, 452, 452, 452, 452, 452, 452, 452, 452, 452, 452, 452, 452, 452, 452, 452, 452], 452, 2304)
the strategy is infeasible, continue


======== round 486 ========
todo suffixes: [[444, 447, 449, 450, 453], [446, 449, 450, 453], [445, 449, 450, 453], [448, 450, 453], [447, 450, 453], [449, 453], [448, 453], [451]]
cur_suffix:  [444, 447, 449, 450, 453]
bz: 439.
iter:  24
bz: 440.
iter:  26
bz: 441.
iter:  26
bz: 442.
iter:  29
bz: 443.
fisrt choice: (3.070488586114095e+47, 443, 27)
baseline:  (3.074359572610869e+47, [452, 452, 452, 452, 452, 452, 452, 452, 452, 452, 452, 452, 452, 452, 452, 452, 452, 452, 452], 452, 2304)
best 5 choices:
(3.0701983630190156e+47, [441, 441, 441, 441, 441, 441, 441, 441, 441, 441, 441, 441, 441, 441, 441, 441, 441, 441, 441, 441, 441, 441, 441, 441, 441, 444, 445, 446, 447, 448, 449, 450, 452], 452, 2304)
(3.070210362232407e+47, [441, 441, 441, 441, 441, 441, 441, 441, 441, 441, 441, 441, 441, 441, 441, 441, 441, 441, 441, 441, 441, 441, 441, 441, 441, 441, 442, 445, 446, 447, 448, 449, 450, 452], 452, 2304)
(3.070212112932435e+47, [441, 441, 441, 441, 441, 441, 441, 441, 441, 441, 441, 441, 441, 441, 441, 441, 441, 441, 441, 441, 441, 441, 441, 441, 443, 444, 445, 447, 448, 450, 451, 452], 452, 2304)
(3.0702128635020084e+47, [441, 441, 441, 441, 441, 441, 441, 441, 441, 441, 441, 441, 441, 441, 441, 441, 441, 441, 441, 441, 441, 441, 441, 441, 441, 442, 444, 446, 447, 448, 449, 451, 452], 452, 2304)
(3.070213137461827e+47, [441, 441, 441, 441, 441, 441, 441, 441, 441, 441, 441, 441, 441, 441, 441, 441, 441, 441, 441, 441, 441, 441, 441, 441, 441, 442, 443, 444, 446, 447, 448, 449, 450, 452], 452, 2304)
end round with 8 suffixes


======== round 487 ========
todo suffixes: [[443, 444, 447, 449, 450, 453], [446, 449, 450, 453], [445, 449, 450, 453], [448, 450, 453], [447, 450, 453], [449, 453], [448, 453], [451]]
cur_suffix:  [443, 444, 447, 449, 450, 453]
bz: 438.
iter:  24
bz: 439.
iter:  24
bz: 440.
iter:  26
bz: 441.
iter:  26
bz: 442.
iter:  29
fisrt choice: (-1, -1, -1)
baseline:  (3.074359572610869e+47, [452, 452, 452, 452, 452, 452, 452, 452, 452, 452, 452, 452, 452, 452, 452, 452, 452, 452, 452], 452, 2304)
the strategy is infeasible, continue


======== round 488 ========
todo suffixes: [[446, 449, 450, 453], [445, 449, 450, 453], [448, 450, 453], [447, 450, 453], [449, 453], [448, 453], [451]]
cur_suffix:  [446, 449, 450, 453]
bz: 441.
iter:  26
bz: 442.
iter:  29
bz: 443.
iter:  27
bz: 444.
fisrt choice: (3.0705946793305604e+47, 444, 25)
baseline:  (3.074359572610869e+47, [452, 452, 452, 452, 452, 452, 452, 452, 452, 452, 452, 452, 452, 452, 452, 452, 452, 452, 452], 452, 2304)
best 5 choices:
(3.0701983630190156e+47, [441, 441, 441, 441, 441, 441, 441, 441, 441, 441, 441, 441, 441, 441, 441, 441, 441, 441, 441, 441, 441, 441, 441, 441, 441, 444, 445, 446, 447, 448, 449, 450, 452], 452, 2304)
(3.070210362232407e+47, [441, 441, 441, 441, 441, 441, 441, 441, 441, 441, 441, 441, 441, 441, 441, 441, 441, 441, 441, 441, 441, 441, 441, 441, 441, 441, 442, 445, 446, 447, 448, 449, 450, 452], 452, 2304)
(3.070212112932435e+47, [441, 441, 441, 441, 441, 441, 441, 441, 441, 441, 441, 441, 441, 441, 441, 441, 441, 441, 441, 441, 441, 441, 441, 441, 443, 444, 445, 447, 448, 450, 451, 452], 452, 2304)
(3.0702128635020084e+47, [441, 441, 441, 441, 441, 441, 441, 441, 441, 441, 441, 441, 441, 441, 441, 441, 441, 441, 441, 441, 441, 441, 441, 441, 441, 442, 444, 446, 447, 448, 449, 451, 452], 452, 2304)
(3.070213137461827e+47, [441, 441, 441, 441, 441, 441, 441, 441, 441, 441, 441, 441, 441, 441, 441, 441, 441, 441, 441, 441, 441, 441, 441, 441, 441, 442, 443, 444, 446, 447, 448, 449, 450, 452], 452, 2304)
end round with 8 suffixes


======== round 489 ========
todo suffixes: [[445, 446, 449, 450, 453], [444, 446, 449, 450, 453], [445, 449, 450, 453], [448, 450, 453], [447, 450, 453], [449, 453], [448, 453], [451]]
cur_suffix:  [445, 446, 449, 450, 453]
bz: 440.
iter:  26
bz: 441.
iter:  26
bz: 442.
iter:  29
bz: 443.
fisrt choice: (3.07048122495477e+47, 443, 27)
baseline:  (3.074359572610869e+47, [452, 452, 452, 452, 452, 452, 452, 452, 452, 452, 452, 452, 452, 452, 452, 452, 452, 452, 452], 452, 2304)
best 5 choices:
(3.0701983630190156e+47, [441, 441, 441, 441, 441, 441, 441, 441, 441, 441, 441, 441, 441, 441, 441, 441, 441, 441, 441, 441, 441, 441, 441, 441, 441, 444, 445, 446, 447, 448, 449, 450, 452], 452, 2304)
(3.070210362232407e+47, [441, 441, 441, 441, 441, 441, 441, 441, 441, 441, 441, 441, 441, 441, 441, 441, 441, 441, 441, 441, 441, 441, 441, 441, 441, 441, 442, 445, 446, 447, 448, 449, 450, 452], 452, 2304)
(3.070212112932435e+47, [441, 441, 441, 441, 441, 441, 441, 441, 441, 441, 441, 441, 441, 441, 441, 441, 441, 441, 441, 441, 441, 441, 441, 441, 443, 444, 445, 447, 448, 450, 451, 452], 452, 2304)
(3.0702128635020084e+47, [441, 441, 441, 441, 441, 441, 441, 441, 441, 441, 441, 441, 441, 441, 441, 441, 441, 441, 441, 441, 441, 441, 441, 441, 441, 442, 444, 446, 447, 448, 449, 451, 452], 452, 2304)
(3.070213137461827e+47, [441, 441, 441, 441, 441, 441, 441, 441, 441, 441, 441, 441, 441, 441, 441, 441, 441, 441, 441, 441, 441, 441, 441, 441, 441, 442, 443, 444, 446, 447, 448, 449, 450, 452], 452, 2304)
end round with 9 suffixes


======== round 490 ========
todo suffixes: [[444, 445, 446, 449, 450, 453], [443, 445, 446, 449, 450, 453], [444, 446, 449, 450, 453], [445, 449, 450, 453], [448, 450, 453], [447, 450, 453], [449, 453], [448, 453], [451]]
cur_suffix:  [444, 445, 446, 449, 450, 453]
bz: 439.
iter:  24
bz: 440.
iter:  26
bz: 441.
iter:  26
bz: 442.
iter:  29
bz: 443.
fisrt choice: (3.0704927940175133e+47, 443, 26)
baseline:  (3.074359572610869e+47, [452, 452, 452, 452, 452, 452, 452, 452, 452, 452, 452, 452, 452, 452, 452, 452, 452, 452, 452], 452, 2304)
best 5 choices:
(3.0701983630190156e+47, [441, 441, 441, 441, 441, 441, 441, 441, 441, 441, 441, 441, 441, 441, 441, 441, 441, 441, 441, 441, 441, 441, 441, 441, 441, 444, 445, 446, 447, 448, 449, 450, 452], 452, 2304)
(3.070210362232407e+47, [441, 441, 441, 441, 441, 441, 441, 441, 441, 441, 441, 441, 441, 441, 441, 441, 441, 441, 441, 441, 441, 441, 441, 441, 441, 441, 442, 445, 446, 447, 448, 449, 450, 452], 452, 2304)
(3.070212112932435e+47, [441, 441, 441, 441, 441, 441, 441, 441, 441, 441, 441, 441, 441, 441, 441, 441, 441, 441, 441, 441, 441, 441, 441, 441, 443, 444, 445, 447, 448, 450, 451, 452], 452, 2304)
(3.0702128635020084e+47, [441, 441, 441, 441, 441, 441, 441, 441, 441, 441, 441, 441, 441, 441, 441, 441, 441, 441, 441, 441, 441, 441, 441, 441, 441, 442, 444, 446, 447, 448, 449, 451, 452], 452, 2304)
(3.070213137461827e+47, [441, 441, 441, 441, 441, 441, 441, 441, 441, 441, 441, 441, 441, 441, 441, 441, 441, 441, 441, 441, 441, 441, 441, 441, 441, 442, 443, 444, 446, 447, 448, 449, 450, 452], 452, 2304)
end round with 9 suffixes


======== round 491 ========
todo suffixes: [[443, 444, 445, 446, 449, 450, 453], [443, 445, 446, 449, 450, 453], [444, 446, 449, 450, 453], [445, 449, 450, 453], [448, 450, 453], [447, 450, 453], [449, 453], [448, 453], [451]]
cur_suffix:  [443, 444, 445, 446, 449, 450, 453]
bz: 438.
iter:  24
bz: 439.
iter:  24
bz: 440.
iter:  26
bz: 441.
iter:  26
bz: 442.
fisrt choice: (3.0704203007971014e+47, 442, 29)
baseline:  (3.074359572610869e+47, [452, 452, 452, 452, 452, 452, 452, 452, 452, 452, 452, 452, 452, 452, 452, 452, 452, 452, 452], 452, 2304)
best 5 choices:
(3.0701983630190156e+47, [441, 441, 441, 441, 441, 441, 441, 441, 441, 441, 441, 441, 441, 441, 441, 441, 441, 441, 441, 441, 441, 441, 441, 441, 441, 444, 445, 446, 447, 448, 449, 450, 452], 452, 2304)
(3.070210362232407e+47, [441, 441, 441, 441, 441, 441, 441, 441, 441, 441, 441, 441, 441, 441, 441, 441, 441, 441, 441, 441, 441, 441, 441, 441, 441, 441, 442, 445, 446, 447, 448, 449, 450, 452], 452, 2304)
(3.070212112932435e+47, [441, 441, 441, 441, 441, 441, 441, 441, 441, 441, 441, 441, 441, 441, 441, 441, 441, 441, 441, 441, 441, 441, 441, 441, 443, 444, 445, 447, 448, 450, 451, 452], 452, 2304)
(3.0702128635020084e+47, [441, 441, 441, 441, 441, 441, 441, 441, 441, 441, 441, 441, 441, 441, 441, 441, 441, 441, 441, 441, 441, 441, 441, 441, 441, 442, 444, 446, 447, 448, 449, 451, 452], 452, 2304)
(3.070213137461827e+47, [441, 441, 441, 441, 441, 441, 441, 441, 441, 441, 441, 441, 441, 441, 441, 441, 441, 441, 441, 441, 441, 441, 441, 441, 441, 442, 443, 444, 446, 447, 448, 449, 450, 452], 452, 2304)
end round with 8 suffixes


======== round 492 ========
todo suffixes: [[443, 445, 446, 449, 450, 453], [444, 446, 449, 450, 453], [445, 449, 450, 453], [448, 450, 453], [447, 450, 453], [449, 453], [448, 453], [451]]
cur_suffix:  [443, 445, 446, 449, 450, 453]
bz: 438.
iter:  24
bz: 439.
iter:  24
bz: 440.
iter:  26
bz: 441.
iter:  26
bz: 442.
iter:  29
fisrt choice: (-1, -1, -1)
baseline:  (3.074359572610869e+47, [452, 452, 452, 452, 452, 452, 452, 452, 452, 452, 452, 452, 452, 452, 452, 452, 452, 452, 452], 452, 2304)
the strategy is infeasible, continue


======== round 493 ========
todo suffixes: [[444, 446, 449, 450, 453], [445, 449, 450, 453], [448, 450, 453], [447, 450, 453], [449, 453], [448, 453], [451]]
cur_suffix:  [444, 446, 449, 450, 453]
bz: 439.
iter:  24
bz: 440.
iter:  26
bz: 441.
iter:  26
bz: 442.
iter:  29
bz: 443.
iter:  27
fisrt choice: (-1, -1, -1)
baseline:  (3.074359572610869e+47, [452, 452, 452, 452, 452, 452, 452, 452, 452, 452, 452, 452, 452, 452, 452, 452, 452, 452, 452], 452, 2304)
the strategy is infeasible, continue


======== round 494 ========
todo suffixes: [[445, 449, 450, 453], [448, 450, 453], [447, 450, 453], [449, 453], [448, 453], [451]]
cur_suffix:  [445, 449, 450, 453]
bz: 440.
iter:  26
bz: 441.
iter:  26
bz: 442.
iter:  29
bz: 443.
iter:  27
bz: 444.
fisrt choice: (3.0706386875561898e+47, 444, 26)
baseline:  (3.074359572610869e+47, [452, 452, 452, 452, 452, 452, 452, 452, 452, 452, 452, 452, 452, 452, 452, 452, 452, 452, 452], 452, 2304)
best 5 choices:
(3.0701983630190156e+47, [441, 441, 441, 441, 441, 441, 441, 441, 441, 441, 441, 441, 441, 441, 441, 441, 441, 441, 441, 441, 441, 441, 441, 441, 441, 444, 445, 446, 447, 448, 449, 450, 452], 452, 2304)
(3.070210362232407e+47, [441, 441, 441, 441, 441, 441, 441, 441, 441, 441, 441, 441, 441, 441, 441, 441, 441, 441, 441, 441, 441, 441, 441, 441, 441, 441, 442, 445, 446, 447, 448, 449, 450, 452], 452, 2304)
(3.070212112932435e+47, [441, 441, 441, 441, 441, 441, 441, 441, 441, 441, 441, 441, 441, 441, 441, 441, 441, 441, 441, 441, 441, 441, 441, 441, 443, 444, 445, 447, 448, 450, 451, 452], 452, 2304)
(3.0702128635020084e+47, [441, 441, 441, 441, 441, 441, 441, 441, 441, 441, 441, 441, 441, 441, 441, 441, 441, 441, 441, 441, 441, 441, 441, 441, 441, 442, 444, 446, 447, 448, 449, 451, 452], 452, 2304)
(3.070213137461827e+47, [441, 441, 441, 441, 441, 441, 441, 441, 441, 441, 441, 441, 441, 441, 441, 441, 441, 441, 441, 441, 441, 441, 441, 441, 441, 442, 443, 444, 446, 447, 448, 449, 450, 452], 452, 2304)
end round with 6 suffixes


======== round 495 ========
todo suffixes: [[444, 445, 449, 450, 453], [448, 450, 453], [447, 450, 453], [449, 453], [448, 453], [451]]
cur_suffix:  [444, 445, 449, 450, 453]
bz: 439.
iter:  24
bz: 440.
iter:  26
bz: 441.
iter:  26
bz: 442.
iter:  29
bz: 443.
iter:  27
fisrt choice: (-1, -1, -1)
baseline:  (3.074359572610869e+47, [452, 452, 452, 452, 452, 452, 452, 452, 452, 452, 452, 452, 452, 452, 452, 452, 452, 452, 452], 452, 2304)
the strategy is infeasible, continue


======== round 496 ========
todo suffixes: [[448, 450, 453], [447, 450, 453], [449, 453], [448, 453], [451]]
cur_suffix:  [448, 450, 453]
bz: 443.
iter:  27
bz: 444.
iter:  26
bz: 445.
iter:  24
bz: 446.
fisrt choice: (3.070983351610033e+47, 446, 22)
baseline:  (3.074359572610869e+47, [452, 452, 452, 452, 452, 452, 452, 452, 452, 452, 452, 452, 452, 452, 452, 452, 452, 452, 452], 452, 2304)
best 5 choices:
(3.0701983630190156e+47, [441, 441, 441, 441, 441, 441, 441, 441, 441, 441, 441, 441, 441, 441, 441, 441, 441, 441, 441, 441, 441, 441, 441, 441, 441, 444, 445, 446, 447, 448, 449, 450, 452], 452, 2304)
(3.070210362232407e+47, [441, 441, 441, 441, 441, 441, 441, 441, 441, 441, 441, 441, 441, 441, 441, 441, 441, 441, 441, 441, 441, 441, 441, 441, 441, 441, 442, 445, 446, 447, 448, 449, 450, 452], 452, 2304)
(3.070212112932435e+47, [441, 441, 441, 441, 441, 441, 441, 441, 441, 441, 441, 441, 441, 441, 441, 441, 441, 441, 441, 441, 441, 441, 441, 441, 443, 444, 445, 447, 448, 450, 451, 452], 452, 2304)
(3.0702128635020084e+47, [441, 441, 441, 441, 441, 441, 441, 441, 441, 441, 441, 441, 441, 441, 441, 441, 441, 441, 441, 441, 441, 441, 441, 441, 441, 442, 444, 446, 447, 448, 449, 451, 452], 452, 2304)
(3.070213137461827e+47, [441, 441, 441, 441, 441, 441, 441, 441, 441, 441, 441, 441, 441, 441, 441, 441, 441, 441, 441, 441, 441, 441, 441, 441, 441, 442, 443, 444, 446, 447, 448, 449, 450, 452], 452, 2304)
end round with 6 suffixes


======== round 497 ========
todo suffixes: [[447, 448, 450, 453], [446, 448, 450, 453], [447, 450, 453], [449, 453], [448, 453], [451]]
cur_suffix:  [447, 448, 450, 453]
bz: 442.
iter:  29
bz: 443.
iter:  27
bz: 444.
fisrt choice: (3.0705835136888696e+47, 444, 25)
baseline:  (3.074359572610869e+47, [452, 452, 452, 452, 452, 452, 452, 452, 452, 452, 452, 452, 452, 452, 452, 452, 452, 452, 452], 452, 2304)
best 5 choices:
(3.0701983630190156e+47, [441, 441, 441, 441, 441, 441, 441, 441, 441, 441, 441, 441, 441, 441, 441, 441, 441, 441, 441, 441, 441, 441, 441, 441, 441, 444, 445, 446, 447, 448, 449, 450, 452], 452, 2304)
(3.070210362232407e+47, [441, 441, 441, 441, 441, 441, 441, 441, 441, 441, 441, 441, 441, 441, 441, 441, 441, 441, 441, 441, 441, 441, 441, 441, 441, 441, 442, 445, 446, 447, 448, 449, 450, 452], 452, 2304)
(3.070212112932435e+47, [441, 441, 441, 441, 441, 441, 441, 441, 441, 441, 441, 441, 441, 441, 441, 441, 441, 441, 441, 441, 441, 441, 441, 441, 443, 444, 445, 447, 448, 450, 451, 452], 452, 2304)
(3.0702128635020084e+47, [441, 441, 441, 441, 441, 441, 441, 441, 441, 441, 441, 441, 441, 441, 441, 441, 441, 441, 441, 441, 441, 441, 441, 441, 441, 442, 444, 446, 447, 448, 449, 451, 452], 452, 2304)
(3.070213137461827e+47, [441, 441, 441, 441, 441, 441, 441, 441, 441, 441, 441, 441, 441, 441, 441, 441, 441, 441, 441, 441, 441, 441, 441, 441, 441, 442, 443, 444, 446, 447, 448, 449, 450, 452], 452, 2304)
end round with 8 suffixes


======== round 498 ========
todo suffixes: [[446, 447, 448, 450, 453], [445, 447, 448, 450, 453], [444, 447, 448, 450, 453], [446, 448, 450, 453], [447, 450, 453], [449, 453], [448, 453], [451]]
cur_suffix:  [446, 447, 448, 450, 453]
bz: 441.
iter:  26
bz: 442.
iter:  29
bz: 443.
fisrt choice: (3.0704876053792364e+47, 443, 27)
baseline:  (3.074359572610869e+47, [452, 452, 452, 452, 452, 452, 452, 452, 452, 452, 452, 452, 452, 452, 452, 452, 452, 452, 452], 452, 2304)
best 5 choices:
(3.0701983630190156e+47, [441, 441, 441, 441, 441, 441, 441, 441, 441, 441, 441, 441, 441, 441, 441, 441, 441, 441, 441, 441, 441, 441, 441, 441, 441, 444, 445, 446, 447, 448, 449, 450, 452], 452, 2304)
(3.070210362232407e+47, [441, 441, 441, 441, 441, 441, 441, 441, 441, 441, 441, 441, 441, 441, 441, 441, 441, 441, 441, 441, 441, 441, 441, 441, 441, 441, 442, 445, 446, 447, 448, 449, 450, 452], 452, 2304)
(3.070212112932435e+47, [441, 441, 441, 441, 441, 441, 441, 441, 441, 441, 441, 441, 441, 441, 441, 441, 441, 441, 441, 441, 441, 441, 441, 441, 443, 444, 445, 447, 448, 450, 451, 452], 452, 2304)
(3.0702128635020084e+47, [441, 441, 441, 441, 441, 441, 441, 441, 441, 441, 441, 441, 441, 441, 441, 441, 441, 441, 441, 441, 441, 441, 441, 441, 441, 442, 444, 446, 447, 448, 449, 451, 452], 452, 2304)
(3.070213137461827e+47, [441, 441, 441, 441, 441, 441, 441, 441, 441, 441, 441, 441, 441, 441, 441, 441, 441, 441, 441, 441, 441, 441, 441, 441, 441, 442, 443, 444, 446, 447, 448, 449, 450, 452], 452, 2304)
end round with 10 suffixes


======== round 499 ========
todo suffixes: [[445, 446, 447, 448, 450, 453], [444, 446, 447, 448, 450, 453], [443, 446, 447, 448, 450, 453], [445, 447, 448, 450, 453], [444, 447, 448, 450, 453], [446, 448, 450, 453], [447, 450, 453], [449, 453], [448, 453], [451]]
cur_suffix:  [445, 446, 447, 448, 450, 453]
bz: 440.
iter:  26
bz: 441.
iter:  26
bz: 442.
fisrt choice: (3.0703909434354414e+47, 442, 29)
baseline:  (3.074359572610869e+47, [452, 452, 452, 452, 452, 452, 452, 452, 452, 452, 452, 452, 452, 452, 452, 452, 452, 452, 452], 452, 2304)
best 5 choices:
(3.0701983630190156e+47, [441, 441, 441, 441, 441, 441, 441, 441, 441, 441, 441, 441, 441, 441, 441, 441, 441, 441, 441, 441, 441, 441, 441, 441, 441, 444, 445, 446, 447, 448, 449, 450, 452], 452, 2304)
(3.070210362232407e+47, [441, 441, 441, 441, 441, 441, 441, 441, 441, 441, 441, 441, 441, 441, 441, 441, 441, 441, 441, 441, 441, 441, 441, 441, 441, 441, 442, 445, 446, 447, 448, 449, 450, 452], 452, 2304)
(3.070212112932435e+47, [441, 441, 441, 441, 441, 441, 441, 441, 441, 441, 441, 441, 441, 441, 441, 441, 441, 441, 441, 441, 441, 441, 441, 441, 443, 444, 445, 447, 448, 450, 451, 452], 452, 2304)
(3.0702128635020084e+47, [441, 441, 441, 441, 441, 441, 441, 441, 441, 441, 441, 441, 441, 441, 441, 441, 441, 441, 441, 441, 441, 441, 441, 441, 441, 442, 444, 446, 447, 448, 449, 451, 452], 452, 2304)
(3.070213137461827e+47, [441, 441, 441, 441, 441, 441, 441, 441, 441, 441, 441, 441, 441, 441, 441, 441, 441, 441, 441, 441, 441, 441, 441, 441, 441, 442, 443, 444, 446, 447, 448, 449, 450, 452], 452, 2304)
end round with 9 suffixes


======== round 500 ========
todo suffixes: [[444, 446, 447, 448, 450, 453], [443, 446, 447, 448, 450, 453], [445, 447, 448, 450, 453], [444, 447, 448, 450, 453], [446, 448, 450, 453], [447, 450, 453], [449, 453], [448, 453], [451]]
cur_suffix:  [444, 446, 447, 448, 450, 453]
bz: 439.
iter:  24
bz: 440.
iter:  26
bz: 441.
iter:  26
bz: 442.
iter:  29
bz: 443.
fisrt choice: (3.0704491892129363e+47, 443, 25)
baseline:  (3.074359572610869e+47, [452, 452, 452, 452, 452, 452, 452, 452, 452, 452, 452, 452, 452, 452, 452, 452, 452, 452, 452], 452, 2304)
best 5 choices:
(3.0701983630190156e+47, [441, 441, 441, 441, 441, 441, 441, 441, 441, 441, 441, 441, 441, 441, 441, 441, 441, 441, 441, 441, 441, 441, 441, 441, 441, 444, 445, 446, 447, 448, 449, 450, 452], 452, 2304)
(3.070210362232407e+47, [441, 441, 441, 441, 441, 441, 441, 441, 441, 441, 441, 441, 441, 441, 441, 441, 441, 441, 441, 441, 441, 441, 441, 441, 441, 441, 442, 445, 446, 447, 448, 449, 450, 452], 452, 2304)
(3.070212112932435e+47, [441, 441, 441, 441, 441, 441, 441, 441, 441, 441, 441, 441, 441, 441, 441, 441, 441, 441, 441, 441, 441, 441, 441, 441, 443, 444, 445, 447, 448, 450, 451, 452], 452, 2304)
(3.0702128635020084e+47, [441, 441, 441, 441, 441, 441, 441, 441, 441, 441, 441, 441, 441, 441, 441, 441, 441, 441, 441, 441, 441, 441, 441, 441, 441, 442, 444, 446, 447, 448, 449, 451, 452], 452, 2304)
(3.070213137461827e+47, [441, 441, 441, 441, 441, 441, 441, 441, 441, 441, 441, 441, 441, 441, 441, 441, 441, 441, 441, 441, 441, 441, 441, 441, 441, 442, 443, 444, 446, 447, 448, 449, 450, 452], 452, 2304)
end round with 9 suffixes


======== round 501 ========
todo suffixes: [[443, 444, 446, 447, 448, 450, 453], [443, 446, 447, 448, 450, 453], [445, 447, 448, 450, 453], [444, 447, 448, 450, 453], [446, 448, 450, 453], [447, 450, 453], [449, 453], [448, 453], [451]]
cur_suffix:  [443, 444, 446, 447, 448, 450, 453]
bz: 438.
iter:  24
bz: 439.
iter:  24
bz: 440.
iter:  26
bz: 441.
iter:  26
bz: 442.
fisrt choice: (3.0703860902730964e+47, 442, 28)
baseline:  (3.074359572610869e+47, [452, 452, 452, 452, 452, 452, 452, 452, 452, 452, 452, 452, 452, 452, 452, 452, 452, 452, 452], 452, 2304)
best 5 choices:
(3.0701983630190156e+47, [441, 441, 441, 441, 441, 441, 441, 441, 441, 441, 441, 441, 441, 441, 441, 441, 441, 441, 441, 441, 441, 441, 441, 441, 441, 444, 445, 446, 447, 448, 449, 450, 452], 452, 2304)
(3.070210362232407e+47, [441, 441, 441, 441, 441, 441, 441, 441, 441, 441, 441, 441, 441, 441, 441, 441, 441, 441, 441, 441, 441, 441, 441, 441, 441, 441, 442, 445, 446, 447, 448, 449, 450, 452], 452, 2304)
(3.070212112932435e+47, [441, 441, 441, 441, 441, 441, 441, 441, 441, 441, 441, 441, 441, 441, 441, 441, 441, 441, 441, 441, 441, 441, 441, 441, 443, 444, 445, 447, 448, 450, 451, 452], 452, 2304)
(3.0702128635020084e+47, [441, 441, 441, 441, 441, 441, 441, 441, 441, 441, 441, 441, 441, 441, 441, 441, 441, 441, 441, 441, 441, 441, 441, 441, 441, 442, 444, 446, 447, 448, 449, 451, 452], 452, 2304)
(3.070213137461827e+47, [441, 441, 441, 441, 441, 441, 441, 441, 441, 441, 441, 441, 441, 441, 441, 441, 441, 441, 441, 441, 441, 441, 441, 441, 441, 442, 443, 444, 446, 447, 448, 449, 450, 452], 452, 2304)
end round with 8 suffixes


======== round 502 ========
todo suffixes: [[443, 446, 447, 448, 450, 453], [445, 447, 448, 450, 453], [444, 447, 448, 450, 453], [446, 448, 450, 453], [447, 450, 453], [449, 453], [448, 453], [451]]
cur_suffix:  [443, 446, 447, 448, 450, 453]
bz: 438.
iter:  24
bz: 439.
iter:  24
bz: 440.
iter:  26
bz: 441.
iter:  26
bz: 442.
iter:  29
fisrt choice: (-1, -1, -1)
baseline:  (3.074359572610869e+47, [452, 452, 452, 452, 452, 452, 452, 452, 452, 452, 452, 452, 452, 452, 452, 452, 452, 452, 452], 452, 2304)
the strategy is infeasible, continue


======== round 503 ========
todo suffixes: [[445, 447, 448, 450, 453], [444, 447, 448, 450, 453], [446, 448, 450, 453], [447, 450, 453], [449, 453], [448, 453], [451]]
cur_suffix:  [445, 447, 448, 450, 453]
bz: 440.
iter:  26
bz: 441.
iter:  26
bz: 442.
iter:  29
bz: 443.
iter:  27
bz: 444.
fisrt choice: (3.0705977611317865e+47, 444, 24)
baseline:  (3.074359572610869e+47, [452, 452, 452, 452, 452, 452, 452, 452, 452, 452, 452, 452, 452, 452, 452, 452, 452, 452, 452], 452, 2304)
best 5 choices:
(3.0701983630190156e+47, [441, 441, 441, 441, 441, 441, 441, 441, 441, 441, 441, 441, 441, 441, 441, 441, 441, 441, 441, 441, 441, 441, 441, 441, 441, 444, 445, 446, 447, 448, 449, 450, 452], 452, 2304)
(3.070210362232407e+47, [441, 441, 441, 441, 441, 441, 441, 441, 441, 441, 441, 441, 441, 441, 441, 441, 441, 441, 441, 441, 441, 441, 441, 441, 441, 441, 442, 445, 446, 447, 448, 449, 450, 452], 452, 2304)
(3.070212112932435e+47, [441, 441, 441, 441, 441, 441, 441, 441, 441, 441, 441, 441, 441, 441, 441, 441, 441, 441, 441, 441, 441, 441, 441, 441, 443, 444, 445, 447, 448, 450, 451, 452], 452, 2304)
(3.0702128635020084e+47, [441, 441, 441, 441, 441, 441, 441, 441, 441, 441, 441, 441, 441, 441, 441, 441, 441, 441, 441, 441, 441, 441, 441, 441, 441, 442, 444, 446, 447, 448, 449, 451, 452], 452, 2304)
(3.070213137461827e+47, [441, 441, 441, 441, 441, 441, 441, 441, 441, 441, 441, 441, 441, 441, 441, 441, 441, 441, 441, 441, 441, 441, 441, 441, 441, 442, 443, 444, 446, 447, 448, 449, 450, 452], 452, 2304)
end round with 7 suffixes


======== round 504 ========
todo suffixes: [[444, 445, 447, 448, 450, 453], [444, 447, 448, 450, 453], [446, 448, 450, 453], [447, 450, 453], [449, 453], [448, 453], [451]]
cur_suffix:  [444, 445, 447, 448, 450, 453]
bz: 439.
iter:  24
bz: 440.
iter:  26
bz: 441.
iter:  26
bz: 442.
iter:  29
bz: 443.
fisrt choice: (3.0704816283758226e+47, 443, 26)
baseline:  (3.074359572610869e+47, [452, 452, 452, 452, 452, 452, 452, 452, 452, 452, 452, 452, 452, 452, 452, 452, 452, 452, 452], 452, 2304)
best 5 choices:
(3.0701983630190156e+47, [441, 441, 441, 441, 441, 441, 441, 441, 441, 441, 441, 441, 441, 441, 441, 441, 441, 441, 441, 441, 441, 441, 441, 441, 441, 444, 445, 446, 447, 448, 449, 450, 452], 452, 2304)
(3.070210362232407e+47, [441, 441, 441, 441, 441, 441, 441, 441, 441, 441, 441, 441, 441, 441, 441, 441, 441, 441, 441, 441, 441, 441, 441, 441, 441, 441, 442, 445, 446, 447, 448, 449, 450, 452], 452, 2304)
(3.070212112932435e+47, [441, 441, 441, 441, 441, 441, 441, 441, 441, 441, 441, 441, 441, 441, 441, 441, 441, 441, 441, 441, 441, 441, 441, 441, 443, 444, 445, 447, 448, 450, 451, 452], 452, 2304)
(3.0702128635020084e+47, [441, 441, 441, 441, 441, 441, 441, 441, 441, 441, 441, 441, 441, 441, 441, 441, 441, 441, 441, 441, 441, 441, 441, 441, 441, 442, 444, 446, 447, 448, 449, 451, 452], 452, 2304)
(3.070213137461827e+47, [441, 441, 441, 441, 441, 441, 441, 441, 441, 441, 441, 441, 441, 441, 441, 441, 441, 441, 441, 441, 441, 441, 441, 441, 441, 442, 443, 444, 446, 447, 448, 449, 450, 452], 452, 2304)
end round with 7 suffixes


======== round 505 ========
todo suffixes: [[443, 444, 445, 447, 448, 450, 453], [444, 447, 448, 450, 453], [446, 448, 450, 453], [447, 450, 453], [449, 453], [448, 453], [451]]
cur_suffix:  [443, 444, 445, 447, 448, 450, 453]
bz: 438.
iter:  24
bz: 439.
iter:  24
bz: 440.
iter:  26
bz: 441.
iter:  26
bz: 442.
iter:  29
fisrt choice: (-1, -1, -1)
baseline:  (3.074359572610869e+47, [452, 452, 452, 452, 452, 452, 452, 452, 452, 452, 452, 452, 452, 452, 452, 452, 452, 452, 452], 452, 2304)
the strategy is infeasible, continue


======== round 506 ========
todo suffixes: [[444, 447, 448, 450, 453], [446, 448, 450, 453], [447, 450, 453], [449, 453], [448, 453], [451]]
cur_suffix:  [444, 447, 448, 450, 453]
bz: 439.
iter:  24
bz: 440.
iter:  26
bz: 441.
iter:  26
bz: 442.
iter:  29
bz: 443.
iter:  27
fisrt choice: (-1, -1, -1)
baseline:  (3.074359572610869e+47, [452, 452, 452, 452, 452, 452, 452, 452, 452, 452, 452, 452, 452, 452, 452, 452, 452, 452, 452], 452, 2304)
the strategy is infeasible, continue


======== round 507 ========
todo suffixes: [[446, 448, 450, 453], [447, 450, 453], [449, 453], [448, 453], [451]]
cur_suffix:  [446, 448, 450, 453]
bz: 441.
iter:  26
bz: 442.
iter:  29
bz: 443.
iter:  27
bz: 444.
fisrt choice: (3.070623459378414e+47, 444, 26)
baseline:  (3.074359572610869e+47, [452, 452, 452, 452, 452, 452, 452, 452, 452, 452, 452, 452, 452, 452, 452, 452, 452, 452, 452], 452, 2304)
best 5 choices:
(3.0701983630190156e+47, [441, 441, 441, 441, 441, 441, 441, 441, 441, 441, 441, 441, 441, 441, 441, 441, 441, 441, 441, 441, 441, 441, 441, 441, 441, 444, 445, 446, 447, 448, 449, 450, 452], 452, 2304)
(3.070210362232407e+47, [441, 441, 441, 441, 441, 441, 441, 441, 441, 441, 441, 441, 441, 441, 441, 441, 441, 441, 441, 441, 441, 441, 441, 441, 441, 441, 442, 445, 446, 447, 448, 449, 450, 452], 452, 2304)
(3.070212112932435e+47, [441, 441, 441, 441, 441, 441, 441, 441, 441, 441, 441, 441, 441, 441, 441, 441, 441, 441, 441, 441, 441, 441, 441, 441, 443, 444, 445, 447, 448, 450, 451, 452], 452, 2304)
(3.0702128635020084e+47, [441, 441, 441, 441, 441, 441, 441, 441, 441, 441, 441, 441, 441, 441, 441, 441, 441, 441, 441, 441, 441, 441, 441, 441, 441, 442, 444, 446, 447, 448, 449, 451, 452], 452, 2304)
(3.070213137461827e+47, [441, 441, 441, 441, 441, 441, 441, 441, 441, 441, 441, 441, 441, 441, 441, 441, 441, 441, 441, 441, 441, 441, 441, 441, 441, 442, 443, 444, 446, 447, 448, 449, 450, 452], 452, 2304)
end round with 6 suffixes


======== round 508 ========
todo suffixes: [[445, 446, 448, 450, 453], [444, 446, 448, 450, 453], [447, 450, 453], [449, 453], [448, 453], [451]]
cur_suffix:  [445, 446, 448, 450, 453]
bz: 440.
iter:  26
bz: 441.
iter:  26
bz: 442.
iter:  29
bz: 443.
iter:  27
bz: 444.
fisrt choice: (3.070637706821331e+47, 444, 25)
baseline:  (3.074359572610869e+47, [452, 452, 452, 452, 452, 452, 452, 452, 452, 452, 452, 452, 452, 452, 452, 452, 452, 452, 452], 452, 2304)
best 5 choices:
(3.0701983630190156e+47, [441, 441, 441, 441, 441, 441, 441, 441, 441, 441, 441, 441, 441, 441, 441, 441, 441, 441, 441, 441, 441, 441, 441, 441, 441, 444, 445, 446, 447, 448, 449, 450, 452], 452, 2304)
(3.070210362232407e+47, [441, 441, 441, 441, 441, 441, 441, 441, 441, 441, 441, 441, 441, 441, 441, 441, 441, 441, 441, 441, 441, 441, 441, 441, 441, 441, 442, 445, 446, 447, 448, 449, 450, 452], 452, 2304)
(3.070212112932435e+47, [441, 441, 441, 441, 441, 441, 441, 441, 441, 441, 441, 441, 441, 441, 441, 441, 441, 441, 441, 441, 441, 441, 441, 441, 443, 444, 445, 447, 448, 450, 451, 452], 452, 2304)
(3.0702128635020084e+47, [441, 441, 441, 441, 441, 441, 441, 441, 441, 441, 441, 441, 441, 441, 441, 441, 441, 441, 441, 441, 441, 441, 441, 441, 441, 442, 444, 446, 447, 448, 449, 451, 452], 452, 2304)
(3.070213137461827e+47, [441, 441, 441, 441, 441, 441, 441, 441, 441, 441, 441, 441, 441, 441, 441, 441, 441, 441, 441, 441, 441, 441, 441, 441, 441, 442, 443, 444, 446, 447, 448, 449, 450, 452], 452, 2304)
end round with 6 suffixes


======== round 509 ========
todo suffixes: [[444, 445, 446, 448, 450, 453], [444, 446, 448, 450, 453], [447, 450, 453], [449, 453], [448, 453], [451]]
cur_suffix:  [444, 445, 446, 448, 450, 453]
bz: 439.
iter:  24
bz: 440.
iter:  26
bz: 441.
iter:  26
bz: 442.
iter:  29
bz: 443.
fisrt choice: (3.070510005002624e+47, 443, 27)
baseline:  (3.074359572610869e+47, [452, 452, 452, 452, 452, 452, 452, 452, 452, 452, 452, 452, 452, 452, 452, 452, 452, 452, 452], 452, 2304)
best 5 choices:
(3.0701983630190156e+47, [441, 441, 441, 441, 441, 441, 441, 441, 441, 441, 441, 441, 441, 441, 441, 441, 441, 441, 441, 441, 441, 441, 441, 441, 441, 444, 445, 446, 447, 448, 449, 450, 452], 452, 2304)
(3.070210362232407e+47, [441, 441, 441, 441, 441, 441, 441, 441, 441, 441, 441, 441, 441, 441, 441, 441, 441, 441, 441, 441, 441, 441, 441, 441, 441, 441, 442, 445, 446, 447, 448, 449, 450, 452], 452, 2304)
(3.070212112932435e+47, [441, 441, 441, 441, 441, 441, 441, 441, 441, 441, 441, 441, 441, 441, 441, 441, 441, 441, 441, 441, 441, 441, 441, 441, 443, 444, 445, 447, 448, 450, 451, 452], 452, 2304)
(3.0702128635020084e+47, [441, 441, 441, 441, 441, 441, 441, 441, 441, 441, 441, 441, 441, 441, 441, 441, 441, 441, 441, 441, 441, 441, 441, 441, 441, 442, 444, 446, 447, 448, 449, 451, 452], 452, 2304)
(3.070213137461827e+47, [441, 441, 441, 441, 441, 441, 441, 441, 441, 441, 441, 441, 441, 441, 441, 441, 441, 441, 441, 441, 441, 441, 441, 441, 441, 442, 443, 444, 446, 447, 448, 449, 450, 452], 452, 2304)
end round with 6 suffixes


======== round 510 ========
todo suffixes: [[443, 444, 445, 446, 448, 450, 453], [444, 446, 448, 450, 453], [447, 450, 453], [449, 453], [448, 453], [451]]
cur_suffix:  [443, 444, 445, 446, 448, 450, 453]
bz: 438.
iter:  24
bz: 439.
iter:  24
bz: 440.
iter:  26
bz: 441.
iter:  26
bz: 442.
iter:  29
fisrt choice: (-1, -1, -1)
baseline:  (3.074359572610869e+47, [452, 452, 452, 452, 452, 452, 452, 452, 452, 452, 452, 452, 452, 452, 452, 452, 452, 452, 452], 452, 2304)
the strategy is infeasible, continue


======== round 511 ========
todo suffixes: [[444, 446, 448, 450, 453], [447, 450, 453], [449, 453], [448, 453], [451]]
cur_suffix:  [444, 446, 448, 450, 453]
bz: 439.
iter:  24
bz: 440.
iter:  26
bz: 441.
iter:  26
bz: 442.
iter:  29
bz: 443.
iter:  27
fisrt choice: (-1, -1, -1)
baseline:  (3.074359572610869e+47, [452, 452, 452, 452, 452, 452, 452, 452, 452, 452, 452, 452, 452, 452, 452, 452, 452, 452, 452], 452, 2304)
the strategy is infeasible, continue


======== round 512 ========
todo suffixes: [[447, 450, 453], [449, 453], [448, 453], [451]]
cur_suffix:  [447, 450, 453]
bz: 442.
iter:  29
bz: 443.
iter:  27
bz: 444.
iter:  26
bz: 445.
iter:  24
bz: 446.
fisrt choice: (3.071050087402466e+47, 446, 23)
baseline:  (3.074359572610869e+47, [452, 452, 452, 452, 452, 452, 452, 452, 452, 452, 452, 452, 452, 452, 452, 452, 452, 452, 452], 452, 2304)
best 5 choices:
(3.0701983630190156e+47, [441, 441, 441, 441, 441, 441, 441, 441, 441, 441, 441, 441, 441, 441, 441, 441, 441, 441, 441, 441, 441, 441, 441, 441, 441, 444, 445, 446, 447, 448, 449, 450, 452], 452, 2304)
(3.070210362232407e+47, [441, 441, 441, 441, 441, 441, 441, 441, 441, 441, 441, 441, 441, 441, 441, 441, 441, 441, 441, 441, 441, 441, 441, 441, 441, 441, 442, 445, 446, 447, 448, 449, 450, 452], 452, 2304)
(3.070212112932435e+47, [441, 441, 441, 441, 441, 441, 441, 441, 441, 441, 441, 441, 441, 441, 441, 441, 441, 441, 441, 441, 441, 441, 441, 441, 443, 444, 445, 447, 448, 450, 451, 452], 452, 2304)
(3.0702128635020084e+47, [441, 441, 441, 441, 441, 441, 441, 441, 441, 441, 441, 441, 441, 441, 441, 441, 441, 441, 441, 441, 441, 441, 441, 441, 441, 442, 444, 446, 447, 448, 449, 451, 452], 452, 2304)
(3.070213137461827e+47, [441, 441, 441, 441, 441, 441, 441, 441, 441, 441, 441, 441, 441, 441, 441, 441, 441, 441, 441, 441, 441, 441, 441, 441, 441, 442, 443, 444, 446, 447, 448, 449, 450, 452], 452, 2304)
end round with 4 suffixes


======== round 513 ========
todo suffixes: [[446, 447, 450, 453], [449, 453], [448, 453], [451]]
cur_suffix:  [446, 447, 450, 453]
bz: 441.
iter:  26
bz: 442.
iter:  29
bz: 443.
iter:  27
bz: 444.
iter:  26
bz: 445.
fisrt choice: (3.0708156774164184e+47, 445, 24)
baseline:  (3.074359572610869e+47, [452, 452, 452, 452, 452, 452, 452, 452, 452, 452, 452, 452, 452, 452, 452, 452, 452, 452, 452], 452, 2304)
best 5 choices:
(3.0701983630190156e+47, [441, 441, 441, 441, 441, 441, 441, 441, 441, 441, 441, 441, 441, 441, 441, 441, 441, 441, 441, 441, 441, 441, 441, 441, 441, 444, 445, 446, 447, 448, 449, 450, 452], 452, 2304)
(3.070210362232407e+47, [441, 441, 441, 441, 441, 441, 441, 441, 441, 441, 441, 441, 441, 441, 441, 441, 441, 441, 441, 441, 441, 441, 441, 441, 441, 441, 442, 445, 446, 447, 448, 449, 450, 452], 452, 2304)
(3.070212112932435e+47, [441, 441, 441, 441, 441, 441, 441, 441, 441, 441, 441, 441, 441, 441, 441, 441, 441, 441, 441, 441, 441, 441, 441, 441, 443, 444, 445, 447, 448, 450, 451, 452], 452, 2304)
(3.0702128635020084e+47, [441, 441, 441, 441, 441, 441, 441, 441, 441, 441, 441, 441, 441, 441, 441, 441, 441, 441, 441, 441, 441, 441, 441, 441, 441, 442, 444, 446, 447, 448, 449, 451, 452], 452, 2304)
(3.070213137461827e+47, [441, 441, 441, 441, 441, 441, 441, 441, 441, 441, 441, 441, 441, 441, 441, 441, 441, 441, 441, 441, 441, 441, 441, 441, 441, 442, 443, 444, 446, 447, 448, 449, 450, 452], 452, 2304)
end round with 4 suffixes


======== round 514 ========
todo suffixes: [[445, 446, 447, 450, 453], [449, 453], [448, 453], [451]]
cur_suffix:  [445, 446, 447, 450, 453]
bz: 440.
iter:  26
bz: 441.
iter:  26
bz: 442.
iter:  29
bz: 443.
iter:  27
bz: 444.
fisrt choice: (3.0706110948129034e+47, 444, 25)
baseline:  (3.074359572610869e+47, [452, 452, 452, 452, 452, 452, 452, 452, 452, 452, 452, 452, 452, 452, 452, 452, 452, 452, 452], 452, 2304)
best 5 choices:
(3.0701983630190156e+47, [441, 441, 441, 441, 441, 441, 441, 441, 441, 441, 441, 441, 441, 441, 441, 441, 441, 441, 441, 441, 441, 441, 441, 441, 441, 444, 445, 446, 447, 448, 449, 450, 452], 452, 2304)
(3.070210362232407e+47, [441, 441, 441, 441, 441, 441, 441, 441, 441, 441, 441, 441, 441, 441, 441, 441, 441, 441, 441, 441, 441, 441, 441, 441, 441, 441, 442, 445, 446, 447, 448, 449, 450, 452], 452, 2304)
(3.070212112932435e+47, [441, 441, 441, 441, 441, 441, 441, 441, 441, 441, 441, 441, 441, 441, 441, 441, 441, 441, 441, 441, 441, 441, 441, 441, 443, 444, 445, 447, 448, 450, 451, 452], 452, 2304)
(3.0702128635020084e+47, [441, 441, 441, 441, 441, 441, 441, 441, 441, 441, 441, 441, 441, 441, 441, 441, 441, 441, 441, 441, 441, 441, 441, 441, 441, 442, 444, 446, 447, 448, 449, 451, 452], 452, 2304)
(3.070213137461827e+47, [441, 441, 441, 441, 441, 441, 441, 441, 441, 441, 441, 441, 441, 441, 441, 441, 441, 441, 441, 441, 441, 441, 441, 441, 441, 442, 443, 444, 446, 447, 448, 449, 450, 452], 452, 2304)
end round with 4 suffixes


======== round 515 ========
todo suffixes: [[444, 445, 446, 447, 450, 453], [449, 453], [448, 453], [451]]
cur_suffix:  [444, 445, 446, 447, 450, 453]
bz: 439.
iter:  24
bz: 440.
iter:  26
bz: 441.
iter:  26
bz: 442.
iter:  29
bz: 443.
iter:  27
fisrt choice: (-1, -1, -1)
baseline:  (3.074359572610869e+47, [452, 452, 452, 452, 452, 452, 452, 452, 452, 452, 452, 452, 452, 452, 452, 452, 452, 452, 452], 452, 2304)
the strategy is infeasible, continue


======== round 516 ========
todo suffixes: [[449, 453], [448, 453], [451]]
cur_suffix:  [449, 453]
bz: 444.
iter:  26
bz: 445.
iter:  24
bz: 446.
iter:  23
bz: 447.
fisrt choice: (3.071276808675107e+47, 447, 22)
baseline:  (3.074359572610869e+47, [452, 452, 452, 452, 452, 452, 452, 452, 452, 452, 452, 452, 452, 452, 452, 452, 452, 452, 452], 452, 2304)
best 5 choices:
(3.0701983630190156e+47, [441, 441, 441, 441, 441, 441, 441, 441, 441, 441, 441, 441, 441, 441, 441, 441, 441, 441, 441, 441, 441, 441, 441, 441, 441, 444, 445, 446, 447, 448, 449, 450, 452], 452, 2304)
(3.070210362232407e+47, [441, 441, 441, 441, 441, 441, 441, 441, 441, 441, 441, 441, 441, 441, 441, 441, 441, 441, 441, 441, 441, 441, 441, 441, 441, 441, 442, 445, 446, 447, 448, 449, 450, 452], 452, 2304)
(3.070212112932435e+47, [441, 441, 441, 441, 441, 441, 441, 441, 441, 441, 441, 441, 441, 441, 441, 441, 441, 441, 441, 441, 441, 441, 441, 441, 443, 444, 445, 447, 448, 450, 451, 452], 452, 2304)
(3.0702128635020084e+47, [441, 441, 441, 441, 441, 441, 441, 441, 441, 441, 441, 441, 441, 441, 441, 441, 441, 441, 441, 441, 441, 441, 441, 441, 441, 442, 444, 446, 447, 448, 449, 451, 452], 452, 2304)
(3.070213137461827e+47, [441, 441, 441, 441, 441, 441, 441, 441, 441, 441, 441, 441, 441, 441, 441, 441, 441, 441, 441, 441, 441, 441, 441, 441, 441, 442, 443, 444, 446, 447, 448, 449, 450, 452], 452, 2304)
end round with 4 suffixes


======== round 517 ========
todo suffixes: [[448, 449, 453], [447, 449, 453], [448, 453], [451]]
cur_suffix:  [448, 449, 453]
bz: 443.
iter:  27
bz: 444.
iter:  26
bz: 445.
iter:  24
bz: 446.
fisrt choice: (3.071036335638175e+47, 446, 23)
baseline:  (3.074359572610869e+47, [452, 452, 452, 452, 452, 452, 452, 452, 452, 452, 452, 452, 452, 452, 452, 452, 452, 452, 452], 452, 2304)
best 5 choices:
(3.0701983630190156e+47, [441, 441, 441, 441, 441, 441, 441, 441, 441, 441, 441, 441, 441, 441, 441, 441, 441, 441, 441, 441, 441, 441, 441, 441, 441, 444, 445, 446, 447, 448, 449, 450, 452], 452, 2304)
(3.070210362232407e+47, [441, 441, 441, 441, 441, 441, 441, 441, 441, 441, 441, 441, 441, 441, 441, 441, 441, 441, 441, 441, 441, 441, 441, 441, 441, 441, 442, 445, 446, 447, 448, 449, 450, 452], 452, 2304)
(3.070212112932435e+47, [441, 441, 441, 441, 441, 441, 441, 441, 441, 441, 441, 441, 441, 441, 441, 441, 441, 441, 441, 441, 441, 441, 441, 441, 443, 444, 445, 447, 448, 450, 451, 452], 452, 2304)
(3.0702128635020084e+47, [441, 441, 441, 441, 441, 441, 441, 441, 441, 441, 441, 441, 441, 441, 441, 441, 441, 441, 441, 441, 441, 441, 441, 441, 441, 442, 444, 446, 447, 448, 449, 451, 452], 452, 2304)
(3.070213137461827e+47, [441, 441, 441, 441, 441, 441, 441, 441, 441, 441, 441, 441, 441, 441, 441, 441, 441, 441, 441, 441, 441, 441, 441, 441, 441, 442, 443, 444, 446, 447, 448, 449, 450, 452], 452, 2304)
end round with 5 suffixes


======== round 518 ========
todo suffixes: [[447, 448, 449, 453], [446, 448, 449, 453], [447, 449, 453], [448, 453], [451]]
cur_suffix:  [447, 448, 449, 453]
bz: 442.
iter:  29
bz: 443.
iter:  27
bz: 444.
fisrt choice: (3.0706047042079376e+47, 444, 26)
baseline:  (3.074359572610869e+47, [452, 452, 452, 452, 452, 452, 452, 452, 452, 452, 452, 452, 452, 452, 452, 452, 452, 452, 452], 452, 2304)
best 5 choices:
(3.0701983630190156e+47, [441, 441, 441, 441, 441, 441, 441, 441, 441, 441, 441, 441, 441, 441, 441, 441, 441, 441, 441, 441, 441, 441, 441, 441, 441, 444, 445, 446, 447, 448, 449, 450, 452], 452, 2304)
(3.070210362232407e+47, [441, 441, 441, 441, 441, 441, 441, 441, 441, 441, 441, 441, 441, 441, 441, 441, 441, 441, 441, 441, 441, 441, 441, 441, 441, 441, 442, 445, 446, 447, 448, 449, 450, 452], 452, 2304)
(3.070212112932435e+47, [441, 441, 441, 441, 441, 441, 441, 441, 441, 441, 441, 441, 441, 441, 441, 441, 441, 441, 441, 441, 441, 441, 441, 441, 443, 444, 445, 447, 448, 450, 451, 452], 452, 2304)
(3.0702128635020084e+47, [441, 441, 441, 441, 441, 441, 441, 441, 441, 441, 441, 441, 441, 441, 441, 441, 441, 441, 441, 441, 441, 441, 441, 441, 441, 442, 444, 446, 447, 448, 449, 451, 452], 452, 2304)
(3.070213137461827e+47, [441, 441, 441, 441, 441, 441, 441, 441, 441, 441, 441, 441, 441, 441, 441, 441, 441, 441, 441, 441, 441, 441, 441, 441, 441, 442, 443, 444, 446, 447, 448, 449, 450, 452], 452, 2304)
end round with 7 suffixes


======== round 519 ========
todo suffixes: [[446, 447, 448, 449, 453], [445, 447, 448, 449, 453], [444, 447, 448, 449, 453], [446, 448, 449, 453], [447, 449, 453], [448, 453], [451]]
cur_suffix:  [446, 447, 448, 449, 453]
bz: 441.
iter:  26
bz: 442.
iter:  29
bz: 443.
iter:  27
bz: 444.
fisrt choice: (3.070574943425225e+47, 444, 24)
baseline:  (3.074359572610869e+47, [452, 452, 452, 452, 452, 452, 452, 452, 452, 452, 452, 452, 452, 452, 452, 452, 452, 452, 452], 452, 2304)
best 5 choices:
(3.0701983630190156e+47, [441, 441, 441, 441, 441, 441, 441, 441, 441, 441, 441, 441, 441, 441, 441, 441, 441, 441, 441, 441, 441, 441, 441, 441, 441, 444, 445, 446, 447, 448, 449, 450, 452], 452, 2304)
(3.070210362232407e+47, [441, 441, 441, 441, 441, 441, 441, 441, 441, 441, 441, 441, 441, 441, 441, 441, 441, 441, 441, 441, 441, 441, 441, 441, 441, 441, 442, 445, 446, 447, 448, 449, 450, 452], 452, 2304)
(3.070212112932435e+47, [441, 441, 441, 441, 441, 441, 441, 441, 441, 441, 441, 441, 441, 441, 441, 441, 441, 441, 441, 441, 441, 441, 441, 441, 443, 444, 445, 447, 448, 450, 451, 452], 452, 2304)
(3.0702128635020084e+47, [441, 441, 441, 441, 441, 441, 441, 441, 441, 441, 441, 441, 441, 441, 441, 441, 441, 441, 441, 441, 441, 441, 441, 441, 441, 442, 444, 446, 447, 448, 449, 451, 452], 452, 2304)
(3.070213137461827e+47, [441, 441, 441, 441, 441, 441, 441, 441, 441, 441, 441, 441, 441, 441, 441, 441, 441, 441, 441, 441, 441, 441, 441, 441, 441, 442, 443, 444, 446, 447, 448, 449, 450, 452], 452, 2304)
end round with 8 suffixes


======== round 520 ========
todo suffixes: [[445, 446, 447, 448, 449, 453], [444, 446, 447, 448, 449, 453], [445, 447, 448, 449, 453], [444, 447, 448, 449, 453], [446, 448, 449, 453], [447, 449, 453], [448, 453], [451]]
cur_suffix:  [445, 446, 447, 448, 449, 453]
bz: 440.
iter:  26
bz: 441.
iter:  26
bz: 442.
iter:  29
bz: 443.
fisrt choice: (3.070473058112178e+47, 443, 26)
baseline:  (3.074359572610869e+47, [452, 452, 452, 452, 452, 452, 452, 452, 452, 452, 452, 452, 452, 452, 452, 452, 452, 452, 452], 452, 2304)
best 5 choices:
(3.0701983630190156e+47, [441, 441, 441, 441, 441, 441, 441, 441, 441, 441, 441, 441, 441, 441, 441, 441, 441, 441, 441, 441, 441, 441, 441, 441, 441, 444, 445, 446, 447, 448, 449, 450, 452], 452, 2304)
(3.070210362232407e+47, [441, 441, 441, 441, 441, 441, 441, 441, 441, 441, 441, 441, 441, 441, 441, 441, 441, 441, 441, 441, 441, 441, 441, 441, 441, 441, 442, 445, 446, 447, 448, 449, 450, 452], 452, 2304)
(3.070212112932435e+47, [441, 441, 441, 441, 441, 441, 441, 441, 441, 441, 441, 441, 441, 441, 441, 441, 441, 441, 441, 441, 441, 441, 441, 441, 443, 444, 445, 447, 448, 450, 451, 452], 452, 2304)
(3.0702128635020084e+47, [441, 441, 441, 441, 441, 441, 441, 441, 441, 441, 441, 441, 441, 441, 441, 441, 441, 441, 441, 441, 441, 441, 441, 441, 441, 442, 444, 446, 447, 448, 449, 451, 452], 452, 2304)
(3.070213137461827e+47, [441, 441, 441, 441, 441, 441, 441, 441, 441, 441, 441, 441, 441, 441, 441, 441, 441, 441, 441, 441, 441, 441, 441, 441, 441, 442, 443, 444, 446, 447, 448, 449, 450, 452], 452, 2304)
end round with 9 suffixes


======== round 521 ========
todo suffixes: [[444, 445, 446, 447, 448, 449, 453], [443, 445, 446, 447, 448, 449, 453], [444, 446, 447, 448, 449, 453], [445, 447, 448, 449, 453], [444, 447, 448, 449, 453], [446, 448, 449, 453], [447, 449, 453], [448, 453], [451]]
cur_suffix:  [444, 445, 446, 447, 448, 449, 453]
bz: 439.
iter:  24
bz: 440.
iter:  26
bz: 441.
iter:  26
bz: 442.
fisrt choice: (3.070371543006038e+47, 442, 28)
baseline:  (3.074359572610869e+47, [452, 452, 452, 452, 452, 452, 452, 452, 452, 452, 452, 452, 452, 452, 452, 452, 452, 452, 452], 452, 2304)
best 5 choices:
(3.0701983630190156e+47, [441, 441, 441, 441, 441, 441, 441, 441, 441, 441, 441, 441, 441, 441, 441, 441, 441, 441, 441, 441, 441, 441, 441, 441, 441, 444, 445, 446, 447, 448, 449, 450, 452], 452, 2304)
(3.070210362232407e+47, [441, 441, 441, 441, 441, 441, 441, 441, 441, 441, 441, 441, 441, 441, 441, 441, 441, 441, 441, 441, 441, 441, 441, 441, 441, 441, 442, 445, 446, 447, 448, 449, 450, 452], 452, 2304)
(3.070212112932435e+47, [441, 441, 441, 441, 441, 441, 441, 441, 441, 441, 441, 441, 441, 441, 441, 441, 441, 441, 441, 441, 441, 441, 441, 441, 443, 444, 445, 447, 448, 450, 451, 452], 452, 2304)
(3.0702128635020084e+47, [441, 441, 441, 441, 441, 441, 441, 441, 441, 441, 441, 441, 441, 441, 441, 441, 441, 441, 441, 441, 441, 441, 441, 441, 441, 442, 444, 446, 447, 448, 449, 451, 452], 452, 2304)
(3.070213137461827e+47, [441, 441, 441, 441, 441, 441, 441, 441, 441, 441, 441, 441, 441, 441, 441, 441, 441, 441, 441, 441, 441, 441, 441, 441, 441, 442, 443, 444, 446, 447, 448, 449, 450, 452], 452, 2304)
end round with 8 suffixes


======== round 522 ========
todo suffixes: [[443, 445, 446, 447, 448, 449, 453], [444, 446, 447, 448, 449, 453], [445, 447, 448, 449, 453], [444, 447, 448, 449, 453], [446, 448, 449, 453], [447, 449, 453], [448, 453], [451]]
cur_suffix:  [443, 445, 446, 447, 448, 449, 453]
bz: 438.
iter:  24
bz: 439.
iter:  24
bz: 440.
iter:  26
bz: 441.
iter:  26
bz: 442.
fisrt choice: (3.070400564891766e+47, 442, 29)
baseline:  (3.074359572610869e+47, [452, 452, 452, 452, 452, 452, 452, 452, 452, 452, 452, 452, 452, 452, 452, 452, 452, 452, 452], 452, 2304)
best 5 choices:
(3.0701983630190156e+47, [441, 441, 441, 441, 441, 441, 441, 441, 441, 441, 441, 441, 441, 441, 441, 441, 441, 441, 441, 441, 441, 441, 441, 441, 441, 444, 445, 446, 447, 448, 449, 450, 452], 452, 2304)
(3.070210362232407e+47, [441, 441, 441, 441, 441, 441, 441, 441, 441, 441, 441, 441, 441, 441, 441, 441, 441, 441, 441, 441, 441, 441, 441, 441, 441, 441, 442, 445, 446, 447, 448, 449, 450, 452], 452, 2304)
(3.070212112932435e+47, [441, 441, 441, 441, 441, 441, 441, 441, 441, 441, 441, 441, 441, 441, 441, 441, 441, 441, 441, 441, 441, 441, 441, 441, 443, 444, 445, 447, 448, 450, 451, 452], 452, 2304)
(3.0702128635020084e+47, [441, 441, 441, 441, 441, 441, 441, 441, 441, 441, 441, 441, 441, 441, 441, 441, 441, 441, 441, 441, 441, 441, 441, 441, 441, 442, 444, 446, 447, 448, 449, 451, 452], 452, 2304)
(3.070213137461827e+47, [441, 441, 441, 441, 441, 441, 441, 441, 441, 441, 441, 441, 441, 441, 441, 441, 441, 441, 441, 441, 441, 441, 441, 441, 441, 442, 443, 444, 446, 447, 448, 449, 450, 452], 452, 2304)
end round with 7 suffixes


======== round 523 ========
todo suffixes: [[444, 446, 447, 448, 449, 453], [445, 447, 448, 449, 453], [444, 447, 448, 449, 453], [446, 448, 449, 453], [447, 449, 453], [448, 453], [451]]
cur_suffix:  [444, 446, 447, 448, 449, 453]
bz: 439.
iter:  24
bz: 440.
iter:  26
bz: 441.
iter:  26
bz: 442.
iter:  29
bz: 443.
fisrt choice: (3.070458810669261e+47, 443, 26)
baseline:  (3.074359572610869e+47, [452, 452, 452, 452, 452, 452, 452, 452, 452, 452, 452, 452, 452, 452, 452, 452, 452, 452, 452], 452, 2304)
best 5 choices:
(3.0701983630190156e+47, [441, 441, 441, 441, 441, 441, 441, 441, 441, 441, 441, 441, 441, 441, 441, 441, 441, 441, 441, 441, 441, 441, 441, 441, 441, 444, 445, 446, 447, 448, 449, 450, 452], 452, 2304)
(3.070210362232407e+47, [441, 441, 441, 441, 441, 441, 441, 441, 441, 441, 441, 441, 441, 441, 441, 441, 441, 441, 441, 441, 441, 441, 441, 441, 441, 441, 442, 445, 446, 447, 448, 449, 450, 452], 452, 2304)
(3.070212112932435e+47, [441, 441, 441, 441, 441, 441, 441, 441, 441, 441, 441, 441, 441, 441, 441, 441, 441, 441, 441, 441, 441, 441, 441, 441, 443, 444, 445, 447, 448, 450, 451, 452], 452, 2304)
(3.0702128635020084e+47, [441, 441, 441, 441, 441, 441, 441, 441, 441, 441, 441, 441, 441, 441, 441, 441, 441, 441, 441, 441, 441, 441, 441, 441, 441, 442, 444, 446, 447, 448, 449, 451, 452], 452, 2304)
(3.070213137461827e+47, [441, 441, 441, 441, 441, 441, 441, 441, 441, 441, 441, 441, 441, 441, 441, 441, 441, 441, 441, 441, 441, 441, 441, 441, 441, 442, 443, 444, 446, 447, 448, 449, 450, 452], 452, 2304)
end round with 7 suffixes


======== round 524 ========
todo suffixes: [[443, 444, 446, 447, 448, 449, 453], [445, 447, 448, 449, 453], [444, 447, 448, 449, 453], [446, 448, 449, 453], [447, 449, 453], [448, 453], [451]]
cur_suffix:  [443, 444, 446, 447, 448, 449, 453]
bz: 438.
iter:  24
bz: 439.
iter:  24
bz: 440.
iter:  26
bz: 441.
iter:  26
bz: 442.
iter:  29
fisrt choice: (-1, -1, -1)
baseline:  (3.074359572610869e+47, [452, 452, 452, 452, 452, 452, 452, 452, 452, 452, 452, 452, 452, 452, 452, 452, 452, 452, 452], 452, 2304)
the strategy is infeasible, continue


======== round 525 ========
todo suffixes: [[445, 447, 448, 449, 453], [444, 447, 448, 449, 453], [446, 448, 449, 453], [447, 449, 453], [448, 453], [451]]
cur_suffix:  [445, 447, 448, 449, 453]
bz: 440.
iter:  26
bz: 441.
iter:  26
bz: 442.
iter:  29
bz: 443.
iter:  27
bz: 444.
fisrt choice: (3.0706189516508545e+47, 444, 25)
baseline:  (3.074359572610869e+47, [452, 452, 452, 452, 452, 452, 452, 452, 452, 452, 452, 452, 452, 452, 452, 452, 452, 452, 452], 452, 2304)
best 5 choices:
(3.0701983630190156e+47, [441, 441, 441, 441, 441, 441, 441, 441, 441, 441, 441, 441, 441, 441, 441, 441, 441, 441, 441, 441, 441, 441, 441, 441, 441, 444, 445, 446, 447, 448, 449, 450, 452], 452, 2304)
(3.070210362232407e+47, [441, 441, 441, 441, 441, 441, 441, 441, 441, 441, 441, 441, 441, 441, 441, 441, 441, 441, 441, 441, 441, 441, 441, 441, 441, 441, 442, 445, 446, 447, 448, 449, 450, 452], 452, 2304)
(3.070212112932435e+47, [441, 441, 441, 441, 441, 441, 441, 441, 441, 441, 441, 441, 441, 441, 441, 441, 441, 441, 441, 441, 441, 441, 441, 441, 443, 444, 445, 447, 448, 450, 451, 452], 452, 2304)
(3.0702128635020084e+47, [441, 441, 441, 441, 441, 441, 441, 441, 441, 441, 441, 441, 441, 441, 441, 441, 441, 441, 441, 441, 441, 441, 441, 441, 441, 442, 444, 446, 447, 448, 449, 451, 452], 452, 2304)
(3.070213137461827e+47, [441, 441, 441, 441, 441, 441, 441, 441, 441, 441, 441, 441, 441, 441, 441, 441, 441, 441, 441, 441, 441, 441, 441, 441, 441, 442, 443, 444, 446, 447, 448, 449, 450, 452], 452, 2304)
end round with 6 suffixes


======== round 526 ========
todo suffixes: [[444, 445, 447, 448, 449, 453], [444, 447, 448, 449, 453], [446, 448, 449, 453], [447, 449, 453], [448, 453], [451]]
cur_suffix:  [444, 445, 447, 448, 449, 453]
bz: 439.
iter:  24
bz: 440.
iter:  26
bz: 441.
iter:  26
bz: 442.
iter:  29
bz: 443.
fisrt choice: (3.0704912498321474e+47, 443, 27)
baseline:  (3.074359572610869e+47, [452, 452, 452, 452, 452, 452, 452, 452, 452, 452, 452, 452, 452, 452, 452, 452, 452, 452, 452], 452, 2304)
best 5 choices:
(3.0701983630190156e+47, [441, 441, 441, 441, 441, 441, 441, 441, 441, 441, 441, 441, 441, 441, 441, 441, 441, 441, 441, 441, 441, 441, 441, 441, 441, 444, 445, 446, 447, 448, 449, 450, 452], 452, 2304)
(3.070210362232407e+47, [441, 441, 441, 441, 441, 441, 441, 441, 441, 441, 441, 441, 441, 441, 441, 441, 441, 441, 441, 441, 441, 441, 441, 441, 441, 441, 442, 445, 446, 447, 448, 449, 450, 452], 452, 2304)
(3.070212112932435e+47, [441, 441, 441, 441, 441, 441, 441, 441, 441, 441, 441, 441, 441, 441, 441, 441, 441, 441, 441, 441, 441, 441, 441, 441, 443, 444, 445, 447, 448, 450, 451, 452], 452, 2304)
(3.0702128635020084e+47, [441, 441, 441, 441, 441, 441, 441, 441, 441, 441, 441, 441, 441, 441, 441, 441, 441, 441, 441, 441, 441, 441, 441, 441, 441, 442, 444, 446, 447, 448, 449, 451, 452], 452, 2304)
(3.070213137461827e+47, [441, 441, 441, 441, 441, 441, 441, 441, 441, 441, 441, 441, 441, 441, 441, 441, 441, 441, 441, 441, 441, 441, 441, 441, 441, 442, 443, 444, 446, 447, 448, 449, 450, 452], 452, 2304)
end round with 6 suffixes


======== round 527 ========
todo suffixes: [[443, 444, 445, 447, 448, 449, 453], [444, 447, 448, 449, 453], [446, 448, 449, 453], [447, 449, 453], [448, 453], [451]]
cur_suffix:  [443, 444, 445, 447, 448, 449, 453]
bz: 438.
iter:  24
bz: 439.
iter:  24
bz: 440.
iter:  26
bz: 441.
iter:  26
bz: 442.
iter:  29
fisrt choice: (-1, -1, -1)
baseline:  (3.074359572610869e+47, [452, 452, 452, 452, 452, 452, 452, 452, 452, 452, 452, 452, 452, 452, 452, 452, 452, 452, 452], 452, 2304)
the strategy is infeasible, continue


======== round 528 ========
todo suffixes: [[444, 447, 448, 449, 453], [446, 448, 449, 453], [447, 449, 453], [448, 453], [451]]
cur_suffix:  [444, 447, 448, 449, 453]
bz: 439.
iter:  24
bz: 440.
iter:  26
bz: 441.
iter:  26
bz: 442.
iter:  29
bz: 443.
iter:  27
fisrt choice: (-1, -1, -1)
baseline:  (3.074359572610869e+47, [452, 452, 452, 452, 452, 452, 452, 452, 452, 452, 452, 452, 452, 452, 452, 452, 452, 452, 452], 452, 2304)
the strategy is infeasible, continue


======== round 529 ========
todo suffixes: [[446, 448, 449, 453], [447, 449, 453], [448, 453], [451]]
cur_suffix:  [446, 448, 449, 453]
bz: 441.
iter:  26
bz: 442.
iter:  29
bz: 443.
iter:  27
bz: 444.
iter:  26
bz: 445.
fisrt choice: (3.0708019256521275e+47, 445, 24)
baseline:  (3.074359572610869e+47, [452, 452, 452, 452, 452, 452, 452, 452, 452, 452, 452, 452, 452, 452, 452, 452, 452, 452, 452], 452, 2304)
best 5 choices:
(3.0701983630190156e+47, [441, 441, 441, 441, 441, 441, 441, 441, 441, 441, 441, 441, 441, 441, 441, 441, 441, 441, 441, 441, 441, 441, 441, 441, 441, 444, 445, 446, 447, 448, 449, 450, 452], 452, 2304)
(3.070210362232407e+47, [441, 441, 441, 441, 441, 441, 441, 441, 441, 441, 441, 441, 441, 441, 441, 441, 441, 441, 441, 441, 441, 441, 441, 441, 441, 441, 442, 445, 446, 447, 448, 449, 450, 452], 452, 2304)
(3.070212112932435e+47, [441, 441, 441, 441, 441, 441, 441, 441, 441, 441, 441, 441, 441, 441, 441, 441, 441, 441, 441, 441, 441, 441, 441, 441, 443, 444, 445, 447, 448, 450, 451, 452], 452, 2304)
(3.0702128635020084e+47, [441, 441, 441, 441, 441, 441, 441, 441, 441, 441, 441, 441, 441, 441, 441, 441, 441, 441, 441, 441, 441, 441, 441, 441, 441, 442, 444, 446, 447, 448, 449, 451, 452], 452, 2304)
(3.070213137461827e+47, [441, 441, 441, 441, 441, 441, 441, 441, 441, 441, 441, 441, 441, 441, 441, 441, 441, 441, 441, 441, 441, 441, 441, 441, 441, 442, 443, 444, 446, 447, 448, 449, 450, 452], 452, 2304)
end round with 4 suffixes


======== round 530 ========
todo suffixes: [[445, 446, 448, 449, 453], [447, 449, 453], [448, 453], [451]]
cur_suffix:  [445, 446, 448, 449, 453]
bz: 440.
iter:  26
bz: 441.
iter:  26
bz: 442.
iter:  29
bz: 443.
iter:  27
bz: 444.
fisrt choice: (3.0705973430486126e+47, 444, 25)
baseline:  (3.074359572610869e+47, [452, 452, 452, 452, 452, 452, 452, 452, 452, 452, 452, 452, 452, 452, 452, 452, 452, 452, 452], 452, 2304)
best 5 choices:
(3.0701983630190156e+47, [441, 441, 441, 441, 441, 441, 441, 441, 441, 441, 441, 441, 441, 441, 441, 441, 441, 441, 441, 441, 441, 441, 441, 441, 441, 444, 445, 446, 447, 448, 449, 450, 452], 452, 2304)
(3.070210362232407e+47, [441, 441, 441, 441, 441, 441, 441, 441, 441, 441, 441, 441, 441, 441, 441, 441, 441, 441, 441, 441, 441, 441, 441, 441, 441, 441, 442, 445, 446, 447, 448, 449, 450, 452], 452, 2304)
(3.070212112932435e+47, [441, 441, 441, 441, 441, 441, 441, 441, 441, 441, 441, 441, 441, 441, 441, 441, 441, 441, 441, 441, 441, 441, 441, 441, 443, 444, 445, 447, 448, 450, 451, 452], 452, 2304)
(3.0702128635020084e+47, [441, 441, 441, 441, 441, 441, 441, 441, 441, 441, 441, 441, 441, 441, 441, 441, 441, 441, 441, 441, 441, 441, 441, 441, 441, 442, 444, 446, 447, 448, 449, 451, 452], 452, 2304)
(3.070213137461827e+47, [441, 441, 441, 441, 441, 441, 441, 441, 441, 441, 441, 441, 441, 441, 441, 441, 441, 441, 441, 441, 441, 441, 441, 441, 441, 442, 443, 444, 446, 447, 448, 449, 450, 452], 452, 2304)
end round with 4 suffixes


======== round 531 ========
todo suffixes: [[444, 445, 446, 448, 449, 453], [447, 449, 453], [448, 453], [451]]
cur_suffix:  [444, 445, 446, 448, 449, 453]
bz: 439.
iter:  24
bz: 440.
iter:  26
bz: 441.
iter:  26
bz: 442.
iter:  29
bz: 443.
iter:  27
fisrt choice: (-1, -1, -1)
baseline:  (3.074359572610869e+47, [452, 452, 452, 452, 452, 452, 452, 452, 452, 452, 452, 452, 452, 452, 452, 452, 452, 452, 452], 452, 2304)
the strategy is infeasible, continue


======== round 532 ========
todo suffixes: [[447, 449, 453], [448, 453], [451]]
cur_suffix:  [447, 449, 453]
bz: 442.
iter:  29
bz: 443.
iter:  27
bz: 444.
iter:  26
bz: 445.
iter:  24
bz: 446.
fisrt choice: (3.0710097236297474e+47, 446, 23)
baseline:  (3.074359572610869e+47, [452, 452, 452, 452, 452, 452, 452, 452, 452, 452, 452, 452, 452, 452, 452, 452, 452, 452, 452], 452, 2304)
best 5 choices:
(3.0701983630190156e+47, [441, 441, 441, 441, 441, 441, 441, 441, 441, 441, 441, 441, 441, 441, 441, 441, 441, 441, 441, 441, 441, 441, 441, 441, 441, 444, 445, 446, 447, 448, 449, 450, 452], 452, 2304)
(3.070210362232407e+47, [441, 441, 441, 441, 441, 441, 441, 441, 441, 441, 441, 441, 441, 441, 441, 441, 441, 441, 441, 441, 441, 441, 441, 441, 441, 441, 442, 445, 446, 447, 448, 449, 450, 452], 452, 2304)
(3.070212112932435e+47, [441, 441, 441, 441, 441, 441, 441, 441, 441, 441, 441, 441, 441, 441, 441, 441, 441, 441, 441, 441, 441, 441, 441, 441, 443, 444, 445, 447, 448, 450, 451, 452], 452, 2304)
(3.0702128635020084e+47, [441, 441, 441, 441, 441, 441, 441, 441, 441, 441, 441, 441, 441, 441, 441, 441, 441, 441, 441, 441, 441, 441, 441, 441, 441, 442, 444, 446, 447, 448, 449, 451, 452], 452, 2304)
(3.070213137461827e+47, [441, 441, 441, 441, 441, 441, 441, 441, 441, 441, 441, 441, 441, 441, 441, 441, 441, 441, 441, 441, 441, 441, 441, 441, 441, 442, 443, 444, 446, 447, 448, 449, 450, 452], 452, 2304)
end round with 3 suffixes


======== round 533 ========
todo suffixes: [[446, 447, 449, 453], [448, 453], [451]]
cur_suffix:  [446, 447, 449, 453]
bz: 441.
iter:  26
bz: 442.
iter:  29
bz: 443.
iter:  27
bz: 444.
iter:  26
bz: 445.
fisrt choice: (3.0707753136437e+47, 445, 24)
baseline:  (3.074359572610869e+47, [452, 452, 452, 452, 452, 452, 452, 452, 452, 452, 452, 452, 452, 452, 452, 452, 452, 452, 452], 452, 2304)
best 5 choices:
(3.0701983630190156e+47, [441, 441, 441, 441, 441, 441, 441, 441, 441, 441, 441, 441, 441, 441, 441, 441, 441, 441, 441, 441, 441, 441, 441, 441, 441, 444, 445, 446, 447, 448, 449, 450, 452], 452, 2304)
(3.070210362232407e+47, [441, 441, 441, 441, 441, 441, 441, 441, 441, 441, 441, 441, 441, 441, 441, 441, 441, 441, 441, 441, 441, 441, 441, 441, 441, 441, 442, 445, 446, 447, 448, 449, 450, 452], 452, 2304)
(3.070212112932435e+47, [441, 441, 441, 441, 441, 441, 441, 441, 441, 441, 441, 441, 441, 441, 441, 441, 441, 441, 441, 441, 441, 441, 441, 441, 443, 444, 445, 447, 448, 450, 451, 452], 452, 2304)
(3.0702128635020084e+47, [441, 441, 441, 441, 441, 441, 441, 441, 441, 441, 441, 441, 441, 441, 441, 441, 441, 441, 441, 441, 441, 441, 441, 441, 441, 442, 444, 446, 447, 448, 449, 451, 452], 452, 2304)
(3.070213137461827e+47, [441, 441, 441, 441, 441, 441, 441, 441, 441, 441, 441, 441, 441, 441, 441, 441, 441, 441, 441, 441, 441, 441, 441, 441, 441, 442, 443, 444, 446, 447, 448, 449, 450, 452], 452, 2304)
end round with 3 suffixes


======== round 534 ========
todo suffixes: [[445, 446, 447, 449, 453], [448, 453], [451]]
cur_suffix:  [445, 446, 447, 449, 453]
bz: 440.
iter:  26
bz: 441.
iter:  26
bz: 442.
iter:  29
bz: 443.
iter:  27
bz: 444.
fisrt choice: (3.0706322853319714e+47, 444, 26)
baseline:  (3.074359572610869e+47, [452, 452, 452, 452, 452, 452, 452, 452, 452, 452, 452, 452, 452, 452, 452, 452, 452, 452, 452], 452, 2304)
best 5 choices:
(3.0701983630190156e+47, [441, 441, 441, 441, 441, 441, 441, 441, 441, 441, 441, 441, 441, 441, 441, 441, 441, 441, 441, 441, 441, 441, 441, 441, 441, 444, 445, 446, 447, 448, 449, 450, 452], 452, 2304)
(3.070210362232407e+47, [441, 441, 441, 441, 441, 441, 441, 441, 441, 441, 441, 441, 441, 441, 441, 441, 441, 441, 441, 441, 441, 441, 441, 441, 441, 441, 442, 445, 446, 447, 448, 449, 450, 452], 452, 2304)
(3.070212112932435e+47, [441, 441, 441, 441, 441, 441, 441, 441, 441, 441, 441, 441, 441, 441, 441, 441, 441, 441, 441, 441, 441, 441, 441, 441, 443, 444, 445, 447, 448, 450, 451, 452], 452, 2304)
(3.0702128635020084e+47, [441, 441, 441, 441, 441, 441, 441, 441, 441, 441, 441, 441, 441, 441, 441, 441, 441, 441, 441, 441, 441, 441, 441, 441, 441, 442, 444, 446, 447, 448, 449, 451, 452], 452, 2304)
(3.070213137461827e+47, [441, 441, 441, 441, 441, 441, 441, 441, 441, 441, 441, 441, 441, 441, 441, 441, 441, 441, 441, 441, 441, 441, 441, 441, 441, 442, 443, 444, 446, 447, 448, 449, 450, 452], 452, 2304)
end round with 3 suffixes


======== round 535 ========
todo suffixes: [[444, 445, 446, 447, 449, 453], [448, 453], [451]]
cur_suffix:  [444, 445, 446, 447, 449, 453]
bz: 439.
iter:  24
bz: 440.
iter:  26
bz: 441.
iter:  26
bz: 442.
iter:  29
bz: 443.
iter:  27
fisrt choice: (-1, -1, -1)
baseline:  (3.074359572610869e+47, [452, 452, 452, 452, 452, 452, 452, 452, 452, 452, 452, 452, 452, 452, 452, 452, 452, 452, 452], 452, 2304)
the strategy is infeasible, continue


======== round 536 ========
todo suffixes: [[448, 453], [451]]
cur_suffix:  [448, 453]
bz: 443.
iter:  27
bz: 444.
iter:  26
bz: 445.
iter:  24
bz: 446.
iter:  23
bz: 447.
fisrt choice: (3.0713589908342767e+47, 447, 23)
baseline:  (3.074359572610869e+47, [452, 452, 452, 452, 452, 452, 452, 452, 452, 452, 452, 452, 452, 452, 452, 452, 452, 452, 452], 452, 2304)
best 5 choices:
(3.0701983630190156e+47, [441, 441, 441, 441, 441, 441, 441, 441, 441, 441, 441, 441, 441, 441, 441, 441, 441, 441, 441, 441, 441, 441, 441, 441, 441, 444, 445, 446, 447, 448, 449, 450, 452], 452, 2304)
(3.070210362232407e+47, [441, 441, 441, 441, 441, 441, 441, 441, 441, 441, 441, 441, 441, 441, 441, 441, 441, 441, 441, 441, 441, 441, 441, 441, 441, 441, 442, 445, 446, 447, 448, 449, 450, 452], 452, 2304)
(3.070212112932435e+47, [441, 441, 441, 441, 441, 441, 441, 441, 441, 441, 441, 441, 441, 441, 441, 441, 441, 441, 441, 441, 441, 441, 441, 441, 443, 444, 445, 447, 448, 450, 451, 452], 452, 2304)
(3.0702128635020084e+47, [441, 441, 441, 441, 441, 441, 441, 441, 441, 441, 441, 441, 441, 441, 441, 441, 441, 441, 441, 441, 441, 441, 441, 441, 441, 442, 444, 446, 447, 448, 449, 451, 452], 452, 2304)
(3.070213137461827e+47, [441, 441, 441, 441, 441, 441, 441, 441, 441, 441, 441, 441, 441, 441, 441, 441, 441, 441, 441, 441, 441, 441, 441, 441, 441, 442, 443, 444, 446, 447, 448, 449, 450, 452], 452, 2304)
end round with 2 suffixes


======== round 537 ========
todo suffixes: [[447, 448, 453], [451]]
cur_suffix:  [447, 448, 453]
bz: 442.
iter:  29
bz: 443.
iter:  27
bz: 444.
iter:  26
bz: 445.
iter:  24
bz: 446.
fisrt choice: (3.0709769493858148e+47, 446, 23)
baseline:  (3.074359572610869e+47, [452, 452, 452, 452, 452, 452, 452, 452, 452, 452, 452, 452, 452, 452, 452, 452, 452, 452, 452], 452, 2304)
best 5 choices:
(3.0701983630190156e+47, [441, 441, 441, 441, 441, 441, 441, 441, 441, 441, 441, 441, 441, 441, 441, 441, 441, 441, 441, 441, 441, 441, 441, 441, 441, 444, 445, 446, 447, 448, 449, 450, 452], 452, 2304)
(3.070210362232407e+47, [441, 441, 441, 441, 441, 441, 441, 441, 441, 441, 441, 441, 441, 441, 441, 441, 441, 441, 441, 441, 441, 441, 441, 441, 441, 441, 442, 445, 446, 447, 448, 449, 450, 452], 452, 2304)
(3.070212112932435e+47, [441, 441, 441, 441, 441, 441, 441, 441, 441, 441, 441, 441, 441, 441, 441, 441, 441, 441, 441, 441, 441, 441, 441, 441, 443, 444, 445, 447, 448, 450, 451, 452], 452, 2304)
(3.0702128635020084e+47, [441, 441, 441, 441, 441, 441, 441, 441, 441, 441, 441, 441, 441, 441, 441, 441, 441, 441, 441, 441, 441, 441, 441, 441, 441, 442, 444, 446, 447, 448, 449, 451, 452], 452, 2304)
(3.070213137461827e+47, [441, 441, 441, 441, 441, 441, 441, 441, 441, 441, 441, 441, 441, 441, 441, 441, 441, 441, 441, 441, 441, 441, 441, 441, 441, 442, 443, 444, 446, 447, 448, 449, 450, 452], 452, 2304)
end round with 2 suffixes


======== round 538 ========
todo suffixes: [[446, 447, 448, 453], [451]]
cur_suffix:  [446, 447, 448, 453]
bz: 441.
iter:  26
bz: 442.
iter:  29
bz: 443.
iter:  27
bz: 444.
iter:  26
bz: 445.
iter:  24
fisrt choice: (-1, -1, -1)
baseline:  (3.074359572610869e+47, [452, 452, 452, 452, 452, 452, 452, 452, 452, 452, 452, 452, 452, 452, 452, 452, 452, 452, 452], 452, 2304)
the strategy is infeasible, continue


======== round 539 ========
todo suffixes: [[451]]
cur_suffix:  [451]
bz: 446.
iter:  23
bz: 447.
iter:  23
bz: 448.
iter:  22
bz: 449.
fisrt choice: (3.0720979931025576e+47, 449, 21)
baseline:  (3.074359572610869e+47, [452, 452, 452, 452, 452, 452, 452, 452, 452, 452, 452, 452, 452, 452, 452, 452, 452, 452, 452], 452, 2304)
best 5 choices:
(3.0701983630190156e+47, [441, 441, 441, 441, 441, 441, 441, 441, 441, 441, 441, 441, 441, 441, 441, 441, 441, 441, 441, 441, 441, 441, 441, 441, 441, 444, 445, 446, 447, 448, 449, 450, 452], 452, 2304)
(3.070210362232407e+47, [441, 441, 441, 441, 441, 441, 441, 441, 441, 441, 441, 441, 441, 441, 441, 441, 441, 441, 441, 441, 441, 441, 441, 441, 441, 441, 442, 445, 446, 447, 448, 449, 450, 452], 452, 2304)
(3.070212112932435e+47, [441, 441, 441, 441, 441, 441, 441, 441, 441, 441, 441, 441, 441, 441, 441, 441, 441, 441, 441, 441, 441, 441, 441, 441, 443, 444, 445, 447, 448, 450, 451, 452], 452, 2304)
(3.0702128635020084e+47, [441, 441, 441, 441, 441, 441, 441, 441, 441, 441, 441, 441, 441, 441, 441, 441, 441, 441, 441, 441, 441, 441, 441, 441, 441, 442, 444, 446, 447, 448, 449, 451, 452], 452, 2304)
(3.070213137461827e+47, [441, 441, 441, 441, 441, 441, 441, 441, 441, 441, 441, 441, 441, 441, 441, 441, 441, 441, 441, 441, 441, 441, 441, 441, 441, 442, 443, 444, 446, 447, 448, 449, 450, 452], 452, 2304)
end round with 2 suffixes


======== round 540 ========
todo suffixes: [[450, 451], [449, 451]]
cur_suffix:  [450, 451]
bz: 445.
iter:  24
bz: 446.
iter:  23
bz: 447.
fisrt choice: (3.0712955010373784e+47, 447, 23)
baseline:  (3.074359572610869e+47, [452, 452, 452, 452, 452, 452, 452, 452, 452, 452, 452, 452, 452, 452, 452, 452, 452, 452, 452], 452, 2304)
best 5 choices:
(3.0701983630190156e+47, [441, 441, 441, 441, 441, 441, 441, 441, 441, 441, 441, 441, 441, 441, 441, 441, 441, 441, 441, 441, 441, 441, 441, 441, 441, 444, 445, 446, 447, 448, 449, 450, 452], 452, 2304)
(3.070210362232407e+47, [441, 441, 441, 441, 441, 441, 441, 441, 441, 441, 441, 441, 441, 441, 441, 441, 441, 441, 441, 441, 441, 441, 441, 441, 441, 441, 442, 445, 446, 447, 448, 449, 450, 452], 452, 2304)
(3.070212112932435e+47, [441, 441, 441, 441, 441, 441, 441, 441, 441, 441, 441, 441, 441, 441, 441, 441, 441, 441, 441, 441, 441, 441, 441, 441, 443, 444, 445, 447, 448, 450, 451, 452], 452, 2304)
(3.0702128635020084e+47, [441, 441, 441, 441, 441, 441, 441, 441, 441, 441, 441, 441, 441, 441, 441, 441, 441, 441, 441, 441, 441, 441, 441, 441, 441, 442, 444, 446, 447, 448, 449, 451, 452], 452, 2304)
(3.070213137461827e+47, [441, 441, 441, 441, 441, 441, 441, 441, 441, 441, 441, 441, 441, 441, 441, 441, 441, 441, 441, 441, 441, 441, 441, 441, 441, 442, 443, 444, 446, 447, 448, 449, 450, 452], 452, 2304)
end round with 4 suffixes


======== round 541 ========
todo suffixes: [[449, 450, 451], [448, 450, 451], [447, 450, 451], [449, 451]]
cur_suffix:  [449, 450, 451]
bz: 444.
iter:  26
bz: 445.
iter:  24
bz: 446.
fisrt choice: (3.0709728458412768e+47, 446, 23)
baseline:  (3.074359572610869e+47, [452, 452, 452, 452, 452, 452, 452, 452, 452, 452, 452, 452, 452, 452, 452, 452, 452, 452, 452], 452, 2304)
best 5 choices:
(3.0701983630190156e+47, [441, 441, 441, 441, 441, 441, 441, 441, 441, 441, 441, 441, 441, 441, 441, 441, 441, 441, 441, 441, 441, 441, 441, 441, 441, 444, 445, 446, 447, 448, 449, 450, 452], 452, 2304)
(3.070210362232407e+47, [441, 441, 441, 441, 441, 441, 441, 441, 441, 441, 441, 441, 441, 441, 441, 441, 441, 441, 441, 441, 441, 441, 441, 441, 441, 441, 442, 445, 446, 447, 448, 449, 450, 452], 452, 2304)
(3.070212112932435e+47, [441, 441, 441, 441, 441, 441, 441, 441, 441, 441, 441, 441, 441, 441, 441, 441, 441, 441, 441, 441, 441, 441, 441, 441, 443, 444, 445, 447, 448, 450, 451, 452], 452, 2304)
(3.0702128635020084e+47, [441, 441, 441, 441, 441, 441, 441, 441, 441, 441, 441, 441, 441, 441, 441, 441, 441, 441, 441, 441, 441, 441, 441, 441, 441, 442, 444, 446, 447, 448, 449, 451, 452], 452, 2304)
(3.070213137461827e+47, [441, 441, 441, 441, 441, 441, 441, 441, 441, 441, 441, 441, 441, 441, 441, 441, 441, 441, 441, 441, 441, 441, 441, 441, 441, 442, 443, 444, 446, 447, 448, 449, 450, 452], 452, 2304)
end round with 6 suffixes


======== round 542 ========
todo suffixes: [[448, 449, 450, 451], [447, 449, 450, 451], [446, 449, 450, 451], [448, 450, 451], [447, 450, 451], [449, 451]]
cur_suffix:  [448, 449, 450, 451]
bz: 443.
iter:  27
bz: 444.
iter:  26
bz: 445.
fisrt choice: (3.0707866564658988e+47, 445, 24)
baseline:  (3.074359572610869e+47, [452, 452, 452, 452, 452, 452, 452, 452, 452, 452, 452, 452, 452, 452, 452, 452, 452, 452, 452], 452, 2304)
best 5 choices:
(3.0701983630190156e+47, [441, 441, 441, 441, 441, 441, 441, 441, 441, 441, 441, 441, 441, 441, 441, 441, 441, 441, 441, 441, 441, 441, 441, 441, 441, 444, 445, 446, 447, 448, 449, 450, 452], 452, 2304)
(3.070210362232407e+47, [441, 441, 441, 441, 441, 441, 441, 441, 441, 441, 441, 441, 441, 441, 441, 441, 441, 441, 441, 441, 441, 441, 441, 441, 441, 441, 442, 445, 446, 447, 448, 449, 450, 452], 452, 2304)
(3.070212112932435e+47, [441, 441, 441, 441, 441, 441, 441, 441, 441, 441, 441, 441, 441, 441, 441, 441, 441, 441, 441, 441, 441, 441, 441, 441, 443, 444, 445, 447, 448, 450, 451, 452], 452, 2304)
(3.0702128635020084e+47, [441, 441, 441, 441, 441, 441, 441, 441, 441, 441, 441, 441, 441, 441, 441, 441, 441, 441, 441, 441, 441, 441, 441, 441, 441, 442, 444, 446, 447, 448, 449, 451, 452], 452, 2304)
(3.070213137461827e+47, [441, 441, 441, 441, 441, 441, 441, 441, 441, 441, 441, 441, 441, 441, 441, 441, 441, 441, 441, 441, 441, 441, 441, 441, 441, 442, 443, 444, 446, 447, 448, 449, 450, 452], 452, 2304)
end round with 8 suffixes


======== round 543 ========
todo suffixes: [[447, 448, 449, 450, 451], [446, 448, 449, 450, 451], [445, 448, 449, 450, 451], [447, 449, 450, 451], [446, 449, 450, 451], [448, 450, 451], [447, 450, 451], [449, 451]]
cur_suffix:  [447, 448, 449, 450, 451]
bz: 442.
iter:  29
bz: 443.
iter:  27
bz: 444.
fisrt choice: (3.0705596742389963e+47, 444, 24)
baseline:  (3.074359572610869e+47, [452, 452, 452, 452, 452, 452, 452, 452, 452, 452, 452, 452, 452, 452, 452, 452, 452, 452, 452], 452, 2304)
best 5 choices:
(3.0701983630190156e+47, [441, 441, 441, 441, 441, 441, 441, 441, 441, 441, 441, 441, 441, 441, 441, 441, 441, 441, 441, 441, 441, 441, 441, 441, 441, 444, 445, 446, 447, 448, 449, 450, 452], 452, 2304)
(3.070210362232407e+47, [441, 441, 441, 441, 441, 441, 441, 441, 441, 441, 441, 441, 441, 441, 441, 441, 441, 441, 441, 441, 441, 441, 441, 441, 441, 441, 442, 445, 446, 447, 448, 449, 450, 452], 452, 2304)
(3.070212112932435e+47, [441, 441, 441, 441, 441, 441, 441, 441, 441, 441, 441, 441, 441, 441, 441, 441, 441, 441, 441, 441, 441, 441, 441, 441, 443, 444, 445, 447, 448, 450, 451, 452], 452, 2304)
(3.0702128635020084e+47, [441, 441, 441, 441, 441, 441, 441, 441, 441, 441, 441, 441, 441, 441, 441, 441, 441, 441, 441, 441, 441, 441, 441, 441, 441, 442, 444, 446, 447, 448, 449, 451, 452], 452, 2304)
(3.070213137461827e+47, [441, 441, 441, 441, 441, 441, 441, 441, 441, 441, 441, 441, 441, 441, 441, 441, 441, 441, 441, 441, 441, 441, 441, 441, 441, 442, 443, 444, 446, 447, 448, 449, 450, 452], 452, 2304)
end round with 10 suffixes


======== round 544 ========
todo suffixes: [[446, 447, 448, 449, 450, 451], [445, 447, 448, 449, 450, 451], [444, 447, 448, 449, 450, 451], [446, 448, 449, 450, 451], [445, 448, 449, 450, 451], [447, 449, 450, 451], [446, 449, 450, 451], [448, 450, 451], [447, 450, 451], [449, 451]]
cur_suffix:  [446, 447, 448, 449, 450, 451]
bz: 441.
iter:  26
bz: 442.
iter:  29
bz: 443.
fisrt choice: (3.070425349763063e+47, 443, 25)
baseline:  (3.074359572610869e+47, [452, 452, 452, 452, 452, 452, 452, 452, 452, 452, 452, 452, 452, 452, 452, 452, 452, 452, 452], 452, 2304)
best 5 choices:
(3.0701983630190156e+47, [441, 441, 441, 441, 441, 441, 441, 441, 441, 441, 441, 441, 441, 441, 441, 441, 441, 441, 441, 441, 441, 441, 441, 441, 441, 444, 445, 446, 447, 448, 449, 450, 452], 452, 2304)
(3.070210362232407e+47, [441, 441, 441, 441, 441, 441, 441, 441, 441, 441, 441, 441, 441, 441, 441, 441, 441, 441, 441, 441, 441, 441, 441, 441, 441, 441, 442, 445, 446, 447, 448, 449, 450, 452], 452, 2304)
(3.070212112932435e+47, [441, 441, 441, 441, 441, 441, 441, 441, 441, 441, 441, 441, 441, 441, 441, 441, 441, 441, 441, 441, 441, 441, 441, 441, 443, 444, 445, 447, 448, 450, 451, 452], 452, 2304)
(3.0702128635020084e+47, [441, 441, 441, 441, 441, 441, 441, 441, 441, 441, 441, 441, 441, 441, 441, 441, 441, 441, 441, 441, 441, 441, 441, 441, 441, 442, 444, 446, 447, 448, 449, 451, 452], 452, 2304)
(3.070213137461827e+47, [441, 441, 441, 441, 441, 441, 441, 441, 441, 441, 441, 441, 441, 441, 441, 441, 441, 441, 441, 441, 441, 441, 441, 441, 441, 442, 443, 444, 446, 447, 448, 449, 450, 452], 452, 2304)
end round with 12 suffixes


======== round 545 ========
todo suffixes: [[445, 446, 447, 448, 449, 450, 451], [444, 446, 447, 448, 449, 450, 451], [443, 446, 447, 448, 449, 450, 451], [445, 447, 448, 449, 450, 451], [444, 447, 448, 449, 450, 451], [446, 448, 449, 450, 451], [445, 448, 449, 450, 451], [447, 449, 450, 451], [446, 449, 450, 451], [448, 450, 451], [447, 450, 451], [449, 451]]
cur_suffix:  [445, 446, 447, 448, 449, 450, 451]
bz: 440.
iter:  26
bz: 441.
iter:  26
bz: 442.
fisrt choice: (3.0703068854319404e+47, 442, 26)
baseline:  (3.074359572610869e+47, [452, 452, 452, 452, 452, 452, 452, 452, 452, 452, 452, 452, 452, 452, 452, 452, 452, 452, 452], 452, 2304)
best 5 choices:
(3.0701983630190156e+47, [441, 441, 441, 441, 441, 441, 441, 441, 441, 441, 441, 441, 441, 441, 441, 441, 441, 441, 441, 441, 441, 441, 441, 441, 441, 444, 445, 446, 447, 448, 449, 450, 452], 452, 2304)
(3.070210362232407e+47, [441, 441, 441, 441, 441, 441, 441, 441, 441, 441, 441, 441, 441, 441, 441, 441, 441, 441, 441, 441, 441, 441, 441, 441, 441, 441, 442, 445, 446, 447, 448, 449, 450, 452], 452, 2304)
(3.070212112932435e+47, [441, 441, 441, 441, 441, 441, 441, 441, 441, 441, 441, 441, 441, 441, 441, 441, 441, 441, 441, 441, 441, 441, 441, 441, 443, 444, 445, 447, 448, 450, 451, 452], 452, 2304)
(3.0702128635020084e+47, [441, 441, 441, 441, 441, 441, 441, 441, 441, 441, 441, 441, 441, 441, 441, 441, 441, 441, 441, 441, 441, 441, 441, 441, 441, 442, 444, 446, 447, 448, 449, 451, 452], 452, 2304)
(3.070213137461827e+47, [441, 441, 441, 441, 441, 441, 441, 441, 441, 441, 441, 441, 441, 441, 441, 441, 441, 441, 441, 441, 441, 441, 441, 441, 441, 442, 443, 444, 446, 447, 448, 449, 450, 452], 452, 2304)
end round with 14 suffixes


======== round 546 ========
todo suffixes: [[444, 445, 446, 447, 448, 449, 450, 451], [443, 445, 446, 447, 448, 449, 450, 451], [442, 445, 446, 447, 448, 449, 450, 451], [444, 446, 447, 448, 449, 450, 451], [443, 446, 447, 448, 449, 450, 451], [445, 447, 448, 449, 450, 451], [444, 447, 448, 449, 450, 451], [446, 448, 449, 450, 451], [445, 448, 449, 450, 451], [447, 449, 450, 451], [446, 449, 450, 451], [448, 450, 451], [447, 450, 451], [449, 451]]
cur_suffix:  [444, 445, 446, 447, 448, 449, 450, 451]
bz: 439.
iter:  24
bz: 440.
iter:  26
bz: 441.
iter:  26
bz: 442.
fisrt choice: (3.070287257826784e+47, 442, 24)
baseline:  (3.074359572610869e+47, [452, 452, 452, 452, 452, 452, 452, 452, 452, 452, 452, 452, 452, 452, 452, 452, 452, 452, 452], 452, 2304)
best 5 choices:
(3.0701983630190156e+47, [441, 441, 441, 441, 441, 441, 441, 441, 441, 441, 441, 441, 441, 441, 441, 441, 441, 441, 441, 441, 441, 441, 441, 441, 441, 444, 445, 446, 447, 448, 449, 450, 452], 452, 2304)
(3.070210362232407e+47, [441, 441, 441, 441, 441, 441, 441, 441, 441, 441, 441, 441, 441, 441, 441, 441, 441, 441, 441, 441, 441, 441, 441, 441, 441, 441, 442, 445, 446, 447, 448, 449, 450, 452], 452, 2304)
(3.070212112932435e+47, [441, 441, 441, 441, 441, 441, 441, 441, 441, 441, 441, 441, 441, 441, 441, 441, 441, 441, 441, 441, 441, 441, 441, 441, 443, 444, 445, 447, 448, 450, 451, 452], 452, 2304)
(3.0702128635020084e+47, [441, 441, 441, 441, 441, 441, 441, 441, 441, 441, 441, 441, 441, 441, 441, 441, 441, 441, 441, 441, 441, 441, 441, 441, 441, 442, 444, 446, 447, 448, 449, 451, 452], 452, 2304)
(3.070213137461827e+47, [441, 441, 441, 441, 441, 441, 441, 441, 441, 441, 441, 441, 441, 441, 441, 441, 441, 441, 441, 441, 441, 441, 441, 441, 441, 442, 443, 444, 446, 447, 448, 449, 450, 452], 452, 2304)
end round with 15 suffixes


======== round 547 ========
todo suffixes: [[443, 444, 445, 446, 447, 448, 449, 450, 451], [442, 444, 445, 446, 447, 448, 449, 450, 451], [443, 445, 446, 447, 448, 449, 450, 451], [442, 445, 446, 447, 448, 449, 450, 451], [444, 446, 447, 448, 449, 450, 451], [443, 446, 447, 448, 449, 450, 451], [445, 447, 448, 449, 450, 451], [444, 447, 448, 449, 450, 451], [446, 448, 449, 450, 451], [445, 448, 449, 450, 451], [447, 449, 450, 451], [446, 449, 450, 451], [448, 450, 451], [447, 450, 451], [449, 451]]
cur_suffix:  [443, 444, 445, 446, 447, 448, 449, 450, 451]
bz: 438.
iter:  24
bz: 439.
iter:  24
bz: 440.
iter:  26
bz: 441.
fisrt choice: (3.0702200867668853e+47, 441, 26)
baseline:  (3.074359572610869e+47, [452, 452, 452, 452, 452, 452, 452, 452, 452, 452, 452, 452, 452, 452, 452, 452, 452, 452, 452], 452, 2304)
best 5 choices:
(3.0701983630190156e+47, [441, 441, 441, 441, 441, 441, 441, 441, 441, 441, 441, 441, 441, 441, 441, 441, 441, 441, 441, 441, 441, 441, 441, 441, 441, 444, 445, 446, 447, 448, 449, 450, 452], 452, 2304)
(3.070210362232407e+47, [441, 441, 441, 441, 441, 441, 441, 441, 441, 441, 441, 441, 441, 441, 441, 441, 441, 441, 441, 441, 441, 441, 441, 441, 441, 441, 442, 445, 446, 447, 448, 449, 450, 452], 452, 2304)
(3.070212112932435e+47, [441, 441, 441, 441, 441, 441, 441, 441, 441, 441, 441, 441, 441, 441, 441, 441, 441, 441, 441, 441, 441, 441, 441, 441, 443, 444, 445, 447, 448, 450, 451, 452], 452, 2304)
(3.0702128635020084e+47, [441, 441, 441, 441, 441, 441, 441, 441, 441, 441, 441, 441, 441, 441, 441, 441, 441, 441, 441, 441, 441, 441, 441, 441, 441, 442, 444, 446, 447, 448, 449, 451, 452], 452, 2304)
(3.070213137461827e+47, [441, 441, 441, 441, 441, 441, 441, 441, 441, 441, 441, 441, 441, 441, 441, 441, 441, 441, 441, 441, 441, 441, 441, 441, 441, 442, 443, 444, 446, 447, 448, 449, 450, 452], 452, 2304)
end round with 16 suffixes


======== round 548 ========
todo suffixes: [[442, 443, 444, 445, 446, 447, 448, 449, 450, 451], [441, 443, 444, 445, 446, 447, 448, 449, 450, 451], [442, 444, 445, 446, 447, 448, 449, 450, 451], [443, 445, 446, 447, 448, 449, 450, 451], [442, 445, 446, 447, 448, 449, 450, 451], [444, 446, 447, 448, 449, 450, 451], [443, 446, 447, 448, 449, 450, 451], [445, 447, 448, 449, 450, 451], [444, 447, 448, 449, 450, 451], [446, 448, 449, 450, 451], [445, 448, 449, 450, 451], [447, 449, 450, 451], [446, 449, 450, 451], [448, 450, 451], [447, 450, 451], [449, 451]]
cur_suffix:  [442, 443, 444, 445, 446, 447, 448, 449, 450, 451]
bz: 437.
iter:  25
bz: 438.
iter:  24
bz: 439.
iter:  24
bz: 440.
iter:  26
bz: 441.
fisrt choice: (3.0701947526019436e+47, 441, 24)
baseline:  (3.074359572610869e+47, [452, 452, 452, 452, 452, 452, 452, 452, 452, 452, 452, 452, 452, 452, 452, 452, 452, 452, 452], 452, 2304)
best 5 choices:
(3.0701983630190156e+47, [441, 441, 441, 441, 441, 441, 441, 441, 441, 441, 441, 441, 441, 441, 441, 441, 441, 441, 441, 441, 441, 441, 441, 441, 441, 444, 445, 446, 447, 448, 449, 450, 452], 452, 2304)
(3.070210362232407e+47, [441, 441, 441, 441, 441, 441, 441, 441, 441, 441, 441, 441, 441, 441, 441, 441, 441, 441, 441, 441, 441, 441, 441, 441, 441, 441, 442, 445, 446, 447, 448, 449, 450, 452], 452, 2304)
(3.070212112932435e+47, [441, 441, 441, 441, 441, 441, 441, 441, 441, 441, 441, 441, 441, 441, 441, 441, 441, 441, 441, 441, 441, 441, 441, 441, 443, 444, 445, 447, 448, 450, 451, 452], 452, 2304)
(3.0702128635020084e+47, [441, 441, 441, 441, 441, 441, 441, 441, 441, 441, 441, 441, 441, 441, 441, 441, 441, 441, 441, 441, 441, 441, 441, 441, 441, 442, 444, 446, 447, 448, 449, 451, 452], 452, 2304)
(3.070213137461827e+47, [441, 441, 441, 441, 441, 441, 441, 441, 441, 441, 441, 441, 441, 441, 441, 441, 441, 441, 441, 441, 441, 441, 441, 441, 441, 442, 443, 444, 446, 447, 448, 449, 450, 452], 452, 2304)
end round with 16 suffixes


======== round 549 ========
todo suffixes: [[441, 442, 443, 444, 445, 446, 447, 448, 449, 450, 451], [441, 443, 444, 445, 446, 447, 448, 449, 450, 451], [442, 444, 445, 446, 447, 448, 449, 450, 451], [443, 445, 446, 447, 448, 449, 450, 451], [442, 445, 446, 447, 448, 449, 450, 451], [444, 446, 447, 448, 449, 450, 451], [443, 446, 447, 448, 449, 450, 451], [445, 447, 448, 449, 450, 451], [444, 447, 448, 449, 450, 451], [446, 448, 449, 450, 451], [445, 448, 449, 450, 451], [447, 449, 450, 451], [446, 449, 450, 451], [448, 450, 451], [447, 450, 451], [449, 451]]
cur_suffix:  [441, 442, 443, 444, 445, 446, 447, 448, 449, 450, 451]
bz: 436.
iter:  25
bz: 437.
iter:  25
bz: 438.
iter:  24
bz: 439.
iter:  24
bz: 440.
fisrt choice: (3.0701325831546435e+47, 440, 26)
baseline:  (3.074359572610869e+47, [452, 452, 452, 452, 452, 452, 452, 452, 452, 452, 452, 452, 452, 452, 452, 452, 452, 452, 452], 452, 2304)
best 5 choices:
(3.0701325831546435e+47, [440, 440, 440, 440, 440, 440, 440, 440, 440, 440, 440, 440, 440, 440, 440, 440, 440, 440, 440, 440, 440, 440, 440, 440, 440, 440, 441, 442, 443, 444, 445, 446, 447, 448, 449, 450, 451], 452, 2304)
(3.0701983630190156e+47, [441, 441, 441, 441, 441, 441, 441, 441, 441, 441, 441, 441, 441, 441, 441, 441, 441, 441, 441, 441, 441, 441, 441, 441, 441, 444, 445, 446, 447, 448, 449, 450, 452], 452, 2304)
(3.070210362232407e+47, [441, 441, 441, 441, 441, 441, 441, 441, 441, 441, 441, 441, 441, 441, 441, 441, 441, 441, 441, 441, 441, 441, 441, 441, 441, 441, 442, 445, 446, 447, 448, 449, 450, 452], 452, 2304)
(3.070212112932435e+47, [441, 441, 441, 441, 441, 441, 441, 441, 441, 441, 441, 441, 441, 441, 441, 441, 441, 441, 441, 441, 441, 441, 441, 441, 443, 444, 445, 447, 448, 450, 451, 452], 452, 2304)
(3.0702128635020084e+47, [441, 441, 441, 441, 441, 441, 441, 441, 441, 441, 441, 441, 441, 441, 441, 441, 441, 441, 441, 441, 441, 441, 441, 441, 441, 442, 444, 446, 447, 448, 449, 451, 452], 452, 2304)
end round with 15 suffixes


======== round 550 ========
todo suffixes: [[441, 443, 444, 445, 446, 447, 448, 449, 450, 451], [442, 444, 445, 446, 447, 448, 449, 450, 451], [443, 445, 446, 447, 448, 449, 450, 451], [442, 445, 446, 447, 448, 449, 450, 451], [444, 446, 447, 448, 449, 450, 451], [443, 446, 447, 448, 449, 450, 451], [445, 447, 448, 449, 450, 451], [444, 447, 448, 449, 450, 451], [446, 448, 449, 450, 451], [445, 448, 449, 450, 451], [447, 449, 450, 451], [446, 449, 450, 451], [448, 450, 451], [447, 450, 451], [449, 451]]
cur_suffix:  [441, 443, 444, 445, 446, 447, 448, 449, 450, 451]
bz: 436.
iter:  25
bz: 437.
iter:  25
bz: 438.
iter:  24
bz: 439.
iter:  24
bz: 440.
iter:  26
fisrt choice: (-1, -1, -1)
baseline:  (3.074359572610869e+47, [452, 452, 452, 452, 452, 452, 452, 452, 452, 452, 452, 452, 452, 452, 452, 452, 452, 452, 452], 452, 2304)
the strategy is infeasible, continue


======== round 551 ========
todo suffixes: [[442, 444, 445, 446, 447, 448, 449, 450, 451], [443, 445, 446, 447, 448, 449, 450, 451], [442, 445, 446, 447, 448, 449, 450, 451], [444, 446, 447, 448, 449, 450, 451], [443, 446, 447, 448, 449, 450, 451], [445, 447, 448, 449, 450, 451], [444, 447, 448, 449, 450, 451], [446, 448, 449, 450, 451], [445, 448, 449, 450, 451], [447, 449, 450, 451], [446, 449, 450, 451], [448, 450, 451], [447, 450, 451], [449, 451]]
cur_suffix:  [442, 444, 445, 446, 447, 448, 449, 450, 451]
bz: 437.
iter:  25
bz: 438.
iter:  24
bz: 439.
iter:  24
bz: 440.
iter:  26
bz: 441.
fisrt choice: (3.0702106924863134e+47, 441, 26)
baseline:  (3.074359572610869e+47, [452, 452, 452, 452, 452, 452, 452, 452, 452, 452, 452, 452, 452, 452, 452, 452, 452, 452, 452], 452, 2304)
best 5 choices:
(3.0701325831546435e+47, [440, 440, 440, 440, 440, 440, 440, 440, 440, 440, 440, 440, 440, 440, 440, 440, 440, 440, 440, 440, 440, 440, 440, 440, 440, 440, 441, 442, 443, 444, 445, 446, 447, 448, 449, 450, 451], 452, 2304)
(3.0701983630190156e+47, [441, 441, 441, 441, 441, 441, 441, 441, 441, 441, 441, 441, 441, 441, 441, 441, 441, 441, 441, 441, 441, 441, 441, 441, 441, 444, 445, 446, 447, 448, 449, 450, 452], 452, 2304)
(3.070210362232407e+47, [441, 441, 441, 441, 441, 441, 441, 441, 441, 441, 441, 441, 441, 441, 441, 441, 441, 441, 441, 441, 441, 441, 441, 441, 441, 441, 442, 445, 446, 447, 448, 449, 450, 452], 452, 2304)
(3.070212112932435e+47, [441, 441, 441, 441, 441, 441, 441, 441, 441, 441, 441, 441, 441, 441, 441, 441, 441, 441, 441, 441, 441, 441, 441, 441, 443, 444, 445, 447, 448, 450, 451, 452], 452, 2304)
(3.0702128635020084e+47, [441, 441, 441, 441, 441, 441, 441, 441, 441, 441, 441, 441, 441, 441, 441, 441, 441, 441, 441, 441, 441, 441, 441, 441, 441, 442, 444, 446, 447, 448, 449, 451, 452], 452, 2304)
end round with 14 suffixes


======== round 552 ========
todo suffixes: [[441, 442, 444, 445, 446, 447, 448, 449, 450, 451], [443, 445, 446, 447, 448, 449, 450, 451], [442, 445, 446, 447, 448, 449, 450, 451], [444, 446, 447, 448, 449, 450, 451], [443, 446, 447, 448, 449, 450, 451], [445, 447, 448, 449, 450, 451], [444, 447, 448, 449, 450, 451], [446, 448, 449, 450, 451], [445, 448, 449, 450, 451], [447, 449, 450, 451], [446, 449, 450, 451], [448, 450, 451], [447, 450, 451], [449, 451]]
cur_suffix:  [441, 442, 444, 445, 446, 447, 448, 449, 450, 451]
bz: 436.
iter:  25
bz: 437.
iter:  25
bz: 438.
iter:  24
bz: 439.
iter:  24
bz: 440.
iter:  26
fisrt choice: (-1, -1, -1)
baseline:  (3.074359572610869e+47, [452, 452, 452, 452, 452, 452, 452, 452, 452, 452, 452, 452, 452, 452, 452, 452, 452, 452, 452], 452, 2304)
the strategy is infeasible, continue


======== round 553 ========
todo suffixes: [[443, 445, 446, 447, 448, 449, 450, 451], [442, 445, 446, 447, 448, 449, 450, 451], [444, 446, 447, 448, 449, 450, 451], [443, 446, 447, 448, 449, 450, 451], [445, 447, 448, 449, 450, 451], [444, 447, 448, 449, 450, 451], [446, 448, 449, 450, 451], [445, 448, 449, 450, 451], [447, 449, 450, 451], [446, 449, 450, 451], [448, 450, 451], [447, 450, 451], [449, 451]]
cur_suffix:  [443, 445, 446, 447, 448, 449, 450, 451]
bz: 438.
iter:  24
bz: 439.
iter:  24
bz: 440.
iter:  26
bz: 441.
iter:  26
bz: 442.
fisrt choice: (3.0703162797125123e+47, 442, 25)
baseline:  (3.074359572610869e+47, [452, 452, 452, 452, 452, 452, 452, 452, 452, 452, 452, 452, 452, 452, 452, 452, 452, 452, 452], 452, 2304)
best 5 choices:
(3.0701325831546435e+47, [440, 440, 440, 440, 440, 440, 440, 440, 440, 440, 440, 440, 440, 440, 440, 440, 440, 440, 440, 440, 440, 440, 440, 440, 440, 440, 441, 442, 443, 444, 445, 446, 447, 448, 449, 450, 451], 452, 2304)
(3.0701983630190156e+47, [441, 441, 441, 441, 441, 441, 441, 441, 441, 441, 441, 441, 441, 441, 441, 441, 441, 441, 441, 441, 441, 441, 441, 441, 441, 444, 445, 446, 447, 448, 449, 450, 452], 452, 2304)
(3.070210362232407e+47, [441, 441, 441, 441, 441, 441, 441, 441, 441, 441, 441, 441, 441, 441, 441, 441, 441, 441, 441, 441, 441, 441, 441, 441, 441, 441, 442, 445, 446, 447, 448, 449, 450, 452], 452, 2304)
(3.070212112932435e+47, [441, 441, 441, 441, 441, 441, 441, 441, 441, 441, 441, 441, 441, 441, 441, 441, 441, 441, 441, 441, 441, 441, 441, 441, 443, 444, 445, 447, 448, 450, 451, 452], 452, 2304)
(3.0702128635020084e+47, [441, 441, 441, 441, 441, 441, 441, 441, 441, 441, 441, 441, 441, 441, 441, 441, 441, 441, 441, 441, 441, 441, 441, 441, 441, 442, 444, 446, 447, 448, 449, 451, 452], 452, 2304)
end round with 13 suffixes


======== round 554 ========
todo suffixes: [[442, 443, 445, 446, 447, 448, 449, 450, 451], [442, 445, 446, 447, 448, 449, 450, 451], [444, 446, 447, 448, 449, 450, 451], [443, 446, 447, 448, 449, 450, 451], [445, 447, 448, 449, 450, 451], [444, 447, 448, 449, 450, 451], [446, 448, 449, 450, 451], [445, 448, 449, 450, 451], [447, 449, 450, 451], [446, 449, 450, 451], [448, 450, 451], [447, 450, 451], [449, 451]]
cur_suffix:  [442, 443, 445, 446, 447, 448, 449, 450, 451]
bz: 437.
iter:  25
bz: 438.
iter:  24
bz: 439.
iter:  24
bz: 440.
iter:  26
bz: 441.
iter:  26
fisrt choice: (-1, -1, -1)
baseline:  (3.074359572610869e+47, [452, 452, 452, 452, 452, 452, 452, 452, 452, 452, 452, 452, 452, 452, 452, 452, 452, 452, 452], 452, 2304)
the strategy is infeasible, continue


======== round 555 ========
todo suffixes: [[442, 445, 446, 447, 448, 449, 450, 451], [444, 446, 447, 448, 449, 450, 451], [443, 446, 447, 448, 449, 450, 451], [445, 447, 448, 449, 450, 451], [444, 447, 448, 449, 450, 451], [446, 448, 449, 450, 451], [445, 448, 449, 450, 451], [447, 449, 450, 451], [446, 449, 450, 451], [448, 450, 451], [447, 450, 451], [449, 451]]
cur_suffix:  [442, 445, 446, 447, 448, 449, 450, 451]
bz: 437.
iter:  25
bz: 438.
iter:  24
bz: 439.
iter:  24
bz: 440.
iter:  26
bz: 441.
iter:  26
fisrt choice: (-1, -1, -1)
baseline:  (3.074359572610869e+47, [452, 452, 452, 452, 452, 452, 452, 452, 452, 452, 452, 452, 452, 452, 452, 452, 452, 452, 452], 452, 2304)
the strategy is infeasible, continue


======== round 556 ========
todo suffixes: [[444, 446, 447, 448, 449, 450, 451], [443, 446, 447, 448, 449, 450, 451], [445, 447, 448, 449, 450, 451], [444, 447, 448, 449, 450, 451], [446, 448, 449, 450, 451], [445, 448, 449, 450, 451], [447, 449, 450, 451], [446, 449, 450, 451], [448, 450, 451], [447, 450, 451], [449, 451]]
cur_suffix:  [444, 446, 447, 448, 449, 450, 451]
bz: 439.
iter:  24
bz: 440.
iter:  26
bz: 441.
iter:  26
bz: 442.
fisrt choice: (3.070333228937495e+47, 442, 27)
baseline:  (3.074359572610869e+47, [452, 452, 452, 452, 452, 452, 452, 452, 452, 452, 452, 452, 452, 452, 452, 452, 452, 452, 452], 452, 2304)
best 5 choices:
(3.0701325831546435e+47, [440, 440, 440, 440, 440, 440, 440, 440, 440, 440, 440, 440, 440, 440, 440, 440, 440, 440, 440, 440, 440, 440, 440, 440, 440, 440, 441, 442, 443, 444, 445, 446, 447, 448, 449, 450, 451], 452, 2304)
(3.0701983630190156e+47, [441, 441, 441, 441, 441, 441, 441, 441, 441, 441, 441, 441, 441, 441, 441, 441, 441, 441, 441, 441, 441, 441, 441, 441, 441, 444, 445, 446, 447, 448, 449, 450, 452], 452, 2304)
(3.070210362232407e+47, [441, 441, 441, 441, 441, 441, 441, 441, 441, 441, 441, 441, 441, 441, 441, 441, 441, 441, 441, 441, 441, 441, 441, 441, 441, 441, 442, 445, 446, 447, 448, 449, 450, 452], 452, 2304)
(3.070212112932435e+47, [441, 441, 441, 441, 441, 441, 441, 441, 441, 441, 441, 441, 441, 441, 441, 441, 441, 441, 441, 441, 441, 441, 441, 441, 443, 444, 445, 447, 448, 450, 451, 452], 452, 2304)
(3.0702128635020084e+47, [441, 441, 441, 441, 441, 441, 441, 441, 441, 441, 441, 441, 441, 441, 441, 441, 441, 441, 441, 441, 441, 441, 441, 441, 441, 442, 444, 446, 447, 448, 449, 451, 452], 452, 2304)
end round with 12 suffixes


======== round 557 ========
todo suffixes: [[443, 444, 446, 447, 448, 449, 450, 451], [442, 444, 446, 447, 448, 449, 450, 451], [443, 446, 447, 448, 449, 450, 451], [445, 447, 448, 449, 450, 451], [444, 447, 448, 449, 450, 451], [446, 448, 449, 450, 451], [445, 448, 449, 450, 451], [447, 449, 450, 451], [446, 449, 450, 451], [448, 450, 451], [447, 450, 451], [449, 451]]
cur_suffix:  [443, 444, 446, 447, 448, 449, 450, 451]
bz: 438.
iter:  24
bz: 439.
iter:  24
bz: 440.
iter:  26
bz: 441.
iter:  26
bz: 442.
fisrt choice: (3.070342623218067e+47, 442, 26)
baseline:  (3.074359572610869e+47, [452, 452, 452, 452, 452, 452, 452, 452, 452, 452, 452, 452, 452, 452, 452, 452, 452, 452, 452], 452, 2304)
best 5 choices:
(3.0701325831546435e+47, [440, 440, 440, 440, 440, 440, 440, 440, 440, 440, 440, 440, 440, 440, 440, 440, 440, 440, 440, 440, 440, 440, 440, 440, 440, 440, 441, 442, 443, 444, 445, 446, 447, 448, 449, 450, 451], 452, 2304)
(3.0701983630190156e+47, [441, 441, 441, 441, 441, 441, 441, 441, 441, 441, 441, 441, 441, 441, 441, 441, 441, 441, 441, 441, 441, 441, 441, 441, 441, 444, 445, 446, 447, 448, 449, 450, 452], 452, 2304)
(3.070210362232407e+47, [441, 441, 441, 441, 441, 441, 441, 441, 441, 441, 441, 441, 441, 441, 441, 441, 441, 441, 441, 441, 441, 441, 441, 441, 441, 441, 442, 445, 446, 447, 448, 449, 450, 452], 452, 2304)
(3.070212112932435e+47, [441, 441, 441, 441, 441, 441, 441, 441, 441, 441, 441, 441, 441, 441, 441, 441, 441, 441, 441, 441, 441, 441, 441, 441, 443, 444, 445, 447, 448, 450, 451, 452], 452, 2304)
(3.0702128635020084e+47, [441, 441, 441, 441, 441, 441, 441, 441, 441, 441, 441, 441, 441, 441, 441, 441, 441, 441, 441, 441, 441, 441, 441, 441, 441, 442, 444, 446, 447, 448, 449, 451, 452], 452, 2304)
end round with 12 suffixes


======== round 558 ========
todo suffixes: [[442, 443, 444, 446, 447, 448, 449, 450, 451], [442, 444, 446, 447, 448, 449, 450, 451], [443, 446, 447, 448, 449, 450, 451], [445, 447, 448, 449, 450, 451], [444, 447, 448, 449, 450, 451], [446, 448, 449, 450, 451], [445, 448, 449, 450, 451], [447, 449, 450, 451], [446, 449, 450, 451], [448, 450, 451], [447, 450, 451], [449, 451]]
cur_suffix:  [442, 443, 444, 446, 447, 448, 449, 450, 451]
bz: 437.
iter:  25
bz: 438.
iter:  24
bz: 439.
iter:  24
bz: 440.
iter:  26
bz: 441.
iter:  26
fisrt choice: (-1, -1, -1)
baseline:  (3.074359572610869e+47, [452, 452, 452, 452, 452, 452, 452, 452, 452, 452, 452, 452, 452, 452, 452, 452, 452, 452, 452], 452, 2304)
the strategy is infeasible, continue


======== round 559 ========
todo suffixes: [[442, 444, 446, 447, 448, 449, 450, 451], [443, 446, 447, 448, 449, 450, 451], [445, 447, 448, 449, 450, 451], [444, 447, 448, 449, 450, 451], [446, 448, 449, 450, 451], [445, 448, 449, 450, 451], [447, 449, 450, 451], [446, 449, 450, 451], [448, 450, 451], [447, 450, 451], [449, 451]]
cur_suffix:  [442, 444, 446, 447, 448, 449, 450, 451]
bz: 437.
iter:  25
bz: 438.
iter:  24
bz: 439.
iter:  24
bz: 440.
iter:  26
bz: 441.
iter:  26
fisrt choice: (-1, -1, -1)
baseline:  (3.074359572610869e+47, [452, 452, 452, 452, 452, 452, 452, 452, 452, 452, 452, 452, 452, 452, 452, 452, 452, 452, 452], 452, 2304)
the strategy is infeasible, continue


======== round 560 ========
todo suffixes: [[443, 446, 447, 448, 449, 450, 451], [445, 447, 448, 449, 450, 451], [444, 447, 448, 449, 450, 451], [446, 448, 449, 450, 451], [445, 448, 449, 450, 451], [447, 449, 450, 451], [446, 449, 450, 451], [448, 450, 451], [447, 450, 451], [449, 451]]
cur_suffix:  [443, 446, 447, 448, 449, 450, 451]
bz: 438.
iter:  24
bz: 439.
iter:  24
bz: 440.
iter:  26
bz: 441.
iter:  26
bz: 442.
fisrt choice: (3.070362250823223e+47, 442, 28)
baseline:  (3.074359572610869e+47, [452, 452, 452, 452, 452, 452, 452, 452, 452, 452, 452, 452, 452, 452, 452, 452, 452, 452, 452], 452, 2304)
best 5 choices:
(3.0701325831546435e+47, [440, 440, 440, 440, 440, 440, 440, 440, 440, 440, 440, 440, 440, 440, 440, 440, 440, 440, 440, 440, 440, 440, 440, 440, 440, 440, 441, 442, 443, 444, 445, 446, 447, 448, 449, 450, 451], 452, 2304)
(3.0701983630190156e+47, [441, 441, 441, 441, 441, 441, 441, 441, 441, 441, 441, 441, 441, 441, 441, 441, 441, 441, 441, 441, 441, 441, 441, 441, 441, 444, 445, 446, 447, 448, 449, 450, 452], 452, 2304)
(3.070210362232407e+47, [441, 441, 441, 441, 441, 441, 441, 441, 441, 441, 441, 441, 441, 441, 441, 441, 441, 441, 441, 441, 441, 441, 441, 441, 441, 441, 442, 445, 446, 447, 448, 449, 450, 452], 452, 2304)
(3.070212112932435e+47, [441, 441, 441, 441, 441, 441, 441, 441, 441, 441, 441, 441, 441, 441, 441, 441, 441, 441, 441, 441, 441, 441, 441, 441, 443, 444, 445, 447, 448, 450, 451, 452], 452, 2304)
(3.0702128635020084e+47, [441, 441, 441, 441, 441, 441, 441, 441, 441, 441, 441, 441, 441, 441, 441, 441, 441, 441, 441, 441, 441, 441, 441, 441, 441, 442, 444, 446, 447, 448, 449, 451, 452], 452, 2304)
end round with 10 suffixes


======== round 561 ========
todo suffixes: [[442, 443, 446, 447, 448, 449, 450, 451], [445, 447, 448, 449, 450, 451], [444, 447, 448, 449, 450, 451], [446, 448, 449, 450, 451], [445, 448, 449, 450, 451], [447, 449, 450, 451], [446, 449, 450, 451], [448, 450, 451], [447, 450, 451], [449, 451]]
cur_suffix:  [442, 443, 446, 447, 448, 449, 450, 451]
bz: 437.
iter:  25
bz: 438.
iter:  24
bz: 439.
iter:  24
bz: 440.
iter:  26
bz: 441.
iter:  26
fisrt choice: (-1, -1, -1)
baseline:  (3.074359572610869e+47, [452, 452, 452, 452, 452, 452, 452, 452, 452, 452, 452, 452, 452, 452, 452, 452, 452, 452, 452], 452, 2304)
the strategy is infeasible, continue


======== round 562 ========
todo suffixes: [[445, 447, 448, 449, 450, 451], [444, 447, 448, 449, 450, 451], [446, 448, 449, 450, 451], [445, 448, 449, 450, 451], [447, 449, 450, 451], [446, 449, 450, 451], [448, 450, 451], [447, 450, 451], [449, 451]]
cur_suffix:  [445, 447, 448, 449, 450, 451]
bz: 440.
iter:  26
bz: 441.
iter:  26
bz: 442.
iter:  29
bz: 443.
fisrt choice: (3.0704577889259492e+47, 443, 26)
baseline:  (3.074359572610869e+47, [452, 452, 452, 452, 452, 452, 452, 452, 452, 452, 452, 452, 452, 452, 452, 452, 452, 452, 452], 452, 2304)
best 5 choices:
(3.0701325831546435e+47, [440, 440, 440, 440, 440, 440, 440, 440, 440, 440, 440, 440, 440, 440, 440, 440, 440, 440, 440, 440, 440, 440, 440, 440, 440, 440, 441, 442, 443, 444, 445, 446, 447, 448, 449, 450, 451], 452, 2304)
(3.0701983630190156e+47, [441, 441, 441, 441, 441, 441, 441, 441, 441, 441, 441, 441, 441, 441, 441, 441, 441, 441, 441, 441, 441, 441, 441, 441, 441, 444, 445, 446, 447, 448, 449, 450, 452], 452, 2304)
(3.070210362232407e+47, [441, 441, 441, 441, 441, 441, 441, 441, 441, 441, 441, 441, 441, 441, 441, 441, 441, 441, 441, 441, 441, 441, 441, 441, 441, 441, 442, 445, 446, 447, 448, 449, 450, 452], 452, 2304)
(3.070212112932435e+47, [441, 441, 441, 441, 441, 441, 441, 441, 441, 441, 441, 441, 441, 441, 441, 441, 441, 441, 441, 441, 441, 441, 441, 441, 443, 444, 445, 447, 448, 450, 451, 452], 452, 2304)
(3.0702128635020084e+47, [441, 441, 441, 441, 441, 441, 441, 441, 441, 441, 441, 441, 441, 441, 441, 441, 441, 441, 441, 441, 441, 441, 441, 441, 441, 442, 444, 446, 447, 448, 449, 451, 452], 452, 2304)
end round with 10 suffixes


======== round 563 ========
todo suffixes: [[444, 445, 447, 448, 449, 450, 451], [443, 445, 447, 448, 449, 450, 451], [444, 447, 448, 449, 450, 451], [446, 448, 449, 450, 451], [445, 448, 449, 450, 451], [447, 449, 450, 451], [446, 449, 450, 451], [448, 450, 451], [447, 450, 451], [449, 451]]
cur_suffix:  [444, 445, 447, 448, 449, 450, 451]
bz: 439.
iter:  24
bz: 440.
iter:  26
bz: 441.
iter:  26
bz: 442.
fisrt choice: (3.0703562738198093e+47, 442, 28)
baseline:  (3.074359572610869e+47, [452, 452, 452, 452, 452, 452, 452, 452, 452, 452, 452, 452, 452, 452, 452, 452, 452, 452, 452], 452, 2304)
best 5 choices:
(3.0701325831546435e+47, [440, 440, 440, 440, 440, 440, 440, 440, 440, 440, 440, 440, 440, 440, 440, 440, 440, 440, 440, 440, 440, 440, 440, 440, 440, 440, 441, 442, 443, 444, 445, 446, 447, 448, 449, 450, 451], 452, 2304)
(3.0701983630190156e+47, [441, 441, 441, 441, 441, 441, 441, 441, 441, 441, 441, 441, 441, 441, 441, 441, 441, 441, 441, 441, 441, 441, 441, 441, 441, 444, 445, 446, 447, 448, 449, 450, 452], 452, 2304)
(3.070210362232407e+47, [441, 441, 441, 441, 441, 441, 441, 441, 441, 441, 441, 441, 441, 441, 441, 441, 441, 441, 441, 441, 441, 441, 441, 441, 441, 441, 442, 445, 446, 447, 448, 449, 450, 452], 452, 2304)
(3.070212112932435e+47, [441, 441, 441, 441, 441, 441, 441, 441, 441, 441, 441, 441, 441, 441, 441, 441, 441, 441, 441, 441, 441, 441, 441, 441, 443, 444, 445, 447, 448, 450, 451, 452], 452, 2304)
(3.0702128635020084e+47, [441, 441, 441, 441, 441, 441, 441, 441, 441, 441, 441, 441, 441, 441, 441, 441, 441, 441, 441, 441, 441, 441, 441, 441, 441, 442, 444, 446, 447, 448, 449, 451, 452], 452, 2304)
end round with 11 suffixes


======== round 564 ========
todo suffixes: [[443, 444, 445, 447, 448, 449, 450, 451], [442, 444, 445, 447, 448, 449, 450, 451], [443, 445, 447, 448, 449, 450, 451], [444, 447, 448, 449, 450, 451], [446, 448, 449, 450, 451], [445, 448, 449, 450, 451], [447, 449, 450, 451], [446, 449, 450, 451], [448, 450, 451], [447, 450, 451], [449, 451]]
cur_suffix:  [443, 444, 445, 447, 448, 449, 450, 451]
bz: 438.
iter:  24
bz: 439.
iter:  24
bz: 440.
iter:  26
bz: 441.
iter:  26
bz: 442.
fisrt choice: (3.070365668100381e+47, 442, 27)
baseline:  (3.074359572610869e+47, [452, 452, 452, 452, 452, 452, 452, 452, 452, 452, 452, 452, 452, 452, 452, 452, 452, 452, 452], 452, 2304)
best 5 choices:
(3.0701325831546435e+47, [440, 440, 440, 440, 440, 440, 440, 440, 440, 440, 440, 440, 440, 440, 440, 440, 440, 440, 440, 440, 440, 440, 440, 440, 440, 440, 441, 442, 443, 444, 445, 446, 447, 448, 449, 450, 451], 452, 2304)
(3.0701983630190156e+47, [441, 441, 441, 441, 441, 441, 441, 441, 441, 441, 441, 441, 441, 441, 441, 441, 441, 441, 441, 441, 441, 441, 441, 441, 441, 444, 445, 446, 447, 448, 449, 450, 452], 452, 2304)
(3.070210362232407e+47, [441, 441, 441, 441, 441, 441, 441, 441, 441, 441, 441, 441, 441, 441, 441, 441, 441, 441, 441, 441, 441, 441, 441, 441, 441, 441, 442, 445, 446, 447, 448, 449, 450, 452], 452, 2304)
(3.070212112932435e+47, [441, 441, 441, 441, 441, 441, 441, 441, 441, 441, 441, 441, 441, 441, 441, 441, 441, 441, 441, 441, 441, 441, 441, 441, 443, 444, 445, 447, 448, 450, 451, 452], 452, 2304)
(3.0702128635020084e+47, [441, 441, 441, 441, 441, 441, 441, 441, 441, 441, 441, 441, 441, 441, 441, 441, 441, 441, 441, 441, 441, 441, 441, 441, 441, 442, 444, 446, 447, 448, 449, 451, 452], 452, 2304)
end round with 11 suffixes


======== round 565 ========
todo suffixes: [[442, 443, 444, 445, 447, 448, 449, 450, 451], [442, 444, 445, 447, 448, 449, 450, 451], [443, 445, 447, 448, 449, 450, 451], [444, 447, 448, 449, 450, 451], [446, 448, 449, 450, 451], [445, 448, 449, 450, 451], [447, 449, 450, 451], [446, 449, 450, 451], [448, 450, 451], [447, 450, 451], [449, 451]]
cur_suffix:  [442, 443, 444, 445, 447, 448, 449, 450, 451]
bz: 437.
iter:  25
bz: 438.
iter:  24
bz: 439.
iter:  24
bz: 440.
iter:  26
bz: 441.
iter:  26
fisrt choice: (-1, -1, -1)
baseline:  (3.074359572610869e+47, [452, 452, 452, 452, 452, 452, 452, 452, 452, 452, 452, 452, 452, 452, 452, 452, 452, 452, 452], 452, 2304)
the strategy is infeasible, continue


======== round 566 ========
todo suffixes: [[442, 444, 445, 447, 448, 449, 450, 451], [443, 445, 447, 448, 449, 450, 451], [444, 447, 448, 449, 450, 451], [446, 448, 449, 450, 451], [445, 448, 449, 450, 451], [447, 449, 450, 451], [446, 449, 450, 451], [448, 450, 451], [447, 450, 451], [449, 451]]
cur_suffix:  [442, 444, 445, 447, 448, 449, 450, 451]
bz: 437.
iter:  25
bz: 438.
iter:  24
bz: 439.
iter:  24
bz: 440.
iter:  26
bz: 441.
iter:  26
fisrt choice: (-1, -1, -1)
baseline:  (3.074359572610869e+47, [452, 452, 452, 452, 452, 452, 452, 452, 452, 452, 452, 452, 452, 452, 452, 452, 452, 452, 452], 452, 2304)
the strategy is infeasible, continue


======== round 567 ========
todo suffixes: [[443, 445, 447, 448, 449, 450, 451], [444, 447, 448, 449, 450, 451], [446, 448, 449, 450, 451], [445, 448, 449, 450, 451], [447, 449, 450, 451], [446, 449, 450, 451], [448, 450, 451], [447, 450, 451], [449, 451]]
cur_suffix:  [443, 445, 447, 448, 449, 450, 451]
bz: 438.
iter:  24
bz: 439.
iter:  24
bz: 440.
iter:  26
bz: 441.
iter:  26
bz: 442.
iter:  29
fisrt choice: (-1, -1, -1)
baseline:  (3.074359572610869e+47, [452, 452, 452, 452, 452, 452, 452, 452, 452, 452, 452, 452, 452, 452, 452, 452, 452, 452, 452], 452, 2304)
the strategy is infeasible, continue


======== round 568 ========
todo suffixes: [[444, 447, 448, 449, 450, 451], [446, 448, 449, 450, 451], [445, 448, 449, 450, 451], [447, 449, 450, 451], [446, 449, 450, 451], [448, 450, 451], [447, 450, 451], [449, 451]]
cur_suffix:  [444, 447, 448, 449, 450, 451]
bz: 439.
iter:  24
bz: 440.
iter:  26
bz: 441.
iter:  26
bz: 442.
iter:  29
bz: 443.
fisrt choice: (3.0704935267120756e+47, 443, 27)
baseline:  (3.074359572610869e+47, [452, 452, 452, 452, 452, 452, 452, 452, 452, 452, 452, 452, 452, 452, 452, 452, 452, 452, 452], 452, 2304)
best 5 choices:
(3.0701325831546435e+47, [440, 440, 440, 440, 440, 440, 440, 440, 440, 440, 440, 440, 440, 440, 440, 440, 440, 440, 440, 440, 440, 440, 440, 440, 440, 440, 441, 442, 443, 444, 445, 446, 447, 448, 449, 450, 451], 452, 2304)
(3.0701983630190156e+47, [441, 441, 441, 441, 441, 441, 441, 441, 441, 441, 441, 441, 441, 441, 441, 441, 441, 441, 441, 441, 441, 441, 441, 441, 441, 444, 445, 446, 447, 448, 449, 450, 452], 452, 2304)
(3.070210362232407e+47, [441, 441, 441, 441, 441, 441, 441, 441, 441, 441, 441, 441, 441, 441, 441, 441, 441, 441, 441, 441, 441, 441, 441, 441, 441, 441, 442, 445, 446, 447, 448, 449, 450, 452], 452, 2304)
(3.070212112932435e+47, [441, 441, 441, 441, 441, 441, 441, 441, 441, 441, 441, 441, 441, 441, 441, 441, 441, 441, 441, 441, 441, 441, 441, 441, 443, 444, 445, 447, 448, 450, 451, 452], 452, 2304)
(3.0702128635020084e+47, [441, 441, 441, 441, 441, 441, 441, 441, 441, 441, 441, 441, 441, 441, 441, 441, 441, 441, 441, 441, 441, 441, 441, 441, 441, 442, 444, 446, 447, 448, 449, 451, 452], 452, 2304)
end round with 8 suffixes


======== round 569 ========
todo suffixes: [[443, 444, 447, 448, 449, 450, 451], [446, 448, 449, 450, 451], [445, 448, 449, 450, 451], [447, 449, 450, 451], [446, 449, 450, 451], [448, 450, 451], [447, 450, 451], [449, 451]]
cur_suffix:  [443, 444, 447, 448, 449, 450, 451]
bz: 438.
iter:  24
bz: 439.
iter:  24
bz: 440.
iter:  26
bz: 441.
iter:  26
bz: 442.
iter:  29
fisrt choice: (-1, -1, -1)
baseline:  (3.074359572610869e+47, [452, 452, 452, 452, 452, 452, 452, 452, 452, 452, 452, 452, 452, 452, 452, 452, 452, 452, 452], 452, 2304)
the strategy is infeasible, continue


======== round 570 ========
todo suffixes: [[446, 448, 449, 450, 451], [445, 448, 449, 450, 451], [447, 449, 450, 451], [446, 449, 450, 451], [448, 450, 451], [447, 450, 451], [449, 451]]
cur_suffix:  [446, 448, 449, 450, 451]
bz: 441.
iter:  26
bz: 442.
iter:  29
bz: 443.
iter:  27
bz: 444.
fisrt choice: (3.070599619928541e+47, 444, 25)
baseline:  (3.074359572610869e+47, [452, 452, 452, 452, 452, 452, 452, 452, 452, 452, 452, 452, 452, 452, 452, 452, 452, 452, 452], 452, 2304)
best 5 choices:
(3.0701325831546435e+47, [440, 440, 440, 440, 440, 440, 440, 440, 440, 440, 440, 440, 440, 440, 440, 440, 440, 440, 440, 440, 440, 440, 440, 440, 440, 440, 441, 442, 443, 444, 445, 446, 447, 448, 449, 450, 451], 452, 2304)
(3.0701983630190156e+47, [441, 441, 441, 441, 441, 441, 441, 441, 441, 441, 441, 441, 441, 441, 441, 441, 441, 441, 441, 441, 441, 441, 441, 441, 441, 444, 445, 446, 447, 448, 449, 450, 452], 452, 2304)
(3.070210362232407e+47, [441, 441, 441, 441, 441, 441, 441, 441, 441, 441, 441, 441, 441, 441, 441, 441, 441, 441, 441, 441, 441, 441, 441, 441, 441, 441, 442, 445, 446, 447, 448, 449, 450, 452], 452, 2304)
(3.070212112932435e+47, [441, 441, 441, 441, 441, 441, 441, 441, 441, 441, 441, 441, 441, 441, 441, 441, 441, 441, 441, 441, 441, 441, 441, 441, 443, 444, 445, 447, 448, 450, 451, 452], 452, 2304)
(3.0702128635020084e+47, [441, 441, 441, 441, 441, 441, 441, 441, 441, 441, 441, 441, 441, 441, 441, 441, 441, 441, 441, 441, 441, 441, 441, 441, 441, 442, 444, 446, 447, 448, 449, 451, 452], 452, 2304)
end round with 8 suffixes


======== round 571 ========
todo suffixes: [[445, 446, 448, 449, 450, 451], [444, 446, 448, 449, 450, 451], [445, 448, 449, 450, 451], [447, 449, 450, 451], [446, 449, 450, 451], [448, 450, 451], [447, 450, 451], [449, 451]]
cur_suffix:  [445, 446, 448, 449, 450, 451]
bz: 440.
iter:  26
bz: 441.
iter:  26
bz: 442.
iter:  29
bz: 443.
fisrt choice: (3.0704861655527506e+47, 443, 27)
baseline:  (3.074359572610869e+47, [452, 452, 452, 452, 452, 452, 452, 452, 452, 452, 452, 452, 452, 452, 452, 452, 452, 452, 452], 452, 2304)
best 5 choices:
(3.0701325831546435e+47, [440, 440, 440, 440, 440, 440, 440, 440, 440, 440, 440, 440, 440, 440, 440, 440, 440, 440, 440, 440, 440, 440, 440, 440, 440, 440, 441, 442, 443, 444, 445, 446, 447, 448, 449, 450, 451], 452, 2304)
(3.0701983630190156e+47, [441, 441, 441, 441, 441, 441, 441, 441, 441, 441, 441, 441, 441, 441, 441, 441, 441, 441, 441, 441, 441, 441, 441, 441, 441, 444, 445, 446, 447, 448, 449, 450, 452], 452, 2304)
(3.070210362232407e+47, [441, 441, 441, 441, 441, 441, 441, 441, 441, 441, 441, 441, 441, 441, 441, 441, 441, 441, 441, 441, 441, 441, 441, 441, 441, 441, 442, 445, 446, 447, 448, 449, 450, 452], 452, 2304)
(3.070212112932435e+47, [441, 441, 441, 441, 441, 441, 441, 441, 441, 441, 441, 441, 441, 441, 441, 441, 441, 441, 441, 441, 441, 441, 441, 441, 443, 444, 445, 447, 448, 450, 451, 452], 452, 2304)
(3.0702128635020084e+47, [441, 441, 441, 441, 441, 441, 441, 441, 441, 441, 441, 441, 441, 441, 441, 441, 441, 441, 441, 441, 441, 441, 441, 441, 441, 442, 444, 446, 447, 448, 449, 451, 452], 452, 2304)
end round with 9 suffixes


======== round 572 ========
todo suffixes: [[444, 445, 446, 448, 449, 450, 451], [443, 445, 446, 448, 449, 450, 451], [444, 446, 448, 449, 450, 451], [445, 448, 449, 450, 451], [447, 449, 450, 451], [446, 449, 450, 451], [448, 450, 451], [447, 450, 451], [449, 451]]
cur_suffix:  [444, 445, 446, 448, 449, 450, 451]
bz: 439.
iter:  24
bz: 440.
iter:  26
bz: 441.
iter:  26
bz: 442.
iter:  29
bz: 443.
fisrt choice: (3.0704477493864505e+47, 443, 25)
baseline:  (3.074359572610869e+47, [452, 452, 452, 452, 452, 452, 452, 452, 452, 452, 452, 452, 452, 452, 452, 452, 452, 452, 452], 452, 2304)
best 5 choices:
(3.0701325831546435e+47, [440, 440, 440, 440, 440, 440, 440, 440, 440, 440, 440, 440, 440, 440, 440, 440, 440, 440, 440, 440, 440, 440, 440, 440, 440, 440, 441, 442, 443, 444, 445, 446, 447, 448, 449, 450, 451], 452, 2304)
(3.0701983630190156e+47, [441, 441, 441, 441, 441, 441, 441, 441, 441, 441, 441, 441, 441, 441, 441, 441, 441, 441, 441, 441, 441, 441, 441, 441, 441, 444, 445, 446, 447, 448, 449, 450, 452], 452, 2304)
(3.070210362232407e+47, [441, 441, 441, 441, 441, 441, 441, 441, 441, 441, 441, 441, 441, 441, 441, 441, 441, 441, 441, 441, 441, 441, 441, 441, 441, 441, 442, 445, 446, 447, 448, 449, 450, 452], 452, 2304)
(3.070212112932435e+47, [441, 441, 441, 441, 441, 441, 441, 441, 441, 441, 441, 441, 441, 441, 441, 441, 441, 441, 441, 441, 441, 441, 441, 441, 443, 444, 445, 447, 448, 450, 451, 452], 452, 2304)
(3.0702128635020084e+47, [441, 441, 441, 441, 441, 441, 441, 441, 441, 441, 441, 441, 441, 441, 441, 441, 441, 441, 441, 441, 441, 441, 441, 441, 441, 442, 444, 446, 447, 448, 449, 451, 452], 452, 2304)
end round with 9 suffixes


======== round 573 ========
todo suffixes: [[443, 444, 445, 446, 448, 449, 450, 451], [443, 445, 446, 448, 449, 450, 451], [444, 446, 448, 449, 450, 451], [445, 448, 449, 450, 451], [447, 449, 450, 451], [446, 449, 450, 451], [448, 450, 451], [447, 450, 451], [449, 451]]
cur_suffix:  [443, 444, 445, 446, 448, 449, 450, 451]
bz: 438.
iter:  24
bz: 439.
iter:  24
bz: 440.
iter:  26
bz: 441.
iter:  26
bz: 442.
fisrt choice: (3.0703846504466106e+47, 442, 28)
baseline:  (3.074359572610869e+47, [452, 452, 452, 452, 452, 452, 452, 452, 452, 452, 452, 452, 452, 452, 452, 452, 452, 452, 452], 452, 2304)
best 5 choices:
(3.0701325831546435e+47, [440, 440, 440, 440, 440, 440, 440, 440, 440, 440, 440, 440, 440, 440, 440, 440, 440, 440, 440, 440, 440, 440, 440, 440, 440, 440, 441, 442, 443, 444, 445, 446, 447, 448, 449, 450, 451], 452, 2304)
(3.0701983630190156e+47, [441, 441, 441, 441, 441, 441, 441, 441, 441, 441, 441, 441, 441, 441, 441, 441, 441, 441, 441, 441, 441, 441, 441, 441, 441, 444, 445, 446, 447, 448, 449, 450, 452], 452, 2304)
(3.070210362232407e+47, [441, 441, 441, 441, 441, 441, 441, 441, 441, 441, 441, 441, 441, 441, 441, 441, 441, 441, 441, 441, 441, 441, 441, 441, 441, 441, 442, 445, 446, 447, 448, 449, 450, 452], 452, 2304)
(3.070212112932435e+47, [441, 441, 441, 441, 441, 441, 441, 441, 441, 441, 441, 441, 441, 441, 441, 441, 441, 441, 441, 441, 441, 441, 441, 441, 443, 444, 445, 447, 448, 450, 451, 452], 452, 2304)
(3.0702128635020084e+47, [441, 441, 441, 441, 441, 441, 441, 441, 441, 441, 441, 441, 441, 441, 441, 441, 441, 441, 441, 441, 441, 441, 441, 441, 441, 442, 444, 446, 447, 448, 449, 451, 452], 452, 2304)
end round with 9 suffixes


======== round 574 ========
todo suffixes: [[442, 443, 444, 445, 446, 448, 449, 450, 451], [443, 445, 446, 448, 449, 450, 451], [444, 446, 448, 449, 450, 451], [445, 448, 449, 450, 451], [447, 449, 450, 451], [446, 449, 450, 451], [448, 450, 451], [447, 450, 451], [449, 451]]
cur_suffix:  [442, 443, 444, 445, 446, 448, 449, 450, 451]
bz: 437.
iter:  25
bz: 438.
iter:  24
bz: 439.
iter:  24
bz: 440.
iter:  26
bz: 441.
iter:  26
fisrt choice: (-1, -1, -1)
baseline:  (3.074359572610869e+47, [452, 452, 452, 452, 452, 452, 452, 452, 452, 452, 452, 452, 452, 452, 452, 452, 452, 452, 452], 452, 2304)
the strategy is infeasible, continue


======== round 575 ========
todo suffixes: [[443, 445, 446, 448, 449, 450, 451], [444, 446, 448, 449, 450, 451], [445, 448, 449, 450, 451], [447, 449, 450, 451], [446, 449, 450, 451], [448, 450, 451], [447, 450, 451], [449, 451]]
cur_suffix:  [443, 445, 446, 448, 449, 450, 451]
bz: 438.
iter:  24
bz: 439.
iter:  24
bz: 440.
iter:  26
bz: 441.
iter:  26
bz: 442.
iter:  29
fisrt choice: (-1, -1, -1)
baseline:  (3.074359572610869e+47, [452, 452, 452, 452, 452, 452, 452, 452, 452, 452, 452, 452, 452, 452, 452, 452, 452, 452, 452], 452, 2304)
the strategy is infeasible, continue


======== round 576 ========
todo suffixes: [[444, 446, 448, 449, 450, 451], [445, 448, 449, 450, 451], [447, 449, 450, 451], [446, 449, 450, 451], [448, 450, 451], [447, 450, 451], [449, 451]]
cur_suffix:  [444, 446, 448, 449, 450, 451]
bz: 439.
iter:  24
bz: 440.
iter:  26
bz: 441.
iter:  26
bz: 442.
iter:  29
bz: 443.
iter:  27
fisrt choice: (-1, -1, -1)
baseline:  (3.074359572610869e+47, [452, 452, 452, 452, 452, 452, 452, 452, 452, 452, 452, 452, 452, 452, 452, 452, 452, 452, 452], 452, 2304)
the strategy is infeasible, continue


======== round 577 ========
todo suffixes: [[445, 448, 449, 450, 451], [447, 449, 450, 451], [446, 449, 450, 451], [448, 450, 451], [447, 450, 451], [449, 451]]
cur_suffix:  [445, 448, 449, 450, 451]
bz: 440.
iter:  26
bz: 441.
iter:  26
bz: 442.
iter:  29
bz: 443.
iter:  27
bz: 444.
fisrt choice: (3.070582073862384e+47, 444, 25)
baseline:  (3.074359572610869e+47, [452, 452, 452, 452, 452, 452, 452, 452, 452, 452, 452, 452, 452, 452, 452, 452, 452, 452, 452], 452, 2304)
best 5 choices:
(3.0701325831546435e+47, [440, 440, 440, 440, 440, 440, 440, 440, 440, 440, 440, 440, 440, 440, 440, 440, 440, 440, 440, 440, 440, 440, 440, 440, 440, 440, 441, 442, 443, 444, 445, 446, 447, 448, 449, 450, 451], 452, 2304)
(3.0701983630190156e+47, [441, 441, 441, 441, 441, 441, 441, 441, 441, 441, 441, 441, 441, 441, 441, 441, 441, 441, 441, 441, 441, 441, 441, 441, 441, 444, 445, 446, 447, 448, 449, 450, 452], 452, 2304)
(3.070210362232407e+47, [441, 441, 441, 441, 441, 441, 441, 441, 441, 441, 441, 441, 441, 441, 441, 441, 441, 441, 441, 441, 441, 441, 441, 441, 441, 441, 442, 445, 446, 447, 448, 449, 450, 452], 452, 2304)
(3.070212112932435e+47, [441, 441, 441, 441, 441, 441, 441, 441, 441, 441, 441, 441, 441, 441, 441, 441, 441, 441, 441, 441, 441, 441, 441, 441, 443, 444, 445, 447, 448, 450, 451, 452], 452, 2304)
(3.0702128635020084e+47, [441, 441, 441, 441, 441, 441, 441, 441, 441, 441, 441, 441, 441, 441, 441, 441, 441, 441, 441, 441, 441, 441, 441, 441, 441, 442, 444, 446, 447, 448, 449, 451, 452], 452, 2304)
end round with 6 suffixes


======== round 578 ========
todo suffixes: [[444, 445, 448, 449, 450, 451], [447, 449, 450, 451], [446, 449, 450, 451], [448, 450, 451], [447, 450, 451], [449, 451]]
cur_suffix:  [444, 445, 448, 449, 450, 451]
bz: 439.
iter:  24
bz: 440.
iter:  26
bz: 441.
iter:  26
bz: 442.
iter:  29
bz: 443.
iter:  27
fisrt choice: (-1, -1, -1)
baseline:  (3.074359572610869e+47, [452, 452, 452, 452, 452, 452, 452, 452, 452, 452, 452, 452, 452, 452, 452, 452, 452, 452, 452], 452, 2304)
the strategy is infeasible, continue


======== round 579 ========
todo suffixes: [[447, 449, 450, 451], [446, 449, 450, 451], [448, 450, 451], [447, 450, 451], [449, 451]]
cur_suffix:  [447, 449, 450, 451]
bz: 442.
iter:  29
bz: 443.
iter:  27
bz: 444.
iter:  26
bz: 445.
fisrt choice: (3.0707600444574712e+47, 445, 24)
baseline:  (3.074359572610869e+47, [452, 452, 452, 452, 452, 452, 452, 452, 452, 452, 452, 452, 452, 452, 452, 452, 452, 452, 452], 452, 2304)
best 5 choices:
(3.0701325831546435e+47, [440, 440, 440, 440, 440, 440, 440, 440, 440, 440, 440, 440, 440, 440, 440, 440, 440, 440, 440, 440, 440, 440, 440, 440, 440, 440, 441, 442, 443, 444, 445, 446, 447, 448, 449, 450, 451], 452, 2304)
(3.0701983630190156e+47, [441, 441, 441, 441, 441, 441, 441, 441, 441, 441, 441, 441, 441, 441, 441, 441, 441, 441, 441, 441, 441, 441, 441, 441, 441, 444, 445, 446, 447, 448, 449, 450, 452], 452, 2304)
(3.070210362232407e+47, [441, 441, 441, 441, 441, 441, 441, 441, 441, 441, 441, 441, 441, 441, 441, 441, 441, 441, 441, 441, 441, 441, 441, 441, 441, 441, 442, 445, 446, 447, 448, 449, 450, 452], 452, 2304)
(3.070212112932435e+47, [441, 441, 441, 441, 441, 441, 441, 441, 441, 441, 441, 441, 441, 441, 441, 441, 441, 441, 441, 441, 441, 441, 441, 441, 443, 444, 445, 447, 448, 450, 451, 452], 452, 2304)
(3.0702128635020084e+47, [441, 441, 441, 441, 441, 441, 441, 441, 441, 441, 441, 441, 441, 441, 441, 441, 441, 441, 441, 441, 441, 441, 441, 441, 441, 442, 444, 446, 447, 448, 449, 451, 452], 452, 2304)
end round with 6 suffixes


======== round 580 ========
todo suffixes: [[446, 447, 449, 450, 451], [445, 447, 449, 450, 451], [446, 449, 450, 451], [448, 450, 451], [447, 450, 451], [449, 451]]
cur_suffix:  [446, 447, 449, 450, 451]
bz: 441.
iter:  26
bz: 442.
iter:  29
bz: 443.
iter:  27
bz: 444.
fisrt choice: (3.0706345622118997e+47, 444, 26)
baseline:  (3.074359572610869e+47, [452, 452, 452, 452, 452, 452, 452, 452, 452, 452, 452, 452, 452, 452, 452, 452, 452, 452, 452], 452, 2304)
best 5 choices:
(3.0701325831546435e+47, [440, 440, 440, 440, 440, 440, 440, 440, 440, 440, 440, 440, 440, 440, 440, 440, 440, 440, 440, 440, 440, 440, 440, 440, 440, 440, 441, 442, 443, 444, 445, 446, 447, 448, 449, 450, 451], 452, 2304)
(3.0701983630190156e+47, [441, 441, 441, 441, 441, 441, 441, 441, 441, 441, 441, 441, 441, 441, 441, 441, 441, 441, 441, 441, 441, 441, 441, 441, 441, 444, 445, 446, 447, 448, 449, 450, 452], 452, 2304)
(3.070210362232407e+47, [441, 441, 441, 441, 441, 441, 441, 441, 441, 441, 441, 441, 441, 441, 441, 441, 441, 441, 441, 441, 441, 441, 441, 441, 441, 441, 442, 445, 446, 447, 448, 449, 450, 452], 452, 2304)
(3.070212112932435e+47, [441, 441, 441, 441, 441, 441, 441, 441, 441, 441, 441, 441, 441, 441, 441, 441, 441, 441, 441, 441, 441, 441, 441, 441, 443, 444, 445, 447, 448, 450, 451, 452], 452, 2304)
(3.0702128635020084e+47, [441, 441, 441, 441, 441, 441, 441, 441, 441, 441, 441, 441, 441, 441, 441, 441, 441, 441, 441, 441, 441, 441, 441, 441, 441, 442, 444, 446, 447, 448, 449, 451, 452], 452, 2304)
end round with 7 suffixes


======== round 581 ========
todo suffixes: [[445, 446, 447, 449, 450, 451], [444, 446, 447, 449, 450, 451], [445, 447, 449, 450, 451], [446, 449, 450, 451], [448, 450, 451], [447, 450, 451], [449, 451]]
cur_suffix:  [445, 446, 447, 449, 450, 451]
bz: 440.
iter:  26
bz: 441.
iter:  26
bz: 442.
iter:  29
bz: 443.
iter:  27
bz: 444.
fisrt choice: (3.07058725536303e+47, 444, 24)
baseline:  (3.074359572610869e+47, [452, 452, 452, 452, 452, 452, 452, 452, 452, 452, 452, 452, 452, 452, 452, 452, 452, 452, 452], 452, 2304)
best 5 choices:
(3.0701325831546435e+47, [440, 440, 440, 440, 440, 440, 440, 440, 440, 440, 440, 440, 440, 440, 440, 440, 440, 440, 440, 440, 440, 440, 440, 440, 440, 440, 441, 442, 443, 444, 445, 446, 447, 448, 449, 450, 451], 452, 2304)
(3.0701983630190156e+47, [441, 441, 441, 441, 441, 441, 441, 441, 441, 441, 441, 441, 441, 441, 441, 441, 441, 441, 441, 441, 441, 441, 441, 441, 441, 444, 445, 446, 447, 448, 449, 450, 452], 452, 2304)
(3.070210362232407e+47, [441, 441, 441, 441, 441, 441, 441, 441, 441, 441, 441, 441, 441, 441, 441, 441, 441, 441, 441, 441, 441, 441, 441, 441, 441, 441, 442, 445, 446, 447, 448, 449, 450, 452], 452, 2304)
(3.070212112932435e+47, [441, 441, 441, 441, 441, 441, 441, 441, 441, 441, 441, 441, 441, 441, 441, 441, 441, 441, 441, 441, 441, 441, 441, 441, 443, 444, 445, 447, 448, 450, 451, 452], 452, 2304)
(3.0702128635020084e+47, [441, 441, 441, 441, 441, 441, 441, 441, 441, 441, 441, 441, 441, 441, 441, 441, 441, 441, 441, 441, 441, 441, 441, 441, 441, 442, 444, 446, 447, 448, 449, 451, 452], 452, 2304)
end round with 7 suffixes


======== round 582 ========
todo suffixes: [[444, 445, 446, 447, 449, 450, 451], [444, 446, 447, 449, 450, 451], [445, 447, 449, 450, 451], [446, 449, 450, 451], [448, 450, 451], [447, 450, 451], [449, 451]]
cur_suffix:  [444, 445, 446, 447, 449, 450, 451]
bz: 439.
iter:  24
bz: 440.
iter:  26
bz: 441.
iter:  26
bz: 442.
iter:  29
bz: 443.
fisrt choice: (3.070471122607066e+47, 443, 26)
baseline:  (3.074359572610869e+47, [452, 452, 452, 452, 452, 452, 452, 452, 452, 452, 452, 452, 452, 452, 452, 452, 452, 452, 452], 452, 2304)
best 5 choices:
(3.0701325831546435e+47, [440, 440, 440, 440, 440, 440, 440, 440, 440, 440, 440, 440, 440, 440, 440, 440, 440, 440, 440, 440, 440, 440, 440, 440, 440, 440, 441, 442, 443, 444, 445, 446, 447, 448, 449, 450, 451], 452, 2304)
(3.0701983630190156e+47, [441, 441, 441, 441, 441, 441, 441, 441, 441, 441, 441, 441, 441, 441, 441, 441, 441, 441, 441, 441, 441, 441, 441, 441, 441, 444, 445, 446, 447, 448, 449, 450, 452], 452, 2304)
(3.070210362232407e+47, [441, 441, 441, 441, 441, 441, 441, 441, 441, 441, 441, 441, 441, 441, 441, 441, 441, 441, 441, 441, 441, 441, 441, 441, 441, 441, 442, 445, 446, 447, 448, 449, 450, 452], 452, 2304)
(3.070212112932435e+47, [441, 441, 441, 441, 441, 441, 441, 441, 441, 441, 441, 441, 441, 441, 441, 441, 441, 441, 441, 441, 441, 441, 441, 441, 443, 444, 445, 447, 448, 450, 451, 452], 452, 2304)
(3.0702128635020084e+47, [441, 441, 441, 441, 441, 441, 441, 441, 441, 441, 441, 441, 441, 441, 441, 441, 441, 441, 441, 441, 441, 441, 441, 441, 441, 442, 444, 446, 447, 448, 449, 451, 452], 452, 2304)
end round with 7 suffixes


======== round 583 ========
todo suffixes: [[443, 444, 445, 446, 447, 449, 450, 451], [444, 446, 447, 449, 450, 451], [445, 447, 449, 450, 451], [446, 449, 450, 451], [448, 450, 451], [447, 450, 451], [449, 451]]
cur_suffix:  [443, 444, 445, 446, 447, 449, 450, 451]
bz: 438.
iter:  24
bz: 439.
iter:  24
bz: 440.
iter:  26
bz: 441.
iter:  26
bz: 442.
iter:  29
fisrt choice: (-1, -1, -1)
baseline:  (3.074359572610869e+47, [452, 452, 452, 452, 452, 452, 452, 452, 452, 452, 452, 452, 452, 452, 452, 452, 452, 452, 452], 452, 2304)
the strategy is infeasible, continue


======== round 584 ========
todo suffixes: [[444, 446, 447, 449, 450, 451], [445, 447, 449, 450, 451], [446, 449, 450, 451], [448, 450, 451], [447, 450, 451], [449, 451]]
cur_suffix:  [444, 446, 447, 449, 450, 451]
bz: 439.
iter:  24
bz: 440.
iter:  26
bz: 441.
iter:  26
bz: 442.
iter:  29
bz: 443.
iter:  27
fisrt choice: (-1, -1, -1)
baseline:  (3.074359572610869e+47, [452, 452, 452, 452, 452, 452, 452, 452, 452, 452, 452, 452, 452, 452, 452, 452, 452, 452, 452], 452, 2304)
the strategy is infeasible, continue


======== round 585 ========
todo suffixes: [[445, 447, 449, 450, 451], [446, 449, 450, 451], [448, 450, 451], [447, 450, 451], [449, 451]]
cur_suffix:  [445, 447, 449, 450, 451]
bz: 440.
iter:  26
bz: 441.
iter:  26
bz: 442.
iter:  29
bz: 443.
iter:  27
bz: 444.
fisrt choice: (3.0706170161457427e+47, 444, 26)
baseline:  (3.074359572610869e+47, [452, 452, 452, 452, 452, 452, 452, 452, 452, 452, 452, 452, 452, 452, 452, 452, 452, 452, 452], 452, 2304)
best 5 choices:
(3.0701325831546435e+47, [440, 440, 440, 440, 440, 440, 440, 440, 440, 440, 440, 440, 440, 440, 440, 440, 440, 440, 440, 440, 440, 440, 440, 440, 440, 440, 441, 442, 443, 444, 445, 446, 447, 448, 449, 450, 451], 452, 2304)
(3.0701983630190156e+47, [441, 441, 441, 441, 441, 441, 441, 441, 441, 441, 441, 441, 441, 441, 441, 441, 441, 441, 441, 441, 441, 441, 441, 441, 441, 444, 445, 446, 447, 448, 449, 450, 452], 452, 2304)
(3.070210362232407e+47, [441, 441, 441, 441, 441, 441, 441, 441, 441, 441, 441, 441, 441, 441, 441, 441, 441, 441, 441, 441, 441, 441, 441, 441, 441, 441, 442, 445, 446, 447, 448, 449, 450, 452], 452, 2304)
(3.070212112932435e+47, [441, 441, 441, 441, 441, 441, 441, 441, 441, 441, 441, 441, 441, 441, 441, 441, 441, 441, 441, 441, 441, 441, 441, 441, 443, 444, 445, 447, 448, 450, 451, 452], 452, 2304)
(3.0702128635020084e+47, [441, 441, 441, 441, 441, 441, 441, 441, 441, 441, 441, 441, 441, 441, 441, 441, 441, 441, 441, 441, 441, 441, 441, 441, 441, 442, 444, 446, 447, 448, 449, 451, 452], 452, 2304)
end round with 5 suffixes


======== round 586 ========
todo suffixes: [[444, 445, 447, 449, 450, 451], [446, 449, 450, 451], [448, 450, 451], [447, 450, 451], [449, 451]]
cur_suffix:  [444, 445, 447, 449, 450, 451]
bz: 439.
iter:  24
bz: 440.
iter:  26
bz: 441.
iter:  26
bz: 442.
iter:  29
bz: 443.
iter:  27
fisrt choice: (-1, -1, -1)
baseline:  (3.074359572610869e+47, [452, 452, 452, 452, 452, 452, 452, 452, 452, 452, 452, 452, 452, 452, 452, 452, 452, 452, 452], 452, 2304)
the strategy is infeasible, continue


======== round 587 ========
todo suffixes: [[446, 449, 450, 451], [448, 450, 451], [447, 450, 451], [449, 451]]
cur_suffix:  [446, 449, 450, 451]
bz: 441.
iter:  26
bz: 442.
iter:  29
bz: 443.
iter:  27
bz: 444.
iter:  26
bz: 445.
iter:  24
fisrt choice: (-1, -1, -1)
baseline:  (3.074359572610869e+47, [452, 452, 452, 452, 452, 452, 452, 452, 452, 452, 452, 452, 452, 452, 452, 452, 452, 452, 452], 452, 2304)
the strategy is infeasible, continue


======== round 588 ========
todo suffixes: [[448, 450, 451], [447, 450, 451], [449, 451]]
cur_suffix:  [448, 450, 451]
bz: 443.
iter:  27
bz: 444.
iter:  26
bz: 445.
iter:  24
bz: 446.
iter:  23
bz: 447.
fisrt choice: (3.071322113045806e+47, 447, 22)
baseline:  (3.074359572610869e+47, [452, 452, 452, 452, 452, 452, 452, 452, 452, 452, 452, 452, 452, 452, 452, 452, 452, 452, 452], 452, 2304)
best 5 choices:
(3.0701325831546435e+47, [440, 440, 440, 440, 440, 440, 440, 440, 440, 440, 440, 440, 440, 440, 440, 440, 440, 440, 440, 440, 440, 440, 440, 440, 440, 440, 441, 442, 443, 444, 445, 446, 447, 448, 449, 450, 451], 452, 2304)
(3.0701983630190156e+47, [441, 441, 441, 441, 441, 441, 441, 441, 441, 441, 441, 441, 441, 441, 441, 441, 441, 441, 441, 441, 441, 441, 441, 441, 441, 444, 445, 446, 447, 448, 449, 450, 452], 452, 2304)
(3.070210362232407e+47, [441, 441, 441, 441, 441, 441, 441, 441, 441, 441, 441, 441, 441, 441, 441, 441, 441, 441, 441, 441, 441, 441, 441, 441, 441, 441, 442, 445, 446, 447, 448, 449, 450, 452], 452, 2304)
(3.070212112932435e+47, [441, 441, 441, 441, 441, 441, 441, 441, 441, 441, 441, 441, 441, 441, 441, 441, 441, 441, 441, 441, 441, 441, 441, 441, 443, 444, 445, 447, 448, 450, 451, 452], 452, 2304)
(3.0702128635020084e+47, [441, 441, 441, 441, 441, 441, 441, 441, 441, 441, 441, 441, 441, 441, 441, 441, 441, 441, 441, 441, 441, 441, 441, 441, 441, 442, 444, 446, 447, 448, 449, 451, 452], 452, 2304)
end round with 3 suffixes


======== round 589 ========
todo suffixes: [[447, 448, 450, 451], [447, 450, 451], [449, 451]]
cur_suffix:  [447, 448, 450, 451]
bz: 442.
iter:  29
bz: 443.
iter:  27
bz: 444.
iter:  26
bz: 445.
iter:  24
bz: 446.
fisrt choice: (3.070961680199586e+47, 446, 22)
baseline:  (3.074359572610869e+47, [452, 452, 452, 452, 452, 452, 452, 452, 452, 452, 452, 452, 452, 452, 452, 452, 452, 452, 452], 452, 2304)
best 5 choices:
(3.0701325831546435e+47, [440, 440, 440, 440, 440, 440, 440, 440, 440, 440, 440, 440, 440, 440, 440, 440, 440, 440, 440, 440, 440, 440, 440, 440, 440, 440, 441, 442, 443, 444, 445, 446, 447, 448, 449, 450, 451], 452, 2304)
(3.0701983630190156e+47, [441, 441, 441, 441, 441, 441, 441, 441, 441, 441, 441, 441, 441, 441, 441, 441, 441, 441, 441, 441, 441, 441, 441, 441, 441, 444, 445, 446, 447, 448, 449, 450, 452], 452, 2304)
(3.070210362232407e+47, [441, 441, 441, 441, 441, 441, 441, 441, 441, 441, 441, 441, 441, 441, 441, 441, 441, 441, 441, 441, 441, 441, 441, 441, 441, 441, 442, 445, 446, 447, 448, 449, 450, 452], 452, 2304)
(3.070212112932435e+47, [441, 441, 441, 441, 441, 441, 441, 441, 441, 441, 441, 441, 441, 441, 441, 441, 441, 441, 441, 441, 441, 441, 441, 441, 443, 444, 445, 447, 448, 450, 451, 452], 452, 2304)
(3.0702128635020084e+47, [441, 441, 441, 441, 441, 441, 441, 441, 441, 441, 441, 441, 441, 441, 441, 441, 441, 441, 441, 441, 441, 441, 441, 441, 441, 442, 444, 446, 447, 448, 449, 451, 452], 452, 2304)
end round with 3 suffixes


======== round 590 ========
todo suffixes: [[446, 447, 448, 450, 451], [447, 450, 451], [449, 451]]
cur_suffix:  [446, 447, 448, 450, 451]
bz: 441.
iter:  26
bz: 442.
iter:  29
bz: 443.
iter:  27
bz: 444.
fisrt choice: (3.070601787967967e+47, 444, 26)
baseline:  (3.074359572610869e+47, [452, 452, 452, 452, 452, 452, 452, 452, 452, 452, 452, 452, 452, 452, 452, 452, 452, 452, 452], 452, 2304)
best 5 choices:
(3.0701325831546435e+47, [440, 440, 440, 440, 440, 440, 440, 440, 440, 440, 440, 440, 440, 440, 440, 440, 440, 440, 440, 440, 440, 440, 440, 440, 440, 440, 441, 442, 443, 444, 445, 446, 447, 448, 449, 450, 451], 452, 2304)
(3.0701983630190156e+47, [441, 441, 441, 441, 441, 441, 441, 441, 441, 441, 441, 441, 441, 441, 441, 441, 441, 441, 441, 441, 441, 441, 441, 441, 441, 444, 445, 446, 447, 448, 449, 450, 452], 452, 2304)
(3.070210362232407e+47, [441, 441, 441, 441, 441, 441, 441, 441, 441, 441, 441, 441, 441, 441, 441, 441, 441, 441, 441, 441, 441, 441, 441, 441, 441, 441, 442, 445, 446, 447, 448, 449, 450, 452], 452, 2304)
(3.070212112932435e+47, [441, 441, 441, 441, 441, 441, 441, 441, 441, 441, 441, 441, 441, 441, 441, 441, 441, 441, 441, 441, 441, 441, 441, 441, 443, 444, 445, 447, 448, 450, 451, 452], 452, 2304)
(3.0702128635020084e+47, [441, 441, 441, 441, 441, 441, 441, 441, 441, 441, 441, 441, 441, 441, 441, 441, 441, 441, 441, 441, 441, 441, 441, 441, 441, 442, 444, 446, 447, 448, 449, 451, 452], 452, 2304)
end round with 4 suffixes


======== round 591 ========
todo suffixes: [[445, 446, 447, 448, 450, 451], [444, 446, 447, 448, 450, 451], [447, 450, 451], [449, 451]]
cur_suffix:  [445, 446, 447, 448, 450, 451]
bz: 440.
iter:  26
bz: 441.
iter:  26
bz: 442.
iter:  29
bz: 443.
iter:  27
bz: 444.
fisrt choice: (3.070616035410884e+47, 444, 25)
baseline:  (3.074359572610869e+47, [452, 452, 452, 452, 452, 452, 452, 452, 452, 452, 452, 452, 452, 452, 452, 452, 452, 452, 452], 452, 2304)
best 5 choices:
(3.0701325831546435e+47, [440, 440, 440, 440, 440, 440, 440, 440, 440, 440, 440, 440, 440, 440, 440, 440, 440, 440, 440, 440, 440, 440, 440, 440, 440, 440, 441, 442, 443, 444, 445, 446, 447, 448, 449, 450, 451], 452, 2304)
(3.0701983630190156e+47, [441, 441, 441, 441, 441, 441, 441, 441, 441, 441, 441, 441, 441, 441, 441, 441, 441, 441, 441, 441, 441, 441, 441, 441, 441, 444, 445, 446, 447, 448, 449, 450, 452], 452, 2304)
(3.070210362232407e+47, [441, 441, 441, 441, 441, 441, 441, 441, 441, 441, 441, 441, 441, 441, 441, 441, 441, 441, 441, 441, 441, 441, 441, 441, 441, 441, 442, 445, 446, 447, 448, 449, 450, 452], 452, 2304)
(3.070212112932435e+47, [441, 441, 441, 441, 441, 441, 441, 441, 441, 441, 441, 441, 441, 441, 441, 441, 441, 441, 441, 441, 441, 441, 441, 441, 443, 444, 445, 447, 448, 450, 451, 452], 452, 2304)
(3.0702128635020084e+47, [441, 441, 441, 441, 441, 441, 441, 441, 441, 441, 441, 441, 441, 441, 441, 441, 441, 441, 441, 441, 441, 441, 441, 441, 441, 442, 444, 446, 447, 448, 449, 451, 452], 452, 2304)
end round with 4 suffixes


======== round 592 ========
todo suffixes: [[444, 445, 446, 447, 448, 450, 451], [444, 446, 447, 448, 450, 451], [447, 450, 451], [449, 451]]
cur_suffix:  [444, 445, 446, 447, 448, 450, 451]
bz: 439.
iter:  24
bz: 440.
iter:  26
bz: 441.
iter:  26
bz: 442.
iter:  29
bz: 443.
fisrt choice: (3.0704883335921768e+47, 443, 27)
baseline:  (3.074359572610869e+47, [452, 452, 452, 452, 452, 452, 452, 452, 452, 452, 452, 452, 452, 452, 452, 452, 452, 452, 452], 452, 2304)
best 5 choices:
(3.0701325831546435e+47, [440, 440, 440, 440, 440, 440, 440, 440, 440, 440, 440, 440, 440, 440, 440, 440, 440, 440, 440, 440, 440, 440, 440, 440, 440, 440, 441, 442, 443, 444, 445, 446, 447, 448, 449, 450, 451], 452, 2304)
(3.0701983630190156e+47, [441, 441, 441, 441, 441, 441, 441, 441, 441, 441, 441, 441, 441, 441, 441, 441, 441, 441, 441, 441, 441, 441, 441, 441, 441, 444, 445, 446, 447, 448, 449, 450, 452], 452, 2304)
(3.070210362232407e+47, [441, 441, 441, 441, 441, 441, 441, 441, 441, 441, 441, 441, 441, 441, 441, 441, 441, 441, 441, 441, 441, 441, 441, 441, 441, 441, 442, 445, 446, 447, 448, 449, 450, 452], 452, 2304)
(3.070212112932435e+47, [441, 441, 441, 441, 441, 441, 441, 441, 441, 441, 441, 441, 441, 441, 441, 441, 441, 441, 441, 441, 441, 441, 441, 441, 443, 444, 445, 447, 448, 450, 451, 452], 452, 2304)
(3.0702128635020084e+47, [441, 441, 441, 441, 441, 441, 441, 441, 441, 441, 441, 441, 441, 441, 441, 441, 441, 441, 441, 441, 441, 441, 441, 441, 441, 442, 444, 446, 447, 448, 449, 451, 452], 452, 2304)
end round with 4 suffixes


======== round 593 ========
todo suffixes: [[443, 444, 445, 446, 447, 448, 450, 451], [444, 446, 447, 448, 450, 451], [447, 450, 451], [449, 451]]
cur_suffix:  [443, 444, 445, 446, 447, 448, 450, 451]
bz: 438.
iter:  24
bz: 439.
iter:  24
bz: 440.
iter:  26
bz: 441.
iter:  26
bz: 442.
iter:  29
fisrt choice: (-1, -1, -1)
baseline:  (3.074359572610869e+47, [452, 452, 452, 452, 452, 452, 452, 452, 452, 452, 452, 452, 452, 452, 452, 452, 452, 452, 452], 452, 2304)
the strategy is infeasible, continue


======== round 594 ========
todo suffixes: [[444, 446, 447, 448, 450, 451], [447, 450, 451], [449, 451]]
cur_suffix:  [444, 446, 447, 448, 450, 451]
bz: 439.
iter:  24
bz: 440.
iter:  26
bz: 441.
iter:  26
bz: 442.
iter:  29
bz: 443.
iter:  27
fisrt choice: (-1, -1, -1)
baseline:  (3.074359572610869e+47, [452, 452, 452, 452, 452, 452, 452, 452, 452, 452, 452, 452, 452, 452, 452, 452, 452, 452, 452], 452, 2304)
the strategy is infeasible, continue


======== round 595 ========
todo suffixes: [[447, 450, 451], [449, 451]]
cur_suffix:  [447, 450, 451]
bz: 442.
iter:  29
bz: 443.
iter:  27
bz: 444.
iter:  26
bz: 445.
iter:  24
bz: 446.
iter:  23
fisrt choice: (-1, -1, -1)
baseline:  (3.074359572610869e+47, [452, 452, 452, 452, 452, 452, 452, 452, 452, 452, 452, 452, 452, 452, 452, 452, 452, 452, 452], 452, 2304)
the strategy is infeasible, continue


======== round 596 ========
todo suffixes: [[449, 451]]
cur_suffix:  [449, 451]
bz: 444.
iter:  26
bz: 445.
iter:  24
bz: 446.
iter:  23
bz: 447.
fisrt choice: (3.07125513726466e+47, 447, 23)
baseline:  (3.074359572610869e+47, [452, 452, 452, 452, 452, 452, 452, 452, 452, 452, 452, 452, 452, 452, 452, 452, 452, 452, 452], 452, 2304)
best 5 choices:
(3.0701325831546435e+47, [440, 440, 440, 440, 440, 440, 440, 440, 440, 440, 440, 440, 440, 440, 440, 440, 440, 440, 440, 440, 440, 440, 440, 440, 440, 440, 441, 442, 443, 444, 445, 446, 447, 448, 449, 450, 451], 452, 2304)
(3.0701983630190156e+47, [441, 441, 441, 441, 441, 441, 441, 441, 441, 441, 441, 441, 441, 441, 441, 441, 441, 441, 441, 441, 441, 441, 441, 441, 441, 444, 445, 446, 447, 448, 449, 450, 452], 452, 2304)
(3.070210362232407e+47, [441, 441, 441, 441, 441, 441, 441, 441, 441, 441, 441, 441, 441, 441, 441, 441, 441, 441, 441, 441, 441, 441, 441, 441, 441, 441, 442, 445, 446, 447, 448, 449, 450, 452], 452, 2304)
(3.070212112932435e+47, [441, 441, 441, 441, 441, 441, 441, 441, 441, 441, 441, 441, 441, 441, 441, 441, 441, 441, 441, 441, 441, 441, 441, 441, 443, 444, 445, 447, 448, 450, 451, 452], 452, 2304)
(3.0702128635020084e+47, [441, 441, 441, 441, 441, 441, 441, 441, 441, 441, 441, 441, 441, 441, 441, 441, 441, 441, 441, 441, 441, 441, 441, 441, 441, 442, 444, 446, 447, 448, 449, 451, 452], 452, 2304)
end round with 2 suffixes


======== round 597 ========
todo suffixes: [[448, 449, 451], [447, 449, 451]]
cur_suffix:  [448, 449, 451]
bz: 443.
iter:  27
bz: 444.
iter:  26
bz: 445.
iter:  24
bz: 446.
iter:  23
bz: 447.
fisrt choice: (3.0712817492730876e+47, 447, 22)
baseline:  (3.074359572610869e+47, [452, 452, 452, 452, 452, 452, 452, 452, 452, 452, 452, 452, 452, 452, 452, 452, 452, 452, 452], 452, 2304)
best 5 choices:
(3.0701325831546435e+47, [440, 440, 440, 440, 440, 440, 440, 440, 440, 440, 440, 440, 440, 440, 440, 440, 440, 440, 440, 440, 440, 440, 440, 440, 440, 440, 441, 442, 443, 444, 445, 446, 447, 448, 449, 450, 451], 452, 2304)
(3.0701983630190156e+47, [441, 441, 441, 441, 441, 441, 441, 441, 441, 441, 441, 441, 441, 441, 441, 441, 441, 441, 441, 441, 441, 441, 441, 441, 441, 444, 445, 446, 447, 448, 449, 450, 452], 452, 2304)
(3.070210362232407e+47, [441, 441, 441, 441, 441, 441, 441, 441, 441, 441, 441, 441, 441, 441, 441, 441, 441, 441, 441, 441, 441, 441, 441, 441, 441, 441, 442, 445, 446, 447, 448, 449, 450, 452], 452, 2304)
(3.070212112932435e+47, [441, 441, 441, 441, 441, 441, 441, 441, 441, 441, 441, 441, 441, 441, 441, 441, 441, 441, 441, 441, 441, 441, 441, 441, 443, 444, 445, 447, 448, 450, 451, 452], 452, 2304)
(3.0702128635020084e+47, [441, 441, 441, 441, 441, 441, 441, 441, 441, 441, 441, 441, 441, 441, 441, 441, 441, 441, 441, 441, 441, 441, 441, 441, 441, 442, 444, 446, 447, 448, 449, 451, 452], 452, 2304)
end round with 2 suffixes


======== round 598 ========
todo suffixes: [[447, 448, 449, 451], [447, 449, 451]]
cur_suffix:  [447, 448, 449, 451]
bz: 442.
iter:  29
bz: 443.
iter:  27
bz: 444.
iter:  26
bz: 445.
iter:  24
bz: 446.
fisrt choice: (3.071014664227728e+47, 446, 23)
baseline:  (3.074359572610869e+47, [452, 452, 452, 452, 452, 452, 452, 452, 452, 452, 452, 452, 452, 452, 452, 452, 452, 452, 452], 452, 2304)
best 5 choices:
(3.0701325831546435e+47, [440, 440, 440, 440, 440, 440, 440, 440, 440, 440, 440, 440, 440, 440, 440, 440, 440, 440, 440, 440, 440, 440, 440, 440, 440, 440, 441, 442, 443, 444, 445, 446, 447, 448, 449, 450, 451], 452, 2304)
(3.0701983630190156e+47, [441, 441, 441, 441, 441, 441, 441, 441, 441, 441, 441, 441, 441, 441, 441, 441, 441, 441, 441, 441, 441, 441, 441, 441, 441, 444, 445, 446, 447, 448, 449, 450, 452], 452, 2304)
(3.070210362232407e+47, [441, 441, 441, 441, 441, 441, 441, 441, 441, 441, 441, 441, 441, 441, 441, 441, 441, 441, 441, 441, 441, 441, 441, 441, 441, 441, 442, 445, 446, 447, 448, 449, 450, 452], 452, 2304)
(3.070212112932435e+47, [441, 441, 441, 441, 441, 441, 441, 441, 441, 441, 441, 441, 441, 441, 441, 441, 441, 441, 441, 441, 441, 441, 441, 441, 443, 444, 445, 447, 448, 450, 451, 452], 452, 2304)
(3.0702128635020084e+47, [441, 441, 441, 441, 441, 441, 441, 441, 441, 441, 441, 441, 441, 441, 441, 441, 441, 441, 441, 441, 441, 441, 441, 441, 441, 442, 444, 446, 447, 448, 449, 451, 452], 452, 2304)
end round with 2 suffixes


======== round 599 ========
todo suffixes: [[446, 447, 448, 449, 451], [447, 449, 451]]
cur_suffix:  [446, 447, 448, 449, 451]
bz: 441.
iter:  26
bz: 442.
iter:  29
bz: 443.
iter:  27
bz: 444.
iter:  26
bz: 445.
fisrt choice: (3.0707802542416804e+47, 445, 24)
baseline:  (3.074359572610869e+47, [452, 452, 452, 452, 452, 452, 452, 452, 452, 452, 452, 452, 452, 452, 452, 452, 452, 452, 452], 452, 2304)
best 5 choices:
(3.0701325831546435e+47, [440, 440, 440, 440, 440, 440, 440, 440, 440, 440, 440, 440, 440, 440, 440, 440, 440, 440, 440, 440, 440, 440, 440, 440, 440, 440, 441, 442, 443, 444, 445, 446, 447, 448, 449, 450, 451], 452, 2304)
(3.0701983630190156e+47, [441, 441, 441, 441, 441, 441, 441, 441, 441, 441, 441, 441, 441, 441, 441, 441, 441, 441, 441, 441, 441, 441, 441, 441, 441, 444, 445, 446, 447, 448, 449, 450, 452], 452, 2304)
(3.070210362232407e+47, [441, 441, 441, 441, 441, 441, 441, 441, 441, 441, 441, 441, 441, 441, 441, 441, 441, 441, 441, 441, 441, 441, 441, 441, 441, 441, 442, 445, 446, 447, 448, 449, 450, 452], 452, 2304)
(3.070212112932435e+47, [441, 441, 441, 441, 441, 441, 441, 441, 441, 441, 441, 441, 441, 441, 441, 441, 441, 441, 441, 441, 441, 441, 441, 441, 443, 444, 445, 447, 448, 450, 451, 452], 452, 2304)
(3.0702128635020084e+47, [441, 441, 441, 441, 441, 441, 441, 441, 441, 441, 441, 441, 441, 441, 441, 441, 441, 441, 441, 441, 441, 441, 441, 441, 441, 442, 444, 446, 447, 448, 449, 451, 452], 452, 2304)
end round with 2 suffixes


======== round 600 ========
todo suffixes: [[445, 446, 447, 448, 449, 451], [447, 449, 451]]
cur_suffix:  [445, 446, 447, 448, 449, 451]
bz: 440.
iter:  26
bz: 441.
iter:  26
bz: 442.
iter:  29
bz: 443.
iter:  27
bz: 444.
fisrt choice: (3.070637225929952e+47, 444, 26)
baseline:  (3.074359572610869e+47, [452, 452, 452, 452, 452, 452, 452, 452, 452, 452, 452, 452, 452, 452, 452, 452, 452, 452, 452], 452, 2304)
best 5 choices:
(3.0701325831546435e+47, [440, 440, 440, 440, 440, 440, 440, 440, 440, 440, 440, 440, 440, 440, 440, 440, 440, 440, 440, 440, 440, 440, 440, 440, 440, 440, 441, 442, 443, 444, 445, 446, 447, 448, 449, 450, 451], 452, 2304)
(3.0701983630190156e+47, [441, 441, 441, 441, 441, 441, 441, 441, 441, 441, 441, 441, 441, 441, 441, 441, 441, 441, 441, 441, 441, 441, 441, 441, 441, 444, 445, 446, 447, 448, 449, 450, 452], 452, 2304)
(3.070210362232407e+47, [441, 441, 441, 441, 441, 441, 441, 441, 441, 441, 441, 441, 441, 441, 441, 441, 441, 441, 441, 441, 441, 441, 441, 441, 441, 441, 442, 445, 446, 447, 448, 449, 450, 452], 452, 2304)
(3.070212112932435e+47, [441, 441, 441, 441, 441, 441, 441, 441, 441, 441, 441, 441, 441, 441, 441, 441, 441, 441, 441, 441, 441, 441, 441, 441, 443, 444, 445, 447, 448, 450, 451, 452], 452, 2304)
(3.0702128635020084e+47, [441, 441, 441, 441, 441, 441, 441, 441, 441, 441, 441, 441, 441, 441, 441, 441, 441, 441, 441, 441, 441, 441, 441, 441, 441, 442, 444, 446, 447, 448, 449, 451, 452], 452, 2304)
end round with 2 suffixes


======== round 601 ========
todo suffixes: [[444, 445, 446, 447, 448, 449, 451], [447, 449, 451]]
cur_suffix:  [444, 445, 446, 447, 448, 449, 451]
bz: 439.
iter:  24
bz: 440.
iter:  26
bz: 441.
iter:  26
bz: 442.
iter:  29
bz: 443.
iter:  27
fisrt choice: (-1, -1, -1)
baseline:  (3.074359572610869e+47, [452, 452, 452, 452, 452, 452, 452, 452, 452, 452, 452, 452, 452, 452, 452, 452, 452, 452, 452], 452, 2304)
the strategy is infeasible, continue


======== round 602 ========
todo suffixes: [[447, 449, 451]]
cur_suffix:  [447, 449, 451]
bz: 442.
iter:  29
bz: 443.
iter:  27
bz: 444.
iter:  26
bz: 445.
iter:  24
bz: 446.
iter:  23
fisrt choice: (-1, -1, -1)
baseline:  (3.074359572610869e+47, [452, 452, 452, 452, 452, 452, 452, 452, 452, 452, 452, 452, 452, 452, 452, 452, 452, 452, 452], 452, 2304)
the strategy is infeasible, continue


-------our strategy.-------
(3.0701325831546435e+47, [440, 440, 440, 440, 440, 440, 440, 440, 440, 440, 440, 440, 440, 440, 440, 440, 440, 440, 440, 440, 440, 440, 440, 440, 440, 440, 441, 442, 443, 444, 445, 446, 447, 448, 449, 450, 451], 452, 2304)
157.74892141918733
-------BKZ+SVP.-----------
iter:  20
-1  *  451
157.748
------bkz reduced.------
idx_start: 621
idx_start: 396
idx_start: 267
idx_start: 186
idx_start: 133
idx_start: 98
idx_start: 73
idx_start: 56
idx_start: 42
idx_start: 31
idx_start: 22
idx_start: 15
idx_start: 9
idx_start: 4
idx_start: 0
idx_start: 0
iter:  16
16  *  451
148.24572681942675
------BKZ-only.----------
iter:  32
iter:  20
iter:  16
iter:  15
iter:  20
iter:  26
iter:  26
iter:  24
iter:  27
iter:  25
iter:  25
iter:  26
iter:  24
iter:  21
iter:  21
iter:  21
iter:  20
bz = 452, num = 20, cost = 307435957261086781879809582496238351237005705216
20  *  452
157.75090637011044
